,name,h_gene,t_gene,h_uniprot,t_uniprot,h_chr,t_chr,h_pos,t_pos,h_strand,t_strand,id,h_contribution,t_contribution,domain_architecture,ModelID,gene1_symbol,gene2_symbol,dansy_impact,fusion_protein
0,CD2--PTGFRN,ENSG00000134247,ENSG00000116824,Q9P2B2,P06729,chr1,chr1,116974323,116768464,+,+,DANSY_0130,IPR003599|IPR003599|IPR003599|IPR003599|IPR003599,,IPR003599|IPR003599|IPR003599|IPR003599|IPR003599,ACH-001289,PTGFRN,CD2,Pre-existing,PTGFRN--CD2
1,GABBR2--TBC1D2,ENSG00000095383,ENSG00000136928,Q9BYX2,O75899,chr9,chr9,98220833,98306345,-,-,DANSY_0440,IPR001849,IPR041689,IPR001849|IPR041689,ACH-001538,TBC1D2,GABBR2,Novel,TBC1D2--GABBR2
2,TBC1D2--TRIM14,ENSG00000106785,ENSG00000095383,Q14142,Q9BYX2,chr9,chr9,98118982,98213218,-,-,DANSY_0451,IPR000315,IPR000195,IPR000315|IPR000195,ACH-001538,TRIM14,TBC1D2,Novel,TRIM14--TBC1D2
3,ARHGEF18--MCOLN1,ENSG00000090674,ENSG00000104880,Q9GZU1,Q6ZSZ5,chr19,chr19,7527960,7451149,+,+,DANSY_0460,,IPR001849,IPR001849,ACH-001538,MCOLN1,ARHGEF18,Pre-existing,MCOLN1--ARHGEF18
4,AHRR--LPCAT1,ENSG00000153395,ENSG00000063438,Q8NF37,A9YTQ3,chr5,chr5,1501461,353730,-,+,DANSY_0464,,IPR011598|IPR000014,IPR011598|IPR000014,ACH-001538,LPCAT1,AHRR,Pre-existing,LPCAT1--AHRR
5,FGFR3--TACC3,ENSG00000068078,ENSG00000013810,P22607,Q9Y6A5,chr4,chr4,1806934,1727977,+,+,DANSY_0552,IPR003598|IPR003598|IPR003598|IPR000719,IPR007707,IPR003598|IPR003598|IPR003598|IPR000719|IPR007707,ACH-000242,FGFR3,TACC3,Novel,FGFR3--TACC3
6,NKAIN1--SNRNP40,ENSG00000060688,ENSG00000084628,Q96DI7,Q4KMZ8,chr1,chr1,31296611,31188187,-,-,DANSY_0558,,,,ACH-000242,SNRNP40,NKAIN1,No Annotation,SNRNP40--NKAIN1
7,ALK--NPM1,ENSG00000181163,ENSG00000171094,P06748,Q9UM73,chr5,chr2,171391799,29223528,+,-,DANSY_0860,IPR024057,IPR000719,IPR024057|IPR000719,ACH-000233,NPM1,ALK,Novel,NPM1--ALK
8,EFTUD2--IFIH1,ENSG00000108883,ENSG00000115267,Q15029,Q9BYX4,chr17,chr2,44894417,162268277,-,-,DANSY_0862,,IPR021673,IPR021673,ACH-000233,EFTUD2,IFIH1,Pre-existing,EFTUD2--IFIH1
9,MED16--SBNO2,ENSG00000175221,ENSG00000064932,Q9Y2X0,Q9Y2G9,chr19,chr19,890177,1127765,-,-,DANSY_0873,,IPR039187|IPR026937|IPR057332,IPR039187|IPR026937|IPR057332,ACH-000233,MED16,SBNO2,Pre-existing,MED16--SBNO2
10,PHACTR4--SMPDL3B,ENSG00000204138,ENSG00000130768,Q8IZ21,Q92485,chr1,chr1,28407463,27945232,+,+,DANSY_0971,,IPR004843|IPR045473,IPR004843|IPR045473,ACH-000461,PHACTR4,SMPDL3B,Pre-existing,PHACTR4--SMPDL3B
11,PHACTR4--SMPDL3B,ENSG00000204138,ENSG00000130768,Q8IZ21,Q92485,chr1,chr1,28407463,27942275,+,+,DANSY_0972,,IPR004843|IPR045473,IPR004843|IPR045473,ACH-000461,PHACTR4,SMPDL3B,Pre-existing,PHACTR4--SMPDL3B
12,ARHGAP32--KCNJ1,ENSG00000134909,ENSG00000151704,A7KAX9,P48048,chr11,chr11,129062280,128840264,-,-,DANSY_0981,IPR042139|IPR001452,IPR040445|IPR041647,IPR042139|IPR001452|IPR040445|IPR041647,ACH-000461,ARHGAP32,KCNJ1,Novel,ARHGAP32--KCNJ1
13,BACE2--SLCO3A1,ENSG00000176463,ENSG00000182240,Q9UIG8,Q9Y5Z0,chr15,chr21,91854088,41250752,+,+,DANSY_1279,,,,ACH-001794,SLCO3A1,BACE2,No Annotation,SLCO3A1--BACE2
14,BACE2--SLCO3A1,ENSG00000176463,ENSG00000182240,Q9UIG8,Q9Y5Z0,chr15,chr21,91854088,41257158,+,+,DANSY_1280,,,,ACH-001794,SLCO3A1,BACE2,No Annotation,SLCO3A1--BACE2
15,GLIPR1--KRR1,ENSG00000139278,ENSG00000111615,P48060,Q13601,chr12,chr12,75490518,75532847,+,-,DANSY_1295,,IPR041174|IPR004087,IPR041174|IPR004087,ACH-001794,GLIPR1,KRR1,Pre-existing,GLIPR1--KRR1
16,DNM3--FAM174B,ENSG00000197959,ENSG00000185442,Q9UQ16,Q3ZCQ3,chr1,chr15,171841817,92630345,+,-,DANSY_1311,,,,ACH-001794,DNM3,FAM174B,No Annotation,DNM3--FAM174B
17,CDC123--SLC35E3,ENSG00000151465,ENSG00000175782,O75794,Q7Z769,chr10,chr12,12238485,68782281,+,+,DANSY_1323,,,,ACH-001794,CDC123,SLC35E3,No Annotation,CDC123--SLC35E3
18,NR2C1--NUP107,ENSG00000111581,ENSG00000120798,P57740,P13056,chr12,chr12,68702784,95062738,+,-,DANSY_1362,,IPR001628|IPR000536,IPR001628|IPR000536,ACH-001794,NUP107,NR2C1,Pre-existing,NUP107--NR2C1
19,AGAP2--CNOT2,ENSG00000111596,ENSG00000135439,Q9NZN8,Q99490,chr12,chr12,70294294,57735427,+,-,DANSY_1366,,IPR001849|IPR001164,IPR001849|IPR001164,ACH-001794,CNOT2,AGAP2,Pre-existing,CNOT2--AGAP2
20,BACE2--MACROD2,ENSG00000182240,ENSG00000172264,Q9Y5Z0,A1Z1Q3,chr21,chr20,41257326,14493479,+,+,DANSY_1457,IPR033121,,IPR033121,ACH-001794,BACE2,MACROD2,Pre-existing,BACE2--MACROD2
21,ASB7--FGD6,ENSG00000183475,ENSG00000180263,Q9H672,Q6ZV73,chr15,chr12,100630042,95211267,+,-,DANSY_1460,,IPR000219|IPR001849|IPR000306|IPR001849,IPR000219|IPR001849|IPR000306|IPR001849,ACH-001794,ASB7,FGD6,Pre-existing,ASB7--FGD6
22,NKAIN2--RNF217,ENSG00000146373,ENSG00000188580,Q8TC41,Q5VXU1,chr6,chr6,125082923,124818387,+,+,DANSY_1462,IPR047550|IPR002867|IPR002867,,IPR047550|IPR002867|IPR002867,ACH-001794,RNF217,NKAIN2,Pre-existing,RNF217--NKAIN2
23,NT5DC2--PBRM1,ENSG00000163939,ENSG00000168268,Q86U86,Q9H857,chr3,chr3,52576541,52529334,-,-,DANSY_1834,IPR001487|IPR001487|IPR001487|IPR001487|IPR001487|IPR001487|IPR001025,,IPR001487|IPR001487|IPR001487|IPR001487|IPR001487|IPR001487|IPR001025,ACH-000528,PBRM1,NT5DC2,Pre-existing,PBRM1--NT5DC2
24,DEPDC5--SUZ12,ENSG00000100150,ENSG00000178691,O75140,Q15022,chr22,chr17,31822790,31940286,+,+,DANSY_1866,IPR055213|IPR048255,IPR057540|IPR019135,IPR055213|IPR048255|IPR057540|IPR019135,ACH-000528,DEPDC5,SUZ12,Novel,DEPDC5--SUZ12
25,FARS2--HPGDS,ENSG00000145982,ENSG00000163106,O95363,O60760,chr6,chr4,5431172,94317965,+,-,DANSY_2107,IPR002319,IPR004046,IPR002319|IPR004046,ACH-001655,FARS2,HPGDS,Novel,FARS2--HPGDS
26,FARS2--HPGDS,ENSG00000145982,ENSG00000163106,O95363,O60760,chr6,chr4,5431172,94308743,+,-,DANSY_2108,IPR002319,IPR004046,IPR002319|IPR004046,ACH-001655,FARS2,HPGDS,Novel,FARS2--HPGDS
27,FOXO1--PAX3,ENSG00000135903,ENSG00000150907,P23760,Q12778,chr2,chr13,222220140,40560860,-,-,DANSY_2971,IPR001523|IPR001356|IPR022106,IPR032068|IPR032067,IPR001523|IPR001356|IPR022106|IPR032068|IPR032067,ACH-001745,PAX3,FOXO1,Novel,PAX3--FOXO1
28,FYTTD1--PLOD1,ENSG00000122068,ENSG00000083444,Q96QD9,Q02809,chr3,chr1,197756557,11956917,+,+,DANSY_2979,,IPR005123,IPR005123,ACH-001745,FYTTD1,PLOD1,Pre-existing,FYTTD1--PLOD1
29,TYW1--ZNF735,ENSG00000198874,ENSG00000223614,Q9NV66,P0CB33,chr7,chr7,67117618,64207113,+,+,DANSY_2988,IPR001094|IPR001094|IPR001094|IPR001094,IPR001909|IPR013087|IPR013087|IPR013087|IPR013087|IPR013087|IPR013087|IPR013087|IPR013087,IPR001094|IPR001094|IPR001094|IPR001094|IPR001909|IPR013087|IPR013087|IPR013087|IPR013087|IPR013087|IPR013087|IPR013087|IPR013087,ACH-001745,TYW1,ZNF735,Novel,TYW1--ZNF735
30,ANKRD13C--PTGER3,ENSG00000118454,ENSG00000050628,Q8N6S4,P43115,chr1,chr1,70292388,70852859,-,-,DANSY_3804,,,,ACH-000421,ANKRD13C,PTGER3,No Annotation,ANKRD13C--PTGER3
31,AGBL4--FAF1,ENSG00000185104,ENSG00000186094,Q9UNN5,Q5VU57,chr1,chr1,50582618,49245864,-,-,DANSY_3861,IPR044541,IPR000834,IPR044541|IPR000834,ACH-001375,FAF1,AGBL4,Novel,FAF1--AGBL4
32,STAU2--UBE2W,ENSG00000104343,ENSG00000040341,Q96B02,Q9NUL3,chr8,chr8,73878808,73422702,-,-,DANSY_4036,,,,ACH-001814,UBE2W,STAU2,No Annotation,UBE2W--STAU2
33,MAN2B1--WDR83OS,ENSG00000104774,ENSG00000105583,O00754,Q9Y284,chr19,chr19,12664906,12669316,-,-,DANSY_4039,,,,ACH-001814,MAN2B1,WDR83OS,No Annotation,MAN2B1--WDR83OS
34,EFCAB8--NVL,ENSG00000143748,ENSG00000215529,O15381,A8MWE9,chr1,chr20,224330071,32867582,-,+,DANSY_4054,,IPR002048,IPR002048,ACH-001814,NVL,EFCAB8,Pre-existing,NVL--EFCAB8
35,MTDH--TRHR,ENSG00000147649,ENSG00000174417,Q86UE4,P34981,chr8,chr8,97644887,109119048,+,+,DANSY_4312,,,,ACH-000800,MTDH,TRHR,No Annotation,MTDH--TRHR
36,CAPS2--KCNC2,ENSG00000166006,ENSG00000180881,Q96PR1,Q9BXY5,chr12,chr12,75207297,75293367,-,-,DANSY_4316,IPR000210,IPR002048,IPR000210|IPR002048,ACH-000800,KCNC2,CAPS2,Novel,KCNC2--CAPS2
37,ARHGAP19-SLIT1--EWSR1,ENSG00000182944,ENSG00000269891,Q01844,,chr22,chr10,29278216,97266125,+,-,DANSY_4678,,,,ACH-000317,EWSR1,ARHGAP19-SLIT1,,EWSR1--ARHGAP19-SLIT1
38,ARHGAP19--EWSR1,ENSG00000182944,ENSG00000213390,Q01844,Q14CB8,chr22,chr10,29278216,97266125,+,-,DANSY_4679,,IPR000198,IPR000198,ACH-000317,EWSR1,ARHGAP19,Pre-existing,EWSR1--ARHGAP19
39,GSK3B--ME3,ENSG00000082701,ENSG00000151376,P49841,Q16798,chr3,chr11,120093347,86671958,-,-,DANSY_4683,,IPR012301|IPR012302,IPR012301|IPR012302,ACH-000317,GSK3B,ME3,Pre-existing,GSK3B--ME3
40,KCNJ6--ZNF587B,ENSG00000269343,ENSG00000157542,E7ETH6,P48051,chr19,chr21,57819945,37840709,+,-,DANSY_4904,,IPR040445|IPR041647,IPR040445|IPR041647,ACH-002066,ZNF587B,KCNJ6,Pre-existing,ZNF587B--KCNJ6
41,DNAJC4--VEGFB,ENSG00000173511,ENSG00000110011,P49765,Q9NNZ3,chr11,chr11,64236327,64231871,+,+,DANSY_4916,IPR000072,IPR001623,IPR000072|IPR001623,ACH-002066,VEGFB,DNAJC4,Novel,VEGFB--DNAJC4
42,ZNF610--ZNF880,ENSG00000167554,ENSG00000221923,Q8N9Z0,Q6PDB4,chr19,chr19,52354379,52383849,+,+,DANSY_4918,IPR001909,IPR013087|IPR013087|IPR013087|IPR013087|IPR013087|IPR013087|IPR013087|IPR013087|IPR013087|IPR013087|IPR013087|IPR013087|IPR013087|IPR013087,IPR001909|IPR013087|IPR013087|IPR013087|IPR013087|IPR013087|IPR013087|IPR013087|IPR013087|IPR013087|IPR013087|IPR013087|IPR013087|IPR013087|IPR013087,ACH-002066,ZNF610,ZNF880,Pre-existing,ZNF610--ZNF880
43,GNAQ--OSTF1,ENSG00000156052,ENSG00000134996,P50148,Q92882,chr9,chr9,77922161,75127569,-,+,DANSY_4937,,,,ACH-002066,GNAQ,OSTF1,No Annotation,GNAQ--OSTF1
44,IFT74--TEK,ENSG00000096872,ENSG00000120156,Q96LB3,Q02763,chr9,chr9,27048274,27168495,+,+,DANSY_5223,,IPR000742|IPR002049|IPR000742|IPR000742|IPR007110|IPR003961|IPR003961|IPR003961|IPR000719,IPR000742|IPR002049|IPR000742|IPR000742|IPR007110|IPR003961|IPR003961|IPR003961|IPR000719,ACH-002019,IFT74,TEK,Pre-existing,IFT74--TEK
45,CMIP--VPS35,ENSG00000069329,ENSG00000153815,Q96QK1,Q8IY22,chr16,chr16,46671705,81607567,-,+,DANSY_5326,,,,ACH-000700,VPS35,CMIP,No Annotation,VPS35--CMIP
46,PRMT7--SLC12A4,ENSG00000124067,ENSG00000132600,Q9UP95,Q9NVM4,chr16,chr16,67961575,68345675,-,+,DANSY_5342,,IPR055135,IPR055135,ACH-000700,SLC12A4,PRMT7,Pre-existing,SLC12A4--PRMT7
47,TRIM54--WDR43,ENSG00000163811,ENSG00000138100,Q15061,Q9BYV2,chr2,chr2,28894923,27304959,+,+,DANSY_5431,,IPR017903,IPR017903,ACH-000823,WDR43,TRIM54,Pre-existing,WDR43--TRIM54
48,TRIM54--WDR43,ENSG00000163811,ENSG00000138100,Q15061,Q9BYV2,chr2,chr2,28894923,27305584,+,+,DANSY_5432,,IPR017903,IPR017903,ACH-000823,WDR43,TRIM54,Pre-existing,WDR43--TRIM54
49,CDC20B--MIER3,ENSG00000155545,ENSG00000164287,Q7Z3K6,Q86Y33,chr5,chr5,56930664,55133528,-,-,DANSY_5433,IPR000949,IPR056150,IPR000949|IPR056150,ACH-000823,MIER3,CDC20B,Novel,MIER3--CDC20B
50,ATP13A4--MB21D2,ENSG00000180611,ENSG00000127249,Q8IYB1,Q4VNC1,chr3,chr3,192917630,193411070,-,-,DANSY_5455,,,,ACH-000823,MB21D2,ATP13A4,No Annotation,MB21D2--ATP13A4
51,CEP72--PDCD6,ENSG00000112877,ENSG00000249915,Q9P209,O75340,chr5,chr5,633947,304177,+,+,DANSY_6059,IPR003603,IPR002048|IPR002048,IPR003603|IPR002048|IPR002048,ACH-002029,CEP72,PDCD6,Novel,CEP72--PDCD6
52,CEP72--PDCD6,ENSG00000112877,ENSG00000249915,Q9P209,O75340,chr5,chr5,620261,304177,+,+,DANSY_6060,IPR003603,IPR002048|IPR002048,IPR003603|IPR002048|IPR002048,ACH-002029,CEP72,PDCD6,Novel,CEP72--PDCD6
53,HMGA2--MSRB3,ENSG00000149948,ENSG00000174099,P52926,Q8IXL7,chr12,chr12,65838569,65463155,+,+,DANSY_6062,,,,ACH-002029,HMGA2,MSRB3,No Annotation,HMGA2--MSRB3
54,MRPS18A--XPO5,ENSG00000124571,ENSG00000096080,Q9HAV4,Q9NVS2,chr6,chr6,43558501,43681120,-,-,DANSY_6064,IPR001494|IPR013598,,IPR001494|IPR013598,ACH-002029,XPO5,MRPS18A,Pre-existing,XPO5--MRPS18A
55,MRPS18A--XPO5,ENSG00000124571,ENSG00000096080,Q9HAV4,Q9NVS2,chr6,chr6,43560178,43675617,-,-,DANSY_6065,IPR001494|IPR013598,,IPR001494|IPR013598,ACH-002029,XPO5,MRPS18A,Pre-existing,XPO5--MRPS18A
56,MAML2--YAP1,ENSG00000137693,ENSG00000184384,P46937,Q8IZL2,chr11,chr11,102206074,96093517,+,-,DANSY_6070,IPR001202|IPR001202,IPR048452,IPR001202|IPR001202|IPR048452,ACH-002029,YAP1,MAML2,Novel,YAP1--MAML2
57,MAML2--YAP1,ENSG00000137693,ENSG00000184384,P46937,Q8IZL2,chr11,chr11,102209564,96093517,+,-,DANSY_6071,IPR001202|IPR001202,IPR048452,IPR001202|IPR001202|IPR048452,ACH-002029,YAP1,MAML2,Novel,YAP1--MAML2
58,CHMP2B--CUBN,ENSG00000083937,ENSG00000107611,Q9UQN3,O60494,chr3,chr10,87249977,17047603,+,-,DANSY_6073,,IPR000859|IPR000859|IPR000859|IPR000859|IPR000859|IPR000859|IPR000859|IPR000859|IPR000859|IPR000859|IPR000859|IPR000859|IPR000859|IPR000859|IPR000859|IPR000859|IPR000859|IPR000859|IPR000859|IPR000859|IPR000859|IPR000859,IPR000859|IPR000859|IPR000859|IPR000859|IPR000859|IPR000859|IPR000859|IPR000859|IPR000859|IPR000859|IPR000859|IPR000859|IPR000859|IPR000859|IPR000859|IPR000859|IPR000859|IPR000859|IPR000859|IPR000859|IPR000859|IPR000859,ACH-002029,CHMP2B,CUBN,Pre-existing,CHMP2B--CUBN
59,DLK2--LSM2,ENSG00000204392,ENSG00000171462,Q9Y333,Q6UY11,chr6,chr6,31806075,43454880,-,-,DANSY_6082,,IPR000742|IPR000742|IPR000742|IPR000742|IPR000742|IPR000742,IPR000742|IPR000742|IPR000742|IPR000742|IPR000742|IPR000742,ACH-002029,LSM2,DLK2,Pre-existing,LSM2--DLK2
60,RASGRF1--SLC4A4,ENSG00000080493,ENSG00000058335,Q9Y6R1,Q13972,chr4,chr15,71560254,79020104,+,-,DANSY_6150,IPR013769|IPR011531,IPR000651|IPR000651|IPR001895,IPR013769|IPR011531|IPR000651|IPR000651|IPR001895,ACH-001377,SLC4A4,RASGRF1,Novel,SLC4A4--RASGRF1
61,B4GALT1--PAX5,ENSG00000086062,ENSG00000196092,P15291,Q02548,chr9,chr9,33166758,36882105,-,-,DANSY_6151,,,,ACH-001377,B4GALT1,PAX5,No Annotation,B4GALT1--PAX5
62,B4GALT1--PAX5,ENSG00000086062,ENSG00000196092,P15291,Q02548,chr9,chr9,33166758,36846929,-,-,DANSY_6152,,,,ACH-001377,B4GALT1,PAX5,No Annotation,B4GALT1--PAX5
63,B4GALT1--PAX5,ENSG00000086062,ENSG00000196092,P15291,Q02548,chr9,chr9,33166758,36840636,-,-,DANSY_6153,,,,ACH-001377,B4GALT1,PAX5,No Annotation,B4GALT1--PAX5
64,TRIP12--TRIP12,ENSG00000153827,ENSG00000153827,Q14669,Q14669,chr2,chr2,229777315,229815308,-,-,DANSY_6187,IPR057948|IPR004170,IPR004170|IPR000569,IPR057948|IPR004170|IPR004170|IPR000569,ACH-000754,TRIP12,TRIP12,Novel,TRIP12--TRIP12
65,NCEH1--SPATA16,ENSG00000144959,ENSG00000144962,Q6PIU2,Q9BXB7,chr3,chr3,172710847,173049094,-,-,DANSY_6210,,,,ACH-000754,NCEH1,SPATA16,No Annotation,NCEH1--SPATA16
66,CBWD2--LMNTD1,ENSG00000136682,ENSG00000152936,Q8IUF1,Q8N9Z9,chr2,chr12,113482228,25520075,+,-,DANSY_6477,IPR003495,,IPR003495,ACH-000138,CBWD2,LMNTD1,Pre-existing,CBWD2--LMNTD1
67,SETDB1--SMCP,ENSG00000143379,ENSG00000163206,Q15047,P49901,chr1,chr1,150947012,152884403,+,+,DANSY_6536,IPR040880|IPR002999|IPR002999,,IPR040880|IPR002999|IPR002999,ACH-001864,SETDB1,SMCP,Pre-existing,SETDB1--SMCP
68,GBE1--TTC21A,ENSG00000168026,ENSG00000114480,Q8NDW8,Q04446,chr3,chr3,39114742,81705613,+,-,DANSY_6555,IPR056833,IPR004193|IPR006047|IPR006048,IPR056833|IPR004193|IPR006047|IPR006048,ACH-001864,TTC21A,GBE1,Novel,TTC21A--GBE1
69,C17orf78--TADA2A,ENSG00000276234,ENSG00000278505,O75478,Q8N4C9,chr17,chr17,37440662,37377879,+,+,DANSY_6556,IPR000433|IPR001005,,IPR000433|IPR001005,ACH-001864,TADA2A,C17orf78,Pre-existing,TADA2A--C17orf78
70,IFT43--TTLL5,ENSG00000119685,ENSG00000119650,Q6EMB2,Q96FT9,chr14,chr14,75793100,76022327,+,+,DANSY_6560,,,,ACH-001864,TTLL5,IFT43,No Annotation,TTLL5--IFT43
71,KHDRBS2--ZNF92,ENSG00000146757,ENSG00000112232,Q03936,Q5VWX1,chr7,chr6,65388901,62177312,+,-,DANSY_6576,IPR001909,IPR004087|IPR032335,IPR001909|IPR004087|IPR032335,ACH-001864,ZNF92,KHDRBS2,Novel,ZNF92--KHDRBS2
72,MEN1--SF1,ENSG00000168066,ENSG00000133895,Q15637,O00255,chr11,chr11,64776498,64808099,-,-,DANSY_6719,,,,ACH-000383,SF1,MEN1,No Annotation,SF1--MEN1
73,CUX1--HBP1,ENSG00000257923,ENSG00000105856,P39880,O60381,chr7,chr7,102104459,107195834,+,+,DANSY_6742,IPR057476,IPR009071,IPR057476|IPR009071,ACH-000383,CUX1,HBP1,Novel,CUX1--HBP1
74,PDS5B--TP53,ENSG00000083642,ENSG00000141510,Q9NTI5,P04637,chr13,chr17,32707039,7673266,+,-,DANSY_6967,,,,ACH-002471,PDS5B,TP53,No Annotation,PDS5B--TP53
75,PDS5B--TP53,ENSG00000083642,ENSG00000141510,Q9NTI5,P04637,chr13,chr17,32707039,7670715,+,-,DANSY_6968,,,,ACH-002471,PDS5B,TP53,No Annotation,PDS5B--TP53
76,MAP4--SMARCC1,ENSG00000173473,ENSG00000047849,Q92922,P27816,chr3,chr3,47781603,47857512,-,-,DANSY_6969,,,,ACH-002471,SMARCC1,MAP4,No Annotation,SMARCC1--MAP4
77,APOBR--PRKD1,ENSG00000184304,ENSG00000184730,Q15139,Q0VD83,chr14,chr16,29927249,28495099,-,+,DANSY_7003,,,,ACH-002471,PRKD1,APOBR,No Annotation,PRKD1--APOBR
78,C2orf69--ROCK2,ENSG00000178074,ENSG00000134318,Q8N8R5,O75116,chr2,chr2,199911771,11287736,+,-,DANSY_7186,,IPR000719|IPR000961|IPR011072|IPR015008|IPR001849,IPR000719|IPR000961|IPR011072|IPR015008|IPR001849,ACH-000984,C2orf69,ROCK2,Pre-existing,C2orf69--ROCK2
79,C2orf69--ROCK2,ENSG00000134318,ENSG00000178074,O75116,Q8N8R5,chr2,chr2,11343996,199925062,-,+,DANSY_7187,,,,ACH-000984,ROCK2,C2orf69,No Annotation,ROCK2--C2orf69
80,C2orf69--ROCK2,ENSG00000178074,ENSG00000134318,Q8N8R5,O75116,chr2,chr2,199911771,11249798,+,-,DANSY_7188,,IPR000961|IPR011072|IPR015008|IPR001849,IPR000961|IPR011072|IPR015008|IPR001849,ACH-000984,C2orf69,ROCK2,Pre-existing,C2orf69--ROCK2
81,ATP2A2--IFT81,ENSG00000174437,ENSG00000122970,P16615,Q8WYA0,chr12,chr12,110334143,110218044,+,+,DANSY_7681,IPR004014|IPR059000,,IPR004014|IPR059000,ACH-000633,ATP2A2,IFT81,Pre-existing,ATP2A2--IFT81
82,ANXA4--GMCL1,ENSG00000087338,ENSG00000196975,Q96IK5,P09525,chr2,chr2,69849742,69804533,+,+,DANSY_7686,IPR000210|IPR011705,,IPR000210|IPR011705,ACH-000633,GMCL1,ANXA4,Pre-existing,GMCL1--ANXA4
83,KRT19--SLC47A1,ENSG00000171345,ENSG00000142494,P08727,Q96FL8,chr17,chr17,41527828,19542393,-,+,DANSY_7693,,,,ACH-000633,KRT19,SLC47A1,No Annotation,KRT19--SLC47A1
84,ECPAS--SUSD1,ENSG00000136813,ENSG00000106868,Q5VYK3,Q6UWL2,chr9,chr9,111408571,112041960,-,-,DANSY_7694,IPR024372|IPR055444,,IPR024372|IPR055444,ACH-000633,ECPAS,SUSD1,Pre-existing,ECPAS--SUSD1
85,ARMC7--TMEM94,ENSG00000177728,ENSG00000125449,Q12767,Q9H6L4,chr17,chr17,75496471,75128677,+,+,DANSY_7696,,,,ACH-000633,TMEM94,ARMC7,No Annotation,TMEM94--ARMC7
86,HEXD--OGFOD3,ENSG00000169660,ENSG00000181396,Q8WVB3,Q6PK18,chr17,chr17,82419883,82406482,+,-,DANSY_7708,,IPR005123,IPR005123,ACH-000633,HEXD,OGFOD3,Pre-existing,HEXD--OGFOD3
87,HEXD--OGFOD3,ENSG00000169660,ENSG00000181396,Q8WVB3,Q6PK18,chr17,chr17,82419883,82409410,+,-,DANSY_7709,,IPR005123,IPR005123,ACH-000633,HEXD,OGFOD3,Pre-existing,HEXD--OGFOD3
88,CYRIB--SPIDR,ENSG00000164808,ENSG00000153310,Q14159,Q9NUQ9,chr8,chr8,47291137,129855747,+,-,DANSY_7856,,,,ACH-000520,SPIDR,CYRIB,No Annotation,SPIDR--CYRIB
89,CYRIB--SPIDR,ENSG00000164808,ENSG00000153310,Q14159,Q9NUQ9,chr8,chr8,47294030,129854343,+,-,DANSY_7857,,,,ACH-000520,SPIDR,CYRIB,No Annotation,SPIDR--CYRIB
90,CYRIB--SPIDR,ENSG00000164808,ENSG00000153310,Q14159,Q9NUQ9,chr8,chr8,47280017,129855747,+,-,DANSY_7858,,,,ACH-000520,SPIDR,CYRIB,No Annotation,SPIDR--CYRIB
91,HNRNPR--TCEA3,ENSG00000125944,ENSG00000204219,O43390,O75764,chr1,chr1,23318483,23387419,-,-,DANSY_7869,IPR041337|IPR000504|IPR000504,IPR001222,IPR041337|IPR000504|IPR000504|IPR001222,ACH-000520,HNRNPR,TCEA3,Novel,HNRNPR--TCEA3
92,CYTH1--EIF3H,ENSG00000108669,ENSG00000147677,Q15438,O15372,chr17,chr8,78782202,116756019,-,-,DANSY_8079,,IPR000555|IPR045810,IPR000555|IPR045810,ACH-000017,CYTH1,EIF3H,Pre-existing,CYTH1--EIF3H
93,GSDMB--TATDN1,ENSG00000147687,ENSG00000073605,Q6P1N9,Q8TAX9,chr8,chr17,124539025,39906271,-,-,DANSY_8088,,IPR041263,IPR041263,ACH-000017,TATDN1,GSDMB,Pre-existing,TATDN1--GSDMB
94,CPNE1--PREX1,ENSG00000124126,ENSG00000214078,Q8TCU6,Q99829,chr20,chr20,48747809,35626803,-,-,DANSY_8107,,,,ACH-000017,PREX1,CPNE1,No Annotation,PREX1--CPNE1
95,LRRFIP2--SUMF1,ENSG00000144455,ENSG00000093167,Q8NBK3,Q9Y608,chr3,chr3,4376330,37129149,-,-,DANSY_8109,,,,ACH-000017,SUMF1,LRRFIP2,No Annotation,SUMF1--LRRFIP2
96,LRRFIP2--SUMF1,ENSG00000144455,ENSG00000093167,Q8NBK3,Q9Y608,chr3,chr3,4410865,37129149,-,-,DANSY_8110,,,,ACH-000017,SUMF1,LRRFIP2,No Annotation,SUMF1--LRRFIP2
97,LRRFIP2--SUMF1,ENSG00000144455,ENSG00000093167,Q8NBK3,Q9Y608,chr3,chr3,4410865,37096660,-,-,DANSY_8111,,,,ACH-000017,SUMF1,LRRFIP2,No Annotation,SUMF1--LRRFIP2
98,ANKHD1--PCDH1,ENSG00000131503,ENSG00000156453,Q8IWZ3,Q08174,chr5,chr5,140445975,141854436,+,-,DANSY_8121,,,,ACH-000017,ANKHD1,PCDH1,No Annotation,ANKHD1--PCDH1
99,ANKHD1--PCDH1,ENSG00000131503,ENSG00000156453,Q8IWZ3,Q08174,chr5,chr5,140445975,141856262,+,-,DANSY_8122,,,,ACH-000017,ANKHD1,PCDH1,No Annotation,ANKHD1--PCDH1
100,ANKHD1-EIF4EBP3--PCDH1,ENSG00000254996,ENSG00000156453,,Q08174,chr5,chr5,140445975,141854436,+,-,DANSY_8123,,,,ACH-000017,ANKHD1-EIF4EBP3,PCDH1,,ANKHD1-EIF4EBP3--PCDH1
101,ANKHD1-EIF4EBP3--PCDH1,ENSG00000254996,ENSG00000156453,,Q08174,chr5,chr5,140445975,141856262,+,-,DANSY_8124,,,,ACH-000017,ANKHD1-EIF4EBP3,PCDH1,,ANKHD1-EIF4EBP3--PCDH1
102,CCDC85C--SETD3,ENSG00000205476,ENSG00000183576,A6NKD9,Q86TU7,chr14,chr14,99536015,99413934,-,-,DANSY_8130,,IPR015353,IPR015353,ACH-000017,CCDC85C,SETD3,Pre-existing,CCDC85C--SETD3
103,CCDC85C--SETD3,ENSG00000205476,ENSG00000183576,A6NKD9,Q86TU7,chr14,chr14,99536015,99406590,-,-,DANSY_8131,,IPR015353,IPR015353,ACH-000017,CCDC85C,SETD3,Pre-existing,CCDC85C--SETD3
104,KLHDC2--SNTB1,ENSG00000165516,ENSG00000172164,Q9Y2U9,Q13884,chr14,chr8,49782594,120548958,+,-,DANSY_8135,,IPR055108,IPR055108,ACH-000017,KLHDC2,SNTB1,Pre-existing,KLHDC2--SNTB1
105,CTNNBL1--VSTM2L,ENSG00000132821,ENSG00000132792,Q96N03,Q8WYA6,chr20,chr20,37933589,37859899,+,+,DANSY_8141,,,,ACH-000017,VSTM2L,CTNNBL1,No Annotation,VSTM2L--CTNNBL1
106,CTNNBL1--VSTM2L,ENSG00000132821,ENSG00000132792,Q96N03,Q8WYA6,chr20,chr20,37931804,37859899,+,+,DANSY_8142,,,,ACH-000017,VSTM2L,CTNNBL1,No Annotation,VSTM2L--CTNNBL1
107,TBC1D31--ZNF704,ENSG00000156787,ENSG00000164684,Q96DN5,Q6ZNC4,chr8,chr8,123084340,80821615,+,-,DANSY_8147,,IPR013087,IPR013087,ACH-000017,TBC1D31,ZNF704,Pre-existing,TBC1D31--ZNF704
108,FBXL7--TRIO,ENSG00000038382,ENSG00000183580,O75962,Q9UJT9,chr5,chr5,14420021,15615983,+,+,DANSY_8150,IPR001251|IPR000219|IPR001849|IPR001452,IPR001810|IPR057207,IPR001251|IPR000219|IPR001849|IPR001452|IPR001810|IPR057207,ACH-000017,TRIO,FBXL7,Novel,TRIO--FBXL7
109,KHDC1--SENP6,ENSG00000112701,ENSG00000135314,Q9GZR1,Q4VXA5,chr6,chr6,75602576,73292040,+,-,DANSY_8309,,IPR031952,IPR031952,ACH-001385,SENP6,KHDC1,Pre-existing,SENP6--KHDC1
110,BRD4--NUTM1,ENSG00000141867,ENSG00000184507,O60885,Q86Y26,chr19,chr15,15242900,34347969,-,+,DANSY_8312,IPR001487|IPR001487|IPR027353,IPR024309,IPR001487|IPR001487|IPR027353|IPR024309,ACH-001385,BRD4,NUTM1,Novel,BRD4--NUTM1
111,MYH9--MYH9,ENSG00000100345,ENSG00000100345,P35579,P35579,chr22,chr22,36291986,36301665,-,-,DANSY_8412,IPR004009|IPR001609,IPR002928,IPR004009|IPR001609|IPR002928,ACH-000587,MYH9,MYH9,Pre-existing,MYH9--MYH9
112,OGT--SLC9A7,ENSG00000065923,ENSG00000147162,Q96T83,O15294,chrX,chrX,46682336,71555954,-,+,DANSY_8428,,IPR029489,IPR029489,ACH-000587,SLC9A7,OGT,Pre-existing,SLC9A7--OGT
113,ATP5PB--NSRP1,ENSG00000126653,ENSG00000116459,Q9H0G5,P24539,chr17,chr1,30181016,111454211,+,+,DANSY_8521,IPR018612,,IPR018612,ACH-000785,NSRP1,ATP5PB,Pre-existing,NSRP1--ATP5PB
114,INPP5E--NOTCH1,ENSG00000148400,ENSG00000148384,P46531,Q9NRR6,chr9,chr9,136544024,136429807,-,-,DANSY_8541,,,,ACH-000785,NOTCH1,INPP5E,No Annotation,NOTCH1--INPP5E
115,ASAP1--STMN2,ENSG00000153317,ENSG00000104435,Q9ULH1,Q93045,chr8,chr8,130236922,79636802,-,+,DANSY_8683,,,,ACH-002142,ASAP1,STMN2,No Annotation,ASAP1--STMN2
116,ARHGAP22--FRMPD2,ENSG00000128805,ENSG00000170324,Q7Z5H3,Q68DX3,chr10,chr10,48555463,48251691,-,-,DANSY_8685,,IPR011019|IPR000299|IPR001478|IPR001478|IPR001478,IPR011019|IPR000299|IPR001478|IPR001478|IPR001478,ACH-002142,ARHGAP22,FRMPD2,Pre-existing,ARHGAP22--FRMPD2
117,COX10--NTN1,ENSG00000006695,ENSG00000065320,Q12887,O95631,chr17,chr17,14069648,9239640,+,+,DANSY_8689,,,,ACH-002142,COX10,NTN1,No Annotation,COX10--NTN1
118,ESRP1--STK3,ENSG00000104375,ENSG00000104413,Q13188,Q6NXG1,chr8,chr8,98526742,94643303,-,+,DANSY_8703,IPR000719,IPR000504|IPR000504|IPR000504,IPR000719|IPR000504|IPR000504|IPR000504,ACH-002142,STK3,ESRP1,Novel,STK3--ESRP1
119,ESRP1--STK3,ENSG00000104375,ENSG00000104413,Q13188,Q6NXG1,chr8,chr8,98526742,94641956,-,+,DANSY_8704,IPR000719,IPR000504|IPR000504|IPR000504,IPR000719|IPR000504|IPR000504|IPR000504,ACH-002142,STK3,ESRP1,Novel,STK3--ESRP1
120,ANK3--CCDC6,ENSG00000108091,ENSG00000151150,Q16204,Q12955,chr10,chr10,59906122,60042759,-,-,DANSY_8830,,,,ACH-000554,CCDC6,ANK3,No Annotation,CCDC6--ANK3
121,CDK12--FBXL20,ENSG00000108306,ENSG00000167258,Q96IG2,Q9NYV4,chr17,chr17,39343180,39509705,-,+,DANSY_8833,,,,ACH-000554,FBXL20,CDK12,No Annotation,FBXL20--CDK12
122,CDH1--CDH3,ENSG00000039068,ENSG00000062038,P12830,P22223,chr16,chr16,68738411,68676385,+,+,DANSY_8845,,IPR002126|IPR002126|IPR002126|IPR002126|IPR002126|IPR000233,IPR002126|IPR002126|IPR002126|IPR002126|IPR002126|IPR000233,ACH-000554,CDH1,CDH3,Pre-existing,CDH1--CDH3
123,BAIAP2--PSMD12,ENSG00000175866,ENSG00000197170,Q9UQB8,O00232,chr17,chr17,81035308,67342263,+,-,DANSY_8846,,IPR040896,IPR040896,ACH-000554,BAIAP2,PSMD12,Pre-existing,BAIAP2--PSMD12
124,ITGB6--RBMS1,ENSG00000115221,ENSG00000153250,P18564,P29558,chr2,chr2,160112080,160287084,-,-,DANSY_8851,IPR002369|IPR040622|IPR057073|IPR013111|IPR013111,,IPR002369|IPR040622|IPR057073|IPR013111|IPR013111,ACH-000554,ITGB6,RBMS1,Pre-existing,ITGB6--RBMS1
125,FEM1B--KCNG3,ENSG00000169018,ENSG00000171126,Q9UK73,Q8TAE7,chr15,chr2,68278665,42444579,+,-,DANSY_8865,,,,ACH-000554,FEM1B,KCNG3,No Annotation,FEM1B--KCNG3
126,WDR93--ZNF710,ENSG00000140548,ENSG00000140527,Q8N1W2,Q6P2C0,chr15,chr15,90074290,89727157,+,+,DANSY_8868,IPR013087|IPR013087|IPR013087|IPR013087|IPR013087|IPR013087|IPR013087|IPR013087|IPR013087|IPR013087|IPR013087,,IPR013087|IPR013087|IPR013087|IPR013087|IPR013087|IPR013087|IPR013087|IPR013087|IPR013087|IPR013087|IPR013087,ACH-000554,ZNF710,WDR93,Pre-existing,ZNF710--WDR93
127,EIF2AK3--PRKD3,ENSG00000172071,ENSG00000115825,Q9NZJ5,O94806,chr2,chr2,88613724,37293271,-,-,DANSY_8869,,IPR002219|IPR002219|IPR001849|IPR000719,IPR002219|IPR002219|IPR001849|IPR000719,ACH-000554,EIF2AK3,PRKD3,Pre-existing,EIF2AK3--PRKD3
128,NOX4--TMEM135,ENSG00000166575,ENSG00000086991,Q86UB9,Q9NPH5,chr11,chr11,87091395,89451895,+,-,DANSY_8992,,IPR013130|IPR013112|IPR013121,IPR013130|IPR013112|IPR013121,ACH-003180,TMEM135,NOX4,Pre-existing,TMEM135--NOX4
129,PPP2CA--SFXN1,ENSG00000164466,ENSG00000113575,Q9H9B4,P67775,chr5,chr5,175511526,134206131,+,-,DANSY_9118,,IPR004843,IPR004843,ACH-001398,SFXN1,PPP2CA,Pre-existing,SFXN1--PPP2CA
130,ARPC5--COLGALT2,ENSG00000198756,ENSG00000162704,Q8IYK4,O15511,chr1,chr1,183973615,183630636,-,-,DANSY_9184,,,,ACH-001991,COLGALT2,ARPC5,No Annotation,COLGALT2--ARPC5
131,L2HGDH--MNAT1,ENSG00000020426,ENSG00000087299,P51948,Q9H9P8,chr14,chr14,60879835,50247253,+,-,DANSY_9253,IPR001841|IPR015877,,IPR001841|IPR015877,ACH-001332,MNAT1,L2HGDH,Pre-existing,MNAT1--L2HGDH
132,ERC1--SYCP2,ENSG00000082805,ENSG00000196074,Q8IUD2,Q9BX26,chr12,chr20,1104824,59911845,+,-,DANSY_9321,,,,ACH-000585,ERC1,SYCP2,No Annotation,ERC1--SYCP2
133,CDC16--RABL6,ENSG00000196642,ENSG00000130177,Q3YEC7,Q13042,chr9,chr13,136832370,114238990,+,+,DANSY_9474,,,,ACH-000627,RABL6,CDC16,No Annotation,RABL6--CDC16
134,ATG16L1--INPP5D,ENSG00000085978,ENSG00000168918,Q676U5,Q92835,chr2,chr2,233281175,233161724,+,+,DANSY_9481,IPR013923,IPR000300|IPR057509,IPR013923|IPR000300|IPR057509,ACH-000627,ATG16L1,INPP5D,Novel,ATG16L1--INPP5D
135,TMEM87A--ZNF106,ENSG00000103994,ENSG00000103978,Q9H2Y7,Q8NBN3,chr15,chr15,42437232,42244167,-,-,DANSY_9483,IPR013087,IPR053937,IPR013087|IPR053937,ACH-000627,ZNF106,TMEM87A,Novel,ZNF106--TMEM87A
136,HECTD4--NAA25,ENSG00000111300,ENSG00000173064,Q14CX7,Q9Y4D8,chr12,chr12,112040481,112269849,-,-,DANSY_9513,,IPR035781|IPR000569,IPR035781|IPR000569,ACH-000627,NAA25,HECTD4,Pre-existing,NAA25--HECTD4
137,ARHGEF4--POTEI,ENSG00000136002,ENSG00000196834,Q9NR80,P0CG38,chr2,chr2,130917498,130488198,+,-,DANSY_9522,IPR001452|IPR000219|IPR001849,IPR039497,IPR001452|IPR000219|IPR001849|IPR039497,ACH-000627,ARHGEF4,POTEI,Novel,ARHGEF4--POTEI
138,MGLL--TSNARE1,ENSG00000171045,ENSG00000074416,Q96NA8,Q99685,chr8,chr3,142330901,127781895,-,-,DANSY_9527,IPR028002,IPR000073|IPR000073|IPR000073|IPR000073,IPR028002|IPR000073|IPR000073|IPR000073|IPR000073,ACH-000627,TSNARE1,MGLL,Novel,TSNARE1--MGLL
139,DIP2C--SFMBT2,ENSG00000151240,ENSG00000198879,Q9Y2E4,Q5VUG0,chr10,chr10,689494,7285954,-,-,DANSY_9667,,IPR021987|IPR001660,IPR021987|IPR001660,ACH-000704,DIP2C,SFMBT2,Pre-existing,DIP2C--SFMBT2
140,FHOD3--MOCOS,ENSG00000134775,ENSG00000075643,Q2V2M9,Q96EN8,chr18,chr18,36512543,36256968,+,+,DANSY_9741,,,,ACH-000488,FHOD3,MOCOS,No Annotation,FHOD3--MOCOS
141,FHOD3--MOCOS,ENSG00000134775,ENSG00000075643,Q2V2M9,Q96EN8,chr18,chr18,36372744,36198690,+,+,DANSY_9742,,IPR005303|IPR005302,IPR005303|IPR005302,ACH-000488,FHOD3,MOCOS,Pre-existing,FHOD3--MOCOS
142,MAP7--NHSL1,ENSG00000135540,ENSG00000135525,Q5SYE7,Q14244,chr6,chr6,138447001,136421799,-,-,DANSY_9745,,,,ACH-000488,NHSL1,MAP7,No Annotation,NHSL1--MAP7
143,MAP7--NHSL1,ENSG00000135540,ENSG00000135525,Q5SYE7,Q14244,chr6,chr6,138441983,136421799,-,-,DANSY_9746,,,,ACH-000488,NHSL1,MAP7,No Annotation,NHSL1--MAP7
144,FAM133B--SUN1,ENSG00000164828,ENSG00000234545,O94901,Q5BKY9,chr7,chr7,872562,92569915,+,-,DANSY_9754,IPR032680|IPR040994,,IPR032680|IPR040994,ACH-000488,SUN1,FAM133B,Pre-existing,SUN1--FAM133B
145,ACTN4--RYR1,ENSG00000130402,ENSG00000196218,O43707,P21817,chr19,chr19,38714561,38561113,+,+,DANSY_9759,IPR001715|IPR001715,IPR009460|IPR005821,IPR001715|IPR001715|IPR009460|IPR005821,ACH-000488,ACTN4,RYR1,Novel,ACTN4--RYR1
146,INA--NF1,ENSG00000196712,ENSG00000148798,P21359,Q16352,chr17,chr10,31095369,103287035,+,+,DANSY_9761,,,,ACH-000488,NF1,INA,No Annotation,NF1--INA
147,MPZL1--POU2F1,ENSG00000197965,ENSG00000143190,O95297,P14859,chr1,chr1,167722242,167411959,+,+,DANSY_9774,,,,ACH-000488,MPZL1,POU2F1,No Annotation,MPZL1--POU2F1
148,BCL2L12--PRMT1,ENSG00000126457,ENSG00000126453,Q99873,Q9HB09,chr19,chr19,49682259,49673698,+,+,DANSY_9875,,,,ACH-000276,PRMT1,BCL2L12,No Annotation,PRMT1--BCL2L12
149,BCL2L12--PRMT1,ENSG00000126457,ENSG00000126453,Q99873,Q9HB09,chr19,chr19,49682065,49673698,+,+,DANSY_9876,,,,ACH-000276,PRMT1,BCL2L12,No Annotation,PRMT1--BCL2L12
150,MMP20--TMEM123,ENSG00000152558,ENSG00000137674,Q8N131,O60882,chr11,chr11,102448812,102610030,-,-,DANSY_9880,,IPR000585,IPR000585,ACH-000276,TMEM123,MMP20,Pre-existing,TMEM123--MMP20
151,DTNB--DTNB,ENSG00000138101,ENSG00000138101,O60941,O60941,chr2,chr2,25628170,25652660,-,-,DANSY_9896,,IPR015153|IPR015154|IPR000433,IPR015153|IPR015154|IPR000433,ACH-000276,DTNB,DTNB,Pre-existing,DTNB--DTNB
152,MBOAT2--PRKCE,ENSG00000143797,ENSG00000171132,Q6ZWT7,Q02156,chr2,chr2,8882511,46145093,-,+,DANSY_9901,,IPR000961,IPR000961,ACH-000276,MBOAT2,PRKCE,Pre-existing,MBOAT2--PRKCE
153,MBOAT2--PRKCE,ENSG00000171132,ENSG00000143797,Q02156,Q6ZWT7,chr2,chr2,46086362,8888073,+,-,DANSY_9902,IPR000008|IPR002219|IPR002219,,IPR000008|IPR002219|IPR002219,ACH-000276,PRKCE,MBOAT2,Pre-existing,PRKCE--MBOAT2
154,GIGYF2--GIGYF2,ENSG00000204120,ENSG00000204120,Q6Y7W6,Q6Y7W6,chr2,chr2,232796221,232794748,+,+,DANSY_9909,,IPR003169,IPR003169,ACH-000276,GIGYF2,GIGYF2,Pre-existing,GIGYF2--GIGYF2
155,COL24A1--UBE2E1,ENSG00000170142,ENSG00000171502,P51965,Q17RW2,chr3,chr1,23887699,85849406,+,-,DANSY_9910,,IPR000885,IPR000885,ACH-000276,UBE2E1,COL24A1,Pre-existing,UBE2E1--COL24A1
156,HMGXB3--PPARGC1B,ENSG00000113716,ENSG00000155846,Q12766,Q86YN6,chr5,chr5,150027117,149830767,+,+,DANSY_9926,IPR009071,IPR000504,IPR009071|IPR000504,ACH-000276,HMGXB3,PPARGC1B,Novel,HMGXB3--PPARGC1B
157,HMGXB3--PPARGC1B,ENSG00000113716,ENSG00000155846,Q12766,Q86YN6,chr5,chr5,150027117,149832656,+,+,DANSY_9927,IPR009071,IPR000504,IPR009071|IPR000504,ACH-000276,HMGXB3,PPARGC1B,Novel,HMGXB3--PPARGC1B
158,COL24A1--GSTM1,ENSG00000171502,ENSG00000134184,Q17RW2,P09488,chr1,chr1,85816788,109688170,-,+,DANSY_9933,IPR048287,IPR004046,IPR048287|IPR004046,ACH-000276,COL24A1,GSTM1,Novel,COL24A1--GSTM1
159,COL24A1--GSTM1,ENSG00000171502,ENSG00000134184,Q17RW2,P09488,chr1,chr1,85816788,109689048,-,+,DANSY_9936,IPR048287,IPR004046,IPR048287|IPR004046,ACH-000276,COL24A1,GSTM1,Novel,COL24A1--GSTM1
160,ATP5MG--KMT2A,ENSG00000118058,ENSG00000167283,Q03164,O75964,chr11,chr11,118482495,118431024,+,+,DANSY_9940,IPR002857,,IPR002857,ACH-000276,KMT2A,ATP5MG,Pre-existing,KMT2A--ATP5MG
161,PRKAR2A--SLC26A6,ENSG00000225697,ENSG00000114302,Q9BXS9,P13861,chr3,chr3,48627946,48790627,-,-,DANSY_9947,IPR011547,IPR000595|IPR000595,IPR011547|IPR000595|IPR000595,ACH-000276,SLC26A6,PRKAR2A,Novel,SLC26A6--PRKAR2A
162,COL24A1--GSTM2,ENSG00000171502,ENSG00000213366,Q17RW2,P28161,chr1,chr1,85816788,109708481,-,+,DANSY_9982,IPR048287,,IPR048287,ACH-000276,COL24A1,GSTM2,Pre-existing,COL24A1--GSTM2
163,LRIF1--PHTF1,ENSG00000116793,ENSG00000121931,Q9UMS5,Q5T3J3,chr1,chr1,113757699,110950123,-,-,DANSY_9994,,,,ACH-000276,PHTF1,LRIF1,No Annotation,PHTF1--LRIF1
164,STUM--TAF5L,ENSG00000135801,ENSG00000203685,O75529,Q69YW2,chr1,chr1,229610106,226596802,-,+,DANSY_10145,,,,ACH-000075,TAF5L,STUM,No Annotation,TAF5L--STUM
165,GPM6B--ZRSR2,ENSG00000169249,ENSG00000046653,Q15696,Q13491,chrX,chrX,15791013,13785808,+,-,DANSY_10321,,,,ACH-003184,ZRSR2,GPM6B,No Annotation,ZRSR2--GPM6B
166,GPM6B--ZRSR2,ENSG00000169249,ENSG00000046653,Q15696,Q13491,chrX,chrX,15791013,13807769,+,-,DANSY_10322,,,,ACH-003184,ZRSR2,GPM6B,No Annotation,ZRSR2--GPM6B
167,AHNAK--PPP2R5E,ENSG00000154001,ENSG00000124942,Q16537,Q09666,chr14,chr11,63539529,62433891,-,-,DANSY_10325,,,,ACH-003184,PPP2R5E,AHNAK,No Annotation,PPP2R5E--AHNAK
168,PYM1--SARNP,ENSG00000205323,ENSG00000170473,P82979,Q9BRP8,chr12,chr12,55790567,55914366,-,-,DANSY_10331,IPR003034,IPR015362,IPR003034|IPR015362,ACH-003184,SARNP,PYM1,Novel,SARNP--PYM1
169,PREX2--SDHB,ENSG00000046889,ENSG00000117118,Q70Z35,P21912,chr8,chr1,67952535,17044888,+,-,DANSY_10561,,IPR001041|IPR017896,IPR001041|IPR017896,ACH-000941,PREX2,SDHB,Pre-existing,PREX2--SDHB
170,MAML2--YAP1,ENSG00000137693,ENSG00000184384,P46937,Q8IZL2,chr11,chr11,102206074,96093517,+,-,DANSY_10722,IPR001202|IPR001202,IPR048452,IPR001202|IPR001202|IPR048452,ACH-000269,YAP1,MAML2,Novel,YAP1--MAML2
171,MAML2--YAP1,ENSG00000184384,ENSG00000137693,Q8IZL2,P46937,chr11,chr11,96341383,102223622,-,+,DANSY_10723,IPR019082,,IPR019082,ACH-000269,MAML2,YAP1,Pre-existing,MAML2--YAP1
172,MAML2--YAP1,ENSG00000137693,ENSG00000184384,P46937,Q8IZL2,chr11,chr11,102206086,96093517,+,-,DANSY_10724,IPR001202|IPR001202,IPR048452,IPR001202|IPR001202|IPR048452,ACH-000269,YAP1,MAML2,Novel,YAP1--MAML2
173,MAML2--YAP1,ENSG00000137693,ENSG00000184384,P46937,Q8IZL2,chr11,chr11,102209564,96093517,+,-,DANSY_10725,IPR001202|IPR001202,IPR048452,IPR001202|IPR001202|IPR048452,ACH-000269,YAP1,MAML2,Novel,YAP1--MAML2
174,KIAA1109--PLK4,ENSG00000142731,ENSG00000138688,O00444,Q2LD37,chr4,chr4,127883553,122301300,+,+,DANSY_10729,,,,ACH-000269,PLK4,KIAA1109,No Annotation,PLK4--KIAA1109
175,CMTM4--WDR59,ENSG00000183723,ENSG00000103091,Q8IZR5,Q6PJI9,chr16,chr16,66636405,74909917,-,-,DANSY_10730,,IPR039456,IPR039456,ACH-000269,CMTM4,WDR59,Pre-existing,CMTM4--WDR59
176,CMTM4--WDR59,ENSG00000183723,ENSG00000103091,Q8IZR5,Q6PJI9,chr16,chr16,66636405,74909657,-,-,DANSY_10731,,IPR039456,IPR039456,ACH-000269,CMTM4,WDR59,Pre-existing,CMTM4--WDR59
177,EWSR1--FLI1,ENSG00000182944,ENSG00000151702,Q01844,Q01543,chr22,chr11,29292169,128781958,+,+,DANSY_10843,,IPR000418,IPR000418,ACH-001670,EWSR1,FLI1,Pre-existing,EWSR1--FLI1
178,EWSR1--FLI1,ENSG00000151702,ENSG00000182944,Q01543,Q01844,chr11,chr22,128772985,29292488,+,+,DANSY_10844,IPR003118,IPR000504|IPR001876,IPR003118|IPR000504|IPR001876,ACH-001670,FLI1,EWSR1,Novel,FLI1--EWSR1
179,ZNF138--ZNF736,ENSG00000234444,ENSG00000197008,B4DX44,P52744,chr7,chr7,64314153,64814918,+,+,DANSY_10868,,IPR013087|IPR013087|IPR013087|IPR013087|IPR013087|IPR013087,IPR013087|IPR013087|IPR013087|IPR013087|IPR013087|IPR013087,ACH-001670,ZNF736,ZNF138,Pre-existing,ZNF736--ZNF138
180,ZNF138--ZNF736,ENSG00000234444,ENSG00000197008,B4DX44,P52744,chr7,chr7,64314153,64831451,+,+,DANSY_10869,,IPR013087|IPR013087|IPR013087|IPR013087|IPR013087|IPR013087,IPR013087|IPR013087|IPR013087|IPR013087|IPR013087|IPR013087,ACH-001670,ZNF736,ZNF138,Pre-existing,ZNF736--ZNF138
181,CBFA2T3--GALNS,ENSG00000129993,ENSG00000141012,O75081,P34059,chr16,chr16,88898078,88832101,-,-,DANSY_10978,,,,ACH-000004,CBFA2T3,GALNS,No Annotation,CBFA2T3--GALNS
182,CBFA2T3--GALNS,ENSG00000129993,ENSG00000141012,O75081,P34059,chr16,chr16,88901504,88832101,-,-,DANSY_10979,,,,ACH-000004,CBFA2T3,GALNS,No Annotation,CBFA2T3--GALNS
183,CDC37--IL27RA,ENSG00000105401,ENSG00000104998,Q16543,Q6UWB1,chr19,chr19,10395021,14042453,-,+,DANSY_10982,IPR013855,IPR003961|IPR003961,IPR013855|IPR003961|IPR003961,ACH-000004,CDC37,IL27RA,Novel,CDC37--IL27RA
184,ACSBG2--TRPC4AP,ENSG00000100991,ENSG00000130377,Q8TEL6,Q5FVE4,chr20,chr19,35035123,6190584,-,+,DANSY_10983,,,,ACH-000004,TRPC4AP,ACSBG2,No Annotation,TRPC4AP--ACSBG2
185,DR1--MTF2,ENSG00000143033,ENSG00000117505,Q9Y483,Q01658,chr1,chr1,93120672,93360493,+,+,DANSY_10987,IPR002999|IPR001965|IPR001965,,IPR002999|IPR001965|IPR001965,ACH-000004,MTF2,DR1,Pre-existing,MTF2--DR1
186,BMS1--PARG,ENSG00000227345,ENSG00000165733,Q86W56,Q14692,chr10,chr10,49885203,42791627,-,+,DANSY_11010,,IPR012948|IPR007034,IPR012948|IPR007034,ACH-000004,PARG,BMS1,Pre-existing,PARG--BMS1
187,DLC1--TMEM104,ENSG00000109066,ENSG00000164741,Q8NE00,Q96QB1,chr17,chr8,74788870,13401619,+,-,DANSY_11228,IPR013057,IPR001660|IPR000198|IPR002913,IPR013057|IPR001660|IPR000198|IPR002913,ACH-002687,TMEM104,DLC1,Novel,TMEM104--DLC1
188,JAK2--PCM1,ENSG00000078674,ENSG00000096968,Q15154,O60674,chr8,chr9,18014840,5080533,+,+,DANSY_11276,,IPR000719,IPR000719,ACH-001119,PCM1,JAK2,Pre-existing,PCM1--JAK2
189,JAK2--PCM1,ENSG00000096968,ENSG00000078674,O60674,Q15154,chr9,chr8,5077580,18025361,+,+,DANSY_11279,IPR000299|IPR000980,,IPR000299|IPR000980,ACH-001119,JAK2,PCM1,Pre-existing,JAK2--PCM1
190,FGF12--MB21D2,ENSG00000180611,ENSG00000114279,Q8IYB1,P61328,chr3,chr3,192917630,192360538,-,-,DANSY_11291,,,,ACH-001119,MB21D2,FGF12,No Annotation,MB21D2--FGF12
191,ATXN2--BRAP,ENSG00000089234,ENSG00000204842,Q7Z569,Q99700,chr12,chr12,111685711,111457359,-,-,DANSY_11501,,,,ACH-000685,BRAP,ATXN2,No Annotation,BRAP--ATXN2
192,ERG--EWSR1,ENSG00000182944,ENSG00000157554,Q01844,P11308,chr22,chr21,29287134,38392444,+,-,DANSY_11833,,IPR000418,IPR000418,ACH-001283,EWSR1,ERG,Pre-existing,EWSR1--ERG
193,FGD6--NR2C1,ENSG00000180263,ENSG00000120798,Q6ZV73,P13056,chr12,chr12,95113651,95028524,-,-,DANSY_11899,,,,ACH-000880,FGD6,NR2C1,No Annotation,FGD6--NR2C1
194,ERICH5--MATN2,ENSG00000132561,ENSG00000177459,O00339,Q6P6B1,chr8,chr8,97979008,98089076,+,+,DANSY_11989,IPR002035|IPR000742|IPR000742|IPR000742,,IPR002035|IPR000742|IPR000742|IPR000742,ACH-000035,MATN2,ERICH5,Pre-existing,MATN2--ERICH5
195,MRTFA--PHF5A,ENSG00000196588,ENSG00000100410,Q969V6,Q7RTV0,chr22,chr22,40533590,41468147,-,-,DANSY_12007,,,,ACH-000035,MRTFA,PHF5A,No Annotation,MRTFA--PHF5A
196,MRTFA--PHF5A,ENSG00000196588,ENSG00000100410,Q969V6,Q7RTV0,chr22,chr22,40533590,41467614,-,-,DANSY_12009,,,,ACH-000035,MRTFA,PHF5A,No Annotation,MRTFA--PHF5A
197,MRTFA--PHF5A,ENSG00000196588,ENSG00000100410,Q969V6,Q7RTV0,chr22,chr22,40519464,41467614,-,-,DANSY_12010,,,,ACH-000035,MRTFA,PHF5A,No Annotation,MRTFA--PHF5A
198,GCHFR--GPC6,ENSG00000183098,ENSG00000137880,Q9Y625,P30047,chr13,chr15,94306123,40765827,+,+,DANSY_12295,,,,ACH-000322,GPC6,GCHFR,No Annotation,GPC6--GCHFR
199,UPF2--USP6NL,ENSG00000148429,ENSG00000151461,Q92738,Q9HAU5,chr10,chr10,11597631,11948508,-,-,DANSY_12369,,IPR007193,IPR007193,ACH-000552,USP6NL,UPF2,Pre-existing,USP6NL--UPF2
200,KIRREL1--SP1,ENSG00000183853,ENSG00000185591,Q96J84,P08047,chr1,chr12,157993728,53406585,+,+,DANSY_12445,,IPR013087|IPR013087|IPR013087,IPR013087|IPR013087|IPR013087,ACH-002508,KIRREL1,SP1,Pre-existing,KIRREL1--SP1
201,CLTCL1--CSMD1,ENSG00000070371,ENSG00000183117,P53675,Q96PZ7,chr22,chr8,19275623,3307821,-,-,DANSY_12450,,IPR000859|IPR000436|IPR000859|IPR000436|IPR000859|IPR000436|IPR000859|IPR000436|IPR000859|IPR000436|IPR000859|IPR000436|IPR000859|IPR000436|IPR000436|IPR000436|IPR000436|IPR000436|IPR000436|IPR000436|IPR000436|IPR000436|IPR000436|IPR000436|IPR000436|IPR000436|IPR000436|IPR000436,IPR000859|IPR000436|IPR000859|IPR000436|IPR000859|IPR000436|IPR000859|IPR000436|IPR000859|IPR000436|IPR000859|IPR000436|IPR000859|IPR000436|IPR000436|IPR000436|IPR000436|IPR000436|IPR000436|IPR000436|IPR000436|IPR000436|IPR000436|IPR000436|IPR000436|IPR000436|IPR000436|IPR000436,ACH-002508,CLTCL1,CSMD1,Pre-existing,CLTCL1--CSMD1
202,CACNA1C--ITFG2,ENSG00000111203,ENSG00000151067,Q969R8,Q13936,chr12,chr12,2812856,2690900,+,+,DANSY_12470,,IPR031688,IPR031688,ACH-002508,ITFG2,CACNA1C,Pre-existing,ITFG2--CACNA1C
203,JTB--SNAPIN,ENSG00000143543,ENSG00000143553,O76095,O95295,chr1,chr1,153975826,153659138,-,+,DANSY_12746,,,,ACH-000608,JTB,SNAPIN,No Annotation,JTB--SNAPIN
204,CNOT2--PTPRR,ENSG00000111596,ENSG00000153233,Q9NZN8,Q15256,chr12,chr12,70311017,70764778,+,-,DANSY_12754,,IPR000242,IPR000242,ACH-000608,CNOT2,PTPRR,Pre-existing,CNOT2--PTPRR
205,COPE--COPE,ENSG00000105669,ENSG00000105669,O14579,O14579,chr19,chr19,18903268,18908125,-,-,DANSY_12803,,,,ACH-000501,COPE,COPE,No Annotation,COPE--COPE
206,FOXO1--PAX3,ENSG00000135903,ENSG00000150907,P23760,Q12778,chr2,chr13,222220140,40560860,-,-,DANSY_13002,IPR001523|IPR001356|IPR022106,IPR032068|IPR032067,IPR001523|IPR001356|IPR022106|IPR032068|IPR032067,ACH-001184,PAX3,FOXO1,Novel,PAX3--FOXO1
207,EGLN3--MED18,ENSG00000129521,ENSG00000130772,Q9H6Z9,Q9BUE0,chr14,chr1,33931096,28330597,-,+,DANSY_13094,,,,ACH-001688,EGLN3,MED18,No Annotation,EGLN3--MED18
208,DHRS7B--MAP2K3,ENSG00000109016,ENSG00000034152,Q6IAN0,P46734,chr17,chr17,21184463,21304426,+,+,DANSY_13130,,,,ACH-001838,DHRS7B,MAP2K3,No Annotation,DHRS7B--MAP2K3
209,EIF2AK2--SULT6B1,ENSG00000055332,ENSG00000138068,P19525,Q6IMI4,chr2,chr2,37146853,37171590,-,-,DANSY_13309,IPR014720,,IPR014720,ACH-000638,EIF2AK2,SULT6B1,Pre-existing,EIF2AK2--SULT6B1
210,GLCE--KIF23,ENSG00000137807,ENSG00000138604,Q02241,O94923,chr15,chr15,69423329,69255794,+,+,DANSY_13312,,IPR059154|IPR010598,IPR059154|IPR010598,ACH-000638,KIF23,GLCE,Pre-existing,KIF23--GLCE
211,TMEM254--TSPAN14,ENSG00000108219,ENSG00000133678,Q8NG11,Q8TBM7,chr10,chr10,80489314,80081841,+,+,DANSY_13315,,,,ACH-000638,TSPAN14,TMEM254,No Annotation,TSPAN14--TMEM254
212,MEAF6--SCMH1,ENSG00000163875,ENSG00000010803,Q9HAF1,Q96GD3,chr1,chr1,37509278,41117010,-,-,DANSY_13316,,IPR033763|IPR021987|IPR001660,IPR033763|IPR021987|IPR001660,ACH-000638,MEAF6,SCMH1,Pre-existing,MEAF6--SCMH1
213,LRRC37A3--SMURF2,ENSG00000108854,ENSG00000176809,Q9HAU4,O60309,chr17,chr17,64578492,64869166,-,-,DANSY_13591,IPR000008|IPR001202|IPR001202,IPR029423,IPR000008|IPR001202|IPR001202|IPR029423,ACH-000894,SMURF2,LRRC37A3,Novel,SMURF2--LRRC37A3
214,LRRC37A3--SMURF2,ENSG00000108854,ENSG00000176809,Q9HAU4,O60309,chr17,chr17,64578492,64863018,-,-,DANSY_13592,IPR000008|IPR001202|IPR001202,IPR029423,IPR000008|IPR001202|IPR001202|IPR029423,ACH-000894,SMURF2,LRRC37A3,Novel,SMURF2--LRRC37A3
215,TOX--TOX,ENSG00000198846,ENSG00000198846,O94900,O94900,chr8,chr8,58815338,58851805,-,-,DANSY_13766,IPR009071,IPR009071,IPR009071|IPR009071,ACH-001559,TOX,TOX,Pre-existing,TOX--TOX
216,KCNN4--PAFAH1B3,ENSG00000104783,ENSG00000079462,O15554,Q15102,chr19,chr19,43780703,42300287,-,-,DANSY_13768,,,,ACH-001559,KCNN4,PAFAH1B3,No Annotation,KCNN4--PAFAH1B3
217,EIF3A--SFXN4,ENSG00000107581,ENSG00000183605,Q14152,Q6P4A7,chr10,chr10,119080628,119155177,-,-,DANSY_13825,,,,ACH-000344,EIF3A,SFXN4,No Annotation,EIF3A--SFXN4
218,CARM1--FBXL12,ENSG00000127452,ENSG00000142453,Q9NXK8,Q86X55,chr19,chr19,9818545,10904951,-,+,DANSY_13853,IPR001810,IPR055135,IPR001810|IPR055135,ACH-000344,FBXL12,CARM1,Novel,FBXL12--CARM1
219,GNAI2--SEMA3F,ENSG00000001617,ENSG00000114353,Q13275,P04899,chr3,chr3,50176861,50252100,+,+,DANSY_13926,,,,ACH-000223,SEMA3F,GNAI2,No Annotation,SEMA3F--GNAI2
220,RNF121--SCAF11,ENSG00000137522,ENSG00000139218,Q9H920,Q99590,chr11,chr12,71960891,45964188,+,-,DANSY_13930,,IPR001841|IPR057031,IPR001841|IPR057031,ACH-000223,RNF121,SCAF11,Pre-existing,RNF121--SCAF11
221,EHF--NFIA,ENSG00000162599,ENSG00000135373,Q12857,Q9NZC4,chr1,chr11,61088680,34651542,+,+,DANSY_13934,IPR019548|IPR003619,IPR000418,IPR019548|IPR003619|IPR000418,ACH-000223,NFIA,EHF,Novel,NFIA--EHF
222,AKR1C2--AKR1C3,ENSG00000151632,ENSG00000196139,P52895,P42330,chr10,chr10,5003752,5096410,-,+,DANSY_14174,,,,ACH-001861,AKR1C2,AKR1C3,No Annotation,AKR1C2--AKR1C3
223,CTBS--GNG5,ENSG00000117151,ENSG00000174021,Q01459,P63218,chr1,chr1,84569931,84501970,-,-,DANSY_14185,,,,ACH-001861,CTBS,GNG5,No Annotation,CTBS--GNG5
224,GSK3B--MSL2,ENSG00000174579,ENSG00000082701,Q9HCI7,P49841,chr3,chr3,136151605,119947351,-,-,DANSY_14195,IPR001841,,IPR001841,ACH-001861,MSL2,GSK3B,Pre-existing,MSL2--GSK3B
225,CRTC1--TMEM59L,ENSG00000105662,ENSG00000105696,Q6UUV9,Q9UK28,chr19,chr19,18683828,18613872,+,+,DANSY_14395,,,,ACH-000596,CRTC1,TMEM59L,No Annotation,CRTC1--TMEM59L
226,CRTC1--TMEM59L,ENSG00000105662,ENSG00000105696,Q6UUV9,Q9UK28,chr19,chr19,18683828,18615975,+,+,DANSY_14396,,,,ACH-000596,CRTC1,TMEM59L,No Annotation,CRTC1--TMEM59L
227,CDC20B--DHX29,ENSG00000067248,ENSG00000164287,Q7Z478,Q86Y33,chr5,chr5,55259848,55114318,-,-,DANSY_14403,IPR056890|IPR056328|IPR011545|IPR001650|IPR007502|IPR011709,,IPR056890|IPR056328|IPR011545|IPR001650|IPR007502|IPR011709,ACH-000596,DHX29,CDC20B,Pre-existing,DHX29--CDC20B
228,SSX2IP--YTHDF2,ENSG00000117155,ENSG00000198492,Q9Y2D8,Q9Y5A9,chr1,chr1,84669681,28737658,-,+,DANSY_14489,,IPR007275,IPR007275,ACH-000632,SSX2IP,YTHDF2,Pre-existing,SSX2IP--YTHDF2
229,CAT--PDHX,ENSG00000110435,ENSG00000121691,O00330,P04040,chr11,chr11,34931484,34464105,+,+,DANSY_14545,,IPR010582,IPR010582,ACH-000978,PDHX,CAT,Pre-existing,PDHX--CAT
230,PUS7--SRPK2,ENSG00000135250,ENSG00000091127,P78362,Q96PZ0,chr7,chr7,105388648,105459259,-,-,DANSY_14557,,,,ACH-000978,SRPK2,PUS7,No Annotation,SRPK2--PUS7
231,AFG1L--FOXO3,ENSG00000118689,ENSG00000135537,O43524,Q8WV93,chr6,chr6,108561829,108519697,+,+,DANSY_14566,,,,ACH-000978,FOXO3,AFG1L,No Annotation,FOXO3--AFG1L
232,BARX2--C2CD2,ENSG00000157617,ENSG00000043039,Q9Y426,Q9UMQ3,chr21,chr11,41899053,129436751,-,+,DANSY_14582,IPR040885|IPR000008,IPR001356,IPR040885|IPR000008|IPR001356,ACH-000978,C2CD2,BARX2,Novel,C2CD2--BARX2
233,ADAM32--ADAM9,ENSG00000197140,ENSG00000168615,Q8TC27,Q13443,chr8,chr8,39136718,39041946,+,+,DANSY_14589,,IPR001762|IPR006586|IPR000742,IPR001762|IPR006586|IPR000742,ACH-000978,ADAM32,ADAM9,Pre-existing,ADAM32--ADAM9
234,MEGF6--PLCH2,ENSG00000162591,ENSG00000149527,O75095,O75038,chr1,chr1,3579825,2478476,-,+,DANSY_14668,IPR011489|IPR000742,IPR001849|IPR002048|IPR002048|IPR015359|IPR000909|IPR001711|IPR000008,IPR011489|IPR000742|IPR001849|IPR002048|IPR002048|IPR015359|IPR000909|IPR001711|IPR000008,ACH-000332,MEGF6,PLCH2,Novel,MEGF6--PLCH2
235,KIF6--VEGFA,ENSG00000112715,ENSG00000164627,P15692,Q6ZMV9,chr6,chr6,43771312,39720811,+,-,DANSY_14669,,IPR056524,IPR056524,ACH-000332,VEGFA,KIF6,Pre-existing,VEGFA--KIF6
236,EP300--TMPRSS6,ENSG00000100393,ENSG00000187045,Q09472,Q8IU80,chr22,chr22,41172663,37084404,+,-,DANSY_14701,IPR000197|IPR003101|IPR001487|IPR010303|IPR056484,IPR001254,IPR000197|IPR003101|IPR001487|IPR010303|IPR056484|IPR001254,ACH-001841,EP300,TMPRSS6,Novel,EP300--TMPRSS6
237,TNPO3--TYW1,ENSG00000198874,ENSG00000064419,Q9NV66,Q9Y5L0,chr7,chr7,67009684,129018157,+,-,DANSY_14707,IPR001094,IPR013598,IPR001094|IPR013598,ACH-001841,TYW1,TNPO3,Novel,TYW1--TNPO3
238,PTPRR--TBC1D2B,ENSG00000167202,ENSG00000153233,Q9UPU7,Q15256,chr15,chr12,77998195,70892977,-,-,DANSY_14718,IPR001849|IPR000195,IPR059011|IPR000242,IPR001849|IPR000195|IPR059011|IPR000242,ACH-001841,TBC1D2B,PTPRR,Novel,TBC1D2B--PTPRR
239,DHX30--SMARCC1,ENSG00000173473,ENSG00000132153,Q92922,Q7L2E3,chr3,chr3,47772817,47840877,-,+,DANSY_14962,,IPR011545|IPR001650|IPR007502|IPR011709,IPR011545|IPR001650|IPR007502|IPR011709,ACH-000887,SMARCC1,DHX30,Pre-existing,SMARCC1--DHX30
240,DHX30--SMARCC1,ENSG00000173473,ENSG00000132153,Q92922,Q7L2E3,chr3,chr3,47781603,47840877,-,+,DANSY_14963,,IPR011545|IPR001650|IPR007502|IPR011709,IPR011545|IPR001650|IPR007502|IPR011709,ACH-000887,SMARCC1,DHX30,Pre-existing,SMARCC1--DHX30
241,INPP5B--SF3A3,ENSG00000204084,ENSG00000183431,P32019,Q12874,chr1,chr1,37864312,37960175,-,-,DANSY_14975,IPR031896|IPR000300|IPR048869,,IPR031896|IPR000300|IPR048869,ACH-000887,INPP5B,SF3A3,Pre-existing,INPP5B--SF3A3
242,CACFD1--PPP2R5E,ENSG00000154001,ENSG00000160325,Q16537,Q9UGQ2,chr14,chr9,63539529,133463483,-,+,DANSY_14977,,,,ACH-000887,PPP2R5E,CACFD1,No Annotation,PPP2R5E--CACFD1
243,FOCAD--SLC24A2,ENSG00000188352,ENSG00000155886,Q5VW36,Q9UI40,chr9,chr9,20770238,19622299,+,-,DANSY_15101,,IPR004837,IPR004837,ACH-000368,FOCAD,SLC24A2,Pre-existing,FOCAD--SLC24A2
244,MLLT10--PICALM,ENSG00000078403,ENSG00000073921,P55197,Q13492,chr10,chr11,21538912,85959060,+,-,DANSY_15784,IPR001965,,IPR001965,ACH-000406,MLLT10,PICALM,Pre-existing,MLLT10--PICALM
245,MLLT10--PICALM,ENSG00000073921,ENSG00000078403,Q13492,P55197,chr11,chr10,85974708,21586294,-,+,DANSY_15786,IPR011417,IPR001965|IPR049773,IPR011417|IPR001965|IPR049773,ACH-000406,PICALM,MLLT10,Novel,PICALM--MLLT10
246,EXOSC1--RRP12,ENSG00000171311,ENSG00000052749,Q9Y3B2,Q5JTH9,chr10,chr10,97438670,97385993,-,-,DANSY_15791,IPR025721,IPR012978,IPR025721|IPR012978,ACH-000406,EXOSC1,RRP12,Novel,EXOSC1--RRP12
247,CUX1--MARK3,ENSG00000257923,ENSG00000075413,P39880,P27448,chr7,chr14,101816093,103457142,+,+,DANSY_15794,,IPR015940|IPR001772,IPR015940|IPR001772,ACH-000406,CUX1,MARK3,Pre-existing,CUX1--MARK3
248,CUX1--MARK3,ENSG00000257923,ENSG00000075413,P39880,P27448,chr7,chr14,101816093,103462405,+,+,DANSY_15795,,IPR015940|IPR001772,IPR015940|IPR001772,ACH-000406,CUX1,MARK3,Pre-existing,CUX1--MARK3
249,HAT1--TRMT11,ENSG00000128708,ENSG00000066651,O14929,Q7Z4G4,chr2,chr6,171966949,126008392,+,+,DANSY_15796,IPR019467,,IPR019467,ACH-000406,HAT1,TRMT11,Pre-existing,HAT1--TRMT11
250,ESYT2--NCAPG2,ENSG00000146918,ENSG00000117868,Q86XI2,A0FGR8,chr7,chr7,158671514,158799072,-,-,DANSY_15802,,IPR031468|IPR000008|IPR000008|IPR000008,IPR031468|IPR000008|IPR000008|IPR000008,ACH-000406,NCAPG2,ESYT2,Pre-existing,NCAPG2--ESYT2
251,CAPN15--RAB11FIP3,ENSG00000090565,ENSG00000103326,O75154,O75808,chr16,chr16,482736,546817,+,+,DANSY_15804,IPR002048,IPR001876|IPR001876|IPR001876|IPR001876|IPR001876|IPR001300,IPR002048|IPR001876|IPR001876|IPR001876|IPR001876|IPR001876|IPR001300,ACH-000406,RAB11FIP3,CAPN15,Novel,RAB11FIP3--CAPN15
252,C17orf98--PIP4K2B,ENSG00000276293,ENSG00000275489,P78356,A8MV24,chr17,chr17,38777687,38837240,-,-,DANSY_16137,,,,ACH-000441,PIP4K2B,C17orf98,No Annotation,PIP4K2B--C17orf98
253,PRDM7--RUNX1,ENSG00000159216,ENSG00000126856,Q01196,Q9NQW5,chr21,chr16,35048842,90066910,-,-,DANSY_16183,,IPR001214,IPR001214,ACH-000960,RUNX1,PRDM7,Pre-existing,RUNX1--PRDM7
254,PRDM7--RUNX1,ENSG00000159216,ENSG00000126856,Q01196,Q9NQW5,chr21,chr16,35048842,90062192,-,-,DANSY_16184,,IPR001214,IPR001214,ACH-000960,RUNX1,PRDM7,Pre-existing,RUNX1--PRDM7
255,PRDM7--RUNX1,ENSG00000159216,ENSG00000126856,Q01196,Q9NQW5,chr21,chr16,35048842,90062502,-,-,DANSY_16185,,IPR001214,IPR001214,ACH-000960,RUNX1,PRDM7,Pre-existing,RUNX1--PRDM7
256,ETV6--RUNX1,ENSG00000139083,ENSG00000159216,P41212,Q01196,chr12,chr21,11869969,34892963,+,-,DANSY_16189,IPR003118,IPR013524|IPR013711,IPR003118|IPR013524|IPR013711,ACH-000960,ETV6,RUNX1,Novel,ETV6--RUNX1
257,ETV6--RUNX1,ENSG00000139083,ENSG00000159216,P41212,Q01196,chr12,chr21,11869969,34887096,+,-,DANSY_16190,IPR003118,IPR013524|IPR013711,IPR003118|IPR013524|IPR013711,ACH-000960,ETV6,RUNX1,Novel,ETV6--RUNX1
258,AFF3--MAP4K4,ENSG00000071054,ENSG00000144218,O95819,P51826,chr2,chr2,101698538,99837524,+,-,DANSY_16254,,IPR043640,IPR043640,ACH-000098,MAP4K4,AFF3,Pre-existing,MAP4K4--AFF3
259,CTDSP1--HSPB11,ENSG00000144579,ENSG00000081870,Q9GZU7,Q9Y547,chr2,chr1,218400157,53923947,+,-,DANSY_16309,,,,ACH-001651,CTDSP1,HSPB11,No Annotation,CTDSP1--HSPB11
260,ATRX--VSIG4,ENSG00000085224,ENSG00000155659,P46100,Q9Y279,chrX,chrX,77620395,66052336,-,-,DANSY_16414,IPR025766,IPR003599|IPR003598,IPR025766|IPR003599|IPR003598,ACH-001336,ATRX,VSIG4,Novel,ATRX--VSIG4
261,AP3S1--COMMD10,ENSG00000145781,ENSG00000177879,Q9Y6G5,Q92572,chr5,chr5,116092700,115895087,+,+,DANSY_16487,,,,ACH-000971,COMMD10,AP3S1,No Annotation,COMMD10--AP3S1
262,MBTD1--SPAG9,ENSG00000008294,ENSG00000011258,O60271,Q05BQ5,chr17,chr17,51120354,51201696,-,-,DANSY_16505,IPR034743,,IPR034743,ACH-000971,SPAG9,MBTD1,Pre-existing,SPAG9--MBTD1
263,ALK--EML4,ENSG00000143924,ENSG00000171094,Q9HC35,Q9UM73,chr2,chr2,42295516,29223528,+,-,DANSY_16647,,IPR000719,IPR000719,ACH-001454,EML4,ALK,Pre-existing,EML4--ALK
264,ADCY2--SPECC1L,ENSG00000100014,ENSG00000078295,Q69YQ0,Q08462,chr22,chr5,24369320,7802218,+,+,DANSY_16656,,,,ACH-001454,SPECC1L,ADCY2,No Annotation,SPECC1L--ADCY2
265,ADCY2--SPECC1L,ENSG00000100014,ENSG00000078295,Q69YQ0,Q08462,chr22,chr5,24369320,7804585,+,+,DANSY_16657,,,,ACH-001454,SPECC1L,ADCY2,No Annotation,SPECC1L--ADCY2
266,ADCY2--SPECC1L,ENSG00000100014,ENSG00000078295,Q69YQ0,Q08462,chr22,chr5,24369320,7816866,+,+,DANSY_16658,,,,ACH-001454,SPECC1L,ADCY2,No Annotation,SPECC1L--ADCY2
267,RBAK--RNF213,ENSG00000173821,ENSG00000146587,Q63HN8,Q9NYW8,chr17,chr7,80263778,5063695,+,+,DANSY_16683,,IPR013087|IPR013087|IPR013087|IPR013087|IPR013087|IPR013087|IPR013087|IPR013087|IPR013087|IPR013087|IPR013087|IPR013087|IPR013087|IPR013087|IPR013087|IPR013087,IPR013087|IPR013087|IPR013087|IPR013087|IPR013087|IPR013087|IPR013087|IPR013087|IPR013087|IPR013087|IPR013087|IPR013087|IPR013087|IPR013087|IPR013087|IPR013087,ACH-001454,RNF213,RBAK,Pre-existing,RNF213--RBAK
268,GLIS3--KLHL7,ENSG00000122550,ENSG00000107249,Q8IXQ5,Q8NEA6,chr7,chr9,23125172,4125941,+,-,DANSY_16699,IPR000210,IPR013087|IPR013087|IPR013087|IPR013087|IPR013087,IPR000210|IPR013087|IPR013087|IPR013087|IPR013087|IPR013087,ACH-001454,KLHL7,GLIS3,Pre-existing,KLHL7--GLIS3
269,MAP3K5--MAP7,ENSG00000135525,ENSG00000197442,Q14244,Q99683,chr6,chr6,136550342,136720589,-,-,DANSY_16828,,IPR025136|IPR043969|IPR000719|IPR046873,IPR025136|IPR043969|IPR000719|IPR046873,ACH-000926,MAP7,MAP3K5,Pre-existing,MAP7--MAP3K5
270,VAT1L--WWOX,ENSG00000186153,ENSG00000171724,Q9NZC7,Q9HCJ6,chr16,chr16,78164289,77971850,+,+,DANSY_17142,IPR001202|IPR001202,,IPR001202|IPR001202,ACH-000576,WWOX,VAT1L,Pre-existing,WWOX--VAT1L
271,ARFGEF2--SULF2,ENSG00000124198,ENSG00000196562,Q9Y6D5,Q8IWU5,chr20,chr20,48922010,47736942,+,-,DANSY_17204,,IPR024609,IPR024609,ACH-000019,ARFGEF2,SULF2,Pre-existing,ARFGEF2--SULF2
272,RPS6KB1--VMP1,ENSG00000108443,ENSG00000062716,P23443,Q96GC9,chr17,chr17,59914703,59839768,+,+,DANSY_17205,,IPR059828,IPR059828,ACH-000019,RPS6KB1,VMP1,Pre-existing,RPS6KB1--VMP1
273,RPS6KB1--VMP1,ENSG00000108443,ENSG00000062716,P23443,Q96GC9,chr17,chr17,59910611,59838295,+,+,DANSY_17206,,IPR059828,IPR059828,ACH-000019,RPS6KB1,VMP1,Pre-existing,RPS6KB1--VMP1
274,RPS6KB1--VMP1,ENSG00000108443,ENSG00000062716,P23443,Q96GC9,chr17,chr17,59912804,59839768,+,+,DANSY_17207,,IPR059828,IPR059828,ACH-000019,RPS6KB1,VMP1,Pre-existing,RPS6KB1--VMP1
275,CA4--TANC2,ENSG00000170921,ENSG00000167434,Q9HCD6,P22748,chr17,chr17,63074014,60155314,+,+,DANSY_17217,,IPR001148,IPR001148,ACH-000019,TANC2,CA4,Pre-existing,TANC2--CA4
276,CA4--TANC2,ENSG00000170921,ENSG00000167434,Q9HCD6,P22748,chr17,chr17,63009626,60155314,+,+,DANSY_17218,,IPR001148,IPR001148,ACH-000019,TANC2,CA4,Pre-existing,TANC2--CA4
277,GCN1--MSI1,ENSG00000089154,ENSG00000135097,Q92616,O43347,chr12,chr12,120190298,120347514,-,-,DANSY_17224,,,,ACH-000019,GCN1,MSI1,No Annotation,GCN1--MSI1
278,GCN1--MSI1,ENSG00000089154,ENSG00000135097,Q92616,O43347,chr12,chr12,120190298,120351400,-,-,DANSY_17225,,,,ACH-000019,GCN1,MSI1,No Annotation,GCN1--MSI1
279,DEPDC1B--ELOVL7,ENSG00000035499,ENSG00000164181,Q8WUY9,A1L3X0,chr5,chr5,60638750,60757645,-,-,DANSY_17227,IPR000591,,IPR000591,ACH-000019,DEPDC1B,ELOVL7,Pre-existing,DEPDC1B--ELOVL7
280,CARM1--SMARCA4,ENSG00000127616,ENSG00000142453,P51532,Q86X55,chr19,chr19,10986593,10904951,+,+,DANSY_17231,IPR014978,IPR055135,IPR014978|IPR055135,ACH-000019,SMARCA4,CARM1,Novel,SMARCA4--CARM1
281,FCHO1--MYO9B,ENSG00000099331,ENSG00000130475,Q13459,O14526,chr19,chr19,17102557,17770425,+,+,DANSY_17245,IPR000159,IPR018808,IPR000159|IPR018808,ACH-000019,MYO9B,FCHO1,Novel,MYO9B--FCHO1
282,FCHO1--MYO9B,ENSG00000099331,ENSG00000130475,Q13459,O14526,chr19,chr19,17102557,17770792,+,+,DANSY_17246,IPR000159,IPR018808,IPR000159|IPR018808,ACH-000019,MYO9B,FCHO1,Novel,MYO9B--FCHO1
283,BRIP1--TAF4,ENSG00000130699,ENSG00000136492,O00268,Q9BX63,chr20,chr17,62064451,61849256,-,-,DANSY_17254,,IPR006555,IPR006555,ACH-000019,TAF4,BRIP1,Pre-existing,TAF4--BRIP1
284,AHCYL1--RAD51C,ENSG00000168710,ENSG00000108384,O43865,O43502,chr1,chr17,109985172,58734118,+,+,DANSY_17269,,,,ACH-000019,AHCYL1,RAD51C,No Annotation,AHCYL1--RAD51C
285,ATXN7--RAD51C,ENSG00000108384,ENSG00000163635,O43502,O15265,chr17,chr3,58720812,63979915,+,+,DANSY_17302,,IPR013243,IPR013243,ACH-000019,RAD51C,ATXN7,Pre-existing,RAD51C--ATXN7
286,ABCC1--BMERB1,ENSG00000166780,ENSG00000103222,Q96MC5,P33527,chr16,chr16,15434759,16076326,+,+,DANSY_17336,,IPR003439|IPR011527|IPR003439,IPR003439|IPR011527|IPR003439,ACH-000019,BMERB1,ABCC1,Pre-existing,BMERB1--ABCC1
287,USP33--ZFYVE9,ENSG00000157077,ENSG00000077254,O95405,Q8TEY7,chr1,chr1,52233276,77713281,+,-,DANSY_17596,,IPR006615,IPR006615,ACH-000330,ZFYVE9,USP33,Pre-existing,ZFYVE9--USP33
288,KIRREL1--ZFYVE9,ENSG00000183853,ENSG00000157077,Q96J84,O95405,chr1,chr1,157993728,52237488,+,+,DANSY_17605,,IPR000306|IPR024608|IPR022557,IPR000306|IPR024608|IPR022557,ACH-000330,KIRREL1,ZFYVE9,Pre-existing,KIRREL1--ZFYVE9
289,MAP2K6--TNRC6C,ENSG00000108984,ENSG00000078687,P52564,Q9HCJ0,chr17,chr17,69415000,78075136,+,+,DANSY_17641,,IPR026805|IPR032226|IPR000504,IPR026805|IPR032226|IPR000504,ACH-000330,MAP2K6,TNRC6C,Pre-existing,MAP2K6--TNRC6C
290,BCAS3--TG,ENSG00000141376,ENSG00000042832,Q9H6U6,P01266,chr17,chr8,61084564,132868115,+,+,DANSY_17647,IPR048382|IPR022175,IPR000716|IPR000716|IPR000716|IPR000716|IPR000716|IPR000716|IPR000716|IPR000716|IPR000716|IPR000716|IPR011641|IPR000716|IPR002018,IPR048382|IPR022175|IPR000716|IPR000716|IPR000716|IPR000716|IPR000716|IPR000716|IPR000716|IPR000716|IPR000716|IPR000716|IPR011641|IPR000716|IPR002018,ACH-000330,BCAS3,TG,Novel,BCAS3--TG
291,C16orf70--CBFB,ENSG00000125149,ENSG00000067955,Q9BSU1,Q13951,chr16,chr16,67140594,67098710,+,+,DANSY_17744,,,,ACH-000848,C16orf70,CBFB,No Annotation,C16orf70--CBFB
292,PDE3A--SLCO1C1,ENSG00000172572,ENSG00000139155,Q14432,Q9NYB5,chr12,chr12,20370244,20740184,+,+,DANSY_17750,,,,ACH-000848,PDE3A,SLCO1C1,No Annotation,PDE3A--SLCO1C1
293,IKZF3--WIPF2,ENSG00000161405,ENSG00000171475,Q9UKT9,Q8TF74,chr17,chr17,39829387,40262525,-,+,DANSY_17966,,,,ACH-000481,IKZF3,WIPF2,No Annotation,IKZF3--WIPF2
294,IKZF3--WIPF2,ENSG00000161405,ENSG00000171475,Q9UKT9,Q8TF74,chr17,chr17,39829387,40264490,-,+,DANSY_17967,,,,ACH-000481,IKZF3,WIPF2,No Annotation,IKZF3--WIPF2
295,ARHGAP5--PRORP,ENSG00000100890,ENSG00000100852,O15091,Q13017,chr14,chr14,35180777,32117140,+,+,DANSY_17979,,IPR000198,IPR000198,ACH-000481,PRORP,ARHGAP5,Pre-existing,PRORP--ARHGAP5
296,ARHGAP5--PRORP,ENSG00000100890,ENSG00000100852,O15091,Q13017,chr14,chr14,35180777,32117143,+,+,DANSY_17980,,IPR000198,IPR000198,ACH-000481,PRORP,ARHGAP5,Pre-existing,PRORP--ARHGAP5
297,PREX2--SDHB,ENSG00000046889,ENSG00000117118,Q70Z35,P21912,chr8,chr1,67952535,17044888,+,-,DANSY_18140,,IPR001041|IPR017896,IPR001041|IPR017896,ACH-001517,PREX2,SDHB,Pre-existing,PREX2--SDHB
298,ALK--NPM1,ENSG00000181163,ENSG00000171094,P06748,Q9UM73,chr5,chr2,171391799,29223528,+,-,DANSY_18174,IPR024057,IPR000719,IPR024057|IPR000719,ACH-000338,NPM1,ALK,Novel,NPM1--ALK
299,CBWD2--NPM1,ENSG00000136682,ENSG00000181163,Q8IUF1,P06748,chr2,chr5,113441437,171392710,+,+,DANSY_18176,,IPR032569,IPR032569,ACH-000338,CBWD2,NPM1,Pre-existing,CBWD2--NPM1
300,PCMT1--ULBP1,ENSG00000111981,ENSG00000120265,Q9BZM6,P22061,chr6,chr6,149964134,149771162,+,+,DANSY_18348,,,,ACH-001227,ULBP1,PCMT1,No Annotation,ULBP1--PCMT1
301,HPN--ZNRF1,ENSG00000186187,ENSG00000105707,Q8ND25,P05981,chr16,chr19,75000095,35059673,+,+,DANSY_18360,,IPR001190|IPR001254,IPR001190|IPR001254,ACH-001227,ZNRF1,HPN,Pre-existing,ZNRF1--HPN
302,PIK3C3--TWSG1,ENSG00000128791,ENSG00000078142,Q9GZX9,Q8NEB9,chr18,chr18,9337352,42081123,+,+,DANSY_18444,,,,ACH-000871,TWSG1,PIK3C3,No Annotation,TWSG1--PIK3C3
303,HEATR3--PPP4R3A,ENSG00000100796,ENSG00000155393,Q6IN85,Q7Z4Q2,chr14,chr16,91509506,50094705,-,+,DANSY_18445,,,,ACH-000871,PPP4R3A,HEATR3,No Annotation,PPP4R3A--HEATR3
304,NFE2L1--SKAP1,ENSG00000082641,ENSG00000141293,Q14494,Q86WV1,chr17,chr17,48057502,48137337,+,-,DANSY_18481,,,,ACH-000871,NFE2L1,SKAP1,No Annotation,NFE2L1--SKAP1
305,ELOVL6--ENPEP,ENSG00000170522,ENSG00000138792,Q9H5J4,Q07075,chr4,chr4,110198247,110476612,-,+,DANSY_18494,,IPR045357|IPR014782|IPR024571,IPR045357|IPR014782|IPR024571,ACH-000871,ELOVL6,ENPEP,Pre-existing,ELOVL6--ENPEP
306,ELOVL6--ENPEP,ENSG00000170522,ENSG00000138792,Q9H5J4,Q07075,chr4,chr4,110198247,110488541,-,+,DANSY_18495,,IPR014782|IPR024571,IPR014782|IPR024571,ACH-000871,ELOVL6,ENPEP,Pre-existing,ELOVL6--ENPEP
307,CYLD--KLF3,ENSG00000083799,ENSG00000109787,Q9NQC7,P57682,chr16,chr4,50754424,38697082,+,+,DANSY_18556,IPR000938|IPR000938,IPR013087|IPR013087,IPR000938|IPR000938|IPR013087|IPR013087,ACH-000871,CYLD,KLF3,Novel,CYLD--KLF3
308,ITGAE--TCEA2,ENSG00000171703,ENSG00000083457,Q15560,P38570,chr20,chr17,64066538,3751874,+,-,DANSY_18567,,IPR048285,IPR048285,ACH-000871,TCEA2,ITGAE,Pre-existing,TCEA2--ITGAE
309,OXR1--PTK2,ENSG00000164830,ENSG00000169398,Q8N573,Q05397,chr8,chr8,106658185,140890769,+,-,DANSY_18574,,IPR000299|IPR000719|IPR005189,IPR000299|IPR000719|IPR005189,ACH-000871,OXR1,PTK2,Pre-existing,OXR1--PTK2
310,NSD2--TACC3,ENSG00000109685,ENSG00000013810,O96028,Q9Y6A5,chr4,chr4,1976500,1727771,+,+,DANSY_18801,IPR000313|IPR009071|IPR001841|IPR001841|IPR047441|IPR001965|IPR000313|IPR006560|IPR001214|IPR003616,IPR007707,IPR000313|IPR009071|IPR001841|IPR001841|IPR047441|IPR001965|IPR000313|IPR006560|IPR001214|IPR003616|IPR007707,ACH-001403,NSD2,TACC3,Novel,NSD2--TACC3
311,KLC1--MARK3,ENSG00000126214,ENSG00000075413,Q07866,P27448,chr14,chr14,103679518,103502882,+,+,DANSY_18803,,IPR001772,IPR001772,ACH-001403,KLC1,MARK3,Pre-existing,KLC1--MARK3
312,PIP5K1A--PRUNE1,ENSG00000143398,ENSG00000143363,Q99755,Q86TP1,chr1,chr1,151232703,151017812,+,+,DANSY_18804,,IPR001667|IPR004097,IPR001667|IPR004097,ACH-001403,PIP5K1A,PRUNE1,Pre-existing,PIP5K1A--PRUNE1
313,NUP205--STRA8,ENSG00000155561,ENSG00000146857,Q92621,Q7Z7C7,chr7,chr7,135571247,135240519,+,+,DANSY_18816,,IPR057021,IPR057021,ACH-001403,NUP205,STRA8,Pre-existing,NUP205--STRA8
314,GEMIN2--MIA2,ENSG00000150527,ENSG00000092208,Q96PC5,O14893,chr14,chr14,39265421,39131958,+,+,DANSY_18826,IPR001452,,IPR001452,ACH-001403,MIA2,GEMIN2,Pre-existing,MIA2--GEMIN2
315,NF2--NF2,ENSG00000186575,ENSG00000186575,P35240,P35240,chr22,chr22,29661339,29636751,+,+,DANSY_18829,,IPR046810|IPR011259,IPR046810|IPR011259,ACH-001403,NF2,NF2,Pre-existing,NF2--NF2
316,CADM4--ETHE1,ENSG00000105755,ENSG00000105767,O95571,Q8NFZ8,chr19,chr19,43526515,43627790,-,-,DANSY_18830,,IPR003599|IPR003598|IPR003598|IPR003585,IPR003599|IPR003598|IPR003598|IPR003585,ACH-001403,ETHE1,CADM4,Pre-existing,ETHE1--CADM4
317,PALD1--SGPL1,ENSG00000166224,ENSG00000107719,O95470,Q9ULE6,chr10,chr10,70851210,70564364,+,+,DANSY_18838,,,,ACH-001403,SGPL1,PALD1,No Annotation,SGPL1--PALD1
318,QTRT1--SMARCA4,ENSG00000127616,ENSG00000213339,P51532,Q9BXR0,chr19,chr19,11030893,10712758,+,+,DANSY_18840,IPR014978|IPR014012|IPR006576|IPR000330,,IPR014978|IPR014012|IPR006576|IPR000330,ACH-001403,SMARCA4,QTRT1,Pre-existing,SMARCA4--QTRT1
319,GCDH--NFIX,ENSG00000008441,ENSG00000105607,Q14938,Q92947,chr19,chr19,13025552,12895992,+,+,DANSY_18845,IPR019548|IPR003619,IPR006091|IPR009075,IPR019548|IPR003619|IPR006091|IPR009075,ACH-001403,NFIX,GCDH,Novel,NFIX--GCDH
320,ADAM9--PLEKHA2,ENSG00000168615,ENSG00000169499,Q13443,Q9HB19,chr8,chr8,39055772,38943789,+,+,DANSY_18848,IPR002870|IPR001590|IPR001762,IPR001849,IPR002870|IPR001590|IPR001762|IPR001849,ACH-001403,ADAM9,PLEKHA2,Novel,ADAM9--PLEKHA2
321,CLIC4--SRRM1,ENSG00000169504,ENSG00000133226,Q9Y696,Q8IYB3,chr1,chr1,24745625,24645984,+,+,DANSY_18858,,IPR002483,IPR002483,ACH-001403,CLIC4,SRRM1,Pre-existing,CLIC4--SRRM1
322,NCAN--UPF1,ENSG00000130287,ENSG00000005007,O14594,Q92900,chr19,chr19,19240685,18857320,+,+,DANSY_18866,IPR003599|IPR000538|IPR000538|IPR000742|IPR000742,IPR041679,IPR003599|IPR000538|IPR000538|IPR000742|IPR000742|IPR041679,ACH-001403,NCAN,UPF1,Novel,NCAN--UPF1
323,EFCAB5--NSRP1,ENSG00000126653,ENSG00000176927,Q9H0G5,A4FU69,chr17,chr17,30118173,30034230,+,+,DANSY_18881,,IPR002048,IPR002048,ACH-001403,NSRP1,EFCAB5,Pre-existing,NSRP1--EFCAB5
324,ESF1--TASP1,ENSG00000089123,ENSG00000089048,Q9H6P5,Q9H501,chr20,chr20,13625185,13728465,-,-,DANSY_18944,,IPR012580,IPR012580,ACH-001403,TASP1,ESF1,Pre-existing,TASP1--ESF1
325,IL1RAP--TP63,ENSG00000196083,ENSG00000073282,Q9NPH3,Q9H3D4,chr3,chr3,190609181,189864232,+,+,DANSY_18947,IPR003599,IPR010991|IPR001660,IPR003599|IPR010991|IPR001660,ACH-001403,IL1RAP,TP63,Novel,IL1RAP--TP63
326,MYH14--ZNF473,ENSG00000105357,ENSG00000142528,Q7Z406,Q8WTR7,chr19,chr19,50293687,50039161,+,+,DANSY_18956,IPR004009|IPR001609,IPR001909|IPR013087|IPR013087|IPR013087|IPR013087|IPR013087|IPR013087|IPR013087|IPR013087|IPR013087|IPR013087|IPR013087|IPR013087|IPR013087|IPR013087|IPR013087|IPR013087|IPR013087|IPR013087|IPR013087|IPR013087,IPR004009|IPR001609|IPR001909|IPR013087|IPR013087|IPR013087|IPR013087|IPR013087|IPR013087|IPR013087|IPR013087|IPR013087|IPR013087|IPR013087|IPR013087|IPR013087|IPR013087|IPR013087|IPR013087|IPR013087|IPR013087|IPR013087|IPR013087,ACH-001403,MYH14,ZNF473,Novel,MYH14--ZNF473
327,BCL2L13--MLC1,ENSG00000099968,ENSG00000100427,Q9BXK5,Q15049,chr22,chr22,17655832,50084961,+,-,DANSY_19153,,,,ACH-000805,BCL2L13,MLC1,No Annotation,BCL2L13--MLC1
328,ACTR10--PSMA3,ENSG00000100567,ENSG00000131966,P25788,Q9NZ32,chr14,chr14,58247832,58202855,+,+,DANSY_19551,IPR000426,,IPR000426,ACH-000847,PSMA3,ACTR10,Pre-existing,PSMA3--ACTR10
329,CADM2--CADM2,ENSG00000175161,ENSG00000175161,Q8N3J6,Q8N3J6,chr3,chr3,85912543,85883291,+,+,DANSY_19558,IPR003598|IPR007110,IPR007110|IPR003598|IPR003585,IPR003598|IPR007110|IPR007110|IPR003598|IPR003585,ACH-000847,CADM2,CADM2,Novel,CADM2--CADM2
330,CCS--PACS1,ENSG00000173992,ENSG00000175115,O14618,Q6VY07,chr11,chr11,66593300,66227504,+,+,DANSY_19588,,,,ACH-000847,CCS,PACS1,No Annotation,CCS--PACS1
331,ACIN1--EFS,ENSG00000100813,ENSG00000100842,Q9UKV3,O43281,chr14,chr14,23093479,23360833,-,-,DANSY_19614,,IPR001452|IPR021901,IPR001452|IPR021901,ACH-000847,ACIN1,EFS,Pre-existing,ACIN1--EFS
332,MIS18A--NCAM2,ENSG00000154654,ENSG00000159055,O15394,Q9NYP9,chr21,chr21,20998618,32274896,+,-,DANSY_20494,,,,ACH-001975,NCAM2,MIS18A,No Annotation,NCAM2--MIS18A
333,NPM1--TYK2,ENSG00000181163,ENSG00000105397,P06748,P29597,chr5,chr19,171405403,10358138,+,-,DANSY_20830,IPR024057,IPR000719,IPR024057|IPR000719,ACH-001134,NPM1,TYK2,Novel,NPM1--TYK2
334,HM13--TPX2,ENSG00000088325,ENSG00000101294,Q9ULW0,Q8TCT9,chr20,chr20,31771682,31544947,+,+,DANSY_20848,IPR015128,,IPR015128,ACH-001134,TPX2,HM13,Pre-existing,TPX2--HM13
335,DDX19A--NAA16,ENSG00000172766,ENSG00000168872,Q6N069,Q9NUU7,chr13,chr16,41311582,70370223,+,+,DANSY_20849,,,,ACH-001134,NAA16,DDX19A,No Annotation,NAA16--DDX19A
336,CLEC3A--WWOX,ENSG00000186153,ENSG00000166509,Q9NZC7,O75596,chr16,chr16,78115154,78051958,+,+,DANSY_20867,IPR001202|IPR001202,,IPR001202|IPR001202,ACH-001134,WWOX,CLEC3A,Pre-existing,WWOX--CLEC3A
337,C11orf97--NPAT,ENSG00000149308,ENSG00000257057,Q14207,A0A1B0GVM6,chr11,chr11,108222500,94517583,-,+,DANSY_20935,,,,ACH-000914,NPAT,C11orf97,No Annotation,NPAT--C11orf97
338,C11orf97--NPAT,ENSG00000149308,ENSG00000257057,Q14207,A0A1B0GVM6,chr11,chr11,108222500,94528084,-,+,DANSY_20936,,,,ACH-000914,NPAT,C11orf97,No Annotation,NPAT--C11orf97
339,HSD17B4--TNFAIP8,ENSG00000133835,ENSG00000145779,P51659,O95379,chr5,chr5,119531404,119392816,+,+,DANSY_21010,IPR057326|IPR054357|IPR002539,,IPR057326|IPR054357|IPR002539,ACH-000858,HSD17B4,TNFAIP8,Pre-existing,HSD17B4--TNFAIP8
340,GALNT2--SRGAP2,ENSG00000266028,ENSG00000143641,O75044,Q10471,chr1,chr1,206343008,230178218,+,+,DANSY_21047,IPR001060,IPR001173|IPR000772,IPR001060|IPR001173|IPR000772,ACH-001421,SRGAP2,GALNT2,Novel,SRGAP2--GALNT2
341,PACC1--VASH2,ENSG00000143494,ENSG00000065600,Q86V25,Q9H813,chr1,chr1,212972961,212375300,+,-,DANSY_21051,,,,ACH-001421,VASH2,PACC1,No Annotation,VASH2--PACC1
342,AGT--ZNF670,ENSG00000277462,ENSG00000135744,Q9BS34,P01019,chr1,chr1,247078594,230710853,-,-,DANSY_21991,,IPR023796,IPR023796,ACH-000725,ZNF670,AGT,Pre-existing,ZNF670--AGT
343,AGT--ZNF670-ZNF695,ENSG00000135747,ENSG00000135744,,P01019,chr1,chr1,247078594,230710853,-,-,DANSY_21994,,IPR023796,,ACH-000725,ZNF670-ZNF695,AGT,,ZNF670-ZNF695--AGT
344,FBXL20--SNF8,ENSG00000108306,ENSG00000159210,Q96IG2,Q96H20,chr17,chr17,39401361,48937124,-,-,DANSY_21997,,,,ACH-000725,FBXL20,SNF8,No Annotation,FBXL20--SNF8
345,FBXL20--SNF8,ENSG00000108306,ENSG00000159210,Q96IG2,Q96H20,chr17,chr17,39402173,48937124,-,-,DANSY_21998,,,,ACH-000725,FBXL20,SNF8,No Annotation,FBXL20--SNF8
346,PLB1--PPP1CB,ENSG00000213639,ENSG00000163803,P62140,Q6P1J6,chr2,chr2,28788809,28628563,+,+,DANSY_22029,IPR031675|IPR004843,,IPR031675|IPR004843,ACH-000725,PPP1CB,PLB1,Pre-existing,PPP1CB--PLB1
347,TDRD12--ZNF256,ENSG00000152454,ENSG00000173809,Q9Y2P7,Q587J7,chr19,chr19,57942580,32731725,-,+,DANSY_22034,IPR001909|IPR013087|IPR013087|IPR013087|IPR013087|IPR013087|IPR013087|IPR013087|IPR013087|IPR013087|IPR013087|IPR013087|IPR013087|IPR013087|IPR013087,IPR002999|IPR011545|IPR002999,IPR001909|IPR013087|IPR013087|IPR013087|IPR013087|IPR013087|IPR013087|IPR013087|IPR013087|IPR013087|IPR013087|IPR013087|IPR013087|IPR013087|IPR013087|IPR002999|IPR011545|IPR002999,ACH-000725,ZNF256,TDRD12,Novel,ZNF256--TDRD12
348,TDRD12--ZNF256,ENSG00000152454,ENSG00000173809,Q9Y2P7,Q587J7,chr19,chr19,57947442,32731725,-,+,DANSY_22035,,IPR002999|IPR011545|IPR002999,IPR002999|IPR011545|IPR002999,ACH-000725,ZNF256,TDRD12,Pre-existing,ZNF256--TDRD12
349,NVL--PIK3CB,ENSG00000051382,ENSG00000143748,P42338,O15381,chr3,chr1,138704443,224227670,-,-,DANSY_22056,IPR003113|IPR000341|IPR002420,,IPR003113|IPR000341|IPR002420,ACH-000725,PIK3CB,NVL,Pre-existing,PIK3CB--NVL
350,GBF1--MRC2,ENSG00000107862,ENSG00000011028,Q92538,Q9UBG0,chr10,chr17,102260116,62664548,+,+,DANSY_22060,,IPR000772|IPR000562|IPR001304|IPR001304|IPR001304|IPR001304|IPR001304|IPR001304|IPR001304|IPR001304,IPR000772|IPR000562|IPR001304|IPR001304|IPR001304|IPR001304|IPR001304|IPR001304|IPR001304|IPR001304,ACH-000725,GBF1,MRC2,Pre-existing,GBF1--MRC2
351,ANKRD13B--PCTP,ENSG00000198720,ENSG00000141179,Q86YJ7,Q9UKL6,chr17,chr17,29593735,55767335,+,+,DANSY_22096,,,,ACH-000725,ANKRD13B,PCTP,No Annotation,ANKRD13B--PCTP
352,PRXL2C--PTCH1,ENSG00000185920,ENSG00000158122,Q13635,Q7RTV5,chr9,chr9,95516469,96654773,-,-,DANSY_22251,,,,ACH-000760,PTCH1,PRXL2C,No Annotation,PTCH1--PRXL2C
353,PRXL2C--PTCH1,ENSG00000185920,ENSG00000158122,Q13635,Q7RTV5,chr9,chr9,95516469,96651712,-,-,DANSY_22252,,,,ACH-000760,PTCH1,PRXL2C,No Annotation,PTCH1--PRXL2C
354,PRXL2C--PTCH1,ENSG00000185920,ENSG00000158122,Q13635,Q7RTV5,chr9,chr9,95516623,96654773,-,-,DANSY_22253,,,,ACH-000760,PTCH1,PRXL2C,No Annotation,PTCH1--PRXL2C
355,ADAMTS20--OS9,ENSG00000173157,ENSG00000135506,P59510,Q13438,chr12,chr12,43432304,57715760,-,+,DANSY_22281,IPR002870|IPR001590|IPR041645|IPR045371|IPR010294,,IPR002870|IPR001590|IPR041645|IPR045371|IPR010294,ACH-000760,ADAMTS20,OS9,Pre-existing,ADAMTS20--OS9
356,DNM3--SUCO,ENSG00000094975,ENSG00000197959,Q9UBS9,Q9UQ16,chr1,chr1,172533497,172308728,+,+,DANSY_22285,,IPR003130,IPR003130,ACH-000760,SUCO,DNM3,Pre-existing,SUCO--DNM3
357,ADAMTS20--SMARCA5,ENSG00000153147,ENSG00000173157,O60264,P59510,chr4,chr12,143547503,43446712,+,-,DANSY_22290,IPR000330|IPR001650|IPR015194|IPR001005,IPR010294|IPR012314,IPR000330|IPR001650|IPR015194|IPR001005|IPR010294|IPR012314,ACH-000760,SMARCA5,ADAMTS20,Novel,SMARCA5--ADAMTS20
358,ARHGAP9--RPRD2,ENSG00000163125,ENSG00000123329,Q5VT52,Q9BRR9,chr1,chr12,150364919,57479788,+,-,DANSY_22292,,IPR001452|IPR001202|IPR001849|IPR000198,IPR001452|IPR001202|IPR001849|IPR000198,ACH-000760,RPRD2,ARHGAP9,Pre-existing,RPRD2--ARHGAP9
359,EEF1AKMT3--IGHMBP2,ENSG00000132740,ENSG00000123427,P38935,Q96AZ1,chr11,chr12,68911603,57773017,+,+,DANSY_22303,IPR048761,,IPR048761,ACH-000760,IGHMBP2,EEF1AKMT3,Pre-existing,IGHMBP2--EEF1AKMT3
360,PHF20--STX8,ENSG00000025293,ENSG00000170310,Q9BVI0,Q9UNK0,chr20,chr17,35899648,9491921,+,-,DANSY_22315,IPR002999|IPR002999|IPR022255|IPR013087,,IPR002999|IPR002999|IPR022255|IPR013087,ACH-000760,PHF20,STX8,Pre-existing,PHF20--STX8
361,FAM228A--NCOA1,ENSG00000084676,ENSG00000186453,Q15788,Q86W67,chr2,chr2,24683128,24175467,+,+,DANSY_22328,IPR011598,,IPR011598,ACH-000760,NCOA1,FAM228A,Pre-existing,NCOA1--FAM228A
362,PPARGC1B--SYNPO,ENSG00000171992,ENSG00000155846,Q8N3V7,Q86YN6,chr5,chr5,150650303,149826673,+,+,DANSY_22337,,IPR000504,IPR000504,ACH-000760,SYNPO,PPARGC1B,Pre-existing,SYNPO--PPARGC1B
363,FOXO1--PAX3,ENSG00000135903,ENSG00000150907,P23760,Q12778,chr2,chr13,222220140,40560860,-,-,DANSY_22483,IPR001523|IPR001356|IPR022106,IPR032068|IPR032067,IPR001523|IPR001356|IPR022106|IPR032068|IPR032067,ACH-001745,PAX3,FOXO1,Novel,PAX3--FOXO1
364,FYTTD1--PLOD1,ENSG00000122068,ENSG00000083444,Q96QD9,Q02809,chr3,chr1,197756557,11956917,+,+,DANSY_22501,,IPR005123,IPR005123,ACH-001745,FYTTD1,PLOD1,Pre-existing,FYTTD1--PLOD1
365,DCAF6--TIPRL,ENSG00000143155,ENSG00000143164,O75663,Q58WW2,chr1,chr1,168191500,167991204,+,+,DANSY_23122,,,,ACH-001691,TIPRL,DCAF6,No Annotation,TIPRL--DCAF6
366,EWSR1--FLI1,ENSG00000182944,ENSG00000151702,Q01844,Q01543,chr22,chr11,29287134,128781958,+,+,DANSY_23749,,IPR000418,IPR000418,ACH-001192,EWSR1,FLI1,Pre-existing,EWSR1--FLI1
367,BMPR2--MTIF3,ENSG00000204217,ENSG00000122033,Q13873,Q9H2K0,chr2,chr13,202532732,27437273,+,-,DANSY_23939,IPR000472,,IPR000472,ACH-001654,BMPR2,MTIF3,Pre-existing,BMPR2--MTIF3
368,HECTD1--MDGA2,ENSG00000092148,ENSG00000139915,Q9ULT8,Q7Z553,chr14,chr14,31171861,46882221,-,-,DANSY_23943,,IPR000998,IPR000998,ACH-001654,HECTD1,MDGA2,Pre-existing,HECTD1--MDGA2
369,ARHGAP5--SLC25A21,ENSG00000100852,ENSG00000183032,Q13017,Q9BQT8,chr14,chr14,32117287,36875004,+,-,DANSY_23945,IPR002713|IPR002713|IPR002713|IPR002713|IPR039007|IPR039006,,IPR002713|IPR002713|IPR002713|IPR002713|IPR039007|IPR039006,ACH-001654,ARHGAP5,SLC25A21,Pre-existing,ARHGAP5--SLC25A21
370,GNAQ--VDR,ENSG00000156052,ENSG00000111424,P50148,P11473,chr9,chr12,77728514,47882774,-,-,DANSY_23955,,IPR001628|IPR000536,IPR001628|IPR000536,ACH-001654,GNAQ,VDR,Pre-existing,GNAQ--VDR
371,CFI--TBCK,ENSG00000205403,ENSG00000145348,P05156,Q8TEA7,chr4,chr4,109801915,106116378,-,-,DANSY_24041,,IPR001763,IPR001763,ACH-001521,CFI,TBCK,Pre-existing,CFI--TBCK
372,SLC35A3--TMIGD3,ENSG00000117620,ENSG00000121933,Q9Y2D2,P0DMS9,chr1,chr1,99993745,111490762,+,-,DANSY_24052,,,,ACH-001521,SLC35A3,TMIGD3,No Annotation,SLC35A3--TMIGD3
373,SHANK2--SPCS2,ENSG00000162105,ENSG00000118363,Q9UPX8,Q15005,chr11,chr11,70659828,74969611,-,+,DANSY_24145,IPR032425|IPR001452,,IPR032425|IPR001452,ACH-000209,SHANK2,SPCS2,Pre-existing,SHANK2--SPCS2
374,CCNT1--PRKAG1,ENSG00000129315,ENSG00000181929,O60563,P54619,chr12,chr12,48714443,49013110,-,-,DANSY_24381,,IPR000644|IPR000644|IPR000644|IPR000644,IPR000644|IPR000644|IPR000644|IPR000644,ACH-001610,CCNT1,PRKAG1,Pre-existing,CCNT1--PRKAG1
375,SPOCK1--TENM2,ENSG00000145934,ENSG00000152377,Q9NT68,Q08629,chr5,chr5,167876195,137140694,+,-,DANSY_24393,,IPR002350|IPR019577|IPR000716,IPR002350|IPR019577|IPR000716,ACH-001610,TENM2,SPOCK1,Pre-existing,TENM2--SPOCK1
376,SPOCK1--TENM2,ENSG00000145934,ENSG00000152377,Q9NT68,Q08629,chr5,chr5,167755192,137140694,+,-,DANSY_24394,,IPR002350|IPR019577|IPR000716,IPR002350|IPR019577|IPR000716,ACH-001610,TENM2,SPOCK1,Pre-existing,TENM2--SPOCK1
377,TENM2--WWC1,ENSG00000145934,ENSG00000113645,Q9NT68,Q8IX03,chr5,chr5,167876195,168397724,+,+,DANSY_24398,,IPR057747|IPR000008,IPR057747|IPR000008,ACH-001610,TENM2,WWC1,Pre-existing,TENM2--WWC1
378,PLEKHA7--SOX6,ENSG00000166689,ENSG00000110693,Q6IQ23,P35712,chr11,chr11,16851191,16015050,-,-,DANSY_24611,IPR001202|IPR001202,IPR009071,IPR001202|IPR001202|IPR009071,ACH-001412,PLEKHA7,SOX6,Novel,PLEKHA7--SOX6
379,RUVBL2--SNRNP70,ENSG00000104852,ENSG00000183207,P08621,Q9Y230,chr19,chr19,49090520,49003279,+,+,DANSY_24827,,IPR003593|IPR041048,IPR003593|IPR041048,ACH-001407,SNRNP70,RUVBL2,Pre-existing,SNRNP70--RUVBL2
380,CTHRC1--DCAF13,ENSG00000164934,ENSG00000164932,Q9NV06,Q96CG8,chr8,chr8,103427252,103375738,+,+,DANSY_24828,,IPR057873,IPR057873,ACH-001407,DCAF13,CTHRC1,Pre-existing,DCAF13--CTHRC1
381,TMEM248--TMEM248,ENSG00000106609,ENSG00000106609,Q9NWD8,Q9NWD8,chr7,chr7,66953369,66941848,+,+,DANSY_24836,IPR039587,IPR039587,IPR039587|IPR039587,ACH-001407,TMEM248,TMEM248,Novel,TMEM248--TMEM248
382,FHOD3--MOCOS,ENSG00000134775,ENSG00000075643,Q2V2M9,Q96EN8,chr18,chr18,36372744,36248922,+,+,DANSY_24852,,IPR005302,IPR005302,ACH-001407,FHOD3,MOCOS,Pre-existing,FHOD3--MOCOS
383,ABCB1--SLC25A40,ENSG00000075303,ENSG00000085563,Q8TBP6,P08183,chr7,chr7,87843754,87585680,-,-,DANSY_25441,,IPR011527|IPR003439|IPR011527|IPR003439,IPR011527|IPR003439|IPR011527|IPR003439,ACH-001481,SLC25A40,ABCB1,Pre-existing,SLC25A40--ABCB1
384,ABL1--BCR,ENSG00000097007,ENSG00000186716,P00519,P11274,chr9,chr22,130714455,23290339,+,+,DANSY_25666,,IPR000198,IPR000198,ACH-002475,ABL1,BCR,Pre-existing,ABL1--BCR
385,ABL1--BCR,ENSG00000097007,ENSG00000186716,P00519,P11274,chr9,chr22,130714455,23292541,+,+,DANSY_25667,,IPR000198,IPR000198,ACH-002475,ABL1,BCR,Pre-existing,ABL1--BCR
386,MICALL1--POLR2F,ENSG00000100139,ENSG00000100142,Q8N3F8,P61218,chr22,chr22,37906568,37956773,+,+,DANSY_25956,,,,ACH-000234,MICALL1,POLR2F,No Annotation,MICALL1--POLR2F
387,ARHGAP26--RNF130,ENSG00000145819,ENSG00000113269,Q9UNA1,Q86XS8,chr5,chr5,143014116,179963564,+,-,DANSY_25977,IPR004148|IPR001849,,IPR004148|IPR001849,ACH-000234,ARHGAP26,RNF130,Pre-existing,ARHGAP26--RNF130
388,SEPTIN12--ZNF500,ENSG00000103199,ENSG00000140623,O60304,Q8IYM1,chr16,chr16,4762271,4779786,-,-,DANSY_25995,IPR003309,,IPR003309,ACH-000234,ZNF500,SEPTIN12,Pre-existing,ZNF500--SEPTIN12
389,CCDC179--SVIP,ENSG00000198168,ENSG00000255359,Q8NHG7,H3BU77,chr11,chr11,22827207,22847521,-,-,DANSY_26339,,,,ACH-000896,SVIP,CCDC179,No Annotation,SVIP--CCDC179
390,CHCHD6--PLXNA1,ENSG00000114554,ENSG00000159685,Q9UIW2,Q9BRQ6,chr3,chr3,127007913,126914680,+,+,DANSY_26348,IPR001627|IPR016201|IPR041019|IPR016201,,IPR001627|IPR016201|IPR041019|IPR016201,ACH-000896,PLXNA1,CHCHD6,Pre-existing,PLXNA1--CHCHD6
391,CYRIA--NBAS,ENSG00000151779,ENSG00000197872,A2RRP1,Q9H0Q0,chr2,chr2,15551493,16565767,-,-,DANSY_26470,,,,ACH-000203,NBAS,CYRIA,No Annotation,NBAS--CYRIA
392,ZNF211--ZNF551,ENSG00000204519,ENSG00000121417,Q7Z340,Q13398,chr19,chr19,57685385,57640704,+,+,DANSY_26564,,IPR013087|IPR013087|IPR013087|IPR013087|IPR013087|IPR013087|IPR013087|IPR013087|IPR013087|IPR013087|IPR013087|IPR013087,IPR013087|IPR013087|IPR013087|IPR013087|IPR013087|IPR013087|IPR013087|IPR013087|IPR013087|IPR013087|IPR013087|IPR013087,ACH-001607,ZNF551,ZNF211,Pre-existing,ZNF551--ZNF211
393,MAP3K3--TANC2,ENSG00000198909,ENSG00000170921,Q99759,Q9HCD6,chr17,chr17,63646074,63340101,+,+,DANSY_26571,,IPR058018|IPR058056,IPR058018|IPR058056,ACH-001607,MAP3K3,TANC2,Pre-existing,MAP3K3--TANC2
394,PRMT7--SLC12A4,ENSG00000124067,ENSG00000132600,Q9UP95,Q9NVM4,chr16,chr16,67961575,68345675,-,+,DANSY_26681,,IPR055135,IPR055135,ACH-000700,SLC12A4,PRMT7,Pre-existing,SLC12A4--PRMT7
395,CMIP--VPS35,ENSG00000069329,ENSG00000153815,Q96QK1,Q8IY22,chr16,chr16,46671705,81607567,-,+,DANSY_26693,,,,ACH-000700,VPS35,CMIP,No Annotation,VPS35--CMIP
396,EWSR1--FLI1,ENSG00000182944,ENSG00000151702,Q01844,Q01543,chr22,chr11,29287134,128809157,+,+,DANSY_27020,,IPR000418,IPR000418,ACH-002780,EWSR1,FLI1,Pre-existing,EWSR1--FLI1
397,LARP4B--TSPAN33,ENSG00000107929,ENSG00000158457,Q92615,Q86UF1,chr10,chr7,884447,129161679,-,+,DANSY_27110,,,,ACH-000677,LARP4B,TSPAN33,No Annotation,LARP4B--TSPAN33
398,BICDL1--CABP1,ENSG00000135127,ENSG00000157782,Q6ZP65,Q9NZU7,chr12,chr12,119990297,120656093,+,+,DANSY_27216,,IPR002048|IPR002048,IPR002048|IPR002048,ACH-000485,BICDL1,CABP1,Pre-existing,BICDL1--CABP1
399,BICDL1--CABP1,ENSG00000135127,ENSG00000157782,Q6ZP65,Q9NZU7,chr12,chr12,119990297,120659878,+,+,DANSY_27217,,IPR002048|IPR002048,IPR002048|IPR002048,ACH-000485,BICDL1,CABP1,Pre-existing,BICDL1--CABP1
400,NCOA6--PIGU,ENSG00000101464,ENSG00000198646,Q9H490,Q14686,chr20,chr20,34676956,34715365,-,-,DANSY_27330,,,,ACH-000672,PIGU,NCOA6,No Annotation,PIGU--NCOA6
401,LSM12--PAIP1,ENSG00000161654,ENSG00000172239,Q3MHD2,Q9H074,chr17,chr5,44063801,43543116,-,-,DANSY_27624,IPR047575,,IPR047575,ACH-000784,LSM12,PAIP1,Pre-existing,LSM12--PAIP1
402,ATRN--TMC2,ENSG00000088812,ENSG00000149488,O75882,Q8TDI7,chr20,chr20,3471517,2624271,+,+,DANSY_27987,IPR000742,,IPR000742,ACH-002024,ATRN,TMC2,Pre-existing,ATRN--TMC2
403,APPBP2--USP32,ENSG00000170832,ENSG00000062725,Q8NFA0,Q92624,chr17,chr17,60252381,60466459,-,-,DANSY_28325,IPR057368|IPR002048,,IPR057368|IPR002048,ACH-001054,USP32,APPBP2,Pre-existing,USP32--APPBP2
404,BRCA2--N4BP2L2,ENSG00000139618,ENSG00000244754,P51587,Q92802,chr13,chr13,32346896,32444126,+,-,DANSY_28541,,,,ACH-000009,BRCA2,N4BP2L2,No Annotation,BRCA2--N4BP2L2
405,COL14A1--FGFR2,ENSG00000066468,ENSG00000187955,P21802,Q05707,chr10,chr8,121483698,120289608,-,+,DANSY_28617,IPR003598|IPR003598|IPR003598|IPR000719,,IPR003598|IPR003598|IPR003598|IPR000719,ACH-000491,FGFR2,COL14A1,Pre-existing,FGFR2--COL14A1
406,DEPTOR--TATDN1,ENSG00000147687,ENSG00000155792,Q6P1N9,Q8TB45,chr8,chr8,124515887,120001525,-,+,DANSY_28633,,IPR001478,IPR001478,ACH-000491,TATDN1,DEPTOR,Pre-existing,TATDN1--DEPTOR
407,DEPTOR--TATDN1,ENSG00000147687,ENSG00000155792,Q6P1N9,Q8TB45,chr8,chr8,124518818,120001525,-,+,DANSY_28634,,IPR001478,IPR001478,ACH-000491,TATDN1,DEPTOR,Pre-existing,TATDN1--DEPTOR
408,DEPTOR--TATDN1,ENSG00000147687,ENSG00000155792,Q6P1N9,Q8TB45,chr8,chr8,124539025,120001525,-,+,DANSY_28635,,IPR001478,IPR001478,ACH-000491,TATDN1,DEPTOR,Pre-existing,TATDN1--DEPTOR
409,DEPTOR--TATDN1,ENSG00000147687,ENSG00000155792,Q6P1N9,Q8TB45,chr8,chr8,124522937,120001525,-,+,DANSY_28636,,IPR001478,IPR001478,ACH-000491,TATDN1,DEPTOR,Pre-existing,TATDN1--DEPTOR
410,GIPC1--TECR,ENSG00000123159,ENSG00000099797,O14908,Q9NZ01,chr19,chr19,14482689,14562525,-,+,DANSY_28868,,IPR049127|IPR001104,IPR049127|IPR001104,ACH-001568,GIPC1,TECR,Pre-existing,GIPC1--TECR
411,ARCN1--PHLDB1,ENSG00000019144,ENSG00000095139,Q86UU1,P48444,chr11,chr11,118639251,118583809,+,+,DANSY_28925,IPR000253,IPR028565,IPR000253|IPR028565,ACH-000993,PHLDB1,ARCN1,Novel,PHLDB1--ARCN1
412,ARCN1--PHLDB1,ENSG00000019144,ENSG00000095139,Q86UU1,P48444,chr11,chr11,118639001,118583809,+,+,DANSY_28926,IPR000253,IPR028565,IPR000253|IPR028565,ACH-000993,PHLDB1,ARCN1,Novel,PHLDB1--ARCN1
413,RNF213--SLC43A2,ENSG00000173821,ENSG00000167703,Q63HN8,Q8N370,chr17,chr17,80390196,1583336,+,-,DANSY_29037,IPR003593|IPR003593|IPR001841|IPR046439,,IPR003593|IPR003593|IPR001841|IPR046439,ACH-002680,RNF213,SLC43A2,Pre-existing,RNF213--SLC43A2
414,FLNB--SLMAP,ENSG00000136068,ENSG00000163681,O75369,Q14BN4,chr3,chr3,58081776,57907884,+,+,DANSY_29250,IPR001715|IPR001715,,IPR001715|IPR001715,ACH-000711,FLNB,SLMAP,Pre-existing,FLNB--SLMAP
415,FLNB--SLMAP,ENSG00000136068,ENSG00000163681,O75369,Q14BN4,chr3,chr3,58121503,57857733,+,+,DANSY_29251,IPR001715|IPR001715,,IPR001715|IPR001715,ACH-000711,FLNB,SLMAP,Pre-existing,FLNB--SLMAP
416,FLNB--SLMAP,ENSG00000136068,ENSG00000163681,O75369,Q14BN4,chr3,chr3,58081776,57909076,+,+,DANSY_29252,IPR001715|IPR001715,,IPR001715|IPR001715,ACH-000711,FLNB,SLMAP,Pre-existing,FLNB--SLMAP
417,CBFA2T3--PIEZO1,ENSG00000103335,ENSG00000129993,Q92508,O75081,chr16,chr16,88749384,88901656,-,-,DANSY_29262,,IPR003894|IPR014896|IPR002893,IPR003894|IPR014896|IPR002893,ACH-000711,PIEZO1,CBFA2T3,Pre-existing,PIEZO1--CBFA2T3
418,CBFA2T3--PIEZO1,ENSG00000103335,ENSG00000129993,Q92508,O75081,chr16,chr16,88784901,88901656,-,-,DANSY_29263,,IPR003894|IPR014896|IPR002893,IPR003894|IPR014896|IPR002893,ACH-000711,PIEZO1,CBFA2T3,Pre-existing,PIEZO1--CBFA2T3
419,CBFA2T3--PIEZO1,ENSG00000103335,ENSG00000129993,Q92508,O75081,chr16,chr16,88749384,88892485,-,-,DANSY_29264,,IPR003894|IPR014896|IPR002893,IPR003894|IPR014896|IPR002893,ACH-000711,PIEZO1,CBFA2T3,Pre-existing,PIEZO1--CBFA2T3
420,GTF2B--MUTYH,ENSG00000137947,ENSG00000132781,Q00403,Q9UIF7,chr1,chr1,88887261,45333561,-,-,DANSY_29265,,IPR003265|IPR000086,IPR003265|IPR000086,ACH-000711,GTF2B,MUTYH,Pre-existing,GTF2B--MUTYH
421,GTF2B--MUTYH,ENSG00000137947,ENSG00000132781,Q00403,Q9UIF7,chr1,chr1,88887261,45333594,-,-,DANSY_29266,,IPR003265|IPR000086,IPR003265|IPR000086,ACH-000711,GTF2B,MUTYH,Pre-existing,GTF2B--MUTYH
422,GTF2B--MUTYH,ENSG00000137947,ENSG00000132781,Q00403,Q9UIF7,chr1,chr1,88887261,45333564,-,-,DANSY_29267,,IPR003265|IPR000086,IPR003265|IPR000086,ACH-000711,GTF2B,MUTYH,Pre-existing,GTF2B--MUTYH
423,GTF2B--MUTYH,ENSG00000137947,ENSG00000132781,Q00403,Q9UIF7,chr1,chr1,88887261,45333497,-,-,DANSY_29268,,IPR003265|IPR000086,IPR003265|IPR000086,ACH-000711,GTF2B,MUTYH,Pre-existing,GTF2B--MUTYH
424,GTF2B--MUTYH,ENSG00000137947,ENSG00000132781,Q00403,Q9UIF7,chr1,chr1,88887261,45332834,-,-,DANSY_29269,,IPR000086,IPR000086,ACH-000711,GTF2B,MUTYH,Pre-existing,GTF2B--MUTYH
425,AOX1--TET3,ENSG00000187605,ENSG00000138356,O43151,Q06278,chr2,chr2,74003166,200615971,+,+,DANSY_29272,IPR002857,IPR000674|IPR008274,IPR002857|IPR000674|IPR008274,ACH-000711,TET3,AOX1,Novel,TET3--AOX1
426,MROH7--TTC4,ENSG00000243725,ENSG00000184313,O95801,Q68CQ1,chr1,chr1,54737664,54692424,+,+,DANSY_29289,IPR044059,IPR055406,IPR044059|IPR055406,ACH-000711,TTC4,MROH7,Novel,TTC4--MROH7
427,PRIM2--ZMYM2,ENSG00000121741,ENSG00000146143,Q9UBW7,P49643,chr13,chr6,20006586,57379901,+,+,DANSY_29291,IPR010507|IPR010507|IPR010507|IPR010507,IPR058560,IPR010507|IPR010507|IPR010507|IPR010507|IPR058560,ACH-000711,ZMYM2,PRIM2,Novel,ZMYM2--PRIM2
428,PRIM2--ZMYM2,ENSG00000121741,ENSG00000146143,Q9UBW7,P49643,chr13,chr6,20006586,57378251,+,+,DANSY_29292,IPR010507|IPR010507|IPR010507|IPR010507,IPR058560,IPR010507|IPR010507|IPR010507|IPR010507|IPR058560,ACH-000711,ZMYM2,PRIM2,Novel,ZMYM2--PRIM2
429,IVD--KNSTRN,ENSG00000128928,ENSG00000128944,P26440,Q9Y448,chr15,chr15,40416362,40386362,+,+,DANSY_29293,IPR013786|IPR006091,,IPR013786|IPR006091,ACH-000711,IVD,KNSTRN,Pre-existing,IVD--KNSTRN
430,IVD--KNSTRN,ENSG00000128928,ENSG00000128944,P26440,Q9Y448,chr15,chr15,40416362,40386405,+,+,DANSY_29294,IPR013786|IPR006091,,IPR013786|IPR006091,ACH-000711,IVD,KNSTRN,Pre-existing,IVD--KNSTRN
431,SMIM4--STAB1,ENSG00000168273,ENSG00000010327,Q8WVI0,Q9NY15,chr3,chr3,52536773,52511650,+,+,DANSY_29300,,IPR000742|IPR000782|IPR000782|IPR000742|IPR000742|IPR000742|IPR000742|IPR000742|IPR000742|IPR000782|IPR000782|IPR000742|IPR000742|IPR000742|IPR000742|IPR000742|IPR000538|IPR000782,IPR000742|IPR000782|IPR000782|IPR000742|IPR000742|IPR000742|IPR000742|IPR000742|IPR000742|IPR000782|IPR000782|IPR000742|IPR000742|IPR000742|IPR000742|IPR000742|IPR000538|IPR000782,ACH-000711,SMIM4,STAB1,Pre-existing,SMIM4--STAB1
432,MROH7-TTC4--TTC4,ENSG00000243725,ENSG00000271723,O95801,,chr1,chr1,54737664,54692424,+,+,DANSY_29304,IPR044059,,,ACH-000711,TTC4,MROH7-TTC4,,TTC4--MROH7-TTC4
433,PLPP7--PRRC2B,ENSG00000288701,ENSG00000160539,Q5JSZ5,Q8NBV4,chr9,chr9,131459356,131346789,+,+,DANSY_29305,IPR009738,,IPR009738,ACH-000711,PRRC2B,PLPP7,Pre-existing,PRRC2B--PLPP7
434,BATF--FLVCR2,ENSG00000119686,ENSG00000156127,Q9UPI3,Q16520,chr14,chr14,75579641,75546462,+,+,DANSY_29348,,,,ACH-000711,FLVCR2,BATF,No Annotation,FLVCR2--BATF
435,CSNK1D--SSR2,ENSG00000141551,ENSG00000163479,P48730,P43308,chr17,chr1,82251379,156020167,-,-,DANSY_29539,IPR000719,,IPR000719,ACH-001515,CSNK1D,SSR2,Pre-existing,CSNK1D--SSR2
436,CACNA1C--MGST1,ENSG00000008394,ENSG00000151067,P10620,Q13936,chr12,chr12,16357699,2682550,+,+,DANSY_29547,,IPR031688,IPR031688,ACH-001515,MGST1,CACNA1C,Pre-existing,MGST1--CACNA1C
437,ERC1--KLRG1,ENSG00000082805,ENSG00000139187,Q8IUD2,Q96E93,chr12,chr12,1110347,9008975,+,+,DANSY_29572,,,,ACH-001515,ERC1,KLRG1,No Annotation,ERC1--KLRG1
438,AARS1--MTSS2,ENSG00000090861,ENSG00000132613,P49588,Q765P7,chr16,chr16,70276486,70674432,-,-,DANSY_29586,,IPR003124,IPR003124,ACH-001515,AARS1,MTSS2,Pre-existing,AARS1--MTSS2
439,CMAS--PDE3A,ENSG00000172572,ENSG00000111726,Q14432,Q8NFW8,chr12,chr12,20370244,22036123,+,+,DANSY_29593,,,,ACH-001515,PDE3A,CMAS,No Annotation,PDE3A--CMAS
440,ERBIN--NLN,ENSG00000112851,ENSG00000123213,Q96RT1,Q9BYT8,chr5,chr5,66046538,65785775,+,+,DANSY_29596,IPR055414,,IPR055414,ACH-001515,ERBIN,NLN,Pre-existing,ERBIN--NLN
441,DOCK3--HEMK1,ENSG00000088538,ENSG00000114735,Q8IZD9,Q9Y5R4,chr3,chr3,50841715,50577052,+,+,DANSY_29604,,IPR007848,IPR007848,ACH-001515,DOCK3,HEMK1,Pre-existing,DOCK3--HEMK1
442,AHCYL1--ANKRD29,ENSG00000168710,ENSG00000154065,O43865,Q8N6D5,chr1,chr18,109985172,23601309,+,-,DANSY_29673,,,,ACH-002847,AHCYL1,ANKRD29,No Annotation,AHCYL1--ANKRD29
443,HMGCLL1--YAP1,ENSG00000137693,ENSG00000146151,P46937,Q8TB92,chr11,chr6,102111169,55542140,+,-,DANSY_29686,,IPR000891,IPR000891,ACH-002847,YAP1,HMGCLL1,Pre-existing,YAP1--HMGCLL1
444,IFI16--PYHIN1,ENSG00000163565,ENSG00000163564,Q16666,Q6K0P9,chr1,chr1,159020529,158973647,+,+,DANSY_29689,IPR004020|IPR004021,,IPR004020|IPR004021,ACH-002847,IFI16,PYHIN1,Pre-existing,IFI16--PYHIN1
445,PRKCH--SLC38A6,ENSG00000027075,ENSG00000139974,P24723,Q8IZM9,chr14,chr14,61450971,61030445,+,+,DANSY_29691,IPR000008|IPR002219,,IPR000008|IPR002219,ACH-002847,PRKCH,SLC38A6,Pre-existing,PRKCH--SLC38A6
446,LMBRD1--PRIM2,ENSG00000146143,ENSG00000168216,P49643,Q9NUN5,chr6,chr6,57382168,69790472,+,-,DANSY_29695,,,,ACH-002847,PRIM2,LMBRD1,No Annotation,PRIM2--LMBRD1
447,IGHMBP2--TENM4,ENSG00000149256,ENSG00000132740,Q6N022,P38935,chr11,chr11,79064738,68929183,-,+,DANSY_29725,,IPR041679|IPR001374|IPR000058,IPR041679|IPR001374|IPR000058,ACH-002847,TENM4,IGHMBP2,Pre-existing,TENM4--IGHMBP2
448,ASAP1--ESX1,ENSG00000153317,ENSG00000123576,Q9ULH1,Q8N693,chr8,chrX,130152736,104250896,-,-,DANSY_29735,IPR004148,,IPR004148,ACH-002847,ASAP1,ESX1,Pre-existing,ASAP1--ESX1
449,PHF19--TRAF1,ENSG00000056558,ENSG00000119403,Q13077,Q5T6S3,chr9,chr9,120923705,120874756,-,-,DANSY_29812,,IPR002999|IPR001965|IPR001965|IPR025894,IPR002999|IPR001965|IPR001965|IPR025894,ACH-000702,TRAF1,PHF19,Pre-existing,TRAF1--PHF19
450,BATF--TTLL5,ENSG00000156127,ENSG00000119685,Q16520,Q6EMB2,chr14,chr14,75525188,75820007,+,+,DANSY_29814,,,,ACH-000702,BATF,TTLL5,No Annotation,BATF--TTLL5
451,AKAP13--ITPR1,ENSG00000150995,ENSG00000170776,Q14643,Q12802,chr3,chr15,4521094,85719076,+,+,DANSY_29828,,IPR001849,IPR001849,ACH-000702,ITPR1,AKAP13,Pre-existing,ITPR1--AKAP13
452,FMNL1--SMURF2,ENSG00000184922,ENSG00000108854,O95466,Q9HAU4,chr17,chr17,45234200,64551704,+,-,DANSY_29833,,,,ACH-000702,FMNL1,SMURF2,No Annotation,FMNL1--SMURF2
453,KIAA0513--PAPLN,ENSG00000100767,ENSG00000135709,O95428,O60268,chr14,chr16,73259545,85071783,+,+,DANSY_29843,IPR045371|IPR010294,,IPR045371|IPR010294,ACH-000702,PAPLN,KIAA0513,Pre-existing,PAPLN--KIAA0513
454,DTL--PPP2R5A,ENSG00000143476,ENSG00000066027,Q9NZJ0,Q15172,chr1,chr1,212047417,212329135,+,+,DANSY_29848,,,,ACH-000702,DTL,PPP2R5A,No Annotation,DTL--PPP2R5A
455,FKBP5--GMDS,ENSG00000112699,ENSG00000096060,O60547,Q13451,chr6,chr6,1959867,35597404,-,-,DANSY_29852,,,,ACH-000702,GMDS,FKBP5,No Annotation,GMDS--FKBP5
456,ARSG--SMURF2,ENSG00000108854,ENSG00000141337,Q9HAU4,Q96EG1,chr17,chr17,64557608,68341275,-,+,DANSY_29879,IPR000008|IPR001202|IPR001202|IPR001202,,IPR000008|IPR001202|IPR001202|IPR001202,ACH-000702,SMURF2,ARSG,Pre-existing,SMURF2--ARSG
457,CIAO2A--ZC3H13,ENSG00000123200,ENSG00000166797,Q5T200,Q9H5X1,chr13,chr15,46042164,64075537,-,-,DANSY_30359,IPR000571,,IPR000571,ACH-000354,ZC3H13,CIAO2A,Pre-existing,ZC3H13--CIAO2A
458,IGF1R--LRRC28,ENSG00000140443,ENSG00000168904,P08069,Q86X40,chr15,chr15,98708107,99333923,+,+,DANSY_30362,IPR000494,,IPR000494,ACH-000354,IGF1R,LRRC28,Pre-existing,IGF1R--LRRC28
459,IGF1R--LRRC28,ENSG00000140443,ENSG00000168904,P08069,Q86X40,chr15,chr15,98708107,99352369,+,+,DANSY_30363,IPR000494,,IPR000494,ACH-000354,IGF1R,LRRC28,Pre-existing,IGF1R--LRRC28
460,HELLS--ZKSCAN5,ENSG00000119969,ENSG00000196652,Q9NRZ9,Q9Y2L8,chr10,chr7,94576805,99512453,+,+,DANSY_30366,,IPR001909|IPR013087|IPR013087|IPR013087|IPR013087|IPR013087|IPR013087|IPR013087|IPR013087|IPR013087|IPR013087|IPR013087|IPR013087|IPR013087,IPR001909|IPR013087|IPR013087|IPR013087|IPR013087|IPR013087|IPR013087|IPR013087|IPR013087|IPR013087|IPR013087|IPR013087|IPR013087|IPR013087,ACH-000354,HELLS,ZKSCAN5,Pre-existing,HELLS--ZKSCAN5
461,HELLS--ZKSCAN5,ENSG00000196652,ENSG00000119969,Q9Y2L8,Q9NRZ9,chr7,chr10,99506458,94588229,+,+,DANSY_30367,,IPR001650,IPR001650,ACH-000354,ZKSCAN5,HELLS,Pre-existing,ZKSCAN5--HELLS
462,HELLS--ZKSCAN5,ENSG00000196652,ENSG00000119969,Q9Y2L8,Q9NRZ9,chr7,chr10,99506458,94581326,+,+,DANSY_30368,,IPR001650,IPR001650,ACH-000354,ZKSCAN5,HELLS,Pre-existing,ZKSCAN5--HELLS
463,PSMD1--SPATA3,ENSG00000173692,ENSG00000173699,Q99460,Q8NHX4,chr2,chr2,231153666,231000366,+,+,DANSY_30372,IPR048570,,IPR048570,ACH-000354,PSMD1,SPATA3,Pre-existing,PSMD1--SPATA3
464,PRKCE--SNX17,ENSG00000171132,ENSG00000115234,Q02156,Q15036,chr2,chr2,45652448,27371269,+,+,DANSY_30377,IPR000008,IPR000159|IPR048767|IPR037836,IPR000008|IPR000159|IPR048767|IPR037836,ACH-000354,PRKCE,SNX17,Novel,PRKCE--SNX17
465,RFX1--ZSWIM4,ENSG00000132003,ENSG00000132005,Q9H7M6,P22670,chr19,chr19,13813164,13983595,+,-,DANSY_30480,IPR007527,IPR007668|IPR003150|IPR057321,IPR007527|IPR007668|IPR003150|IPR057321,ACH-000012,ZSWIM4,RFX1,Novel,ZSWIM4--RFX1
466,ANO8--ICAM5,ENSG00000105376,ENSG00000074855,Q9UMF0,Q9HCE9,chr19,chr19,10292866,17333800,+,-,DANSY_30484,IPR003987|IPR003987|IPR003599|IPR048679|IPR003599,IPR049452|IPR049452,IPR003987|IPR003987|IPR003599|IPR048679|IPR003599|IPR049452|IPR049452,ACH-000012,ICAM5,ANO8,Novel,ICAM5--ANO8
467,COL14A1--FGFR2,ENSG00000066468,ENSG00000187955,P21802,Q05707,chr10,chr8,121483698,120289608,-,+,DANSY_30487,IPR003598|IPR003598|IPR003598|IPR000719,,IPR003598|IPR003598|IPR003598|IPR000719,ACH-000012,FGFR2,COL14A1,Pre-existing,FGFR2--COL14A1
468,NUCB1--TULP2,ENSG00000104805,ENSG00000104804,Q02818,O00295,chr19,chr19,48919286,48885560,+,-,DANSY_31065,IPR057576|IPR002048,,IPR057576|IPR002048,ACH-002533,NUCB1,TULP2,Pre-existing,NUCB1--TULP2
469,SYNCRIP--ZNF292,ENSG00000188994,ENSG00000135316,O60281,O60506,chr6,chr6,87155759,85618939,+,-,DANSY_31398,,,,ACH-001413,ZNF292,SYNCRIP,No Annotation,ZNF292--SYNCRIP
470,PPFIA1--SHANK2,ENSG00000131626,ENSG00000162105,Q13136,Q9UPX8,chr11,chr11,70272436,70502931,+,-,DANSY_31404,,IPR001660,IPR001660,ACH-001413,PPFIA1,SHANK2,Pre-existing,PPFIA1--SHANK2
471,ABHD12B--PSMA6,ENSG00000100902,ENSG00000131969,P60900,Q7Z5M8,chr14,chr14,35292552,50878745,+,+,DANSY_31409,,IPR022742,IPR022742,ACH-001413,PSMA6,ABHD12B,Pre-existing,PSMA6--ABHD12B
472,RNH1--RNH1,ENSG00000023191,ENSG00000023191,P13489,P13489,chr11,chr11,497971,498627,-,-,DANSY_31424,,,,ACH-001413,RNH1,RNH1,No Annotation,RNH1--RNH1
473,KIFAP3--WDPCP,ENSG00000143951,ENSG00000075945,O95876,Q92845,chr2,chr1,63588197,169961235,-,-,DANSY_31435,,,,ACH-001413,WDPCP,KIFAP3,No Annotation,WDPCP--KIFAP3
474,BPTF--NUP214,ENSG00000171634,ENSG00000126883,Q12830,P35658,chr17,chr9,67966656,131197216,+,+,DANSY_31449,IPR018501|IPR001965|IPR028941,IPR041553,IPR018501|IPR001965|IPR028941|IPR041553,ACH-001413,BPTF,NUP214,Novel,BPTF--NUP214
475,PEDS1--PHACTR3,ENSG00000240849,ENSG00000087495,A5PLL7,Q96KR7,chr20,chr20,50153517,59743107,-,+,DANSY_31462,,,,ACH-001413,PEDS1,PHACTR3,No Annotation,PEDS1--PHACTR3
476,KIF22--RAB6A,ENSG00000079616,ENSG00000175582,Q14807,P20340,chr16,chr11,29800048,73707513,+,-,DANSY_31470,IPR001752,,IPR001752,ACH-001413,KIF22,RAB6A,Pre-existing,KIF22--RAB6A
477,PEDS1-UBE2V1--PHACTR3,ENSG00000124208,ENSG00000087495,,Q96KR7,chr20,chr20,50153517,59743107,-,+,DANSY_31478,,,,ACH-001413,PEDS1-UBE2V1,PHACTR3,,PEDS1-UBE2V1--PHACTR3
478,ARID2--SCAF11,ENSG00000139218,ENSG00000189079,Q99590,Q68CP9,chr12,chr12,45948437,45904934,-,+,DANSY_31493,IPR001841,,IPR001841,ACH-001413,SCAF11,ARID2,Pre-existing,SCAF11--ARID2
479,MDM1--PTPRR,ENSG00000111554,ENSG00000153233,Q8TC05,Q15256,chr12,chr12,68313443,70764778,-,-,DANSY_31505,,IPR000242,IPR000242,ACH-001413,MDM1,PTPRR,Pre-existing,MDM1--PTPRR
480,BASP1--ZNF71,ENSG00000197951,ENSG00000176788,Q9NQZ8,P80723,chr19,chr5,56601591,17275208,+,+,DANSY_31772,,,,ACH-000208,ZNF71,BASP1,No Annotation,ZNF71--BASP1
481,DSG1--GATA6,ENSG00000141448,ENSG00000134760,Q92908,Q02413,chr18,chr18,22183043,31354297,+,+,DANSY_31977,IPR008013|IPR000679|IPR000679,IPR000233,IPR008013|IPR000679|IPR000679|IPR000233,ACH-000249,GATA6,DSG1,Novel,GATA6--DSG1
482,HIRA--SULT4A1,ENSG00000100084,ENSG00000130540,P54198,Q9BR01,chr22,chr22,19397992,43841932,-,-,DANSY_32183,,,,ACH-000231,HIRA,SULT4A1,No Annotation,HIRA--SULT4A1
483,IFNAR1--IFNGR2,ENSG00000159128,ENSG00000142166,P38484,P17181,chr21,chr21,33415020,33349091,+,+,DANSY_32406,,IPR003961,IPR003961,ACH-000945,IFNGR2,IFNAR1,Pre-existing,IFNGR2--IFNAR1
484,CNTN1--SBNO1,ENSG00000018236,ENSG00000139697,Q12860,A3KN83,chr12,chr12,40959234,123296050,+,-,DANSY_32450,IPR003598|IPR003599|IPR003598|IPR003598|IPR003598|IPR003598,,IPR003598|IPR003599|IPR003598|IPR003598|IPR003598|IPR003598,ACH-000945,CNTN1,SBNO1,Pre-existing,CNTN1--SBNO1
485,FKTN--TMEM38B,ENSG00000095209,ENSG00000106692,Q9NVV0,O75072,chr9,chr9,105748190,105615278,+,+,DANSY_32457,,IPR007074,IPR007074,ACH-000945,TMEM38B,FKTN,Pre-existing,TMEM38B--FKTN
486,PPARD--SCUBE3,ENSG00000112033,ENSG00000146197,Q03181,Q8IX30,chr6,chr6,35347150,35227580,+,+,DANSY_32615,,IPR000742|IPR000742|IPR000742|IPR000742|IPR000742|IPR000742|IPR000742|IPR000742|IPR000742|IPR011641|IPR011641|IPR000742|IPR000859,IPR000742|IPR000742|IPR000742|IPR000742|IPR000742|IPR000742|IPR000742|IPR000742|IPR000742|IPR011641|IPR011641|IPR000742|IPR000859,ACH-000662,PPARD,SCUBE3,Pre-existing,PPARD--SCUBE3
487,GCHFR--GPC6,ENSG00000183098,ENSG00000137880,Q9Y625,P30047,chr13,chr15,94306123,40765827,+,+,DANSY_32771,,,,ACH-002458,GPC6,GCHFR,No Annotation,GPC6--GCHFR
488,ADAM12--MTG1,ENSG00000148824,ENSG00000148848,Q9BT17,O43184,chr10,chr10,133402773,126155305,+,-,DANSY_32772,IPR030378|IPR006073,IPR001590|IPR001762|IPR006586|IPR000742,IPR030378|IPR006073|IPR001590|IPR001762|IPR006586|IPR000742,ACH-002458,MTG1,ADAM12,Novel,MTG1--ADAM12
489,EWSR1--FLI1,ENSG00000182944,ENSG00000151702,Q01844,Q01543,chr22,chr11,29287134,128805366,+,+,DANSY_32901,,IPR000418,IPR000418,ACH-001029,EWSR1,FLI1,Pre-existing,EWSR1--FLI1
490,GSDMB--TATDN1,ENSG00000147687,ENSG00000073605,Q6P1N9,Q8TAX9,chr8,chr17,124539025,39906271,-,-,DANSY_33066,,IPR041263,IPR041263,ACH-000248,TATDN1,GSDMB,Pre-existing,TATDN1--GSDMB
491,GSDMB--TATDN1,ENSG00000147687,ENSG00000073605,Q6P1N9,Q8TAX9,chr8,chr17,124539025,39906987,-,-,DANSY_33071,,IPR041263,IPR041263,ACH-000248,TATDN1,GSDMB,Pre-existing,TATDN1--GSDMB
492,CYTH1--EIF3H,ENSG00000108669,ENSG00000147677,Q15438,O15372,chr17,chr8,78782202,116756019,-,-,DANSY_33077,,IPR000555|IPR045810,IPR000555|IPR045810,ACH-000248,CYTH1,EIF3H,Pre-existing,CYTH1--EIF3H
493,CCDC85C--SETD3,ENSG00000205476,ENSG00000183576,A6NKD9,Q86TU7,chr14,chr14,99536015,99413934,-,-,DANSY_33082,,IPR015353,IPR015353,ACH-000248,CCDC85C,SETD3,Pre-existing,CCDC85C--SETD3
494,CCDC85C--SETD3,ENSG00000205476,ENSG00000183576,A6NKD9,Q86TU7,chr14,chr14,99536015,99406590,-,-,DANSY_33083,,IPR015353,IPR015353,ACH-000248,CCDC85C,SETD3,Pre-existing,CCDC85C--SETD3
495,ANKHD1-EIF4EBP3--PCDH1,ENSG00000254996,ENSG00000156453,,Q08174,chr5,chr5,140445975,141854436,+,-,DANSY_33086,,,,ACH-000248,ANKHD1-EIF4EBP3,PCDH1,,ANKHD1-EIF4EBP3--PCDH1
496,ANKHD1--PCDH1,ENSG00000131503,ENSG00000156453,Q8IWZ3,Q08174,chr5,chr5,140445975,141854436,+,-,DANSY_33088,,,,ACH-000248,ANKHD1,PCDH1,No Annotation,ANKHD1--PCDH1
497,CPNE1--PREX1,ENSG00000124126,ENSG00000214078,Q8TCU6,Q99829,chr20,chr20,48747809,35626803,-,-,DANSY_33094,,,,ACH-000248,PREX1,CPNE1,No Annotation,PREX1--CPNE1
498,LRRFIP2--SUMF1,ENSG00000144455,ENSG00000093167,Q8NBK3,Q9Y608,chr3,chr3,4376330,37129149,-,-,DANSY_33100,,,,ACH-000248,SUMF1,LRRFIP2,No Annotation,SUMF1--LRRFIP2
499,LRRFIP2--SUMF1,ENSG00000144455,ENSG00000093167,Q8NBK3,Q9Y608,chr3,chr3,4410865,37129149,-,-,DANSY_33101,,,,ACH-000248,SUMF1,LRRFIP2,No Annotation,SUMF1--LRRFIP2
500,LRRFIP2--SUMF1,ENSG00000144455,ENSG00000093167,Q8NBK3,Q9Y608,chr3,chr3,4376330,37121691,-,-,DANSY_33102,,,,ACH-000248,SUMF1,LRRFIP2,No Annotation,SUMF1--LRRFIP2
501,KLHDC2--SNTB1,ENSG00000165516,ENSG00000172164,Q9Y2U9,Q13884,chr14,chr8,49782594,120548958,+,-,DANSY_33115,,IPR055108,IPR055108,ACH-000248,KLHDC2,SNTB1,Pre-existing,KLHDC2--SNTB1
502,TBC1D31--ZNF704,ENSG00000156787,ENSG00000164684,Q96DN5,Q6ZNC4,chr8,chr8,123084340,80821615,+,-,DANSY_33126,,IPR013087,IPR013087,ACH-000248,TBC1D31,ZNF704,Pre-existing,TBC1D31--ZNF704
503,FBXL7--TRIO,ENSG00000038382,ENSG00000183580,O75962,Q9UJT9,chr5,chr5,14420021,15615983,+,+,DANSY_33139,IPR001251|IPR000219|IPR001849|IPR001452,IPR001810|IPR057207,IPR001251|IPR000219|IPR001849|IPR001452|IPR001810|IPR057207,ACH-000248,TRIO,FBXL7,Novel,TRIO--FBXL7
504,CTNNBL1--VSTM2L,ENSG00000132821,ENSG00000132792,Q96N03,Q8WYA6,chr20,chr20,37933589,37859899,+,+,DANSY_33145,,,,ACH-000248,VSTM2L,CTNNBL1,No Annotation,VSTM2L--CTNNBL1
505,CTNNBL1--VSTM2L,ENSG00000132821,ENSG00000132792,Q96N03,Q8WYA6,chr20,chr20,37931804,37859899,+,+,DANSY_33146,,,,ACH-000248,VSTM2L,CTNNBL1,No Annotation,VSTM2L--CTNNBL1
506,EHD1--OVOL1,ENSG00000172818,ENSG00000110047,O14753,Q9H4M9,chr11,chr11,65787473,64878484,+,-,DANSY_33578,,IPR031692|IPR030381|IPR040990|IPR000261,IPR031692|IPR030381|IPR040990|IPR000261,ACH-001696,OVOL1,EHD1,Pre-existing,OVOL1--EHD1
507,MACO1--NF1,ENSG00000196712,ENSG00000204178,P21359,Q8N5G2,chr17,chr1,31357369,25456653,+,+,DANSY_33683,IPR001936|IPR001251|IPR054071,,IPR001936|IPR001251|IPR054071,ACH-001016,NF1,MACO1,Pre-existing,NF1--MACO1
508,AKAP10--POM121C,ENSG00000108599,ENSG00000272391,O43572,A8CG34,chr17,chr7,19962840,75419442,-,-,DANSY_33702,,,,ACH-001016,AKAP10,POM121C,No Annotation,AKAP10--POM121C
509,API5--TTC17,ENSG00000052841,ENSG00000166181,Q96AE7,Q9BZZ5,chr11,chr11,43414776,43318421,+,+,DANSY_33705,,,,ACH-001016,TTC17,API5,No Annotation,TTC17--API5
510,GIGYF2--SAG,ENSG00000204120,ENSG00000130561,Q6Y7W6,P10523,chr2,chr2,232833093,233316075,+,+,DANSY_33712,IPR003169,IPR011021|IPR011022,IPR003169|IPR011021|IPR011022,ACH-001016,GIGYF2,SAG,Novel,GIGYF2--SAG
511,GIGYF2--SAG,ENSG00000204120,ENSG00000130561,Q6Y7W6,P10523,chr2,chr2,232833093,233322946,+,+,DANSY_33713,IPR003169,IPR011022,IPR003169|IPR011022,ACH-001016,GIGYF2,SAG,Novel,GIGYF2--SAG
512,ARNTL--OSBPL1A,ENSG00000133794,ENSG00000141447,O00327,Q9BXW6,chr11,chr18,13376728,24377535,+,-,DANSY_33728,IPR011598|IPR000014|IPR000014,IPR001849,IPR011598|IPR000014|IPR000014|IPR001849,ACH-001016,ARNTL,OSBPL1A,Novel,ARNTL--OSBPL1A
513,LBP--NUCB1,ENSG00000104805,ENSG00000129988,Q02818,P18428,chr19,chr20,48905885,38349548,+,+,DANSY_33732,,IPR001124,IPR001124,ACH-001016,NUCB1,LBP,Pre-existing,NUCB1--LBP
514,SART3--SELPLG,ENSG00000075856,ENSG00000110876,Q15020,Q14242,chr12,chr12,108530142,108624312,-,-,DANSY_33983,,,,ACH-002215,SART3,SELPLG,No Annotation,SART3--SELPLG
515,LAMA3--TTC39C,ENSG00000168234,ENSG00000053747,Q8N584,Q16787,chr18,chr18,24083081,23881936,+,+,DANSY_33986,,IPR000742|IPR009254|IPR010307|IPR001791|IPR001791|IPR001791|IPR001791|IPR001791,IPR000742|IPR009254|IPR010307|IPR001791|IPR001791|IPR001791|IPR001791|IPR001791,ACH-002215,TTC39C,LAMA3,Pre-existing,TTC39C--LAMA3
516,LAMA3--TTC39C,ENSG00000168234,ENSG00000053747,Q8N584,Q16787,chr18,chr18,24015038,23890011,+,+,DANSY_33987,,IPR009254|IPR010307|IPR001791|IPR001791|IPR001791|IPR001791|IPR001791,IPR009254|IPR010307|IPR001791|IPR001791|IPR001791|IPR001791|IPR001791,ACH-002215,TTC39C,LAMA3,Pre-existing,TTC39C--LAMA3
517,BPI--MAPRE1,ENSG00000101367,ENSG00000101425,Q15691,P17213,chr20,chr20,32826048,38320183,+,+,DANSY_34048,,IPR001124,IPR001124,ACH-000261,MAPRE1,BPI,Pre-existing,MAPRE1--BPI
518,FCHSD2--PGM2L1,ENSG00000165434,ENSG00000137478,Q6PCE3,O94868,chr11,chr11,74368492,73015885,-,-,DANSY_34063,,IPR001452|IPR001452,IPR001452|IPR001452,ACH-000261,PGM2L1,FCHSD2,Pre-existing,PGM2L1--FCHSD2
519,RECK--ZNF780B,ENSG00000122707,ENSG00000128000,O95980,Q9Y6R6,chr9,chr19,36037098,40036626,+,-,DANSY_34132,,IPR013087|IPR013087|IPR013087|IPR013087|IPR013087|IPR013087|IPR013087|IPR013087|IPR013087|IPR013087|IPR013087|IPR013087|IPR013087|IPR013087|IPR013087|IPR013087|IPR013087|IPR013087|IPR013087|IPR013087|IPR013087|IPR013087|IPR013087,IPR013087|IPR013087|IPR013087|IPR013087|IPR013087|IPR013087|IPR013087|IPR013087|IPR013087|IPR013087|IPR013087|IPR013087|IPR013087|IPR013087|IPR013087|IPR013087|IPR013087|IPR013087|IPR013087|IPR013087|IPR013087|IPR013087|IPR013087,ACH-000164,RECK,ZNF780B,Pre-existing,RECK--ZNF780B
520,CNOT2--RMND1,ENSG00000155906,ENSG00000111596,Q9NWS8,Q9NZN8,chr6,chr12,151417279,70353829,-,+,DANSY_34266,IPR003734,,IPR003734,ACH-001793,RMND1,CNOT2,Pre-existing,RMND1--CNOT2
521,SYNE1--TSFM,ENSG00000131018,ENSG00000123297,Q8NF91,P43897,chr6,chr12,152201824,57786163,-,+,DANSY_34268,IPR001715|IPR001715|IPR057057|IPR057932,IPR014039,IPR001715|IPR001715|IPR057057|IPR057932|IPR014039,ACH-001793,SYNE1,TSFM,Novel,SYNE1--TSFM
522,GRIP1--METAP2,ENSG00000155974,ENSG00000111142,Q9Y3R0,P50579,chr12,chr12,67069050,95485879,-,+,DANSY_34281,,IPR000994,IPR000994,ACH-001793,GRIP1,METAP2,Pre-existing,GRIP1--METAP2
523,CCT2--UNC5A,ENSG00000166226,ENSG00000113763,P78371,Q6ZN44,chr12,chr5,69597766,176868130,+,+,DANSY_34304,,IPR003599|IPR000906|IPR033772|IPR000488,IPR003599|IPR000906|IPR033772|IPR000488,ACH-001793,CCT2,UNC5A,Pre-existing,CCT2--UNC5A
524,COL5A1--TNFAIP8,ENSG00000130635,ENSG00000145779,P20908,O95379,chr9,chr5,134642296,119392816,+,+,DANSY_34309,,,,ACH-001793,COL5A1,TNFAIP8,No Annotation,COL5A1--TNFAIP8
525,RAPGEF1--TBC1D13,ENSG00000107021,ENSG00000107263,Q9NVG8,Q13905,chr9,chr9,128788407,131650949,+,-,DANSY_34312,,IPR000651|IPR001895,IPR000651|IPR001895,ACH-001793,TBC1D13,RAPGEF1,Pre-existing,TBC1D13--RAPGEF1
526,HAO2--RAB11B,ENSG00000185236,ENSG00000116882,Q15907,Q9NYQ3,chr19,chr1,8390456,119381078,+,+,DANSY_34315,,IPR000262,IPR000262,ACH-001793,RAB11B,HAO2,Pre-existing,RAB11B--HAO2
527,NAV3--SYNE1,ENSG00000131018,ENSG00000067798,Q8NF91,Q8IVL0,chr6,chr12,152293588,78177141,-,+,DANSY_34340,IPR001715|IPR001715|IPR057057|IPR057932,IPR057126|IPR003593|IPR057568,IPR001715|IPR001715|IPR057057|IPR057932|IPR057126|IPR003593|IPR057568,ACH-001793,SYNE1,NAV3,Novel,SYNE1--NAV3
528,KIF5A--TRHDE,ENSG00000072657,ENSG00000155980,Q9UKU6,Q12840,chr12,chr12,72286954,57568963,+,+,DANSY_34371,IPR045357,IPR059182,IPR045357|IPR059182,ACH-001793,TRHDE,KIF5A,Novel,TRHDE--KIF5A
529,HIF1A--SNAPC1,ENSG00000100644,ENSG00000023608,Q16665,Q16533,chr14,chr14,61695839,61766876,+,+,DANSY_34783,,,,ACH-000262,HIF1A,SNAPC1,No Annotation,HIF1A--SNAPC1
530,RARS1--WWC1,ENSG00000113645,ENSG00000113643,Q8IX03,P54136,chr5,chr5,168414590,168510581,+,+,DANSY_34789,IPR001202|IPR001202,IPR008909,IPR001202|IPR001202|IPR008909,ACH-000262,WWC1,RARS1,Novel,WWC1--RARS1
531,AXL--CEACAM19,ENSG00000167601,ENSG00000186567,P30530,Q7Z692,chr19,chr19,41231298,44682567,+,+,DANSY_34794,IPR003599|IPR003599,,IPR003599|IPR003599,ACH-000262,AXL,CEACAM19,Pre-existing,AXL--CEACAM19
532,IL26--MDM2,ENSG00000135679,ENSG00000111536,Q00987,Q9NPH9,chr12,chr12,68836749,68202083,+,-,DANSY_34797,IPR003121,,IPR003121,ACH-000262,MDM2,IL26,Pre-existing,MDM2--IL26
533,KCTD7--PTEN,ENSG00000171862,ENSG00000243335,P60484,Q96MP8,chr10,chr7,87894109,66638253,+,+,DANSY_34798,,IPR057890,IPR057890,ACH-000262,PTEN,KCTD7,Pre-existing,PTEN--KCTD7
534,ALK--NPM1,ENSG00000181163,ENSG00000171094,P06748,Q9UM73,chr5,chr2,171391799,29223528,+,-,DANSY_35009,IPR024057,IPR000719,IPR024057|IPR000719,ACH-000773,NPM1,ALK,Novel,NPM1--ALK
535,TAF12--YTHDF2,ENSG00000198492,ENSG00000120656,Q9Y5A9,Q16514,chr1,chr1,28743986,28622165,+,-,DANSY_35010,IPR007275,IPR003228,IPR007275|IPR003228,ACH-000773,YTHDF2,TAF12,Novel,YTHDF2--TAF12
536,ARMH3--ZFYVE27,ENSG00000155256,ENSG00000120029,Q5T4F4,Q5T2E6,chr10,chr10,97744915,101889490,+,-,DANSY_35012,,,,ACH-000773,ZFYVE27,ARMH3,No Annotation,ZFYVE27--ARMH3
537,ARMH3--ZFYVE27,ENSG00000155256,ENSG00000120029,Q5T4F4,Q5T2E6,chr10,chr10,97738674,101889490,+,-,DANSY_35013,,,,ACH-000773,ZFYVE27,ARMH3,No Annotation,ZFYVE27--ARMH3
538,APIP--SLC1A2,ENSG00000149089,ENSG00000110436,Q96GX9,P43004,chr11,chr11,34916228,35322679,-,-,DANSY_35081,,,,ACH-000722,APIP,SLC1A2,No Annotation,APIP--SLC1A2
539,CHD2--STARD9,ENSG00000173575,ENSG00000159433,O14647,Q9P2P6,chr15,chr15,92972417,42716677,+,+,DANSY_35089,IPR000953|IPR000953|IPR000330,IPR002913,IPR000953|IPR000953|IPR000330|IPR002913,ACH-000722,CHD2,STARD9,Novel,CHD2--STARD9
540,KMT2A--MLLT3,ENSG00000118058,ENSG00000171843,Q03164,P42568,chr11,chr9,118484975,20365744,+,-,DANSY_35350,IPR002857,IPR040930,IPR002857|IPR040930,ACH-001129,KMT2A,MLLT3,Novel,KMT2A--MLLT3
541,KMT2A--MLLT3,ENSG00000118058,ENSG00000171843,Q03164,P42568,chr11,chr9,118484314,20365744,+,-,DANSY_35351,IPR002857,IPR040930,IPR002857|IPR040930,ACH-001129,KMT2A,MLLT3,Novel,KMT2A--MLLT3
542,FLII--TOM1L2,ENSG00000175662,ENSG00000177731,Q6ZVM7,Q13045,chr17,chr17,17907447,18252556,-,-,DANSY_35563,,IPR007123|IPR007123|IPR007123|IPR007123|IPR007123,IPR007123|IPR007123|IPR007123|IPR007123|IPR007123,ACH-000329,TOM1L2,FLII,Pre-existing,TOM1L2--FLII
543,FAM3B--KCNJ6,ENSG00000157542,ENSG00000183844,P48051,P58499,chr21,chr21,37714211,41338378,-,+,DANSY_35783,IPR040445,IPR039477,IPR040445|IPR039477,ACH-002544,KCNJ6,FAM3B,Novel,KCNJ6--FAM3B
544,EEF1B2--NRP2,ENSG00000114942,ENSG00000118257,P24534,O60462,chr2,chr2,206162104,205743203,+,+,DANSY_36028,IPR018940,IPR000421|IPR000998|IPR022579,IPR018940|IPR000421|IPR000998|IPR022579,ACH-001765,EEF1B2,NRP2,Novel,EEF1B2--NRP2
545,FOXO1--PAX3,ENSG00000135903,ENSG00000150907,P23760,Q12778,chr2,chr13,222220140,40560860,-,-,DANSY_36031,IPR001523|IPR001356|IPR022106,IPR032068|IPR032067,IPR001523|IPR001356|IPR022106|IPR032068|IPR032067,ACH-001765,PAX3,FOXO1,Novel,PAX3--FOXO1
546,FRY--RXFP2,ENSG00000073910,ENSG00000133105,Q5TBA9,Q8WXD0,chr13,chr13,32031865,31758258,+,+,DANSY_36069,,IPR017452,IPR017452,ACH-001765,FRY,RXFP2,Pre-existing,FRY--RXFP2
547,MUSK--PALM2AKAP2,ENSG00000030304,ENSG00000157654,O15146,Q9Y2D5,chr9,chr9,110697466,110015954,+,+,DANSY_36075,IPR003598|IPR003598,,IPR003598|IPR003598,ACH-001765,MUSK,PALM2AKAP2,Pre-existing,MUSK--PALM2AKAP2
548,RPL27--RUNDC1,ENSG00000131469,ENSG00000198863,P61353,Q96C34,chr17,chr17,42998831,42989341,+,+,DANSY_36185,,IPR004012,IPR004012,ACH-002499,RPL27,RUNDC1,Pre-existing,RPL27--RUNDC1
549,GGCT--RAB10,ENSG00000084733,ENSG00000006625,P61026,O75223,chr2,chr7,26098722,30498938,+,-,DANSY_36187,,,,ACH-002499,RAB10,GGCT,No Annotation,RAB10--GGCT
550,ESPL1--PCBP2,ENSG00000197111,ENSG00000135476,Q15366,Q14674,chr12,chr12,53456001,53268755,+,+,DANSY_36195,IPR004087,IPR030397,IPR004087|IPR030397,ACH-002499,PCBP2,ESPL1,Novel,PCBP2--ESPL1
551,CRYZL1--GART,ENSG00000159131,ENSG00000205758,P22102,O95825,chr21,chr21,33516989,33599248,-,-,DANSY_36197,IPR020562|IPR011761|IPR020560|IPR016188,,IPR020562|IPR011761|IPR020560|IPR016188,ACH-002499,GART,CRYZL1,Pre-existing,GART--CRYZL1
552,CRYZL1--GART,ENSG00000159131,ENSG00000205758,P22102,O95825,chr21,chr21,33516989,33599285,-,-,DANSY_36198,IPR020562|IPR011761|IPR020560|IPR016188,,IPR020562|IPR011761|IPR020560|IPR016188,ACH-002499,GART,CRYZL1,Pre-existing,GART--CRYZL1
553,NUDT3--UVRAG,ENSG00000198382,ENSG00000272325,Q9P2Y5,O95989,chr11,chr6,75888903,34341972,+,-,DANSY_36200,IPR000008,,IPR000008,ACH-002499,UVRAG,NUDT3,Pre-existing,UVRAG--NUDT3
554,RPS10-NUDT3--UVRAG,ENSG00000198382,ENSG00000270800,Q9P2Y5,,chr11,chr6,75888903,34341972,+,-,DANSY_36201,IPR000008,,,ACH-002499,UVRAG,RPS10-NUDT3,,UVRAG--RPS10-NUDT3
555,ANXA3--ANXA3,ENSG00000138772,ENSG00000138772,P12429,P12429,chr4,chr4,78591623,78586260,+,+,DANSY_36203,,,,ACH-002499,ANXA3,ANXA3,No Annotation,ANXA3--ANXA3
556,NOD1--RAB10,ENSG00000106100,ENSG00000084733,Q9Y239,P61026,chr7,chr2,30446141,26109768,-,+,DANSY_36220,IPR001315|IPR007111|IPR041267,,IPR001315|IPR007111|IPR041267,ACH-002499,NOD1,RAB10,Pre-existing,NOD1--RAB10
557,NCKAP5--ZRANB3,ENSG00000176771,ENSG00000121988,O14513,Q5FWF4,chr2,chr2,133129978,135390820,-,-,DANSY_36228,,IPR001650|IPR001876|IPR002711,IPR001650|IPR001876|IPR002711,ACH-002499,NCKAP5,ZRANB3,Pre-existing,NCKAP5--ZRANB3
558,CLTC--TUBD1,ENSG00000108423,ENSG00000141367,Q9UJT1,Q00610,chr17,chr17,59878103,59693728,-,+,DANSY_36396,IPR003008,,IPR003008,ACH-000545,TUBD1,CLTC,Pre-existing,TUBD1--CLTC
559,CLSTN1--MRPL51,ENSG00000171603,ENSG00000111639,O94985,Q4U2R6,chr1,chr12,9773272,6492972,-,-,DANSY_36427,,,,ACH-000124,CLSTN1,MRPL51,No Annotation,CLSTN1--MRPL51
560,GLRA3--SPIDR,ENSG00000145451,ENSG00000164808,O75311,Q14159,chr4,chr8,174828741,47673801,-,+,DANSY_36433,,IPR028032,IPR028032,ACH-000124,GLRA3,SPIDR,Pre-existing,GLRA3--SPIDR
561,MTCH2--MTCH2,ENSG00000109919,ENSG00000109919,Q9Y6C9,Q9Y6C9,chr11,chr11,47634672,47639051,-,-,DANSY_36731,,,,ACH-000619,MTCH2,MTCH2,No Annotation,MTCH2--MTCH2
562,C22orf23--CELSR1,ENSG00000075275,ENSG00000128346,Q9NYQ6,Q9BZE7,chr22,chr22,46533627,37951522,-,-,DANSY_36824,IPR002126|IPR002126|IPR002126|IPR002126|IPR002126|IPR002126|IPR002126,,IPR002126|IPR002126|IPR002126|IPR002126|IPR002126|IPR002126|IPR002126,ACH-001973,CELSR1,C22orf23,Pre-existing,CELSR1--C22orf23
563,SLC9A3R1--TMEM104,ENSG00000109066,ENSG00000109062,Q8NE00,O14745,chr17,chr17,74777375,74768147,+,+,DANSY_36952,,,,ACH-001340,TMEM104,SLC9A3R1,No Annotation,TMEM104--SLC9A3R1
564,GTPBP10--PDS5B,ENSG00000083642,ENSG00000105793,Q9NTI5,A4D1E9,chr13,chr7,32741148,90377507,+,+,DANSY_36977,,,,ACH-001340,PDS5B,GTPBP10,No Annotation,PDS5B--GTPBP10
565,MAP3K13--SENP2,ENSG00000163904,ENSG00000073803,Q9HC62,O43283,chr3,chr3,185609350,185480232,+,+,DANSY_36990,,,,ACH-001340,SENP2,MAP3K13,No Annotation,SENP2--MAP3K13
566,KIRREL1--MUC1,ENSG00000183853,ENSG00000185499,Q96J84,P15941,chr1,chr1,157993728,155192283,+,-,DANSY_37279,,IPR000082,IPR000082,ACH-002018,KIRREL1,MUC1,Pre-existing,KIRREL1--MUC1
567,ADAMTSL1--CNTLN,ENSG00000044459,ENSG00000178031,Q9NXG0,Q8N6G6,chr9,chr9,17135425,18622243,+,+,DANSY_37315,,IPR010294|IPR003598|IPR056272|IPR003598|IPR003598|IPR003598|IPR010909,IPR010294|IPR003598|IPR056272|IPR003598|IPR003598|IPR003598|IPR010909,ACH-000153,CNTLN,ADAMTSL1,Pre-existing,CNTLN--ADAMTSL1
568,LAMA3--RBBP8,ENSG00000053747,ENSG00000101773,Q16787,Q99708,chr18,chr18,23753812,22982218,+,+,DANSY_37672,IPR008211,IPR013882,IPR008211|IPR013882,ACH-000116,LAMA3,RBBP8,Novel,LAMA3--RBBP8
569,CBFA2T3--MAP4,ENSG00000047849,ENSG00000129993,P27816,O75081,chr3,chr16,47998638,88901656,-,-,DANSY_37728,,IPR003894|IPR014896|IPR002893,IPR003894|IPR014896|IPR002893,ACH-000116,MAP4,CBFA2T3,Pre-existing,MAP4--CBFA2T3
570,CBFA2T3--MAP4,ENSG00000047849,ENSG00000129993,P27816,O75081,chr3,chr16,47987383,88901656,-,-,DANSY_37729,,IPR003894|IPR014896|IPR002893,IPR003894|IPR014896|IPR002893,ACH-000116,MAP4,CBFA2T3,Pre-existing,MAP4--CBFA2T3
571,BIRC6--TTC27,ENSG00000018699,ENSG00000115760,Q6P3X3,Q9NR09,chr2,chr2,32634005,32603006,+,+,DANSY_37738,,,,ACH-000116,TTC27,BIRC6,No Annotation,TTC27--BIRC6
572,ARHGAP26--BOP1,ENSG00000145819,ENSG00000261236,Q9UNA1,Q14137,chr5,chr8,142932125,144265071,+,-,DANSY_37739,IPR004148|IPR001849,IPR012953,IPR004148|IPR001849|IPR012953,ACH-000116,ARHGAP26,BOP1,Novel,ARHGAP26--BOP1
573,CAPN2--DNAH14,ENSG00000185842,ENSG00000162909,Q0VDD8,P17655,chr1,chr1,224929835,223744100,+,+,DANSY_37751,,IPR022682|IPR002048|IPR002048,IPR022682|IPR002048|IPR002048,ACH-000116,DNAH14,CAPN2,Pre-existing,DNAH14--CAPN2
574,CASC3--THRA,ENSG00000108349,ENSG00000126351,O15234,P10827,chr17,chr17,40141607,40088242,+,+,DANSY_37764,,,,ACH-000116,CASC3,THRA,No Annotation,CASC3--THRA
575,PRIM2--TRPC4AP,ENSG00000146143,ENSG00000100991,P49643,Q8TEL6,chr6,chr20,57326045,35069412,+,-,DANSY_37771,,,,ACH-000116,PRIM2,TRPC4AP,No Annotation,PRIM2--TRPC4AP
576,SS18--SSX2,ENSG00000141380,ENSG00000241476,Q15532,Q16385,chr18,chrX,26032399,52700578,-,-,DANSY_38346,IPR007726,,IPR007726,ACH-001270,SS18,SSX2,Pre-existing,SS18--SSX2
577,CTNNA3--PTPRG,ENSG00000144724,ENSG00000183230,P23470,Q9UI47,chr3,chr10,62003497,67219870,+,-,DANSY_38350,,,,ACH-001270,PTPRG,CTNNA3,No Annotation,PTPRG--CTNNA3
578,GNE--SIPA1,ENSG00000159921,ENSG00000213445,Q9Y223,Q96FS4,chr9,chr11,36227248,65644955,-,+,DANSY_38394,IPR003331,IPR001478,IPR003331|IPR001478,ACH-002523,GNE,SIPA1,Novel,GNE--SIPA1
579,OSBPL8--SYT1,ENSG00000067715,ENSG00000091039,P21579,Q9BZF1,chr12,chr12,79299551,76384350,+,-,DANSY_38396,IPR000008,,IPR000008,ACH-002523,SYT1,OSBPL8,Pre-existing,SYT1--OSBPL8
580,CAPZB--OSBP2,ENSG00000077549,ENSG00000184792,P47756,Q969R2,chr1,chr22,19485436,30887426,-,+,DANSY_38436,,,,ACH-000324,CAPZB,OSBP2,No Annotation,CAPZB--OSBP2
581,GPI--UBA2,ENSG00000105220,ENSG00000126261,P06744,Q9UBT2,chr19,chr19,34381519,34438645,+,+,DANSY_38445,,IPR028077|IPR032426,IPR028077|IPR032426,ACH-000324,GPI,UBA2,Pre-existing,GPI--UBA2
582,CLIP1--ZCCHC8,ENSG00000130779,ENSG00000033030,P30622,Q6NZY4,chr12,chr12,122309762,122483563,-,-,DANSY_38459,IPR000938|IPR000938,IPR001878|IPR006568,IPR000938|IPR000938|IPR001878|IPR006568,ACH-000324,CLIP1,ZCCHC8,Novel,CLIP1--ZCCHC8
583,CLIP1--ZCCHC8,ENSG00000130779,ENSG00000033030,P30622,Q6NZY4,chr12,chr12,122309762,122482087,-,-,DANSY_38460,IPR000938|IPR000938,IPR006568,IPR000938|IPR000938|IPR006568,ACH-000324,CLIP1,ZCCHC8,Novel,CLIP1--ZCCHC8
584,LIMK2--PPP2CA,ENSG00000182541,ENSG00000113575,P53671,P67775,chr22,chr5,31258426,134206131,+,-,DANSY_38465,IPR001781,IPR004843,IPR001781|IPR004843,ACH-000324,LIMK2,PPP2CA,Novel,LIMK2--PPP2CA
585,LAMA3--TTC39C,ENSG00000168234,ENSG00000053747,Q8N584,Q16787,chr18,chr18,24015038,23857844,+,+,DANSY_38476,,IPR002049|IPR000034|IPR002049|IPR000742|IPR000742|IPR009254|IPR010307|IPR001791|IPR001791|IPR001791|IPR001791|IPR001791,IPR002049|IPR000034|IPR002049|IPR000742|IPR000742|IPR009254|IPR010307|IPR001791|IPR001791|IPR001791|IPR001791|IPR001791,ACH-000324,TTC39C,LAMA3,Pre-existing,TTC39C--LAMA3
586,CDKAL1--E2F3,ENSG00000112242,ENSG00000145996,O00716,Q5VV42,chr6,chr6,20488248,20649293,+,+,DANSY_38773,IPR003316|IPR032198,IPR006638|IPR002792,IPR003316|IPR032198|IPR006638|IPR002792,ACH-000898,E2F3,CDKAL1,Novel,E2F3--CDKAL1
587,ERC1--WNK1,ENSG00000060237,ENSG00000082805,Q9H4A3,Q8IUD2,chr12,chr12,908034,1490093,+,+,DANSY_38775,IPR000719|IPR024678|IPR056865,,IPR000719|IPR024678|IPR056865,ACH-000898,WNK1,ERC1,Pre-existing,WNK1--ERC1
588,PIEZO1--RNF166,ENSG00000103335,ENSG00000158717,Q92508,Q96A37,chr16,chr16,88719802,88701418,-,-,DANSY_38921,IPR056769|IPR031805|IPR056768,IPR034734|IPR008598,IPR056769|IPR031805|IPR056768|IPR034734|IPR008598,ACH-001415,PIEZO1,RNF166,Novel,PIEZO1--RNF166
589,LSS--MCM3AP,ENSG00000160285,ENSG00000160294,P48449,O60318,chr21,chr21,46219476,46261411,-,-,DANSY_38954,,IPR031910|IPR031907,IPR031910|IPR031907,ACH-001415,LSS,MCM3AP,Pre-existing,LSS--MCM3AP
590,SCAMP2--WDR72,ENSG00000140497,ENSG00000166415,O15127,Q3MJ13,chr15,chr15,74845473,53706074,-,-,DANSY_39056,,IPR057848,IPR057848,ACH-000681,SCAMP2,WDR72,Pre-existing,SCAMP2--WDR72
591,BMS1--PARG,ENSG00000227345,ENSG00000165733,Q86W56,Q14692,chr10,chr10,49885203,42791627,-,+,DANSY_39065,,IPR012948|IPR007034,IPR012948|IPR007034,ACH-000681,PARG,BMS1,Pre-existing,PARG--BMS1
592,PBX1--TCF3,ENSG00000071564,ENSG00000185630,P15923,P40424,chr19,chr1,1619111,164792494,-,+,DANSY_39122,,IPR001356,IPR001356,ACH-000070,TCF3,PBX1,Pre-existing,TCF3--PBX1
593,ADPGK--HIPK3,ENSG00000110422,ENSG00000159322,Q9H422,Q9BRR6,chr11,chr15,33287511,72775097,+,-,DANSY_39204,,,,ACH-000108,HIPK3,ADPGK,No Annotation,HIPK3--ADPGK
594,SEL1L3--SEL1L3,ENSG00000091490,ENSG00000091490,Q68CR1,Q68CR1,chr4,chr4,25788224,25802462,-,-,DANSY_39485,,,,ACH-000997,SEL1L3,SEL1L3,No Annotation,SEL1L3--SEL1L3
595,LYPD5--PLAUR,ENSG00000011422,ENSG00000159871,Q03405,Q6UWN5,chr19,chr19,43652225,43799834,-,-,DANSY_39487,IPR016054|IPR016054,IPR016054,IPR016054|IPR016054|IPR016054,ACH-000997,PLAUR,LYPD5,Pre-existing,PLAUR--LYPD5
596,FRK--NT5DC1,ENSG00000178425,ENSG00000111816,Q5TFE4,P42685,chr6,chr6,116117945,115968739,+,-,DANSY_39492,,IPR000719,IPR000719,ACH-000997,NT5DC1,FRK,Pre-existing,NT5DC1--FRK
597,FRK--NT5DC1,ENSG00000111816,ENSG00000178425,P42685,Q5TFE4,chr6,chr6,115967551,116221054,-,+,DANSY_39493,IPR001452|IPR000980,,IPR001452|IPR000980,ACH-000997,FRK,NT5DC1,Pre-existing,FRK--NT5DC1
598,GPI--UBA2,ENSG00000126261,ENSG00000105220,Q9UBT2,P06744,chr19,chr19,34445121,34393248,+,+,DANSY_39495,,IPR035482,IPR035482,ACH-000997,UBA2,GPI,Pre-existing,UBA2--GPI
599,GGA3--NUP85,ENSG00000125447,ENSG00000125450,Q9NZ52,Q9BW27,chr17,chr17,75244619,75225103,-,+,DANSY_39499,,,,ACH-000997,GGA3,NUP85,No Annotation,GGA3--NUP85
600,GGA3--NUP85,ENSG00000125447,ENSG00000125450,Q9NZ52,Q9BW27,chr17,chr17,75246509,75225103,-,+,DANSY_39500,,,,ACH-000997,GGA3,NUP85,No Annotation,GGA3--NUP85
601,GGA3--NUP85,ENSG00000125447,ENSG00000125450,Q9NZ52,Q9BW27,chr17,chr17,75244619,75225342,-,+,DANSY_39501,,,,ACH-000997,GGA3,NUP85,No Annotation,GGA3--NUP85
602,PRMT3--RBM4B,ENSG00000185238,ENSG00000173914,O60678,Q9BQ04,chr11,chr11,20389826,66669291,+,-,DANSY_39503,IPR013087,IPR001878,IPR013087|IPR001878,ACH-000997,PRMT3,RBM4B,Novel,PRMT3--RBM4B
603,EFTUD2--PLCD3,ENSG00000108883,ENSG00000161714,Q15029,Q8N3E9,chr17,chr17,44863655,45119043,-,-,DANSY_39588,IPR031950|IPR000795,IPR000909|IPR001711|IPR000008,IPR031950|IPR000795|IPR000909|IPR001711|IPR000008,ACH-000866,EFTUD2,PLCD3,Novel,EFTUD2--PLCD3
604,NAV2--PRMT3,ENSG00000185238,ENSG00000166833,O60678,Q8IVL1,chr11,chr11,20408032,20035959,+,+,DANSY_39592,IPR013087|IPR049482,IPR057126|IPR003593|IPR057568,IPR013087|IPR049482|IPR057126|IPR003593|IPR057568,ACH-000866,PRMT3,NAV2,Novel,PRMT3--NAV2
605,NR4A3--STX17,ENSG00000136874,ENSG00000119508,P56962,Q92570,chr9,chr9,99928843,99844649,+,+,DANSY_39677,,,,ACH-000819,STX17,NR4A3,No Annotation,STX17--NR4A3
606,INVS--STX17,ENSG00000136874,ENSG00000119509,P56962,Q9Y283,chr9,chr9,99928843,100226062,+,+,DANSY_39679,,,,ACH-000819,STX17,INVS,No Annotation,STX17--INVS
607,PANX2--PI4KA,ENSG00000073150,ENSG00000241973,Q96RD6,P42356,chr22,chr22,50179253,20734553,+,-,DANSY_39702,,IPR001263|IPR000403,IPR001263|IPR000403,ACH-000819,PANX2,PI4KA,Pre-existing,PANX2--PI4KA
608,ALK--NPM1,ENSG00000181163,ENSG00000171094,P06748,Q9UM73,chr5,chr2,171391799,29223528,+,-,DANSY_39799,IPR024057,IPR000719,IPR024057|IPR000719,ACH-000226,NPM1,ALK,Novel,NPM1--ALK
609,EWSR1--FLI1,ENSG00000182944,ENSG00000151702,Q01844,Q01543,chr22,chr11,29287134,128781958,+,+,DANSY_39968,,IPR000418,IPR000418,ACH-000087,EWSR1,FLI1,Pre-existing,EWSR1--FLI1
610,ARID1A--NUDC,ENSG00000117713,ENSG00000090273,O14497,Q9Y266,chr1,chr1,26732792,26941457,+,+,DANSY_39971,,IPR032572|IPR007052,IPR032572|IPR007052,ACH-000087,ARID1A,NUDC,Pre-existing,ARID1A--NUDC
611,CSNK2A2--PCYT1A,ENSG00000161217,ENSG00000070770,P49585,P19784,chr3,chr16,196247367,58167795,-,-,DANSY_39976,,,,ACH-000087,PCYT1A,CSNK2A2,No Annotation,PCYT1A--CSNK2A2
612,PRXL2C--TMEM245,ENSG00000106771,ENSG00000158122,Q9H330,Q7RTV5,chr9,chr9,109119335,96654773,-,-,DANSY_39981,,,,ACH-000087,TMEM245,PRXL2C,No Annotation,TMEM245--PRXL2C
613,ASIC1--DIP2B,ENSG00000066084,ENSG00000110881,Q9P265,P78348,chr12,chr12,50505240,50077213,+,+,DANSY_39991,,,,ACH-000087,DIP2B,ASIC1,No Annotation,DIP2B--ASIC1
614,EIF3L--GCAT,ENSG00000100129,ENSG00000100116,Q9Y262,O75600,chr22,chr22,37878171,37812887,+,+,DANSY_40134,,,,ACH-002005,EIF3L,GCAT,No Annotation,EIF3L--GCAT
615,EIF3L--GCAT,ENSG00000100129,ENSG00000100116,Q9Y262,O75600,chr22,chr22,37878171,37815126,+,+,DANSY_40135,,,,ACH-002005,EIF3L,GCAT,No Annotation,EIF3L--GCAT
616,TMOD2--TMOD3,ENSG00000138594,ENSG00000128872,Q9NYL9,Q9NZR1,chr15,chr15,51869373,51808420,+,+,DANSY_40379,,,,ACH-000758,TMOD3,TMOD2,No Annotation,TMOD3--TMOD2
617,ITGB4--ITGB4,ENSG00000132470,ENSG00000132470,P16144,P16144,chr17,chr17,75754815,75754576,+,+,DANSY_40381,IPR002369|IPR040622|IPR000742|IPR012896|IPR003644|IPR003961|IPR003961,IPR003961|IPR003961,IPR002369|IPR040622|IPR000742|IPR012896|IPR003644|IPR003961|IPR003961|IPR003961|IPR003961,ACH-000758,ITGB4,ITGB4,Pre-existing,ITGB4--ITGB4
618,FGF12--MB21D2,ENSG00000180611,ENSG00000114279,Q8IYB1,P61328,chr3,chr3,192917630,192360538,-,-,DANSY_40394,,,,ACH-000758,MB21D2,FGF12,No Annotation,MB21D2--FGF12
619,PHACTR2--ZC2HC1B,ENSG00000112419,ENSG00000118491,O75167,Q5TFG8,chr6,chr6,143749065,143937649,+,+,DANSY_40678,,,,ACH-000258,PHACTR2,ZC2HC1B,No Annotation,PHACTR2--ZC2HC1B
620,NKD1--TENT4B,ENSG00000140807,ENSG00000121274,Q969G9,Q8NDF8,chr16,chr16,50549555,50229152,+,+,DANSY_40684,,,,ACH-000258,NKD1,TENT4B,No Annotation,NKD1--TENT4B
621,ASH1L--RIT1,ENSG00000116539,ENSG00000143622,Q9NR48,Q92963,chr1,chr1,155360301,155900618,-,-,DANSY_40690,IPR006560|IPR001214,,IPR006560|IPR001214,ACH-000258,ASH1L,RIT1,Pre-existing,ASH1L--RIT1
622,DCLRE1C--MINDY3,ENSG00000148481,ENSG00000152457,Q9H8M7,Q96SD1,chr10,chr10,15786561,14939869,-,-,DANSY_40703,IPR025257,IPR011084,IPR025257|IPR011084,ACH-000258,MINDY3,DCLRE1C,Novel,MINDY3--DCLRE1C
623,ABLIM1--AFAP1L2,ENSG00000169129,ENSG00000099204,Q8N4X5,O14639,chr10,chr10,114333221,114451671,-,-,DANSY_40713,,IPR003128,IPR003128,ACH-000258,AFAP1L2,ABLIM1,Pre-existing,AFAP1L2--ABLIM1
624,GLOD4--VPS53,ENSG00000141252,ENSG00000167699,Q5VIR6,Q9HC38,chr17,chr17,710533,778744,-,-,DANSY_40855,,IPR037523,IPR037523,ACH-000163,VPS53,GLOD4,Pre-existing,VPS53--GLOD4
625,ABL1--BCR,ENSG00000186716,ENSG00000097007,P11274,P00519,chr22,chr9,23289621,130854064,+,+,DANSY_41057,IPR015123|IPR000219|IPR001849,IPR001452|IPR000980|IPR000719|IPR015015,IPR015123|IPR000219|IPR001849|IPR001452|IPR000980|IPR000719|IPR015015,ACH-000076,BCR,ABL1,Novel,BCR--ABL1
626,EWSR1--FLI1,ENSG00000182944,ENSG00000151702,Q01844,Q01543,chr22,chr11,29287134,128805366,+,+,DANSY_41263,,IPR000418,IPR000418,ACH-001193,EWSR1,FLI1,Pre-existing,EWSR1--FLI1
627,FOXRED2--MYH9,ENSG00000100350,ENSG00000100345,Q8IWF2,P35579,chr22,chr22,36490188,36309396,-,-,DANSY_41386,,IPR002928,IPR002928,ACH-000571,FOXRED2,MYH9,Pre-existing,FOXRED2--MYH9
628,MED27--SETX,ENSG00000107290,ENSG00000160563,Q7Z333,Q6P2C8,chr9,chr9,132349252,131893992,-,-,DANSY_41387,,,,ACH-000571,SETX,MED27,No Annotation,SETX--MED27
629,PACRG--QKI,ENSG00000112531,ENSG00000112530,Q96PU8,Q96M98,chr6,chr6,163415335,163314827,+,+,DANSY_41388,,,,ACH-000571,QKI,PACRG,No Annotation,QKI--PACRG
630,PACRG--QKI,ENSG00000112531,ENSG00000112530,Q96PU8,Q96M98,chr6,chr6,163415335,163312779,+,+,DANSY_41389,,,,ACH-000571,QKI,PACRG,No Annotation,QKI--PACRG
631,GNAI1--KPNA7,ENSG00000127955,ENSG00000185467,P63096,A9QM74,chr7,chr7,80135278,99207489,+,-,DANSY_41390,,IPR002652,IPR002652,ACH-000571,GNAI1,KPNA7,Pre-existing,GNAI1--KPNA7
632,CYP1A1--EDC3,ENSG00000179151,ENSG00000140465,Q96F86,P04798,chr15,chr15,74674961,74722341,-,-,DANSY_41404,,,,ACH-000571,EDC3,CYP1A1,No Annotation,EDC3--CYP1A1
633,EWSR1--FLI1,ENSG00000182944,ENSG00000151702,Q01844,Q01543,chr22,chr11,29287134,128781958,+,+,DANSY_41464,,IPR000418,IPR000418,ACH-000391,EWSR1,FLI1,Pre-existing,EWSR1--FLI1
634,ADAM9--ANKFY1,ENSG00000168615,ENSG00000185722,Q13443,Q9P2R3,chr8,chr17,38997160,4170861,+,-,DANSY_41466,,IPR000306,IPR000306,ACH-000391,ADAM9,ANKFY1,Pre-existing,ADAM9--ANKFY1
635,PRKDC--PRKDC,ENSG00000253729,ENSG00000253729,P78527,P78527,chr8,chr8,47864556,47902795,-,-,DANSY_41585,IPR046804|IPR046803,IPR012582|IPR045581|IPR003151|IPR000403|IPR003152,IPR046804|IPR046803|IPR012582|IPR045581|IPR003151|IPR000403|IPR003152,ACH-000293,PRKDC,PRKDC,Pre-existing,PRKDC--PRKDC
636,GSDMB--PGAP3,ENSG00000161395,ENSG00000073605,Q96FM1,Q8TAX9,chr17,chr17,39684597,39905985,-,-,DANSY_41587,,,,ACH-000293,PGAP3,GSDMB,No Annotation,PGAP3--GSDMB
637,GSDMB--PGAP3,ENSG00000161395,ENSG00000073605,Q96FM1,Q8TAX9,chr17,chr17,39685922,39905985,-,-,DANSY_41589,,,,ACH-000293,PGAP3,GSDMB,No Annotation,PGAP3--GSDMB
638,ADCY9--ZSCAN32,ENSG00000162104,ENSG00000140987,O60503,Q9NX65,chr16,chr16,4113750,3384941,-,-,DANSY_41612,,IPR044822|IPR013087|IPR013087|IPR013087|IPR013087|IPR013087|IPR013087,IPR044822|IPR013087|IPR013087|IPR013087|IPR013087|IPR013087|IPR013087,ACH-000293,ADCY9,ZSCAN32,Pre-existing,ADCY9--ZSCAN32
639,LRRC41--P3R3URF-PIK3R3,ENSG00000278139,ENSG00000132128,,Q15345,chr1,chr1,46055795,46303368,-,-,DANSY_41619,,,,ACH-000293,P3R3URF-PIK3R3,LRRC41,,P3R3URF-PIK3R3--LRRC41
640,NAPEPLD--POU2F3,ENSG00000161048,ENSG00000137709,Q6IQ20,Q9UKI9,chr7,chr11,103128483,120298265,-,+,DANSY_41828,,IPR000327|IPR001356,IPR000327|IPR001356,ACH-000532,NAPEPLD,POU2F3,Pre-existing,NAPEPLD--POU2F3
641,RNF213--SLC26A11,ENSG00000173821,ENSG00000181045,Q63HN8,Q86WA9,chr17,chr17,80263778,80245196,+,+,DANSY_41873,,IPR002645,IPR002645,ACH-000584,RNF213,SLC26A11,Pre-existing,RNF213--SLC26A11
642,C12orf54--EXOC6B,ENSG00000144036,ENSG00000177627,Q9Y2D4,Q6X4T0,chr2,chr12,72825798,48486178,-,+,DANSY_41880,,,,ACH-000584,EXOC6B,C12orf54,No Annotation,EXOC6B--C12orf54
643,CCP110--VPS35L,ENSG00000103544,ENSG00000103540,Q7Z3J2,O43303,chr16,chr16,19569591,19544797,+,+,DANSY_41882,,,,ACH-000584,VPS35L,CCP110,No Annotation,VPS35L--CCP110
644,ATAD2B--PFN4,ENSG00000119778,ENSG00000176732,Q9ULI0,Q8NHR9,chr2,chr2,23926555,24121300,-,-,DANSY_41894,,,,ACH-000584,ATAD2B,PFN4,No Annotation,ATAD2B--PFN4
645,ATAD2B--PFN4,ENSG00000119778,ENSG00000176732,Q9ULI0,Q8NHR9,chr2,chr2,23926555,24119682,-,-,DANSY_41895,,,,ACH-000584,ATAD2B,PFN4,No Annotation,ATAD2B--PFN4
646,DNAI2--GOLPH3,ENSG00000113384,ENSG00000171595,Q9H4A6,Q9GZS0,chr5,chr17,32173810,74301046,-,+,DANSY_41899,,,,ACH-000584,GOLPH3,DNAI2,No Annotation,GOLPH3--DNAI2
647,EPS15--ROCK1,ENSG00000067900,ENSG00000085832,Q13464,P42566,chr18,chr1,21110818,51472948,-,-,DANSY_42028,,IPR000261|IPR000261,IPR000261|IPR000261,ACH-001690,ROCK1,EPS15,Pre-existing,ROCK1--EPS15
648,ARID2--TMEM117,ENSG00000189079,ENSG00000139173,Q68CP9,Q9H0C3,chr12,chr12,45731314,44299580,+,+,DANSY_42224,,,,ACH-000944,ARID2,TMEM117,No Annotation,ARID2--TMEM117
649,CCBE1--WDR7,ENSG00000091157,ENSG00000183287,Q9Y4E6,Q6UXH8,chr18,chr18,56679438,59480238,+,-,DANSY_42225,,IPR000742|IPR000742,IPR000742|IPR000742,ACH-000944,WDR7,CCBE1,Pre-existing,WDR7--CCBE1
650,FOXJ3--PTPRF,ENSG00000142949,ENSG00000198815,P10586,Q9UPW0,chr1,chr1,43605000,42195064,+,-,DANSY_42299,IPR003598|IPR003598|IPR003598|IPR003961|IPR003961|IPR003961|IPR003961|IPR003961|IPR003961|IPR003961,,IPR003598|IPR003598|IPR003598|IPR003961|IPR003961|IPR003961|IPR003961|IPR003961|IPR003961|IPR003961,ACH-001172,PTPRF,FOXJ3,Pre-existing,PTPRF--FOXJ3
651,HAS3--UTP4,ENSG00000103044,ENSG00000141076,O00219,Q969X6,chr16,chr16,69110031,69168821,+,+,DANSY_42300,,,,ACH-001172,HAS3,UTP4,No Annotation,HAS3--UTP4
652,KIF15--ZKSCAN7,ENSG00000196345,ENSG00000163808,Q9P0L1,Q9NS87,chr3,chr3,44570665,44814911,+,+,DANSY_42301,IPR003309|IPR001909|IPR013087|IPR013087|IPR013087|IPR013087,IPR031794,IPR003309|IPR001909|IPR013087|IPR013087|IPR013087|IPR013087|IPR031794,ACH-001172,ZKSCAN7,KIF15,Novel,ZKSCAN7--KIF15
653,CENPU--ENPP6,ENSG00000151725,ENSG00000164303,Q71F23,Q6UWR7,chr4,chr4,184712944,184153733,-,-,DANSY_42306,,,,ACH-001172,CENPU,ENPP6,No Annotation,CENPU--ENPP6
654,AMPD1--DHX38,ENSG00000140829,ENSG00000116748,Q92620,P23109,chr16,chr1,72097009,114688741,+,-,DANSY_42308,,,,ACH-001172,DHX38,AMPD1,No Annotation,DHX38--AMPD1
655,AMPD1--DHX38,ENSG00000140829,ENSG00000116748,Q92620,P23109,chr16,chr1,72097781,114688741,+,-,DANSY_42309,,,,ACH-001172,DHX38,AMPD1,No Annotation,DHX38--AMPD1
656,ARHGEF3--RRP9,ENSG00000163947,ENSG00000114767,Q9NR81,O43818,chr3,chr3,57035088,51938204,-,-,DANSY_42315,,,,ACH-001172,ARHGEF3,RRP9,No Annotation,ARHGEF3--RRP9
657,BABAM2--KPNA7,ENSG00000158019,ENSG00000185467,Q9NXR7,A9QM74,chr2,chr7,28045799,99178066,+,-,DANSY_42319,,,,ACH-001172,BABAM2,KPNA7,No Annotation,BABAM2--KPNA7
658,ATL2--HS1BP3,ENSG00000119787,ENSG00000118960,Q8NHH9,Q53T59,chr2,chr2,38309379,20641180,-,-,DANSY_42448,IPR015894,,IPR015894,ACH-000561,ATL2,HS1BP3,Pre-existing,ATL2--HS1BP3
659,PPP6R3--SPTBN2,ENSG00000173898,ENSG00000110075,O15020,Q5H9R7,chr11,chr11,66686398,68569748,-,+,DANSY_42450,IPR001715|IPR001715|IPR001605|IPR001605|IPR001605,,IPR001715|IPR001715|IPR001605|IPR001605|IPR001605,ACH-000561,SPTBN2,PPP6R3,Pre-existing,SPTBN2--PPP6R3
660,PPP2R5D--ZNF184,ENSG00000096654,ENSG00000112640,Q99676,Q14738,chr6,chr6,27467853,43006463,-,+,DANSY_42458,,,,ACH-000561,ZNF184,PPP2R5D,No Annotation,ZNF184--PPP2R5D
661,NEMF--SOS2,ENSG00000165525,ENSG00000100485,O60524,Q07890,chr14,chr14,49813988,50138784,-,-,DANSY_42460,,,,ACH-000561,NEMF,SOS2,No Annotation,NEMF--SOS2
662,GDAP1--TMEM38B,ENSG00000095209,ENSG00000104381,Q9NVV0,Q8TB36,chr9,chr8,105748190,74351274,+,+,DANSY_42505,,IPR010987,IPR010987,ACH-000561,TMEM38B,GDAP1,Pre-existing,TMEM38B--GDAP1
663,TAF6L--TMEM179B,ENSG00000185475,ENSG00000162227,Q7Z7N9,Q9Y6J9,chr11,chr11,62787527,62786260,+,+,DANSY_43353,,,,ACH-000204,TMEM179B,TAF6L,No Annotation,TMEM179B--TAF6L
664,DNAH2--SENP3,ENSG00000161956,ENSG00000183914,Q9H4L4,Q9P225,chr17,chr17,7567004,7765391,+,+,DANSY_43357,IPR045577,IPR013602|IPR003593|IPR041466|IPR003593|IPR041589|IPR024317|IPR024743|IPR035706|IPR004273|IPR041658|IPR041228,IPR045577|IPR013602|IPR003593|IPR041466|IPR003593|IPR041589|IPR024317|IPR024743|IPR035706|IPR004273|IPR041658|IPR041228,ACH-000204,SENP3,DNAH2,Novel,SENP3--DNAH2
665,TENM3--WWC2,ENSG00000151718,ENSG00000218336,Q6AWC2,Q9P273,chr4,chr4,183099622,182773472,+,+,DANSY_43373,IPR001202,IPR022385|IPR028916,IPR001202|IPR022385|IPR028916,ACH-000204,WWC2,TENM3,Novel,WWC2--TENM3
666,EMP1--RPS24,ENSG00000138326,ENSG00000134531,P62847,P54849,chr10,chr12,78035720,13213479,+,+,DANSY_43440,,,,ACH-001164,RPS24,EMP1,No Annotation,RPS24--EMP1
667,FUS--GABRA3,ENSG00000089280,ENSG00000011677,P35637,P34903,chr16,chrX,31185179,152345702,+,-,DANSY_43447,,IPR006202|IPR006029,IPR006202|IPR006029,ACH-001164,FUS,GABRA3,Pre-existing,FUS--GABRA3
668,XPA--ZNF680,ENSG00000173041,ENSG00000136936,Q8NEM1,P23025,chr7,chr9,64543707,97675587,-,-,DANSY_43470,IPR001909,,IPR001909,ACH-001164,ZNF680,XPA,Pre-existing,ZNF680--XPA
669,CLSTN2--FSD1,ENSG00000105255,ENSG00000158258,Q9BTV5,Q9H4D0,chr19,chr3,4312051,140403629,+,+,DANSY_43480,IPR003649|IPR017903,IPR002126|IPR045588,IPR003649|IPR017903|IPR002126|IPR045588,ACH-001164,FSD1,CLSTN2,Novel,FSD1--CLSTN2
670,RBPJ--SRSF7,ENSG00000115875,ENSG00000168214,Q16629,Q06330,chr2,chr4,38746144,26406175,-,+,DANSY_43484,IPR000504|IPR001878,IPR015351|IPR015350|IPR038007,IPR000504|IPR001878|IPR015351|IPR015350|IPR038007,ACH-001164,SRSF7,RBPJ,Novel,SRSF7--RBPJ
671,RBPJ--SRSF7,ENSG00000115875,ENSG00000168214,Q16629,Q06330,chr2,chr4,38746694,26406175,-,+,DANSY_43485,IPR000504|IPR001878,IPR015351|IPR015350|IPR038007,IPR000504|IPR001878|IPR015351|IPR015350|IPR038007,ACH-001164,SRSF7,RBPJ,Novel,SRSF7--RBPJ
672,NFE2L2--PTPN18,ENSG00000116044,ENSG00000072135,Q16236,Q99952,chr2,chr2,177264532,130369133,-,+,DANSY_43494,,,,ACH-001164,NFE2L2,PTPN18,No Annotation,NFE2L2--PTPN18
673,NFE2L2--PTPN18,ENSG00000116044,ENSG00000072135,Q16236,Q99952,chr2,chr2,177264532,130358867,-,+,DANSY_43497,,,,ACH-001164,NFE2L2,PTPN18,No Annotation,NFE2L2--PTPN18
674,LDLR--MYH14,ENSG00000130164,ENSG00000105357,P01130,Q7Z406,chr19,chr19,11089615,50230525,+,+,DANSY_43505,,IPR002928,IPR002928,ACH-001164,LDLR,MYH14,Pre-existing,LDLR--MYH14
675,LDLR--MYH14,ENSG00000130164,ENSG00000105357,P01130,Q7Z406,chr19,chr19,11089615,50231930,+,+,DANSY_43506,,IPR002928,IPR002928,ACH-001164,LDLR,MYH14,Pre-existing,LDLR--MYH14
676,COMMD7--GSS,ENSG00000149600,ENSG00000100983,Q86VX2,P48637,chr20,chr20,32727893,34951860,-,-,DANSY_43976,,IPR004887,IPR004887,ACH-001347,COMMD7,GSS,Pre-existing,COMMD7--GSS
677,MET--ST7,ENSG00000004866,ENSG00000105976,Q9NRC1,P08581,chr7,chr7,116953691,116699071,+,+,DANSY_44322,,IPR001627|IPR016201|IPR002909|IPR002909|IPR002909|IPR002909|IPR000719,IPR001627|IPR016201|IPR002909|IPR002909|IPR002909|IPR002909|IPR000719,ACH-000268,ST7,MET,Pre-existing,ST7--MET
678,LAMC1--LAMC2,ENSG00000135862,ENSG00000058085,P11047,Q13753,chr1,chr1,183118146,183222089,+,+,DANSY_44562,IPR008211|IPR002049|IPR000742|IPR000742|IPR000742,IPR000034|IPR002049|IPR000742|IPR000742|IPR000742|IPR000742,IPR008211|IPR002049|IPR000742|IPR000742|IPR000742|IPR000034|IPR002049|IPR000742|IPR000742|IPR000742|IPR000742,ACH-001341,LAMC1,LAMC2,Novel,LAMC1--LAMC2
679,ANKRD30B--VPS35L,ENSG00000103544,ENSG00000180777,Q7Z3J2,Q9BXX2,chr16,chr18,19581653,14851509,+,+,DANSY_44576,,,,ACH-001341,VPS35L,ANKRD30B,No Annotation,VPS35L--ANKRD30B
680,GBE1--KIF20B,ENSG00000138182,ENSG00000114480,Q96Q89,Q04446,chr10,chr3,89754673,81649921,+,-,DANSY_44756,IPR001752,IPR006047|IPR006048,IPR001752|IPR006047|IPR006048,ACH-000714,KIF20B,GBE1,Novel,KIF20B--GBE1
681,GBE1--KIF20B,ENSG00000114480,ENSG00000138182,Q04446,Q96Q89,chr3,chr10,81670838,89758706,-,+,DANSY_44757,,,,ACH-000714,GBE1,KIF20B,No Annotation,GBE1--KIF20B
682,ACSS3--CAND1,ENSG00000111530,ENSG00000111058,Q86VP6,Q9H6R3,chr12,chr12,67295156,81109560,+,+,DANSY_44774,,IPR000873|IPR025110,IPR000873|IPR025110,ACH-000714,CAND1,ACSS3,Pre-existing,CAND1--ACSS3
683,COL4A3--FBXO36,ENSG00000169031,ENSG00000153832,Q01955,Q8NEA4,chr2,chr2,227298812,229976241,+,+,DANSY_44775,,IPR001810,IPR001810,ACH-000714,COL4A3,FBXO36,Pre-existing,COL4A3--FBXO36
684,EXOC1--OPA1,ENSG00000198836,ENSG00000090989,O60313,Q9NV70,chr3,chr4,193615770,55899685,+,+,DANSY_44981,,,,ACH-002834,OPA1,EXOC1,No Annotation,OPA1--EXOC1
685,FAM104A--SLC25A31,ENSG00000133193,ENSG00000151475,Q969W3,Q9H0C2,chr17,chr4,73227165,127768752,-,+,DANSY_44993,,,,ACH-002834,FAM104A,SLC25A31,No Annotation,FAM104A--SLC25A31
686,LRBA--SCLT1,ENSG00000151466,ENSG00000198589,Q96NL6,P50851,chr4,chr4,129082306,150415590,-,-,DANSY_45003,,IPR046851,IPR046851,ACH-002834,SCLT1,LRBA,Pre-existing,SCLT1--LRBA
687,DCLK2--EDNRA,ENSG00000170390,ENSG00000151617,Q8N568,P25101,chr4,chr4,150102812,147519851,+,+,DANSY_45004,IPR003533,,IPR003533,ACH-002834,DCLK2,EDNRA,Pre-existing,DCLK2--EDNRA
688,DCLK2--EDNRA,ENSG00000170390,ENSG00000151617,Q8N568,P25101,chr4,chr4,150102812,147535877,+,+,DANSY_45006,IPR003533,,IPR003533,ACH-002834,DCLK2,EDNRA,Pre-existing,DCLK2--EDNRA
689,RNF8--TBC1D22B,ENSG00000112130,ENSG00000065491,O76064,Q9NU19,chr6,chr6,37377033,37331044,+,+,DANSY_45008,IPR000253,,IPR000253,ACH-002834,RNF8,TBC1D22B,Pre-existing,RNF8--TBC1D22B
690,GAS7--USP43,ENSG00000154914,ENSG00000007237,Q70EL4,O60861,chr17,chr17,9656534,10019897,+,-,DANSY_45049,,IPR001202|IPR001060|IPR037957,IPR001202|IPR001060|IPR037957,ACH-002834,USP43,GAS7,Pre-existing,USP43--GAS7
691,ADGRE3--CDK5RAP2,ENSG00000136861,ENSG00000131355,Q96SN8,Q9BY15,chr9,chr19,120579920,14630207,-,-,DANSY_45195,,,,ACH-001673,CDK5RAP2,ADGRE3,No Annotation,CDK5RAP2--ADGRE3
692,ABL1--BCR,ENSG00000186716,ENSG00000097007,P11274,P00519,chr22,chr9,23290413,130854064,+,+,DANSY_45291,IPR015123|IPR000219|IPR001849,IPR001452|IPR000980|IPR000719|IPR015015,IPR015123|IPR000219|IPR001849|IPR001452|IPR000980|IPR000719|IPR015015,ACH-000326,BCR,ABL1,Novel,BCR--ABL1
693,ABL1--BCR,ENSG00000097007,ENSG00000186716,P00519,P11274,chr9,chr22,130714455,23292541,+,+,DANSY_45292,,IPR000198,IPR000198,ACH-000326,ABL1,BCR,Pre-existing,ABL1--BCR
694,ABL1--BCR,ENSG00000186716,ENSG00000097007,P11274,P00519,chr22,chr9,23289621,130854064,+,+,DANSY_45293,IPR015123|IPR000219|IPR001849,IPR001452|IPR000980|IPR000719|IPR015015,IPR015123|IPR000219|IPR001849|IPR001452|IPR000980|IPR000719|IPR015015,ACH-000326,BCR,ABL1,Novel,BCR--ABL1
695,FAF1--MAML3,ENSG00000196782,ENSG00000185104,Q96JK9,Q9UNN5,chr4,chr1,140152860,50441523,-,-,DANSY_45301,IPR019082,,IPR019082,ACH-000326,MAML3,FAF1,Pre-existing,MAML3--FAF1
696,GPC6--GPR180,ENSG00000152749,ENSG00000183098,Q86V85,Q9Y625,chr13,chr13,94612390,94286349,+,+,DANSY_46051,IPR053880,,IPR053880,ACH-000511,GPR180,GPC6,Pre-existing,GPR180--GPC6
697,C2CD3--PAAF1,ENSG00000168014,ENSG00000175575,Q4AC94,Q9BRP4,chr11,chr11,74048205,73878779,-,+,DANSY_46159,IPR057537|IPR000008|IPR000008|IPR000008|IPR000008|IPR000008|IPR000008,,IPR057537|IPR000008|IPR000008|IPR000008|IPR000008|IPR000008|IPR000008,ACH-002077,C2CD3,PAAF1,Pre-existing,C2CD3--PAAF1
698,TTBK2--UBR1,ENSG00000128881,ENSG00000159459,Q6IQ55,Q8IWV7,chr15,chr15,42794644,42952448,-,-,DANSY_46163,IPR000719,,IPR000719,ACH-002077,TTBK2,UBR1,Pre-existing,TTBK2--UBR1
699,LYZ--MED13L,ENSG00000123066,ENSG00000090382,Q71F56,P61626,chr12,chr12,116237468,69350108,-,+,DANSY_46363,,IPR019799,IPR019799,ACH-000975,MED13L,LYZ,Pre-existing,MED13L--LYZ
700,LYZ--MED13L,ENSG00000123066,ENSG00000090382,Q71F56,P61626,chr12,chr12,116237468,69352220,-,+,DANSY_46364,,,,ACH-000975,MED13L,LYZ,No Annotation,MED13L--LYZ
701,EIF2AK3--HNRNPLL,ENSG00000172071,ENSG00000143889,Q9NZJ5,Q8WVV9,chr2,chr2,88613724,38591648,-,-,DANSY_46369,,IPR000504|IPR000504|IPR000504|IPR034987,IPR000504|IPR000504|IPR000504|IPR034987,ACH-000975,EIF2AK3,HNRNPLL,Pre-existing,EIF2AK3--HNRNPLL
702,GNAQ--PRUNE2,ENSG00000156052,ENSG00000106772,P50148,Q8WUY3,chr9,chr9,77794463,76713721,-,-,DANSY_46371,,IPR001251,IPR001251,ACH-000975,GNAQ,PRUNE2,Pre-existing,GNAQ--PRUNE2
703,FLNB--SLMAP,ENSG00000136068,ENSG00000163681,O75369,Q14BN4,chr3,chr3,58138529,57857733,+,+,DANSY_46372,IPR001715|IPR001715,,IPR001715|IPR001715,ACH-000975,FLNB,SLMAP,Pre-existing,FLNB--SLMAP
704,ACAD11--STAG1,ENSG00000118007,ENSG00000240303,Q8WVM7,Q709F0,chr3,chr3,136398749,132605205,-,-,DANSY_46401,IPR013721|IPR020839|IPR056396,IPR006091|IPR009075,IPR013721|IPR020839|IPR056396|IPR006091|IPR009075,ACH-000975,STAG1,ACAD11,Novel,STAG1--ACAD11
705,CELF2--NET1,ENSG00000173848,ENSG00000048740,Q7Z628,O95319,chr10,chr10,5429229,11249153,+,+,DANSY_46417,,IPR000504|IPR000504,IPR000504|IPR000504,ACH-000975,NET1,CELF2,Pre-existing,NET1--CELF2
706,MADD--WAPL,ENSG00000110514,ENSG00000062650,Q8WXG6,Q7Z5K2,chr11,chr10,47315327,86438015,+,-,DANSY_46677,IPR005113|IPR001194|IPR005112|IPR056574,,IPR005113|IPR001194|IPR005112|IPR056574,ACH-000467,MADD,WAPL,Pre-existing,MADD--WAPL
707,MADD--WAPL,ENSG00000110514,ENSG00000062650,Q8WXG6,Q7Z5K2,chr11,chr10,47311842,86438015,+,-,DANSY_46678,IPR005113|IPR001194|IPR005112|IPR056574,,IPR005113|IPR001194|IPR005112|IPR056574,ACH-000467,MADD,WAPL,Pre-existing,MADD--WAPL
708,HSDL2--KIAA1958,ENSG00000165185,ENSG00000119471,Q8N8K9,Q6YN16,chr9,chr9,112575251,112454013,+,+,DANSY_46690,,IPR003033,IPR003033,ACH-000467,KIAA1958,HSDL2,Pre-existing,KIAA1958--HSDL2
709,MICAL2--SERINC5,ENSG00000164300,ENSG00000133816,Q86VE9,O94851,chr5,chr11,80255896,12204250,-,+,DANSY_46691,,IPR002938|IPR057494|IPR001715|IPR001781|IPR016103|IPR022735,IPR002938|IPR057494|IPR001715|IPR001781|IPR016103|IPR022735,ACH-000467,SERINC5,MICAL2,Pre-existing,SERINC5--MICAL2
710,DDIT3--FUS,ENSG00000089280,ENSG00000175197,P35637,P35638,chr16,chr12,31186836,57517753,+,-,DANSY_47169,,IPR004827,IPR004827,ACH-002708,FUS,DDIT3,Pre-existing,FUS--DDIT3
711,QSOX1--RNF220,ENSG00000187147,ENSG00000116260,Q5VTB9,O00391,chr1,chr1,44412722,180166491,+,+,DANSY_47239,,IPR041269|IPR040986|IPR017905,IPR041269|IPR040986|IPR017905,ACH-000864,RNF220,QSOX1,Pre-existing,RNF220--QSOX1
712,CHMP4B--NCOA6,ENSG00000101421,ENSG00000198646,Q9H444,Q14686,chr20,chr20,33811658,34715365,+,-,DANSY_47389,,,,ACH-000556,CHMP4B,NCOA6,No Annotation,CHMP4B--NCOA6
713,P4HA1--PLA2G12B,ENSG00000122884,ENSG00000138308,P13674,Q9BX93,chr10,chr10,73068846,72942740,-,-,DANSY_47400,IPR013547,,IPR013547,ACH-000556,P4HA1,PLA2G12B,Pre-existing,P4HA1--PLA2G12B
714,CDH13--HYDIN,ENSG00000140945,ENSG00000157423,P55290,Q4G0P3,chr16,chr16,82627137,71020317,+,-,DANSY_47404,,IPR033768|IPR053879|IPR053879,IPR033768|IPR053879|IPR053879,ACH-000556,CDH13,HYDIN,Pre-existing,CDH13--HYDIN
715,AMBRA1--ARHGAP1,ENSG00000110497,ENSG00000175220,Q9C0C7,Q07960,chr11,chr11,46493608,46688260,-,-,DANSY_47414,,IPR000198,IPR000198,ACH-000556,AMBRA1,ARHGAP1,Pre-existing,AMBRA1--ARHGAP1
716,GCAT--GGA1,ENSG00000100116,ENSG00000100083,O75600,Q9UJY5,chr22,chr22,37808163,37614190,+,+,DANSY_47426,,IPR004152|IPR008152,IPR004152|IPR008152,ACH-000556,GCAT,GGA1,Pre-existing,GCAT--GGA1
717,C5--PSMD5,ENSG00000095261,ENSG00000106804,Q16401,P01031,chr9,chr9,120842737,120963738,-,-,DANSY_47430,,IPR009048|IPR001134,IPR009048|IPR001134,ACH-000556,PSMD5,C5,Pre-existing,PSMD5--C5
718,ETV1--PDS5A,ENSG00000121892,ENSG00000006468,Q29RF7,P50549,chr4,chr7,39920319,13896087,-,-,DANSY_47575,,,,ACH-001858,PDS5A,ETV1,No Annotation,PDS5A--ETV1
719,ADAM9--DNAJC11,ENSG00000007923,ENSG00000168615,Q9NVH1,Q13443,chr1,chr8,6701729,39021643,-,+,DANSY_47762,,IPR001762|IPR006586|IPR000742,IPR001762|IPR006586|IPR000742,ACH-002067,DNAJC11,ADAM9,Pre-existing,DNAJC11--ADAM9
720,MEIOB--PHF20,ENSG00000162039,ENSG00000025293,Q8N635,Q9BVI0,chr16,chr20,1837784,35927780,-,+,DANSY_47774,IPR056880,,IPR056880,ACH-002067,MEIOB,PHF20,Pre-existing,MEIOB--PHF20
721,MEIOB--PHF20,ENSG00000162039,ENSG00000025293,Q8N635,Q9BVI0,chr16,chr20,1839255,35927780,-,+,DANSY_47775,IPR056880,,IPR056880,ACH-002067,MEIOB,PHF20,Pre-existing,MEIOB--PHF20
722,RNF215--SYN3,ENSG00000099999,ENSG00000185666,Q9Y6U7,O14994,chr22,chr22,30386616,32529008,-,-,DANSY_47779,,,,ACH-002067,RNF215,SYN3,No Annotation,RNF215--SYN3
723,ANKDD1A--ZNF609,ENSG00000180357,ENSG00000166839,O15014,Q495B1,chr15,chr15,64500166,64930822,+,+,DANSY_47781,,IPR000488,IPR000488,ACH-002067,ZNF609,ANKDD1A,Pre-existing,ZNF609--ANKDD1A
724,ANKDD1A--ZNF609,ENSG00000180357,ENSG00000166839,O15014,Q495B1,chr15,chr15,64500166,64921921,+,+,DANSY_47782,,IPR000488,IPR000488,ACH-002067,ZNF609,ANKDD1A,Pre-existing,ZNF609--ANKDD1A
725,ANKDD1A--ZNF609,ENSG00000180357,ENSG00000166839,O15014,Q495B1,chr15,chr15,64500166,64926066,+,+,DANSY_47783,,IPR000488,IPR000488,ACH-002067,ZNF609,ANKDD1A,Pre-existing,ZNF609--ANKDD1A
726,FKTN--TMEM38B,ENSG00000095209,ENSG00000106692,Q9NVV0,O75072,chr9,chr9,105748190,105596598,+,+,DANSY_47796,,IPR007074,IPR007074,ACH-002067,TMEM38B,FKTN,Pre-existing,TMEM38B--FKTN
727,EDC3--ETFA,ENSG00000140374,ENSG00000179151,P13804,Q96F86,chr15,chr15,76283757,74656068,-,-,DANSY_48068,IPR014730,IPR019050|IPR004443,IPR014730|IPR019050|IPR004443,ACH-001461,ETFA,EDC3,Novel,ETFA--EDC3
728,NAALADL2--RARRES1,ENSG00000177694,ENSG00000118849,Q58DX5,P49788,chr3,chr3,175627386,158713859,+,-,DANSY_48081,IPR007484,,IPR007484,ACH-001461,NAALADL2,RARRES1,Pre-existing,NAALADL2--RARRES1
729,DCC--ZNF407,ENSG00000215421,ENSG00000187323,Q9C0G0,P43146,chr18,chr18,74631287,53410452,+,+,DANSY_48145,,IPR010560,IPR010560,ACH-000890,ZNF407,DCC,Pre-existing,ZNF407--DCC
730,GBA2--RGP1,ENSG00000070610,ENSG00000107185,Q9HCG7,Q92546,chr9,chr9,35748346,35749737,-,+,DANSY_48256,,,,ACH-001692,GBA2,RGP1,No Annotation,GBA2--RGP1
731,ROS1--SLC34A2,ENSG00000157765,ENSG00000047936,O95436,P08922,chr4,chr6,25664330,117324415,+,-,DANSY_48426,,IPR000719,IPR000719,ACH-000562,SLC34A2,ROS1,Pre-existing,SLC34A2--ROS1
732,ROS1--SLC34A2,ENSG00000157765,ENSG00000047936,O95436,P08922,chr4,chr6,25664330,117321394,+,-,DANSY_48428,,IPR000719,IPR000719,ACH-000562,SLC34A2,ROS1,Pre-existing,SLC34A2--ROS1
733,PPL--SEC14L5,ENSG00000118898,ENSG00000103184,O60437,O43304,chr16,chr16,4895261,4987557,-,+,DANSY_48432,IPR055419,IPR011074|IPR001251|IPR009038,IPR055419|IPR011074|IPR001251|IPR009038,ACH-000562,PPL,SEC14L5,Novel,PPL--SEC14L5
734,TMCO3--UBAC2,ENSG00000134882,ENSG00000150403,Q8NBM4,Q6UWJ1,chr13,chr13,99340565,113549425,+,+,DANSY_48495,,,,ACH-000748,UBAC2,TMCO3,No Annotation,UBAC2--TMCO3
735,KIF5A--STK24,ENSG00000155980,ENSG00000102572,Q12840,Q9Y6E0,chr12,chr13,57550400,98463836,+,-,DANSY_48502,,IPR048288,IPR048288,ACH-000748,KIF5A,STK24,Pre-existing,KIF5A--STK24
736,MID1--YIPF6,ENSG00000101871,ENSG00000181704,O15344,Q96EC8,chrX,chrX,10566888,68511849,-,+,DANSY_48801,IPR001841|IPR000315|IPR000315,IPR006977,IPR001841|IPR000315|IPR000315|IPR006977,ACH-000565,MID1,YIPF6,Novel,MID1--YIPF6
737,APC--KCNN2,ENSG00000134982,ENSG00000080709,P25054,Q9H2S1,chr5,chr5,112835165,114463049,+,+,DANSY_48808,IPR032038,,IPR032038,ACH-000565,APC,KCNN2,Pre-existing,APC--KCNN2
738,MDM2--NBAS,ENSG00000151779,ENSG00000135679,A2RRP1,Q00987,chr2,chr12,15534543,68809208,-,+,DANSY_49171,,IPR003121|IPR001876|IPR001841,IPR003121|IPR001876|IPR001841,ACH-002080,NBAS,MDM2,Pre-existing,NBAS--MDM2
739,ATP23--NBAS,ENSG00000151779,ENSG00000166896,A2RRP1,Q9Y6H3,chr2,chr12,15534543,57945628,-,+,DANSY_49210,,,,ACH-002080,NBAS,ATP23,No Annotation,NBAS--ATP23
740,MLLT10--PICALM,ENSG00000078403,ENSG00000073921,P55197,Q13492,chr10,chr11,21538912,85974812,+,-,DANSY_49315,IPR001965,,IPR001965,ACH-000770,MLLT10,PICALM,Pre-existing,MLLT10--PICALM
741,MLLT10--PICALM,ENSG00000078403,ENSG00000073921,P55197,Q13492,chr10,chr11,21538912,85976682,+,-,DANSY_49316,IPR001965,,IPR001965,ACH-000770,MLLT10,PICALM,Pre-existing,MLLT10--PICALM
742,MLLT10--PICALM,ENSG00000078403,ENSG00000073921,P55197,Q13492,chr10,chr11,21538912,85959060,+,-,DANSY_49317,IPR001965,,IPR001965,ACH-000770,MLLT10,PICALM,Pre-existing,MLLT10--PICALM
743,MLLT10--PICALM,ENSG00000073921,ENSG00000078403,Q13492,P55197,chr11,chr10,85981129,21586294,-,+,DANSY_49318,IPR011417,IPR001965|IPR049773,IPR011417|IPR001965|IPR049773,ACH-000770,PICALM,MLLT10,Novel,PICALM--MLLT10
744,MLLT10--PICALM,ENSG00000073921,ENSG00000078403,Q13492,P55197,chr11,chr10,85981129,21556643,-,+,DANSY_49320,IPR011417,IPR001965|IPR049773,IPR011417|IPR001965|IPR049773,ACH-000770,PICALM,MLLT10,Novel,PICALM--MLLT10
745,H2AZ2--TNS3,ENSG00000136205,ENSG00000105968,Q68CZ2,Q71UI9,chr7,chr7,47481103,44843354,-,-,DANSY_49324,,IPR007125|IPR032454,IPR007125|IPR032454,ACH-000770,TNS3,H2AZ2,Pre-existing,TNS3--H2AZ2
746,GNAI2--RBM6,ENSG00000114353,ENSG00000004534,P04899,P78332,chr3,chr3,50227193,50048245,+,+,DANSY_49345,,IPR000504|IPR035617|IPR000467,IPR000504|IPR035617|IPR000467,ACH-000770,GNAI2,RBM6,Pre-existing,GNAI2--RBM6
747,DYNC1I1--RABGEF1,ENSG00000154710,ENSG00000158560,Q9UJ41,O14576,chr7,chr7,66783841,95977514,+,+,DANSY_49347,IPR002653,,IPR002653,ACH-000770,RABGEF1,DYNC1I1,Pre-existing,RABGEF1--DYNC1I1
748,DYNC1I1--RABGEF1,ENSG00000154710,ENSG00000158560,Q9UJ41,O14576,chr7,chr7,66775393,95977512,+,+,DANSY_49348,IPR002653,,IPR002653,ACH-000770,RABGEF1,DYNC1I1,Pre-existing,RABGEF1--DYNC1I1
749,DNAJC4--FKBP2,ENSG00000173486,ENSG00000110011,P26885,Q9NNZ3,chr11,chr11,64243311,64233894,+,+,DANSY_49568,,,,ACH-000507,FKBP2,DNAJC4,No Annotation,FKBP2--DNAJC4
750,RNF10--SIRT4,ENSG00000022840,ENSG00000089163,Q8N5U6,Q9Y6E7,chr12,chr12,120552698,120303561,+,+,DANSY_49590,,IPR026590,IPR026590,ACH-000507,RNF10,SIRT4,Pre-existing,RNF10--SIRT4
751,ACSS1--BCAT1,ENSG00000154930,ENSG00000060982,Q9NUB1,P54687,chr20,chr12,25013961,24849949,-,-,DANSY_49605,IPR032387,,IPR032387,ACH-000507,ACSS1,BCAT1,Pre-existing,ACSS1--BCAT1
752,UBQLN4--UBQLN4,ENSG00000160803,ENSG00000160803,Q9NRR5,Q9NRR5,chr1,chr1,156041485,156044223,-,-,DANSY_49616,IPR000626|IPR006636|IPR006636|IPR006636|IPR006636,IPR006636|IPR006636|IPR015940,IPR000626|IPR006636|IPR006636|IPR006636|IPR006636|IPR006636|IPR006636|IPR015940,ACH-000507,UBQLN4,UBQLN4,Novel,UBQLN4--UBQLN4
753,KRAS--SOX5,ENSG00000133703,ENSG00000134532,P01116,P35711,chr12,chr12,25245274,23846193,-,-,DANSY_49617,,IPR009071,IPR009071,ACH-000507,KRAS,SOX5,Pre-existing,KRAS--SOX5
754,ARID1A--MAU2,ENSG00000117713,ENSG00000129933,O14497,Q9Y6X3,chr1,chr19,26697540,19335718,+,+,DANSY_50062,,,,ACH-000334,ARID1A,MAU2,No Annotation,ARID1A--MAU2
755,C19orf53--ZNF431,ENSG00000104979,ENSG00000196705,Q9UNZ5,Q8TF32,chr19,chr19,13774707,21166335,+,+,DANSY_50065,,IPR001909|IPR013087|IPR013087|IPR013087|IPR013087|IPR013087|IPR013087|IPR013087|IPR013087|IPR013087|IPR013087|IPR013087|IPR013087|IPR013087,IPR001909|IPR013087|IPR013087|IPR013087|IPR013087|IPR013087|IPR013087|IPR013087|IPR013087|IPR013087|IPR013087|IPR013087|IPR013087|IPR013087,ACH-000334,C19orf53,ZNF431,Pre-existing,C19orf53--ZNF431
756,SCP2--ZYG11A,ENSG00000203995,ENSG00000116171,Q6WRX3,P22307,chr1,chr1,52854630,53014890,+,+,DANSY_50154,,IPR003033,IPR003033,ACH-000374,ZYG11A,SCP2,Pre-existing,ZYG11A--SCP2
757,HECW1--HELZ,ENSG00000198265,ENSG00000002746,P42694,Q76N89,chr17,chr7,67107169,43479610,-,+,DANSY_50182,IPR000571|IPR014016|IPR041677|IPR041679,IPR000569,IPR000571|IPR014016|IPR041677|IPR041679|IPR000569,ACH-000374,HELZ,HECW1,Novel,HELZ--HECW1
758,LGR6--PPP1R12B,ENSG00000077157,ENSG00000133067,O60237,Q9HBX8,chr1,chr1,202449171,202225423,+,+,DANSY_50196,,,,ACH-000374,PPP1R12B,LGR6,No Annotation,PPP1R12B--LGR6
759,ABL1--NUP214,ENSG00000126883,ENSG00000097007,P35658,P00519,chr9,chr9,131230769,130854064,+,+,DANSY_50339,IPR039462|IPR041553,IPR001452|IPR000980|IPR000719|IPR015015,IPR039462|IPR041553|IPR001452|IPR000980|IPR000719|IPR015015,ACH-000519,NUP214,ABL1,Novel,NUP214--ABL1
760,ABL1--NUP214,ENSG00000126883,ENSG00000097007,P35658,P00519,chr9,chr9,131230769,130854067,+,+,DANSY_50340,IPR039462|IPR041553,IPR001452|IPR000980|IPR000719|IPR015015,IPR039462|IPR041553|IPR001452|IPR000980|IPR000719|IPR015015,ACH-000519,NUP214,ABL1,Novel,NUP214--ABL1
761,MLST8--TEDC2,ENSG00000162062,ENSG00000167965,Q7L2K0,Q9BVC4,chr16,chr16,2460381,2208450,+,+,DANSY_50528,,,,ACH-002003,TEDC2,MLST8,No Annotation,TEDC2--MLST8
762,MRPL2--RPL7L1,ENSG00000146223,ENSG00000112651,Q6DKI1,Q5T653,chr6,chr6,42880966,43058233,+,-,DANSY_50930,,IPR022666|IPR022669,IPR022666|IPR022669,ACH-002461,RPL7L1,MRPL2,Pre-existing,RPL7L1--MRPL2
763,NLN--PPWD1,ENSG00000113593,ENSG00000123213,Q96BP3,Q9BYT8,chr5,chr5,65579613,65809515,+,+,DANSY_50934,,,,ACH-002461,PPWD1,NLN,No Annotation,PPWD1--NLN
764,IL1RAPL1--RADX,ENSG00000169306,ENSG00000147231,Q9NZN1,Q6NSI4,chrX,chrX,29668504,106637760,+,+,DANSY_50935,IPR003599|IPR003598,,IPR003599|IPR003598,ACH-002461,IL1RAPL1,RADX,Pre-existing,IL1RAPL1--RADX
765,ALDH2--EEA1,ENSG00000102189,ENSG00000111275,Q15075,P05091,chr12,chr12,92826166,111783158,-,+,DANSY_50943,IPR013087,,IPR013087,ACH-002461,EEA1,ALDH2,Pre-existing,EEA1--ALDH2
766,ALDH2--EEA1,ENSG00000102189,ENSG00000111275,Q15075,P05091,chr12,chr12,92826166,111785267,-,+,DANSY_50944,IPR013087,,IPR013087,ACH-002461,EEA1,ALDH2,Pre-existing,EEA1--ALDH2
767,DOCK4--IMMP2L,ENSG00000128512,ENSG00000184903,Q8N1I0,Q96T52,chr7,chr7,111822362,110963565,-,-,DANSY_50947,IPR001452|IPR032376|IPR027007,,IPR001452|IPR032376|IPR027007,ACH-002461,DOCK4,IMMP2L,Pre-existing,DOCK4--IMMP2L
768,KAT5--RASIP1,ENSG00000172977,ENSG00000105538,Q92993,Q5U651,chr11,chr19,65716807,48722001,+,-,DANSY_51065,IPR000953,,IPR000953,ACH-000646,KAT5,RASIP1,Pre-existing,KAT5--RASIP1
769,CLDN10--DNAJC3,ENSG00000102580,ENSG00000134873,Q13217,P78369,chr13,chr13,95677337,95560132,+,+,DANSY_51078,,,,ACH-000646,DNAJC3,CLDN10,No Annotation,DNAJC3--CLDN10
770,BABAM2--SNX17,ENSG00000158019,ENSG00000115234,Q9NXR7,Q15036,chr2,chr2,28045799,27372623,+,+,DANSY_51082,,IPR000159|IPR048767|IPR037836,IPR000159|IPR048767|IPR037836,ACH-000646,BABAM2,SNX17,Pre-existing,BABAM2--SNX17
771,GOPC--ROS1,ENSG00000047932,ENSG00000047936,Q9HD26,P08922,chr6,chr6,117566854,117321394,-,-,DANSY_51362,IPR001478,IPR000719,IPR001478|IPR000719,ACH-000040,GOPC,ROS1,Pre-existing,GOPC--ROS1
772,CEP128--PTPN21,ENSG00000070778,ENSG00000100629,Q16825,Q6ZU80,chr14,chr14,88550238,80838278,-,-,DANSY_51364,,,,ACH-000040,PTPN21,CEP128,No Annotation,PTPN21--CEP128
773,ADK--VCL,ENSG00000035403,ENSG00000156110,P18206,P55263,chr10,chr10,73998375,74708321,+,+,DANSY_51373,,,,ACH-000040,VCL,ADK,No Annotation,VCL--ADK
774,ALDH6A1--CEP128,ENSG00000100629,ENSG00000119711,Q6ZU80,Q02252,chr14,chr14,80840682,74075017,-,-,DANSY_51374,,IPR015590,IPR015590,ACH-000040,CEP128,ALDH6A1,Pre-existing,CEP128--ALDH6A1
775,CELF5--NFIC,ENSG00000141905,ENSG00000161082,P08651,Q8N6W0,chr19,chr19,3382243,3250985,+,+,DANSY_51537,IPR019548|IPR003619,IPR000504|IPR000504,IPR019548|IPR003619|IPR000504|IPR000504,ACH-000430,NFIC,CELF5,Novel,NFIC--CELF5
776,GTF3C2--ITPR2,ENSG00000123104,ENSG00000115207,Q14571,Q8WUA4,chr12,chr2,26387434,27338020,-,-,DANSY_51612,IPR014821|IPR016093|IPR000699|IPR000699|IPR013662|IPR005821,,IPR014821|IPR016093|IPR000699|IPR000699|IPR013662|IPR005821,ACH-001041,ITPR2,GTF3C2,Pre-existing,ITPR2--GTF3C2
777,CREM--EWSR1,ENSG00000182944,ENSG00000095794,Q01844,Q03060,chr22,chr10,29287134,35206895,+,+,DANSY_51613,,IPR004827,IPR004827,ACH-001041,EWSR1,CREM,Pre-existing,EWSR1--CREM
778,OXSR1--XYLB,ENSG00000093217,ENSG00000172939,O75191,O95747,chr3,chr3,38395563,38246075,+,+,DANSY_51618,IPR018484,IPR024678,IPR018484|IPR024678,ACH-001041,XYLB,OXSR1,Novel,XYLB--OXSR1
779,SCARA5--TBCD,ENSG00000141556,ENSG00000168079,Q9BTW9,Q6ZMJ2,chr17,chr8,82756215,27922245,+,-,DANSY_51623,,IPR001190,IPR001190,ACH-001041,TBCD,SCARA5,Pre-existing,TBCD--SCARA5
780,INTS4--KCTD14,ENSG00000149262,ENSG00000151364,Q96HW7,Q9BQ13,chr11,chr11,77994590,78017270,-,-,DANSY_51731,,IPR000210|IPR057890,IPR000210|IPR057890,ACH-001977,INTS4,KCTD14,Pre-existing,INTS4--KCTD14
781,MLPH--PRDM12,ENSG00000115648,ENSG00000130711,Q9BV36,Q9H4Q4,chr2,chr9,237527516,130668158,+,+,DANSY_51840,IPR010911,IPR013087|IPR013087|IPR013087,IPR010911|IPR013087|IPR013087|IPR013087,ACH-001630,MLPH,PRDM12,Novel,MLPH--PRDM12
782,MLPH--PRDM12,ENSG00000115648,ENSG00000130711,Q9BV36,Q9H4Q4,chr2,chr9,237534647,130668158,+,+,DANSY_51841,IPR010911,IPR013087|IPR013087|IPR013087,IPR010911|IPR013087|IPR013087|IPR013087,ACH-001630,MLPH,PRDM12,Novel,MLPH--PRDM12
783,FGFR3--TACC3,ENSG00000068078,ENSG00000013810,P22607,Q9Y6A5,chr4,chr4,1806934,1739702,+,+,DANSY_52008,IPR003598|IPR003598|IPR003598|IPR000719,,IPR003598|IPR003598|IPR003598|IPR000719,ACH-001392,FGFR3,TACC3,Pre-existing,FGFR3--TACC3
784,PSMA5--SORT1,ENSG00000134243,ENSG00000143106,Q99523,P28066,chr1,chr1,109336240,109415363,-,-,DANSY_52013,,,,ACH-001392,SORT1,PSMA5,No Annotation,SORT1--PSMA5
785,CPNE4--MRPL3,ENSG00000114686,ENSG00000196353,P09001,Q96A23,chr3,chr3,131498179,131564349,-,-,DANSY_52031,,IPR002035,IPR002035,ACH-001392,MRPL3,CPNE4,Pre-existing,MRPL3--CPNE4
786,CPNE4--MRPL3,ENSG00000114686,ENSG00000196353,P09001,Q96A23,chr3,chr3,131500430,131564349,-,-,DANSY_52032,,IPR002035,IPR002035,ACH-001392,MRPL3,CPNE4,Pre-existing,MRPL3--CPNE4
787,ARL8B--ITPR1,ENSG00000134108,ENSG00000150995,Q9NVJ2,Q14643,chr3,chr3,5122588,4815053,+,+,DANSY_52045,,,,ACH-001392,ARL8B,ITPR1,No Annotation,ARL8B--ITPR1
788,CLEC16A--RBFOX1,ENSG00000038532,ENSG00000078328,Q2KHT3,Q9NWB1,chr16,chr16,10982991,6316995,+,+,DANSY_52057,IPR019155,IPR000504|IPR025670,IPR019155|IPR000504|IPR025670,ACH-001392,CLEC16A,RBFOX1,Novel,CLEC16A--RBFOX1
789,POLR1B--SLC20A1,ENSG00000144136,ENSG00000125630,Q8WUM9,Q9H9Y6,chr2,chr2,112659094,112572562,+,+,DANSY_52061,,IPR007641,IPR007641,ACH-001392,SLC20A1,POLR1B,Pre-existing,SLC20A1--POLR1B
790,BANK1--PARVB,ENSG00000188677,ENSG00000153064,Q9HBI1,Q8NDB2,chr22,chr4,43999673,101917993,+,+,DANSY_52063,,,,ACH-001392,PARVB,BANK1,No Annotation,PARVB--BANK1
791,NALCN--TMTC4,ENSG00000125247,ENSG00000102452,Q5T4D3,Q8IZF0,chr13,chr13,100662964,101068827,-,-,DANSY_52065,,,,ACH-001392,TMTC4,NALCN,No Annotation,TMTC4--NALCN
792,ADK--VCL,ENSG00000035403,ENSG00000156110,P18206,P55263,chr10,chr10,74101097,74394141,+,+,DANSY_52126,,,,ACH-000503,VCL,ADK,No Annotation,VCL--ADK
793,CMTR1--ZFAND3,ENSG00000156639,ENSG00000137200,Q9H8U3,Q8N1G2,chr6,chr6,37820016,37471021,+,+,DANSY_52139,,IPR001202,IPR001202,ACH-000503,ZFAND3,CMTR1,Pre-existing,ZFAND3--CMTR1
794,MFSD1--RSRC1,ENSG00000174891,ENSG00000118855,Q96IZ7,Q9H3U5,chr3,chr3,158461003,158804319,+,+,DANSY_52144,,,,ACH-000503,RSRC1,MFSD1,No Annotation,RSRC1--MFSD1
795,DGKG--MFSD1,ENSG00000118855,ENSG00000058866,Q9H3U5,P49619,chr3,chr3,158809287,186188379,+,-,DANSY_52147,,,,ACH-000503,MFSD1,DGKG,No Annotation,MFSD1--DGKG
796,EZH2--PDIA4,ENSG00000155660,ENSG00000106462,P13667,Q15910,chr7,chr7,149005141,148819687,-,-,DANSY_52262,IPR005788|IPR005788|IPR041866,IPR001005|IPR026489|IPR001214,IPR005788|IPR005788|IPR041866|IPR001005|IPR026489|IPR001214,ACH-002778,PDIA4,EZH2,Novel,PDIA4--EZH2
797,MTA3--PHKA1,ENSG00000057935,ENSG00000067177,Q9BTC8,P46020,chr2,chrX,42579200,72602273,+,-,DANSY_52281,,IPR045583,IPR045583,ACH-002778,MTA3,PHKA1,Pre-existing,MTA3--PHKA1
798,EWSR1--FLI1,ENSG00000182944,ENSG00000151702,Q01844,Q01543,chr22,chr11,29292169,128781958,+,+,DANSY_53166,,IPR000418,IPR000418,ACH-001430,EWSR1,FLI1,Pre-existing,EWSR1--FLI1
799,HIRA--MTMR3,ENSG00000100084,ENSG00000100330,P54198,Q13615,chr22,chr22,19375631,30025630,-,+,DANSY_53558,IPR055410,,IPR055410,ACH-000889,HIRA,MTMR3,Pre-existing,HIRA--MTMR3
800,HIRA--MTMR3,ENSG00000100330,ENSG00000100084,Q13615,P54198,chr22,chr22,30022697,19361931,+,-,DANSY_53559,IPR035888|IPR046352|IPR003595,IPR011494,IPR035888|IPR046352|IPR003595|IPR011494,ACH-000889,MTMR3,HIRA,Novel,MTMR3--HIRA
801,EPS15--TTC39A,ENSG00000085832,ENSG00000085831,P42566,Q5SRH9,chr1,chr1,51440347,51321825,-,-,DANSY_53567,IPR000261|IPR000261|IPR000261,,IPR000261|IPR000261|IPR000261,ACH-000889,EPS15,TTC39A,Pre-existing,EPS15--TTC39A
802,CEP128--GTF2A1,ENSG00000100629,ENSG00000165417,Q6ZU80,P52655,chr14,chr14,80895718,81216514,-,-,DANSY_53571,,,,ACH-000889,CEP128,GTF2A1,No Annotation,CEP128--GTF2A1
803,ANKS1A--SLC7A8,ENSG00000064999,ENSG00000092068,Q92625,Q9UHI5,chr6,chr14,35054165,23166540,+,-,DANSY_53587,,,,ACH-000889,ANKS1A,SLC7A8,No Annotation,ANKS1A--SLC7A8
804,DNAH5--SLK,ENSG00000065613,ENSG00000039139,Q9H2G2,Q8TE73,chr10,chr5,103967895,13701436,+,-,DANSY_53604,,,,ACH-000889,SLK,DNAH5,No Annotation,SLK--DNAH5
805,DENND4A--SYCP2,ENSG00000174485,ENSG00000196074,Q7Z401,Q9BX26,chr15,chr20,65706091,59881023,-,-,DANSY_53756,IPR023341|IPR005113|IPR001194|IPR005112,,IPR023341|IPR005113|IPR001194|IPR005112,ACH-000799,DENND4A,SYCP2,Pre-existing,DENND4A--SYCP2
806,C11orf95--RELA,ENSG00000188070,ENSG00000173039,C9JLR9,Q04206,chr11,chr11,63764868,65662205,-,-,DANSY_53818,IPR013087|IPR013087,IPR011539|IPR002909,IPR013087|IPR013087|IPR011539|IPR002909,ACH-001623,C11orf95,RELA,Novel,C11orf95--RELA
807,C11orf95--RELA,ENSG00000188070,ENSG00000173039,C9JLR9,Q04206,chr11,chr11,63765807,65662205,-,-,DANSY_53819,IPR013087,IPR011539|IPR002909,IPR013087|IPR011539|IPR002909,ACH-001623,C11orf95,RELA,Novel,C11orf95--RELA
808,ANKDD1A--ZNF609,ENSG00000180357,ENSG00000166839,O15014,Q495B1,chr15,chr15,64500166,64930822,+,+,DANSY_53840,,IPR000488,IPR000488,ACH-001623,ZNF609,ANKDD1A,Pre-existing,ZNF609--ANKDD1A
809,ANKDD1A--ZNF609,ENSG00000180357,ENSG00000166839,O15014,Q495B1,chr15,chr15,64500166,64921921,+,+,DANSY_53841,,IPR000488,IPR000488,ACH-001623,ZNF609,ANKDD1A,Pre-existing,ZNF609--ANKDD1A
810,ANKDD1A--ZNF609,ENSG00000180357,ENSG00000166839,O15014,Q495B1,chr15,chr15,64500166,64926066,+,+,DANSY_53842,,IPR000488,IPR000488,ACH-001623,ZNF609,ANKDD1A,Pre-existing,ZNF609--ANKDD1A
811,ADGRL3--SPTBN2,ENSG00000150471,ENSG00000173898,Q9HAR2,O15020,chr4,chr11,61895834,66714407,+,-,DANSY_53849,IPR000922|IPR003112|IPR001879,IPR001715|IPR001605|IPR001605|IPR001605|IPR001605,IPR000922|IPR003112|IPR001879|IPR001715|IPR001605|IPR001605|IPR001605|IPR001605,ACH-001623,ADGRL3,SPTBN2,Novel,ADGRL3--SPTBN2
812,FGF12--MB21D2,ENSG00000180611,ENSG00000114279,Q8IYB1,P61328,chr3,chr3,192917630,192360538,-,-,DANSY_53888,,,,ACH-001623,MB21D2,FGF12,No Annotation,MB21D2--FGF12
813,RAD9A--SHANK2,ENSG00000172613,ENSG00000162105,Q99638,Q9UPX8,chr11,chr11,67393610,70487720,+,-,DANSY_54132,,IPR001660,IPR001660,ACH-000876,RAD9A,SHANK2,Pre-existing,RAD9A--SHANK2
814,CST9--CST9L,ENSG00000173335,ENSG00000101435,Q5W186,Q9H4G1,chr20,chr20,23603621,23565037,-,-,DANSY_54139,,,,ACH-000876,CST9,CST9L,No Annotation,CST9--CST9L
815,FMN2--RYR2,ENSG00000155816,ENSG00000198626,Q9NZ56,Q92736,chr1,chr1,240123345,237759776,+,+,DANSY_54143,,IPR013662|IPR002048|IPR009460|IPR005821,IPR013662|IPR002048|IPR009460|IPR005821,ACH-000876,FMN2,RYR2,Pre-existing,FMN2--RYR2
816,CCSER2--STN1,ENSG00000107960,ENSG00000107771,Q9H668,Q9H7U1,chr10,chr10,103889072,84425731,-,+,DANSY_54147,IPR004365,,IPR004365,ACH-000876,STN1,CCSER2,Pre-existing,STN1--CCSER2
817,PSMD11--PSMD11,ENSG00000108671,ENSG00000108671,O00231,O00231,chr17,chr17,32480197,32454495,+,+,DANSY_54206,IPR040773,IPR000717|IPR040780,IPR040773|IPR000717|IPR040780,ACH-001232,PSMD11,PSMD11,Pre-existing,PSMD11--PSMD11
818,C19orf81--DDA1,ENSG00000130311,ENSG00000235034,Q9BW61,C9J6K1,chr19,chr19,17314389,50656050,+,+,DANSY_54294,,,,ACH-001618,DDA1,C19orf81,No Annotation,DDA1--C19orf81
819,RUNX1--TSPEAR,ENSG00000159216,ENSG00000175894,Q01196,Q8WU66,chr21,chr21,34834410,44568005,-,-,DANSY_54310,IPR013524,IPR048287,IPR013524|IPR048287,ACH-001618,RUNX1,TSPEAR,Novel,RUNX1--TSPEAR
820,DPY19L1--MLIP,ENSG00000173852,ENSG00000146147,Q2PZI1,Q5VWP3,chr7,chr6,35017882,54169528,-,+,DANSY_54425,,,,ACH-002650,DPY19L1,MLIP,No Annotation,DPY19L1--MLIP
821,CENPP--CNTNAP3,ENSG00000106714,ENSG00000188312,Q9BZ76,Q6IPU0,chr9,chr9,39238993,92611314,-,+,DANSY_54426,,,,ACH-002650,CNTNAP3,CENPP,No Annotation,CNTNAP3--CENPP
822,HIPK2--SND1,ENSG00000064393,ENSG00000197157,Q9H2X6,Q7KZF4,chr7,chr7,139715932,127807484,-,+,DANSY_54436,,IPR016071|IPR002999|IPR016071,IPR016071|IPR002999|IPR016071,ACH-002650,HIPK2,SND1,Pre-existing,HIPK2--SND1
823,RASA1--RRP1B,ENSG00000160208,ENSG00000145715,Q14684,P20936,chr21,chr5,43676914,87330938,+,+,DANSY_54451,,IPR000980|IPR001452|IPR000980|IPR001849|IPR000008|IPR001936,IPR000980|IPR001452|IPR000980|IPR001849|IPR000008|IPR001936,ACH-002650,RRP1B,RASA1,Pre-existing,RRP1B--RASA1
824,RABL6--TRAF2,ENSG00000196642,ENSG00000127191,Q3YEC7,Q12933,chr9,chr9,136832370,136908070,+,+,DANSY_54548,,IPR001293|IPR001293|IPR032070|IPR002083,IPR001293|IPR001293|IPR032070|IPR002083,ACH-000381,RABL6,TRAF2,Pre-existing,RABL6--TRAF2
825,ELP6--PTPN23,ENSG00000076201,ENSG00000163832,Q9H3S7,Q0PNE2,chr3,chr3,47396217,47511226,+,-,DANSY_54549,,,,ACH-000381,PTPN23,ELP6,No Annotation,PTPN23--ELP6
826,ELP6--PTPN23,ENSG00000163832,ENSG00000076201,Q0PNE2,Q9H3S7,chr3,chr3,47513537,47404652,-,+,DANSY_54550,,IPR025304|IPR000242,IPR025304|IPR000242,ACH-000381,ELP6,PTPN23,Pre-existing,ELP6--PTPN23
827,ELP6--PTPN23,ENSG00000076201,ENSG00000163832,Q9H3S7,Q0PNE2,chr3,chr3,47396217,47504448,+,-,DANSY_54551,,,,ACH-000381,PTPN23,ELP6,No Annotation,PTPN23--ELP6
828,HUNK--PRPF6,ENSG00000101161,ENSG00000142149,O94906,P57058,chr20,chr21,63981316,31958843,+,+,DANSY_54555,,,,ACH-000381,PRPF6,HUNK,No Annotation,PRPF6--HUNK
829,CRYBG1--PDSS2,ENSG00000164494,ENSG00000112297,Q86YH6,Q9Y4K1,chr6,chr6,107458990,106451694,-,+,DANSY_54982,,IPR001064|IPR001064|IPR001064|IPR001064|IPR001064|IPR001064|IPR000772,IPR001064|IPR001064|IPR001064|IPR001064|IPR001064|IPR001064|IPR000772,ACH-000187,PDSS2,CRYBG1,Pre-existing,PDSS2--CRYBG1
830,NCAM1--USP28,ENSG00000149294,ENSG00000048028,P13591,Q96RU2,chr11,chr11,112961664,113799415,+,-,DANSY_55002,,,,ACH-000187,NCAM1,USP28,No Annotation,NCAM1--USP28
831,CWF19L2--TTC12,ENSG00000149292,ENSG00000152404,Q9H892,Q2TBE0,chr11,chr11,113360008,107392895,+,-,DANSY_55020,,IPR006768|IPR006767,IPR006768|IPR006767,ACH-000187,TTC12,CWF19L2,Pre-existing,TTC12--CWF19L2
832,CWF19L2--TTC12,ENSG00000149292,ENSG00000152404,Q9H892,Q2TBE0,chr11,chr11,113352207,107392895,+,-,DANSY_55021,,IPR006768|IPR006767,IPR006768|IPR006767,ACH-000187,TTC12,CWF19L2,Pre-existing,TTC12--CWF19L2
833,CWF19L2--TTC12,ENSG00000149292,ENSG00000152404,Q9H892,Q2TBE0,chr11,chr11,113359461,107392895,+,-,DANSY_55022,,IPR006768|IPR006767,IPR006768|IPR006767,ACH-000187,TTC12,CWF19L2,Pre-existing,TTC12--CWF19L2
834,CWF19L2--TTC12,ENSG00000149292,ENSG00000152404,Q9H892,Q2TBE0,chr11,chr11,113351299,107392895,+,-,DANSY_55023,,IPR006768|IPR006767,IPR006768|IPR006767,ACH-000187,TTC12,CWF19L2,Pre-existing,TTC12--CWF19L2
835,SCAP--SETD2,ENSG00000181555,ENSG00000114650,Q9BYW2,Q12770,chr3,chr3,47163854,47435137,-,-,DANSY_55039,,IPR057041|IPR000731|IPR057042,IPR057041|IPR000731|IPR057042,ACH-000187,SETD2,SCAP,Pre-existing,SETD2--SCAP
836,RABGAP1L--ZNF124,ENSG00000196418,ENSG00000152061,Q15973,Q5R372,chr1,chr1,247171848,174811832,-,+,DANSY_55051,,,,ACH-000187,ZNF124,RABGAP1L,No Annotation,ZNF124--RABGAP1L
837,ARHGAP23--PRTFDC1,ENSG00000275832,ENSG00000099256,Q9P227,Q9NRG1,chr17,chr10,38428548,24872063,+,-,DANSY_55056,,,,ACH-000187,ARHGAP23,PRTFDC1,No Annotation,ARHGAP23--PRTFDC1
838,ARHGAP23--PRTFDC1,ENSG00000275832,ENSG00000099256,Q9P227,Q9NRG1,chr17,chr10,38428548,24908685,+,-,DANSY_55057,,,,ACH-000187,ARHGAP23,PRTFDC1,No Annotation,ARHGAP23--PRTFDC1
839,CLEC16A--TNFRSF17,ENSG00000038532,ENSG00000048462,Q2KHT3,Q02223,chr16,chr16,11003305,11966195,+,+,DANSY_55067,IPR019155,,IPR019155,ACH-000187,CLEC16A,TNFRSF17,Pre-existing,CLEC16A--TNFRSF17
840,TADA2B--TBC1D14,ENSG00000173011,ENSG00000132405,Q86TJ2,Q9P2M4,chr4,chr4,7043849,6994184,+,+,DANSY_55305,IPR000433,IPR000195,IPR000433|IPR000195,ACH-000569,TADA2B,TBC1D14,Novel,TADA2B--TBC1D14
841,PGGT1B--TRIM36,ENSG00000164219,ENSG00000152503,P53609,Q9NQ86,chr5,chr5,115230976,115147394,-,-,DANSY_55309,,IPR047066|IPR000315|IPR017903|IPR003961|IPR001870,IPR047066|IPR000315|IPR017903|IPR003961|IPR001870,ACH-000569,PGGT1B,TRIM36,Pre-existing,PGGT1B--TRIM36
842,OPN3--USP45,ENSG00000123552,ENSG00000054277,Q70EL2,Q9H1Y3,chr6,chr1,99476143,241597997,-,-,DANSY_55312,IPR001607,,IPR001607,ACH-000569,USP45,OPN3,Pre-existing,USP45--OPN3
843,TSEN15--TTC33,ENSG00000198860,ENSG00000113638,Q8WW01,Q6PID6,chr1,chr5,184054863,40613381,+,-,DANSY_55415,,,,ACH-000668,TSEN15,TTC33,No Annotation,TSEN15--TTC33
844,RUNX1--RUNX1T1,ENSG00000159216,ENSG00000079102,Q01196,Q06455,chr21,chr8,34859474,92017363,-,-,DANSY_55525,IPR013524,IPR003894|IPR014896|IPR002893,IPR013524|IPR003894|IPR014896|IPR002893,ACH-000263,RUNX1,RUNX1T1,Novel,RUNX1--RUNX1T1
845,RUNX1--RUNX1T1,ENSG00000159216,ENSG00000079102,Q01196,Q06455,chr21,chr8,34859474,92017431,-,-,DANSY_55526,IPR013524,IPR003894|IPR014896|IPR002893,IPR013524|IPR003894|IPR014896|IPR002893,ACH-000263,RUNX1,RUNX1T1,Novel,RUNX1--RUNX1T1
846,CHP1--FAM189A1,ENSG00000187446,ENSG00000104059,Q99653,O60320,chr15,chr15,41270618,29381831,+,-,DANSY_55527,IPR002048,,IPR002048,ACH-000263,CHP1,FAM189A1,Pre-existing,CHP1--FAM189A1
847,ARL13B--FRMD4B,ENSG00000169379,ENSG00000114541,Q3SXY8,Q9Y2L6,chr3,chr3,94003908,69221923,+,-,DANSY_55562,,IPR021774,IPR021774,ACH-000924,ARL13B,FRMD4B,Pre-existing,ARL13B--FRMD4B
848,ARL13B--TRAK1,ENSG00000182606,ENSG00000169379,Q9UPV9,Q3SXY8,chr3,chr3,42125614,94003659,+,+,DANSY_55567,,,,ACH-000924,TRAK1,ARL13B,No Annotation,TRAK1--ARL13B
849,KCNK9--TRAPPC9,ENSG00000167632,ENSG00000169427,Q96Q05,Q9NPC2,chr8,chr8,140397620,139638053,-,-,DANSY_55578,IPR058563,IPR013099,IPR058563|IPR013099,ACH-000924,TRAPPC9,KCNK9,Novel,TRAPPC9--KCNK9
850,CDKAL1--MOB3B,ENSG00000145996,ENSG00000120162,Q5VV42,Q86TA1,chr6,chr9,20548705,27359236,+,-,DANSY_55584,,,,ACH-000924,CDKAL1,MOB3B,No Annotation,CDKAL1--MOB3B
851,NSMF--PNPLA7,ENSG00000165802,ENSG00000130653,Q6X4W1,Q6ZV29,chr9,chr9,137452365,137479238,-,-,DANSY_55585,IPR058542,IPR002641,IPR058542|IPR002641,ACH-000924,NSMF,PNPLA7,Novel,NSMF--PNPLA7
852,C4orf45--ELF1,ENSG00000120690,ENSG00000164123,P32519,Q96LM5,chr13,chr4,40981983,158893717,-,-,DANSY_55796,,,,ACH-000296,ELF1,C4orf45,No Annotation,ELF1--C4orf45
853,KIAA1217--RNF17,ENSG00000120549,ENSG00000132972,Q5T5P2,Q9BXT8,chr10,chr13,24438479,24825619,+,+,DANSY_55799,IPR022782,IPR002999|IPR002999|IPR002999,IPR022782|IPR002999|IPR002999|IPR002999,ACH-000296,KIAA1217,RNF17,Novel,KIAA1217--RNF17
854,SBNO2--TMEM259,ENSG00000182087,ENSG00000064932,Q4ZIN3,Q9Y2G9,chr19,chr19,1011096,1119164,-,-,DANSY_55804,,IPR026937|IPR057332,IPR026937|IPR057332,ACH-000296,TMEM259,SBNO2,Pre-existing,TMEM259--SBNO2
855,SBNO2--TMEM259,ENSG00000182087,ENSG00000064932,Q4ZIN3,Q9Y2G9,chr19,chr19,1011367,1119164,-,-,DANSY_55805,,IPR026937|IPR057332,IPR026937|IPR057332,ACH-000296,TMEM259,SBNO2,Pre-existing,TMEM259--SBNO2
856,CWC25--FBXO47,ENSG00000273559,ENSG00000204952,Q9NXE8,Q5MNV8,chr17,chr17,38809702,38954933,-,-,DANSY_55812,IPR019339,IPR056622,IPR019339|IPR056622,ACH-000296,CWC25,FBXO47,Novel,CWC25--FBXO47
857,FLNB--SLMAP,ENSG00000136068,ENSG00000163681,O75369,Q14BN4,chr3,chr3,58132931,57916906,+,+,DANSY_55814,IPR001715|IPR001715,,IPR001715|IPR001715,ACH-000296,FLNB,SLMAP,Pre-existing,FLNB--SLMAP
858,ASAP2--TONSL,ENSG00000151693,ENSG00000160949,O43150,Q96HA7,chr2,chr8,9207230,144434889,+,-,DANSY_55820,,,,ACH-000296,ASAP2,TONSL,No Annotation,ASAP2--TONSL
859,IGF2R--SYTL3,ENSG00000197081,ENSG00000164674,P11717,Q4VX76,chr6,chr6,160029655,158713800,+,+,DANSY_56079,IPR044865,IPR000008|IPR000008,IPR044865|IPR000008|IPR000008,ACH-000713,IGF2R,SYTL3,Novel,IGF2R--SYTL3
860,IGF2R--SYTL3,ENSG00000197081,ENSG00000164674,P11717,Q4VX76,chr6,chr6,160029655,158725503,+,+,DANSY_56080,IPR044865,IPR000008|IPR000008,IPR044865|IPR000008|IPR000008,ACH-000713,IGF2R,SYTL3,Novel,IGF2R--SYTL3
861,SCML2--SH3KBP1,ENSG00000102098,ENSG00000147010,Q9UQR0,Q96B97,chrX,chrX,18320332,19546050,-,-,DANSY_56082,,,,ACH-000713,SCML2,SH3KBP1,No Annotation,SCML2--SH3KBP1
862,CAPN2--CAPN2,ENSG00000162909,ENSG00000162909,P17655,P17655,chr1,chr1,223752956,223744100,+,+,DANSY_56085,IPR001300,IPR022682|IPR002048|IPR002048,IPR001300|IPR022682|IPR002048|IPR002048,ACH-000713,CAPN2,CAPN2,Pre-existing,CAPN2--CAPN2
863,CHD3--DNAH2,ENSG00000170004,ENSG00000183914,Q12873,Q9P225,chr17,chr17,7898102,7821243,+,+,DANSY_56087,IPR012958|IPR001965|IPR001965|IPR000953|IPR000953,IPR004273|IPR041658|IPR041228,IPR012958|IPR001965|IPR001965|IPR000953|IPR000953|IPR004273|IPR041658|IPR041228,ACH-000713,CHD3,DNAH2,Novel,CHD3--DNAH2
864,CHD3--DNAH2,ENSG00000170004,ENSG00000183914,Q12873,Q9P225,chr17,chr17,7897294,7821243,+,+,DANSY_56088,IPR012958|IPR001965|IPR001965|IPR000953,IPR004273|IPR041658|IPR041228,IPR012958|IPR001965|IPR001965|IPR000953|IPR004273|IPR041658|IPR041228,ACH-000713,CHD3,DNAH2,Novel,CHD3--DNAH2
865,EPHA2--FBXO42,ENSG00000142627,ENSG00000037637,P29317,Q6P3S6,chr1,chr1,16148378,16256759,-,-,DANSY_56089,IPR001090,,IPR001090,ACH-000713,EPHA2,FBXO42,Pre-existing,EPHA2--FBXO42
866,KMT2A--PHLDB1,ENSG00000118058,ENSG00000019144,Q03164,Q86UU1,chr11,chr11,118493230,118631207,+,+,DANSY_56097,IPR002857|IPR001965|IPR001965|IPR001965,IPR001849,IPR002857|IPR001965|IPR001965|IPR001965|IPR001849,ACH-000713,KMT2A,PHLDB1,Novel,KMT2A--PHLDB1
867,FBXO22--UBE2Q2,ENSG00000167196,ENSG00000140367,Q8NEZ5,Q8WVN8,chr15,chr15,75917394,75899427,+,+,DANSY_56113,IPR001810,,IPR001810,ACH-000713,FBXO22,UBE2Q2,Pre-existing,FBXO22--UBE2Q2
868,DOCK6--SPC24,ENSG00000161888,ENSG00000130158,Q8NBT2,Q96HP0,chr19,chr19,11147870,11204331,-,-,DANSY_56137,,,,ACH-000713,SPC24,DOCK6,No Annotation,SPC24--DOCK6
869,RPS6KB1--VMP1,ENSG00000108443,ENSG00000062716,P23443,Q96GC9,chr17,chr17,59935300,59808796,+,+,DANSY_56145,,IPR059828,IPR059828,ACH-000713,RPS6KB1,VMP1,Pre-existing,RPS6KB1--VMP1
870,DENND5B--PIGT,ENSG00000170456,ENSG00000124155,Q6ZUT9,Q969N2,chr12,chr20,31413436,45418852,-,+,DANSY_56162,IPR005113|IPR001194|IPR005112,,IPR005113|IPR001194|IPR005112,ACH-000713,DENND5B,PIGT,Pre-existing,DENND5B--PIGT
871,CEP128--RBM25,ENSG00000119707,ENSG00000100629,P49756,Q6ZU80,chr14,chr14,73076368,80505020,+,-,DANSY_56182,,,,ACH-000713,RBM25,CEP128,No Annotation,RBM25--CEP128
872,CYB5B--PMFBP1,ENSG00000103018,ENSG00000118557,O43169,Q8TBY8,chr16,chr16,69448144,72132991,+,-,DANSY_56267,IPR001199,,IPR001199,ACH-001360,CYB5B,PMFBP1,Pre-existing,CYB5B--PMFBP1
873,RAD51--RMDN3,ENSG00000137824,ENSG00000051180,Q96TC7,Q06609,chr15,chr15,40754597,40709025,-,+,DANSY_56269,,IPR003593|IPR020587,IPR003593|IPR020587,ACH-001360,RMDN3,RAD51,Pre-existing,RMDN3--RAD51
874,LPL--PEX5,ENSG00000139197,ENSG00000175445,P50542,P06858,chr12,chr8,7190524,19953310,+,+,DANSY_56281,,IPR001024,IPR001024,ACH-001360,PEX5,LPL,Pre-existing,PEX5--LPL
875,LPL--PEX5,ENSG00000139197,ENSG00000175445,P50542,P06858,chr12,chr8,7190569,19953310,+,+,DANSY_56282,,IPR001024,IPR001024,ACH-001360,PEX5,LPL,Pre-existing,PEX5--LPL
876,JMJD1C--TM9SF3,ENSG00000077147,ENSG00000171988,Q9HD45,Q15652,chr10,chr10,96559659,63186383,-,-,DANSY_56543,,IPR003347,IPR003347,ACH-001715,TM9SF3,JMJD1C,Pre-existing,TM9SF3--JMJD1C
877,JMJD1C--VTI1A,ENSG00000171988,ENSG00000151532,Q15652,Q96AJ9,chr10,chr10,63185563,112815290,-,+,DANSY_56547,IPR054294|IPR054504|IPR054503,,IPR054294|IPR054504|IPR054503,ACH-001715,JMJD1C,VTI1A,Pre-existing,JMJD1C--VTI1A
878,GTF2A2--MLLT6,ENSG00000275023,ENSG00000140307,P55198,P52657,chr17,chr15,38715828,59639157,+,-,DANSY_56552,IPR001965|IPR001965,,IPR001965|IPR001965,ACH-001715,MLLT6,GTF2A2,Pre-existing,MLLT6--GTF2A2
879,GTF2A2--MLLT6,ENSG00000140307,ENSG00000275023,P52657,P55198,chr15,chr17,59642136,38717432,-,+,DANSY_56553,IPR015872|IPR015871,,IPR015872|IPR015871,ACH-001715,GTF2A2,MLLT6,Pre-existing,GTF2A2--MLLT6
880,PXK--ROBO2,ENSG00000168297,ENSG00000185008,Q7Z7A4,Q9HCK4,chr3,chr3,58382700,77477414,+,+,DANSY_56558,IPR001683,IPR003598|IPR003598|IPR003598|IPR003598|IPR003961|IPR003961|IPR003961,IPR001683|IPR003598|IPR003598|IPR003598|IPR003598|IPR003961|IPR003961|IPR003961,ACH-001715,PXK,ROBO2,Novel,PXK--ROBO2
881,ACOT8--ANGPT1,ENSG00000101473,ENSG00000154188,O14734,Q15389,chr20,chr8,45853923,107294037,-,-,DANSY_56569,,,,ACH-001715,ACOT8,ANGPT1,No Annotation,ACOT8--ANGPT1
882,CADPS--MYO1D,ENSG00000176658,ENSG00000163618,O94832,Q9ULU8,chr17,chr3,32605087,62592748,-,-,DANSY_56572,IPR001609,IPR001849|IPR010439|IPR010439,IPR001609|IPR001849|IPR010439|IPR010439,ACH-001715,MYO1D,CADPS,Novel,MYO1D--CADPS
883,AGMO--MEOX2,ENSG00000187546,ENSG00000106511,Q6ZNB7,P50222,chr7,chr7,15544772,15626918,-,-,DANSY_56573,,IPR001356,IPR001356,ACH-001715,AGMO,MEOX2,Pre-existing,AGMO--MEOX2
884,FGF20--HMBOX1,ENSG00000147421,ENSG00000078579,Q6NT76,Q9NP95,chr8,chr8,28980156,16995758,+,-,DANSY_56590,IPR044866,,IPR044866,ACH-001715,HMBOX1,FGF20,Pre-existing,HMBOX1--FGF20
885,AATF--DDX52,ENSG00000278053,ENSG00000275700,Q9Y2R4,Q9NY61,chr17,chr17,37642110,36950214,-,+,DANSY_56753,,IPR025160|IPR012617,IPR025160|IPR012617,ACH-000639,DDX52,AATF,Pre-existing,DDX52--AATF
886,IL1RAPL2--NRK,ENSG00000189108,ENSG00000123572,Q9NP60,Q7Z2Y5,chrX,chrX,105195748,105924695,+,+,DANSY_56754,,IPR001180,IPR001180,ACH-000639,IL1RAPL2,NRK,Pre-existing,IL1RAPL2--NRK
887,CCDC146--PTPN12,ENSG00000127947,ENSG00000135205,Q05209,Q8IYE0,chr7,chr7,77537645,77236947,+,+,DANSY_56757,,,,ACH-000639,PTPN12,CCDC146,No Annotation,PTPN12--CCDC146
888,CDC20--HECTD4,ENSG00000117399,ENSG00000173064,Q12834,Q9Y4D8,chr1,chr12,43359638,112228811,+,-,DANSY_56764,,IPR000569,IPR000569,ACH-000639,CDC20,HECTD4,Pre-existing,CDC20--HECTD4
889,ATXN2--UNC5C,ENSG00000204842,ENSG00000182168,Q99700,O95185,chr12,chr4,111552280,95335631,-,-,DANSY_56784,,IPR057755|IPR003598|IPR000906|IPR033772|IPR000488,IPR057755|IPR003598|IPR000906|IPR033772|IPR000488,ACH-000639,ATXN2,UNC5C,Pre-existing,ATXN2--UNC5C
890,CAMK2B--EEPD1,ENSG00000122547,ENSG00000058404,Q7L9B9,Q13554,chr7,chr7,36155202,44284225,+,-,DANSY_56801,IPR003583|IPR003583|IPR003583,IPR013543,IPR003583|IPR003583|IPR003583|IPR013543,ACH-000639,EEPD1,CAMK2B,Novel,EEPD1--CAMK2B
891,NSF--SAMD12,ENSG00000073969,ENSG00000177570,P46459,Q8N8I0,chr17,chr8,46643259,118197732,+,-,DANSY_57225,IPR003338|IPR004201,,IPR003338|IPR004201,ACH-000094,NSF,SAMD12,Pre-existing,NSF--SAMD12
892,EXT1--LRRC37A2,ENSG00000182197,ENSG00000238083,Q16394,A6NM11,chr8,chr17,118110085,46517362,-,+,DANSY_57234,,IPR029423,IPR029423,ACH-000094,EXT1,LRRC37A2,Pre-existing,EXT1--LRRC37A2
893,ARID4A--PSMA3,ENSG00000032219,ENSG00000100567,P29374,P25788,chr14,chr14,58301690,58263705,+,+,DANSY_57324,,,,ACH-000361,ARID4A,PSMA3,No Annotation,ARID4A--PSMA3
894,BRK1--LDLR,ENSG00000130164,ENSG00000254999,P01130,Q8WUW1,chr19,chr3,11102786,10125626,+,+,DANSY_57407,,,,ACH-000719,LDLR,BRK1,No Annotation,LDLR--BRK1
895,BRK1--LDLR,ENSG00000130164,ENSG00000254999,P01130,Q8WUW1,chr19,chr3,11105600,10125626,+,+,DANSY_57408,,,,ACH-000719,LDLR,BRK1,No Annotation,LDLR--BRK1
896,CLTC--RPS6KB1,ENSG00000141367,ENSG00000108443,Q00610,P23443,chr17,chr17,59620173,59910562,+,+,DANSY_57417,,IPR000719|IPR000961,IPR000719|IPR000961,ACH-000719,CLTC,RPS6KB1,Pre-existing,CLTC--RPS6KB1
897,SPON1--SPON1,ENSG00000262655,ENSG00000262655,Q9HCB6,Q9HCB6,chr11,chr11,14260752,13982847,+,+,DANSY_57426,IPR002861|IPR009465,IPR009465|IPR044004,IPR002861|IPR009465|IPR009465|IPR044004,ACH-000719,SPON1,SPON1,Novel,SPON1--SPON1
898,C12orf75--TBC1D8,ENSG00000204634,ENSG00000235162,O95759,Q8TAD7,chr2,chr12,101151127,105348602,-,+,DANSY_57436,,,,ACH-000719,TBC1D8,C12orf75,No Annotation,TBC1D8--C12orf75
899,DEPDC1B--PDE4D,ENSG00000035499,ENSG00000113448,Q8WUY9,Q08499,chr5,chr5,60686962,59215968,-,-,DANSY_57443,IPR000591,IPR040844|IPR002073,IPR000591|IPR040844|IPR002073,ACH-000719,DEPDC1B,PDE4D,Novel,DEPDC1B--PDE4D
900,DNM1L--FGD4,ENSG00000139132,ENSG00000087470,Q96M96,O00429,chr12,chr12,32633689,32701415,+,+,DANSY_57466,IPR000219|IPR001849|IPR000306|IPR001849,IPR000375|IPR003130,IPR000219|IPR001849|IPR000306|IPR001849|IPR000375|IPR003130,ACH-000719,FGD4,DNM1L,Novel,FGD4--DNM1L
901,NECTIN2--RELB,ENSG00000104856,ENSG00000130202,Q01201,Q92692,chr19,chr19,45002996,44865271,+,+,DANSY_57468,,IPR003599|IPR007110|IPR003599,IPR003599|IPR007110|IPR003599,ACH-000719,RELB,NECTIN2,Pre-existing,RELB--NECTIN2
902,ACADSB--FGFR2,ENSG00000066468,ENSG00000196177,P21802,P45954,chr10,chr10,121551290,123034356,-,+,DANSY_57583,IPR003598,IPR013786|IPR006091|IPR009075,IPR003598|IPR013786|IPR006091|IPR009075,ACH-001396,FGFR2,ACADSB,Novel,FGFR2--ACADSB
903,LUC7L2--TBX4,ENSG00000121075,ENSG00000146963,P57082,Q9Y383,chr17,chr7,61480319,139376062,+,+,DANSY_57629,IPR046360,,IPR046360,ACH-001396,TBX4,LUC7L2,Pre-existing,TBX4--LUC7L2
904,FMC1-LUC7L2--TBX4,ENSG00000121075,ENSG00000269955,P57082,,chr17,chr7,61480319,139376062,+,+,DANSY_57632,IPR046360,,,ACH-001396,TBX4,FMC1-LUC7L2,,TBX4--FMC1-LUC7L2
905,EED--GATC,ENSG00000257218,ENSG00000074266,O43716,O75530,chr12,chr11,120446561,86250296,+,+,DANSY_57648,,,,ACH-001396,GATC,EED,No Annotation,GATC--EED
906,CPM--CPSF6,ENSG00000111605,ENSG00000135678,Q16630,P14384,chr12,chr12,69239706,68932840,+,-,DANSY_57938,,IPR000834,IPR000834,ACH-002048,CPSF6,CPM,Pre-existing,CPSF6--CPM
907,TANC1--TMCO4,ENSG00000115183,ENSG00000162542,Q9C0D5,Q5TGY1,chr2,chr1,159150556,19700885,+,-,DANSY_57951,,,,ACH-002048,TANC1,TMCO4,No Annotation,TANC1--TMCO4
908,TANC1--TMCO4,ENSG00000115183,ENSG00000162542,Q9C0D5,Q5TGY1,chr2,chr1,159136298,19700885,+,-,DANSY_57952,,,,ACH-002048,TANC1,TMCO4,No Annotation,TANC1--TMCO4
909,PARK7--UBE4B,ENSG00000130939,ENSG00000116288,O95155,Q99497,chr1,chr1,10072214,7977652,+,+,DANSY_57965,,,,ACH-002048,UBE4B,PARK7,No Annotation,UBE4B--PARK7
910,MLPH--TUBGCP3,ENSG00000126216,ENSG00000115648,Q96CW5,Q9BV36,chr13,chr2,112545699,237540348,-,+,DANSY_57991,,IPR006788,IPR006788,ACH-002048,TUBGCP3,MLPH,Pre-existing,TUBGCP3--MLPH
911,MLPH--TUBGCP3,ENSG00000126216,ENSG00000115648,Q96CW5,Q9BV36,chr13,chr2,112545699,237534564,-,+,DANSY_57992,,IPR006788,IPR006788,ACH-002048,TUBGCP3,MLPH,Pre-existing,TUBGCP3--MLPH
912,IGF2R--MTHFD1L,ENSG00000197081,ENSG00000120254,P11717,Q6UB35,chr6,chr6,160075996,150960275,+,+,DANSY_58006,IPR044865|IPR044865|IPR044865|IPR044865|IPR044865|IPR044865|IPR044865|IPR044865|IPR044865|IPR044865|IPR044865,,IPR044865|IPR044865|IPR044865|IPR044865|IPR044865|IPR044865|IPR044865|IPR044865|IPR044865|IPR044865|IPR044865,ACH-002048,IGF2R,MTHFD1L,Pre-existing,IGF2R--MTHFD1L
913,DYRK3--GAR1,ENSG00000143479,ENSG00000109534,O43781,Q9NY12,chr1,chr4,206637761,109816153,+,+,DANSY_58016,,,,ACH-002048,DYRK3,GAR1,No Annotation,DYRK3--GAR1
914,ALG14--CNN3,ENSG00000172339,ENSG00000117519,Q96F25,Q15417,chr1,chr1,95064866,94903524,-,-,DANSY_58232,,IPR001715,IPR001715,ACH-002486,ALG14,CNN3,Pre-existing,ALG14--CNN3
915,XPO5--ZNF318,ENSG00000171467,ENSG00000124571,Q5VUA4,Q9HAV4,chr6,chr6,43365292,43534007,-,-,DANSY_58236,,,,ACH-002486,ZNF318,XPO5,No Annotation,ZNF318--XPO5
916,MLXIPL--POMZP3,ENSG00000146707,ENSG00000009950,Q6PJE2,Q9NP71,chr7,chr7,76625522,73616177,-,-,DANSY_58271,,IPR011598,IPR011598,ACH-002711,POMZP3,MLXIPL,Pre-existing,POMZP3--MLXIPL
917,ARHGEF2--RIT1,ENSG00000143622,ENSG00000116584,Q92963,Q92974,chr1,chr1,155904311,155985449,-,-,DANSY_58810,,IPR002219|IPR000219|IPR001849,IPR002219|IPR000219|IPR001849,ACH-000215,RIT1,ARHGEF2,Pre-existing,RIT1--ARHGEF2
918,KIAA0319L--PYCR2,ENSG00000142687,ENSG00000143811,Q8IZA0,Q96C36,chr1,chr1,35554350,225923771,-,-,DANSY_58812,,IPR029036,IPR029036,ACH-000215,KIAA0319L,PYCR2,Pre-existing,KIAA0319L--PYCR2
919,GTF3C1--NSMCE1,ENSG00000169189,ENSG00000077235,Q8WV22,Q12789,chr16,chr16,27257435,27511901,-,-,DANSY_58854,,IPR035625,IPR035625,ACH-000215,NSMCE1,GTF3C1,Pre-existing,NSMCE1--GTF3C1
920,CCND1--TPCN2,ENSG00000162341,ENSG00000110092,Q8NHX9,P24385,chr11,chr11,69057694,69651118,+,+,DANSY_58855,,,,ACH-000215,TPCN2,CCND1,No Annotation,TPCN2--CCND1
921,KIAA0319L--LEFTY1,ENSG00000142687,ENSG00000243709,Q8IZA0,O75610,chr1,chr1,35554350,225888032,-,-,DANSY_58859,,IPR001111|IPR001839,IPR001111|IPR001839,ACH-000215,KIAA0319L,LEFTY1,Pre-existing,KIAA0319L--LEFTY1
922,ELOA--ELOA,ENSG00000011007,ENSG00000011007,Q14241,Q14241,chr1,chr1,23757125,23754100,+,+,DANSY_58966,IPR003617|IPR001810,IPR001810,IPR003617|IPR001810|IPR001810,ACH-001001,ELOA,ELOA,Novel,ELOA--ELOA
923,IL10RA--UBASH3B,ENSG00000154127,ENSG00000110324,Q8TF42,Q13651,chr11,chr11,122656210,117993241,+,+,DANSY_58970,,,,ACH-001001,UBASH3B,IL10RA,No Annotation,UBASH3B--IL10RA
924,GSR--GTF2E2,ENSG00000104687,ENSG00000197265,P00390,P29084,chr8,chr8,30689161,30614715,-,-,DANSY_58971,,IPR040501,IPR040501,ACH-001001,GSR,GTF2E2,Pre-existing,GSR--GTF2E2
925,SC5D--VPS45,ENSG00000136631,ENSG00000109929,Q9NRW7,O75845,chr1,chr11,150076312,121307057,+,+,DANSY_58983,,,,ACH-001001,VPS45,SC5D,No Annotation,VPS45--SC5D
926,FSHR--TTC7A,ENSG00000068724,ENSG00000170820,Q9ULT0,P23945,chr2,chr2,46978907,49068290,+,-,DANSY_58987,,IPR024635|IPR017452,IPR024635|IPR017452,ACH-001001,TTC7A,FSHR,Pre-existing,TTC7A--FSHR
927,TECTA--TMEM25,ENSG00000149582,ENSG00000109927,Q86YD3,O75443,chr11,chr11,118534355,121137421,+,+,DANSY_58988,IPR007110,IPR002919|IPR001846|IPR014853|IPR000742|IPR001007|IPR001846|IPR014853|IPR001507|IPR000742,IPR007110|IPR002919|IPR001846|IPR014853|IPR000742|IPR001007|IPR001846|IPR014853|IPR001507|IPR000742,ACH-001001,TMEM25,TECTA,Novel,TMEM25--TECTA
928,FARP2--SNED1,ENSG00000162804,ENSG00000006607,Q8TER0,O94887,chr2,chr2,240999050,241462523,+,+,DANSY_58989,,IPR000219|IPR001849|IPR001849,IPR000219|IPR001849|IPR001849,ACH-001001,SNED1,FARP2,Pre-existing,SNED1--FARP2
929,DPYSL3--FMNL2,ENSG00000113657,ENSG00000157827,Q14195,Q96PY5,chr5,chr2,147509478,152614851,-,+,DANSY_58997,,IPR015425|IPR014767,IPR015425|IPR014767,ACH-001001,DPYSL3,FMNL2,Pre-existing,DPYSL3--FMNL2
930,AK9--PPIL6,ENSG00000185250,ENSG00000155085,Q8IXY8,Q5TCS8,chr6,chr6,109419187,109564845,-,-,DANSY_59002,,IPR003593|IPR003593,IPR003593|IPR003593,ACH-001001,PPIL6,AK9,Pre-existing,PPIL6--AK9
931,CD9--VWF,ENSG00000010278,ENSG00000110799,P21926,P04275,chr12,chr12,6200565,6123196,+,-,DANSY_59091,,IPR001846|IPR014853|IPR002919|IPR001007|IPR001846|IPR014853|IPR002919|IPR001007|IPR001846|IPR014853|IPR058753|IPR032361|IPR002035|IPR002035|IPR002035|IPR001846|IPR014853|IPR001007|IPR001007|IPR001007|IPR006207,IPR001846|IPR014853|IPR002919|IPR001007|IPR001846|IPR014853|IPR002919|IPR001007|IPR001846|IPR014853|IPR058753|IPR032361|IPR002035|IPR002035|IPR002035|IPR001846|IPR014853|IPR001007|IPR001007|IPR001007|IPR006207,ACH-000407,CD9,VWF,Pre-existing,CD9--VWF
932,BICD1--CFAP94,ENSG00000151746,ENSG00000118307,Q96G01,Q6TDU7,chr12,chr12,32216459,25123286,+,-,DANSY_59098,,IPR022110,IPR022110,ACH-000407,BICD1,CFAP94,Pre-existing,BICD1--CFAP94
933,SWAP70--WEE1,ENSG00000133789,ENSG00000166483,Q9UH65,P30291,chr11,chr11,9664278,9575888,+,+,DANSY_59518,,IPR000719,IPR000719,ACH-001278,SWAP70,WEE1,Pre-existing,SWAP70--WEE1
934,HTT--RGS12,ENSG00000197386,ENSG00000159788,P42858,O14924,chr4,chr4,3154419,3439455,+,+,DANSY_59810,,,,ACH-001419,HTT,RGS12,No Annotation,HTT--RGS12
935,PIP5K1A--SCNM1,ENSG00000143398,ENSG00000163156,Q99755,Q9BWG6,chr1,chr1,151224279,151166471,+,+,DANSY_59995,,IPR031622|IPR031625,IPR031622|IPR031625,ACH-000865,PIP5K1A,SCNM1,Pre-existing,PIP5K1A--SCNM1
936,ABCC1--NFATC2IP,ENSG00000103222,ENSG00000176953,P33527,Q8NCF5,chr16,chr16,16016621,28952132,+,+,DANSY_60005,IPR056227,IPR000626|IPR000626,IPR056227|IPR000626|IPR000626,ACH-000865,ABCC1,NFATC2IP,Novel,ABCC1--NFATC2IP
937,PALM--POLRMT,ENSG00000099821,ENSG00000099864,O00411,O75781,chr19,chr19,618488,726138,-,+,DANSY_60010,IPR029262,,IPR029262,ACH-000865,POLRMT,PALM,Pre-existing,POLRMT--PALM
938,PALM--POLRMT,ENSG00000099821,ENSG00000099864,O00411,O75781,chr19,chr19,618705,726138,-,+,DANSY_60011,IPR029262,,IPR029262,ACH-000865,POLRMT,PALM,Pre-existing,POLRMT--PALM
939,ITGB1--NRP1,ENSG00000099250,ENSG00000150093,O14786,P05556,chr10,chr10,33254028,32923740,-,-,DANSY_60017,IPR000859|IPR000859,IPR040622|IPR057073|IPR013111|IPR012896|IPR014836,IPR000859|IPR000859|IPR040622|IPR057073|IPR013111|IPR012896|IPR014836,ACH-000865,NRP1,ITGB1,Novel,NRP1--ITGB1
940,ITGB6--RBMS1,ENSG00000115221,ENSG00000153250,P18564,P29558,chr2,chr2,160169212,160285044,-,-,DANSY_60216,,,,ACH-001523,ITGB6,RBMS1,No Annotation,ITGB6--RBMS1
941,ISM2--ITPK1,ENSG00000100605,ENSG00000100593,Q13572,Q6H9L7,chr14,chr14,92951946,77484919,-,-,DANSY_60393,IPR041429,IPR005533,IPR041429|IPR005533,ACH-000024,ITPK1,ISM2,Novel,ITPK1--ISM2
942,CSTF3--EIF3M,ENSG00000176102,ENSG00000149100,Q12996,Q7L2H7,chr11,chr11,33098690,32587012,-,+,DANSY_60852,,IPR000717,IPR000717,ACH-000599,CSTF3,EIF3M,Pre-existing,CSTF3--EIF3M
943,RFX1--TNPO2,ENSG00000105576,ENSG00000132005,O14787,P22670,chr19,chr19,12710621,13983595,-,-,DANSY_60854,IPR001494,IPR007668|IPR003150|IPR057321,IPR001494|IPR007668|IPR003150|IPR057321,ACH-000599,TNPO2,RFX1,Novel,TNPO2--RFX1
944,EPN2--SPACA3,ENSG00000072134,ENSG00000141316,O95208,Q8IXA5,chr17,chr17,19283714,32995409,+,+,DANSY_60861,IPR013809,IPR019799,IPR013809|IPR019799,ACH-000599,EPN2,SPACA3,Novel,EPN2--SPACA3
945,IFT80--LCA5,ENSG00000068885,ENSG00000135338,Q9P2H3,Q86VQ0,chr3,chr6,160356013,79492647,-,-,DANSY_60865,,,,ACH-000599,IFT80,LCA5,No Annotation,IFT80--LCA5
946,LCA5--RP11-432B6.3,ENSG00000248710,ENSG00000135338,,Q86VQ0,chr3,chr6,160356013,79492647,-,-,DANSY_60867,,,,ACH-000599,RP11-432B6.3,LCA5,,RP11-432B6.3--LCA5
947,IQGAP3--UBQLN4,ENSG00000160803,ENSG00000183856,Q9NRR5,Q86VI3,chr1,chr1,156048501,156574191,-,-,DANSY_60874,IPR000626|IPR006636|IPR006636,IPR001715|IPR001936|IPR000593,IPR000626|IPR006636|IPR006636|IPR001715|IPR001936|IPR000593,ACH-000599,UBQLN4,IQGAP3,Novel,UBQLN4--IQGAP3
948,RUNX1--RUNX1T1,ENSG00000159216,ENSG00000079102,Q01196,Q06455,chr21,chr8,34859474,92017363,-,-,DANSY_60982,IPR013524,IPR003894|IPR014896|IPR002893,IPR013524|IPR003894|IPR014896|IPR002893,ACH-000263,RUNX1,RUNX1T1,Novel,RUNX1--RUNX1T1
949,RUNX1--RUNX1T1,ENSG00000159216,ENSG00000079102,Q01196,Q06455,chr21,chr8,34859474,92017431,-,-,DANSY_60983,IPR013524,IPR003894|IPR014896|IPR002893,IPR013524|IPR003894|IPR014896|IPR002893,ACH-000263,RUNX1,RUNX1T1,Novel,RUNX1--RUNX1T1
950,CHP1--FAM189A1,ENSG00000187446,ENSG00000104059,Q99653,O60320,chr15,chr15,41270618,29381831,+,-,DANSY_60984,IPR002048,,IPR002048,ACH-000263,CHP1,FAM189A1,Pre-existing,CHP1--FAM189A1
951,CHD4--POLR3B,ENSG00000111642,ENSG00000013503,Q14839,Q9NW08,chr12,chr12,6606274,106454502,-,+,DANSY_61039,,IPR007641,IPR007641,ACH-003191,CHD4,POLR3B,Pre-existing,CHD4--POLR3B
952,TRIM31--ZBTB24,ENSG00000112365,ENSG00000204616,O43167,Q9BZY9,chr6,chr6,109475399,30112888,-,-,DANSY_61063,IPR000210|IPR013087|IPR013087|IPR013087|IPR013087,IPR001841|IPR000315,IPR000210|IPR013087|IPR013087|IPR013087|IPR013087|IPR001841|IPR000315,ACH-003191,ZBTB24,TRIM31,Novel,ZBTB24--TRIM31
953,ARHGEF10L--ZNF595,ENSG00000074964,ENSG00000272602,Q9HCE6,Q8IYB9,chr1,chr4,17664595,59430,+,+,DANSY_61217,IPR000219,IPR001909|IPR013087|IPR013087|IPR013087|IPR013087|IPR013087|IPR013087|IPR013087|IPR013087|IPR013087|IPR013087|IPR013087|IPR013087|IPR013087|IPR013087|IPR013087|IPR013087|IPR013087|IPR013087,IPR000219|IPR001909|IPR013087|IPR013087|IPR013087|IPR013087|IPR013087|IPR013087|IPR013087|IPR013087|IPR013087|IPR013087|IPR013087|IPR013087|IPR013087|IPR013087|IPR013087|IPR013087|IPR013087|IPR013087,ACH-000303,ARHGEF10L,ZNF595,Novel,ARHGEF10L--ZNF595
954,OXTR--SSUH2,ENSG00000180914,ENSG00000125046,P30559,Q9Y2M2,chr3,chr3,8767266,8635857,-,-,DANSY_61225,,IPR001305,IPR001305,ACH-000303,OXTR,SSUH2,Pre-existing,OXTR--SSUH2
955,GRM8--IL6ST,ENSG00000134352,ENSG00000179603,P40189,O00222,chr5,chr7,55956025,126770065,-,-,DANSY_61288,IPR010457|IPR003961|IPR003961|IPR003961,IPR011500|IPR017978,IPR010457|IPR003961|IPR003961|IPR003961|IPR011500|IPR017978,ACH-001551,IL6ST,GRM8,Novel,IL6ST--GRM8
956,GRM8--IL6ST,ENSG00000134352,ENSG00000179603,P40189,O00222,chr5,chr7,55954810,126770065,-,-,DANSY_61289,IPR010457|IPR003961|IPR003961|IPR003961,IPR011500|IPR017978,IPR010457|IPR003961|IPR003961|IPR003961|IPR011500|IPR017978,ACH-001551,IL6ST,GRM8,Novel,IL6ST--GRM8
957,MACROD2--RNF130,ENSG00000113269,ENSG00000172264,Q86XS8,A1Z1Q3,chr5,chr20,180071456,15499774,-,+,DANSY_61293,,,,ACH-001551,RNF130,MACROD2,No Annotation,RNF130--MACROD2
958,HMCES--MECOM,ENSG00000183624,ENSG00000085276,Q96FZ2,Q03112,chr3,chr3,129302142,169102226,+,-,DANSY_61436,,IPR013087|IPR013087|IPR013087,IPR013087|IPR013087|IPR013087,ACH-000793,HMCES,MECOM,Pre-existing,HMCES--MECOM
959,HMCES--MECOM,ENSG00000183624,ENSG00000085276,Q96FZ2,Q03112,chr3,chr3,129302142,169107952,+,-,DANSY_61437,,IPR013087|IPR013087|IPR013087,IPR013087|IPR013087|IPR013087,ACH-000793,HMCES,MECOM,Pre-existing,HMCES--MECOM
960,AGAP3--BRAF,ENSG00000133612,ENSG00000157764,Q96P47,P15056,chr7,chr7,151123886,140787584,+,-,DANSY_61547,,IPR000719,IPR000719,ACH-002511,AGAP3,BRAF,Pre-existing,AGAP3--BRAF
961,CHIC2--EXOC4,ENSG00000131558,ENSG00000109220,Q96A65,Q9UKJ5,chr7,chr4,133630141,54049305,+,-,DANSY_61558,IPR007191|IPR048630,IPR019383,IPR007191|IPR048630|IPR019383,ACH-002511,EXOC4,CHIC2,Novel,EXOC4--CHIC2
962,CLRN1--MED13L,ENSG00000123066,ENSG00000163646,Q71F56,P58418,chr12,chr3,116022456,150941761,-,-,DANSY_61563,,,,ACH-002511,MED13L,CLRN1,No Annotation,MED13L--CLRN1
963,CCDC201--SIAH2,ENSG00000181788,ENSG00000283247,O43255,A0A1B0GTI1,chr3,chr7,150762433,45866494,-,-,DANSY_61572,IPR001841,,IPR001841,ACH-002511,SIAH2,CCDC201,Pre-existing,SIAH2--CCDC201
964,AMPH--LNX1,ENSG00000078053,ENSG00000072201,P49418,Q8TBB1,chr7,chr4,38436272,53481854,-,-,DANSY_61587,IPR004148,IPR001478|IPR001478,IPR004148|IPR001478|IPR001478,ACH-002511,AMPH,LNX1,Novel,AMPH--LNX1
965,CFDP1--HSDL2,ENSG00000119471,ENSG00000153774,Q6YN16,Q9UEE9,chr9,chr16,112380180,75305182,+,-,DANSY_61588,,IPR011421,IPR011421,ACH-002511,HSDL2,CFDP1,Pre-existing,HSDL2--CFDP1
966,ANGPT1--TAX1BP1,ENSG00000154188,ENSG00000106052,Q15389,Q86VP1,chr8,chr7,107497262,27792006,-,+,DANSY_61589,,IPR041641|IPR041641,IPR041641|IPR041641,ACH-002511,ANGPT1,TAX1BP1,Pre-existing,ANGPT1--TAX1BP1
967,DLG3--DLG3,ENSG00000082458,ENSG00000082458,Q92796,Q92796,chrX,chrX,70493475,70479150,+,+,DANSY_61778,IPR019590|IPR001478|IPR001478|IPR019583|IPR001478|IPR001452,IPR001452|IPR008144,IPR019590|IPR001478|IPR001478|IPR019583|IPR001478|IPR001452|IPR001452|IPR008144,ACH-000286,DLG3,DLG3,Novel,DLG3--DLG3
968,IGF2BP2--TRA2B,ENSG00000073792,ENSG00000136527,Q9Y6M1,P62995,chr3,chr3,185823153,185925626,-,-,DANSY_61787,IPR000504,IPR000504,IPR000504|IPR000504,ACH-000286,IGF2BP2,TRA2B,Pre-existing,IGF2BP2--TRA2B
969,CCDC97--HNRNPUL1,ENSG00000142039,ENSG00000105323,Q96F63,Q9BUJ2,chr19,chr19,41316839,41268223,+,+,DANSY_61793,,IPR001870,IPR001870,ACH-000286,CCDC97,HNRNPUL1,Pre-existing,CCDC97--HNRNPUL1
970,CCDC57--CSNK1D,ENSG00000176155,ENSG00000141551,Q2TAC2,P48730,chr17,chr17,82171701,82255577,-,-,DANSY_61794,,,,ACH-000286,CCDC57,CSNK1D,No Annotation,CCDC57--CSNK1D
971,LRRC1--NDRG3,ENSG00000137269,ENSG00000101079,Q9BTT6,Q9UGV2,chr6,chr20,53842227,36653701,+,-,DANSY_62007,,,,ACH-000139,LRRC1,NDRG3,No Annotation,LRRC1--NDRG3
972,LRRC1--NDRG3,ENSG00000137269,ENSG00000101079,Q9BTT6,Q9UGV2,chr6,chr20,53795415,36656532,+,-,DANSY_62008,,,,ACH-000139,LRRC1,NDRG3,No Annotation,LRRC1--NDRG3
973,GLRB--LRBA,ENSG00000109738,ENSG00000198589,P48167,P50851,chr4,chr4,157122397,150436864,+,-,DANSY_62022,,IPR046851,IPR046851,ACH-000139,GLRB,LRBA,Pre-existing,GLRB--LRBA
974,PSMC4--RXRB,ENSG00000013275,ENSG00000204231,P43686,P28702,chr19,chr6,39974828,33199416,+,-,DANSY_62024,IPR032501,IPR001628|IPR000536,IPR032501|IPR001628|IPR000536,ACH-000139,PSMC4,RXRB,Novel,PSMC4--RXRB
975,AFF1--KMT2A,ENSG00000172493,ENSG00000118058,P51825,Q03164,chr4,chr11,87047594,118484862,+,+,DANSY_62082,,IPR001965|IPR001965|IPR001965|IPR001487|IPR001965|IPR001214|IPR003616,IPR001965|IPR001965|IPR001965|IPR001487|IPR001965|IPR001214|IPR003616,ACH-001735,AFF1,KMT2A,Pre-existing,AFF1--KMT2A
976,AFF1--KMT2A,ENSG00000118058,ENSG00000172493,Q03164,P51825,chr11,chr4,118482495,87084120,+,+,DANSY_62083,IPR002857,IPR043640,IPR002857|IPR043640,ACH-001735,KMT2A,AFF1,Novel,KMT2A--AFF1
977,AFF1--KMT2A,ENSG00000172493,ENSG00000118058,P51825,Q03164,chr4,chr11,87047594,118488614,+,+,DANSY_62084,,IPR001965|IPR001965|IPR001487|IPR001965|IPR001214|IPR003616,IPR001965|IPR001965|IPR001487|IPR001965|IPR001214|IPR003616,ACH-001735,AFF1,KMT2A,Pre-existing,AFF1--KMT2A
978,RUFY3--TMPRSS11A,ENSG00000018189,ENSG00000187054,Q7L099,Q6ZMR5,chr4,chr4,70775233,67919232,+,-,DANSY_62171,IPR004012,,IPR004012,ACH-001389,RUFY3,TMPRSS11A,Pre-existing,RUFY3--TMPRSS11A
979,PDXK--SYNJ1,ENSG00000159082,ENSG00000160209,O43426,O00764,chr21,chr21,32726772,43746079,-,+,DANSY_62179,,,,ACH-001389,SYNJ1,PDXK,No Annotation,SYNJ1--PDXK
980,PDXK--SYNJ1,ENSG00000159082,ENSG00000160209,O43426,O00764,chr21,chr21,32726772,43743724,-,+,DANSY_62180,,IPR013749,IPR013749,ACH-001389,SYNJ1,PDXK,Pre-existing,SYNJ1--PDXK
981,PDXK--SYNJ1,ENSG00000160209,ENSG00000159082,O00764,O43426,chr21,chr21,43734123,32702047,+,-,DANSY_62182,,IPR002013|IPR000300|IPR000504,IPR002013|IPR000300|IPR000504,ACH-001389,PDXK,SYNJ1,Pre-existing,PDXK--SYNJ1
982,ANKS1B--ASAP1,ENSG00000185046,ENSG00000153317,Q7Z6G8,Q9ULH1,chr12,chr8,99812155,130137038,-,-,DANSY_62195,,IPR001164|IPR001452,IPR001164|IPR001452,ACH-001389,ANKS1B,ASAP1,Pre-existing,ANKS1B--ASAP1
983,DLG2--PRCP,ENSG00000137509,ENSG00000150672,P42785,Q15700,chr11,chr11,82900235,84251291,-,-,DANSY_62218,,IPR001478|IPR019583|IPR001478|IPR001452|IPR008144,IPR001478|IPR019583|IPR001478|IPR001452|IPR008144,ACH-001389,PRCP,DLG2,Pre-existing,PRCP--DLG2
984,EDAR--NAA16,ENSG00000172766,ENSG00000135960,Q6N069,Q9UNE0,chr13,chr2,41311582,108931032,+,-,DANSY_62219,,IPR034052|IPR056762,IPR034052|IPR056762,ACH-001389,NAA16,EDAR,Pre-existing,NAA16--EDAR
985,FGFR3--TACC3,ENSG00000068078,ENSG00000013810,P22607,Q9Y6A5,chr4,chr4,1806934,1739702,+,+,DANSY_62310,IPR003598|IPR003598|IPR003598|IPR000719,,IPR003598|IPR003598|IPR003598|IPR000719,ACH-001183,FGFR3,TACC3,Pre-existing,FGFR3--TACC3
986,ABL1--BCR,ENSG00000186716,ENSG00000097007,P11274,P00519,chr22,chr9,23290413,130854064,+,+,DANSY_62352,IPR015123|IPR000219|IPR001849,IPR001452|IPR000980|IPR000719|IPR015015,IPR015123|IPR000219|IPR001849|IPR001452|IPR000980|IPR000719|IPR015015,ACH-000551,BCR,ABL1,Novel,BCR--ABL1
987,ARMH3--KCNIP2,ENSG00000120029,ENSG00000120049,Q5T2E6,Q9NS61,chr10,chr10,102040013,101829199,-,-,DANSY_62359,,IPR002048,IPR002048,ACH-000551,ARMH3,KCNIP2,Pre-existing,ARMH3--KCNIP2
988,AP3S1--COMMD10,ENSG00000145781,ENSG00000177879,Q9Y6G5,Q92572,chr5,chr5,116134178,115866670,+,+,DANSY_62386,,,,ACH-000551,COMMD10,AP3S1,No Annotation,COMMD10--AP3S1
989,MEI1--SREBF2,ENSG00000198911,ENSG00000167077,Q12772,Q5TIA1,chr22,chr22,41833358,41781685,+,+,DANSY_62933,,,,ACH-000336,SREBF2,MEI1,No Annotation,SREBF2--MEI1
990,NF2--TCF12,ENSG00000186575,ENSG00000140262,P35240,Q99081,chr22,chr15,29642285,57231152,+,+,DANSY_63252,,IPR011598,IPR011598,ACH-001557,NF2,TCF12,Pre-existing,NF2--TCF12
991,KHDC1--PRKN,ENSG00000135314,ENSG00000185345,Q4VXA5,O60260,chr6,chr6,73242055,161569416,-,-,DANSY_63263,,IPR002867|IPR002867,IPR002867|IPR002867,ACH-001557,KHDC1,PRKN,Pre-existing,KHDC1--PRKN
992,ESPL1--SP1,ENSG00000185591,ENSG00000135476,P08047,Q14674,chr12,chr12,53383622,53288123,+,+,DANSY_63346,,IPR030397,IPR030397,ACH-000247,SP1,ESPL1,Pre-existing,SP1--ESPL1
993,NR2E3--THSD4,ENSG00000187720,ENSG00000278570,Q6ZMP0,Q9Y5X4,chr15,chr15,71660734,71812336,+,+,DANSY_63391,IPR045371,,IPR045371,ACH-000947,THSD4,NR2E3,Pre-existing,THSD4--NR2E3
994,BMS1--PARG,ENSG00000227345,ENSG00000165733,Q86W56,Q14692,chr10,chr10,49885203,42791627,-,+,DANSY_63394,,IPR012948|IPR007034,IPR012948|IPR007034,ACH-000947,PARG,BMS1,Pre-existing,PARG--BMS1
995,EYA2--NCOA3,ENSG00000124151,ENSG00000064655,Q9Y6Q9,O00167,chr20,chr20,47628023,47179798,+,+,DANSY_63477,IPR011598|IPR000014,,IPR011598|IPR000014,ACH-000807,NCOA3,EYA2,Pre-existing,NCOA3--EYA2
996,EYA2--NCOA3,ENSG00000124151,ENSG00000064655,Q9Y6Q9,O00167,chr20,chr20,47628023,47183291,+,+,DANSY_63478,IPR011598|IPR000014,,IPR011598|IPR000014,ACH-000807,NCOA3,EYA2,Pre-existing,NCOA3--EYA2
997,CDCA2--DOCK5,ENSG00000147459,ENSG00000184661,Q9H7D0,Q69YH5,chr8,chr8,25243757,25479913,+,+,DANSY_63479,,IPR029334,IPR029334,ACH-000807,DOCK5,CDCA2,Pre-existing,DOCK5--CDCA2
998,IMMT--POLR1A,ENSG00000132305,ENSG00000068654,Q16891,O95602,chr2,chr2,86159536,86065465,-,-,DANSY_63504,,IPR007066|IPR007083|IPR007081,IPR007066|IPR007083|IPR007081,ACH-000807,IMMT,POLR1A,Pre-existing,IMMT--POLR1A
999,DENND1A--RALGPS1,ENSG00000119522,ENSG00000136828,Q8TEH3,Q5JS13,chr9,chr9,123557570,127052847,-,+,DANSY_63506,IPR005113|IPR001194,IPR001849,IPR005113|IPR001194|IPR001849,ACH-000807,DENND1A,RALGPS1,Novel,DENND1A--RALGPS1
1000,DENND1A--RALGPS1,ENSG00000119522,ENSG00000136828,Q8TEH3,Q5JS13,chr9,chr9,123557570,127050043,-,+,DANSY_63507,IPR005113|IPR001194,IPR001849,IPR005113|IPR001194|IPR001849,ACH-000807,DENND1A,RALGPS1,Novel,DENND1A--RALGPS1
1001,DENND1A--RALGPS1,ENSG00000119522,ENSG00000136828,Q8TEH3,Q5JS13,chr9,chr9,123557570,127069230,-,+,DANSY_63508,IPR005113|IPR001194,IPR001849,IPR005113|IPR001194|IPR001849,ACH-000807,DENND1A,RALGPS1,Novel,DENND1A--RALGPS1
1002,ERCC1--PPP5C,ENSG00000011485,ENSG00000012061,P53041,P07992,chr19,chr19,46388731,45423381,+,-,DANSY_63509,IPR013235|IPR004843,IPR047260,IPR013235|IPR004843|IPR047260,ACH-000807,PPP5C,ERCC1,Novel,PPP5C--ERCC1
1003,CDK14--MAN2A1,ENSG00000112893,ENSG00000058091,Q16706,O94921,chr5,chr7,109855334,91045897,+,+,DANSY_63712,IPR000602|IPR015341|IPR048534|IPR011682,,IPR000602|IPR015341|IPR048534|IPR011682,ACH-000476,MAN2A1,CDK14,Pre-existing,MAN2A1--CDK14
1004,VOPP1--ZNF713,ENSG00000154978,ENSG00000178665,Q96AW1,Q8N859,chr7,chr7,55572271,55923162,-,+,DANSY_63721,,IPR001909|IPR013087|IPR013087|IPR013087|IPR013087|IPR013087|IPR013087|IPR013087,IPR001909|IPR013087|IPR013087|IPR013087|IPR013087|IPR013087|IPR013087|IPR013087,ACH-000476,VOPP1,ZNF713,Pre-existing,VOPP1--ZNF713
1005,ME3--TYR,ENSG00000151376,ENSG00000077498,Q16798,P14679,chr11,chr11,86671762,89191202,-,+,DANSY_63727,,,,ACH-000476,ME3,TYR,No Annotation,ME3--TYR
1006,ACRBP--ENO2,ENSG00000111674,ENSG00000111644,P09104,Q8NEB7,chr12,chr12,6918162,6647012,+,-,DANSY_63826,IPR020811,,IPR020811,ACH-000525,ENO2,ACRBP,Pre-existing,ENO2--ACRBP
1007,CCDC81--PICALM,ENSG00000073921,ENSG00000149201,Q13492,Q6ZN84,chr11,chr11,85974708,86395334,-,+,DANSY_63855,IPR011417,,IPR011417,ACH-000525,PICALM,CCDC81,Pre-existing,PICALM--CCDC81
1008,CCDC81--PICALM,ENSG00000073921,ENSG00000149201,Q13492,Q6ZN84,chr11,chr11,85981129,86395334,-,+,DANSY_63857,IPR011417,,IPR011417,ACH-000525,PICALM,CCDC81,Pre-existing,PICALM--CCDC81
1009,BCL2L1--HM13,ENSG00000101294,ENSG00000171552,Q8TCT9,Q07817,chr20,chr20,31514734,31666086,+,-,DANSY_63871,,,,ACH-000525,HM13,BCL2L1,No Annotation,HM13--BCL2L1
1010,CCDC91--PPFIBP1,ENSG00000123106,ENSG00000110841,Q7Z6B0,Q86W92,chr12,chr12,28307749,27676428,+,+,DANSY_63902,,IPR001660|IPR001660|IPR001660,IPR001660|IPR001660|IPR001660,ACH-000525,CCDC91,PPFIBP1,Pre-existing,CCDC91--PPFIBP1
1011,BLVRB--PLD3,ENSG00000105223,ENSG00000090013,Q8IV08,P30043,chr19,chr19,40371873,40451492,+,-,DANSY_64263,IPR001736,,IPR001736,ACH-000853,PLD3,BLVRB,Pre-existing,PLD3--BLVRB
1012,ARPC4-TTLL3--JAGN1,ENSG00000171135,ENSG00000250151,Q8N5M9,,chr3,chr3,9893026,9797659,+,+,DANSY_64268,,,,ACH-000853,JAGN1,ARPC4-TTLL3,,JAGN1--ARPC4-TTLL3
1013,ARPC4--JAGN1,ENSG00000171135,ENSG00000241553,Q8N5M9,P59998,chr3,chr3,9893026,9797659,+,+,DANSY_64269,,,,ACH-000853,JAGN1,ARPC4,No Annotation,JAGN1--ARPC4
1014,NDST3--USP53,ENSG00000164100,ENSG00000145390,O95803,Q70EK8,chr4,chr4,118143684,119245337,+,+,DANSY_64274,IPR056793|IPR021930,,IPR056793|IPR021930,ACH-000853,NDST3,USP53,Pre-existing,NDST3--USP53
1015,DTNB--KLHL29,ENSG00000138101,ENSG00000119771,O60941,Q96CT2,chr2,chr2,25576838,23562152,-,+,DANSY_64288,IPR015153|IPR015154|IPR000433,IPR000210|IPR011705|IPR056737,IPR015153|IPR015154|IPR000433|IPR000210|IPR011705|IPR056737,ACH-000853,DTNB,KLHL29,Novel,DTNB--KLHL29
1016,DENND5A--LMO1,ENSG00000184014,ENSG00000166407,Q6IQ26,P25800,chr11,chr11,9264961,8230504,-,-,DANSY_64444,,IPR001781|IPR001781,IPR001781|IPR001781,ACH-000479,DENND5A,LMO1,Pre-existing,DENND5A--LMO1
1017,EML6--RAD18,ENSG00000070950,ENSG00000214595,Q9NS91,Q6ZMW3,chr3,chr2,8890389,54948882,-,+,DANSY_64445,IPR001841|IPR006642|IPR003034,IPR055439|IPR055442,IPR001841|IPR006642|IPR003034|IPR055439|IPR055442,ACH-000479,RAD18,EML6,Novel,RAD18--EML6
1018,RNF214--SIK3,ENSG00000160584,ENSG00000167257,Q9Y2K2,Q8ND24,chr11,chr11,117098143,117234267,-,+,DANSY_64770,,IPR056872|IPR056870|IPR001841,IPR056872|IPR056870|IPR001841,ACH-001664,SIK3,RNF214,Pre-existing,SIK3--RNF214
1019,DNAH6--MCEE,ENSG00000115423,ENSG00000124370,Q9C0G6,Q96PE7,chr2,chr2,84557935,71110122,+,-,DANSY_64774,,,,ACH-001664,DNAH6,MCEE,No Annotation,DNAH6--MCEE
1020,RGS4--UAP1,ENSG00000117143,ENSG00000117152,Q16222,P49798,chr1,chr1,162566348,163069252,+,+,DANSY_65518,,IPR016137,IPR016137,ACH-002490,UAP1,RGS4,Pre-existing,UAP1--RGS4
1021,CD53--RBPMS,ENSG00000157110,ENSG00000143119,Q93062,P19397,chr8,chr1,30504436,110891392,+,+,DANSY_65537,IPR000504,,IPR000504,ACH-002490,RBPMS,CD53,Pre-existing,RBPMS--CD53
1022,EED--POLD3,ENSG00000074266,ENSG00000077514,O75530,Q15054,chr11,chr11,86277991,74618537,+,+,DANSY_65781,,,,ACH-001683,EED,POLD3,No Annotation,EED--POLD3
1023,ADCY8--MYBL1,ENSG00000185697,ENSG00000155897,P10243,P40145,chr8,chr8,66599050,130783805,-,-,DANSY_65789,IPR001005,,IPR001005,ACH-001683,MYBL1,ADCY8,Pre-existing,MYBL1--ADCY8
1024,CCT3--GALNT18,ENSG00000110328,ENSG00000163468,Q6P9A2,P49368,chr11,chr1,11621359,156335888,-,-,DANSY_65851,,,,ACH-001990,GALNT18,CCT3,No Annotation,GALNT18--CCT3
1025,CCT3--GALNT18,ENSG00000110328,ENSG00000163468,Q6P9A2,P49368,chr11,chr1,11621359,156325089,-,-,DANSY_65852,,,,ACH-001990,GALNT18,CCT3,No Annotation,GALNT18--CCT3
1026,IFT81--TCHP,ENSG00000122970,ENSG00000139437,Q8WYA0,Q9BT92,chr12,chr12,110218187,109914442,+,+,DANSY_65855,IPR041146,,IPR041146,ACH-001990,IFT81,TCHP,Pre-existing,IFT81--TCHP
1027,EP300--L3MBTL2,ENSG00000100393,ENSG00000100395,Q09472,Q969R5,chr22,chr22,41141222,41213893,+,+,DANSY_65927,IPR000197|IPR003101,,IPR000197|IPR003101,ACH-001647,EP300,L3MBTL2,Pre-existing,EP300--L3MBTL2
1028,AFDN--KMT2A,ENSG00000118058,ENSG00000130396,Q03164,P55196,chr11,chr6,118482495,167864551,+,+,DANSY_65934,IPR002857,IPR000159|IPR000159|IPR000253|IPR002710|IPR001478,IPR002857|IPR000159|IPR000159|IPR000253|IPR002710|IPR001478,ACH-001647,KMT2A,AFDN,Novel,KMT2A--AFDN
1029,C20orf194--ITPA,ENSG00000088854,ENSG00000125877,Q5TEA3,Q9BY32,chr20,chr20,3294139,3221841,-,+,DANSY_66112,IPR056498|IPR058844|IPR058843,,IPR056498|IPR058844|IPR058843,ACH-002043,C20orf194,ITPA,Pre-existing,C20orf194--ITPA
1030,MAN2B1--TNPO2,ENSG00000104774,ENSG00000105576,O00754,O14787,chr19,chr19,12658063,12710773,-,-,DANSY_66119,IPR000602,IPR058584,IPR000602|IPR058584,ACH-002043,MAN2B1,TNPO2,Novel,MAN2B1--TNPO2
1031,RBM14--TMCO3,ENSG00000150403,ENSG00000239306,Q6UWJ1,Q96PK6,chr13,chr11,113520733,66626461,+,+,DANSY_66233,,,,ACH-000155,TMCO3,RBM14,No Annotation,TMCO3--RBM14
1032,DMD--TADA2A,ENSG00000276234,ENSG00000198947,O75478,P11532,chr17,chrX,37444768,31323658,+,-,DANSY_66236,IPR000433|IPR001005,IPR001202|IPR015153|IPR015154|IPR000433,IPR000433|IPR001005|IPR001202|IPR015153|IPR015154|IPR000433,ACH-000155,TADA2A,DMD,Novel,TADA2A--DMD
1033,TENM2--TENM2,ENSG00000145934,ENSG00000145934,Q9NT68,Q9NT68,chr5,chr5,168218999,167992944,+,+,DANSY_66506,IPR009471|IPR057629|IPR000742|IPR000742|IPR000742|IPR000742|IPR000742|IPR000742|IPR000742|IPR000742|IPR056820|IPR057627|IPR056822,IPR057629|IPR000742|IPR000742|IPR000742|IPR000742|IPR000742|IPR000742|IPR000742|IPR000742|IPR056820|IPR057627|IPR056822|IPR056823|IPR022385|IPR028916,IPR009471|IPR057629|IPR000742|IPR000742|IPR000742|IPR000742|IPR000742|IPR000742|IPR000742|IPR000742|IPR056820|IPR057627|IPR056822|IPR057629|IPR000742|IPR000742|IPR000742|IPR000742|IPR000742|IPR000742|IPR000742|IPR000742|IPR056820|IPR057627|IPR056822|IPR056823|IPR022385|IPR028916,ACH-000683,TENM2,TENM2,Novel,TENM2--TENM2
1034,COL17A1--COL17A1,ENSG00000065618,ENSG00000065618,Q9UMD9,Q9UMD9,chr10,chr10,104058146,104072079,-,-,DANSY_66511,,,,ACH-000683,COL17A1,COL17A1,No Annotation,COL17A1--COL17A1
1035,FAM189A2--PTAR1,ENSG00000188647,ENSG00000135063,Q7Z6K3,Q15884,chr9,chr9,69759853,69383630,-,+,DANSY_66512,,,,ACH-000683,PTAR1,FAM189A2,No Annotation,PTAR1--FAM189A2
1036,DST--DST,ENSG00000151914,ENSG00000151914,Q03001,Q03001,chr6,chr6,56485312,56493089,-,-,DANSY_66514,IPR001715|IPR001715|IPR001452|IPR041573,IPR002048|IPR003108,IPR001715|IPR001715|IPR001452|IPR041573|IPR002048|IPR003108,ACH-000683,DST,DST,Pre-existing,DST--DST
1037,CENPS-CORT--UBE4B,ENSG00000130939,ENSG00000251503,O95155,,chr1,chr1,10033694,10433842,+,+,DANSY_66528,,,,ACH-000683,UBE4B,CENPS-CORT,,UBE4B--CENPS-CORT
1038,CENPS--UBE4B,ENSG00000130939,ENSG00000175279,O95155,Q8N2Z9,chr1,chr1,10033694,10433842,+,+,DANSY_66532,,,,ACH-000683,UBE4B,CENPS,No Annotation,UBE4B--CENPS
1039,AP1B1--TTC28,ENSG00000100154,ENSG00000100280,Q96AY4,Q10567,chr22,chr22,28629552,29334410,-,-,DANSY_66545,,IPR008152|IPR015151,IPR008152|IPR015151,ACH-000683,TTC28,AP1B1,Pre-existing,TTC28--AP1B1
1040,ABCC8--TEAD1,ENSG00000187079,ENSG00000006071,P28347,Q09428,chr11,chr11,12902113,17453283,+,-,DANSY_66772,IPR000818,IPR003439|IPR011527|IPR003439,IPR000818|IPR003439|IPR011527|IPR003439,ACH-000655,TEAD1,ABCC8,Novel,TEAD1--ABCC8
1041,ABCC8--TEAD1,ENSG00000187079,ENSG00000006071,P28347,Q09428,chr11,chr11,12902113,17461825,+,-,DANSY_66773,IPR000818,IPR011527|IPR003439|IPR011527|IPR003439,IPR000818|IPR011527|IPR003439|IPR011527|IPR003439,ACH-000655,TEAD1,ABCC8,Novel,TEAD1--ABCC8
1042,EPHB2--LYPLA2,ENSG00000133216,ENSG00000011009,P29323,O95372,chr1,chr1,22711043,23792657,+,+,DANSY_66781,,IPR003140,IPR003140,ACH-000655,EPHB2,LYPLA2,Pre-existing,EPHB2--LYPLA2
1043,CPEB1--IGF1R,ENSG00000214575,ENSG00000140443,Q9BZB8,P08069,chr15,chr15,82555870,98891325,-,+,DANSY_66912,IPR032292,IPR000494|IPR003961|IPR003961|IPR003961|IPR000719,IPR032292|IPR000494|IPR003961|IPR003961|IPR003961|IPR000719,ACH-000145,CPEB1,IGF1R,Novel,CPEB1--IGF1R
1044,CPEB1--IGF1R,ENSG00000214575,ENSG00000140443,Q9BZB8,P08069,chr15,chr15,82571344,98891325,-,+,DANSY_66913,,IPR000494|IPR003961|IPR003961|IPR003961|IPR000719,IPR000494|IPR003961|IPR003961|IPR003961|IPR000719,ACH-000145,CPEB1,IGF1R,Pre-existing,CPEB1--IGF1R
1045,TYW1B--YEATS2,ENSG00000277149,ENSG00000163872,Q6NUM6,Q9ULM3,chr7,chr3,72802400,183772305,-,+,DANSY_66924,IPR001094|IPR001094|IPR001094,IPR055127,IPR001094|IPR001094|IPR001094|IPR055127,ACH-000145,TYW1B,YEATS2,Novel,TYW1B--YEATS2
1046,KCNMB3--RYK,ENSG00000163785,ENSG00000171121,P34925,Q9NPA1,chr3,chr3,134202730,179250934,-,-,DANSY_66925,IPR003306,,IPR003306,ACH-000145,RYK,KCNMB3,Pre-existing,RYK--KCNMB3
1047,NIPSNAP1--SPATS2,ENSG00000123352,ENSG00000184117,Q86XZ4,Q9BPW8,chr12,chr22,49461037,29561862,+,-,DANSY_67055,,IPR012577,IPR012577,ACH-001495,SPATS2,NIPSNAP1,Pre-existing,SPATS2--NIPSNAP1
1048,NIPSNAP1--SPATS2,ENSG00000123352,ENSG00000184117,Q86XZ4,Q9BPW8,chr12,chr22,49461037,29564371,+,-,DANSY_67056,,IPR012577,IPR012577,ACH-001495,SPATS2,NIPSNAP1,Pre-existing,SPATS2--NIPSNAP1
1049,REM1--SLC25A26,ENSG00000144741,ENSG00000088320,Q70HW3,O75628,chr3,chr20,66221127,31482287,+,+,DANSY_67058,,,,ACH-001495,SLC25A26,REM1,No Annotation,SLC25A26--REM1
1050,HPD--KDM2B,ENSG00000089094,ENSG00000158104,Q8NHM5,P32754,chr12,chr12,121509567,121843832,-,-,DANSY_67075,IPR003347|IPR041070,,IPR003347|IPR041070,ACH-001495,KDM2B,HPD,Pre-existing,KDM2B--HPD
1051,APOBEC3B--APOBEC3F,ENSG00000128394,ENSG00000179750,Q8IUX4,Q9UH17,chr22,chr22,39045220,38986298,+,+,DANSY_67081,IPR002125,IPR002125,IPR002125|IPR002125,ACH-001495,APOBEC3F,APOBEC3B,Pre-existing,APOBEC3F--APOBEC3B
1052,HLCS--KIF1C,ENSG00000129250,ENSG00000159267,O43896,P50747,chr17,chr21,5007542,36897131,+,-,DANSY_67086,IPR001752,IPR003142,IPR001752|IPR003142,ACH-001495,KIF1C,HLCS,Novel,KIF1C--HLCS
1053,ABR--TRPV1,ENSG00000159842,ENSG00000196689,Q12979,Q8NER1,chr17,chr17,1108934,3580527,-,-,DANSY_67089,,,,ACH-001495,ABR,TRPV1,No Annotation,ABR--TRPV1
1054,DYSF--ZNF638,ENSG00000135636,ENSG00000075292,O75923,Q14966,chr2,chr2,71520904,71403870,+,+,DANSY_67172,IPR000008|IPR000008|IPR012968,IPR000690,IPR000008|IPR000008|IPR012968|IPR000690,ACH-000188,DYSF,ZNF638,Novel,DYSF--ZNF638
1055,KMT2A--MLLT3,ENSG00000118058,ENSG00000171843,Q03164,P42568,chr11,chr9,118482495,20365744,+,-,DANSY_67393,IPR002857,IPR040930,IPR002857|IPR040930,ACH-000146,KMT2A,MLLT3,Novel,KMT2A--MLLT3
1056,B4GALT1--FAM205C,ENSG00000086062,ENSG00000187791,P15291,A6NFA0,chr9,chr9,33135189,34895084,-,-,DANSY_67396,,IPR027970,IPR027970,ACH-000146,B4GALT1,FAM205C,Pre-existing,B4GALT1--FAM205C
1057,ELAVL2--VAV2,ENSG00000160293,ENSG00000107105,P52735,Q12926,chr9,chr9,133992075,23762249,-,-,DANSY_67412,,IPR000504|IPR000504|IPR000504,IPR000504|IPR000504|IPR000504,ACH-000146,VAV2,ELAVL2,Pre-existing,VAV2--ELAVL2
1058,CAMSAP2--DDX59,ENSG00000118200,ENSG00000118197,Q08AD1,Q5T1V6,chr1,chr1,200815644,200644517,+,-,DANSY_67459,IPR058042,,IPR058042,ACH-000415,CAMSAP2,DDX59,Pre-existing,CAMSAP2--DDX59
1059,CAMSAP2--DDX59,ENSG00000118200,ENSG00000118197,Q08AD1,Q5T1V6,chr1,chr1,200815644,200625047,+,-,DANSY_67460,IPR058042,,IPR058042,ACH-000415,CAMSAP2,DDX59,Pre-existing,CAMSAP2--DDX59
1060,HACD2--MYLK,ENSG00000206527,ENSG00000065534,Q6Y1H2,Q15746,chr3,chr3,123567762,123740001,-,-,DANSY_67778,,IPR003598|IPR003598|IPR003598|IPR003598|IPR003598|IPR003598|IPR003598|IPR003961|IPR000719|IPR003598,IPR003598|IPR003598|IPR003598|IPR003598|IPR003598|IPR003598|IPR003598|IPR003961|IPR000719|IPR003598,ACH-001625,HACD2,MYLK,Pre-existing,HACD2--MYLK
1061,CENPF--KBTBD11-OT1,ENSG00000283239,ENSG00000117724,,P49454,chr8,chr1,1843436,214656953,+,+,DANSY_67994,,IPR018302,,ACH-000851,KBTBD11-OT1,CENPF,,KBTBD11-OT1--CENPF
1062,KSR1--MPP3,ENSG00000141068,ENSG00000161647,Q8IVT5,Q13368,chr17,chr17,27597436,43837896,+,-,DANSY_67999,IPR046861|IPR002219,IPR004172|IPR004172|IPR001478|IPR001452|IPR008144,IPR046861|IPR002219|IPR004172|IPR004172|IPR001478|IPR001452|IPR008144,ACH-000851,KSR1,MPP3,Novel,KSR1--MPP3
1063,ELP1--MRRF,ENSG00000148187,ENSG00000070061,Q96E11,O95163,chr9,chr9,122271075,108912494,+,-,DANSY_68101,,IPR056165|IPR056167|IPR056166|IPR056169,IPR056165|IPR056167|IPR056166|IPR056169,ACH-000824,MRRF,ELP1,Pre-existing,MRRF--ELP1
1064,ELP1--MRRF,ENSG00000070061,ENSG00000148187,O95163,Q96E11,chr9,chr9,108916204,122280443,-,+,DANSY_68102,,IPR023584,IPR023584,ACH-000824,ELP1,MRRF,Pre-existing,ELP1--MRRF
1065,ELP1--MRRF,ENSG00000148187,ENSG00000070061,Q96E11,O95163,chr9,chr9,122271075,108908404,+,-,DANSY_68103,,IPR056167|IPR056166|IPR056169,IPR056167|IPR056166|IPR056169,ACH-000824,MRRF,ELP1,Pre-existing,MRRF--ELP1
1066,DPP8--HACD3,ENSG00000074603,ENSG00000074696,Q6V1X1,Q9P035,chr15,chr15,65507243,65551676,-,+,DANSY_68107,,,,ACH-000824,DPP8,HACD3,No Annotation,DPP8--HACD3
1067,GLI3--MRPL48,ENSG00000106571,ENSG00000175581,P10071,Q96GC5,chr7,chr11,42023468,73805027,-,+,DANSY_68115,,IPR027486,IPR027486,ACH-000824,GLI3,MRPL48,Pre-existing,GLI3--MRPL48
1068,ABL1--BCR,ENSG00000186716,ENSG00000097007,P11274,P00519,chr22,chr9,23289621,130854064,+,+,DANSY_69355,IPR015123|IPR000219|IPR001849,IPR001452|IPR000980|IPR000719|IPR015015,IPR015123|IPR000219|IPR001849|IPR001452|IPR000980|IPR000719|IPR015015,ACH-000983,BCR,ABL1,Novel,BCR--ABL1
1069,ABL1--BCR,ENSG00000097007,ENSG00000186716,P00519,P11274,chr9,chr22,130714455,23290339,+,+,DANSY_69356,,IPR000198,IPR000198,ACH-000983,ABL1,BCR,Pre-existing,ABL1--BCR
1070,ABL1--BCR,ENSG00000097007,ENSG00000186716,P00519,P11274,chr9,chr22,130714455,23292541,+,+,DANSY_69357,,IPR000198,IPR000198,ACH-000983,ABL1,BCR,Pre-existing,ABL1--BCR
1071,NR3C1--NR3C1,ENSG00000113580,ENSG00000113580,P04150,P04150,chr5,chr5,143298668,143314168,-,-,DANSY_69411,IPR001628,IPR001628|IPR000536,IPR001628|IPR001628|IPR000536,ACH-000541,NR3C1,NR3C1,Novel,NR3C1--NR3C1
1072,NEK1--SLX1B,ENSG00000181625,ENSG00000137601,Q9BQ83,Q96PY6,chr16,chr4,29458015,169580902,+,-,DANSY_69422,IPR000305|IPR048749,,IPR000305|IPR048749,ACH-000541,SLX1B,NEK1,Pre-existing,SLX1B--NEK1
1073,GCHFR--GPC6,ENSG00000183098,ENSG00000137880,Q9Y625,P30047,chr13,chr15,94306123,40765827,+,+,DANSY_69563,,,,ACH-002460,GPC6,GCHFR,No Annotation,GPC6--GCHFR
1074,NUP188--NUP188,ENSG00000095319,ENSG00000095319,Q5SRE5,Q5SRE5,chr9,chr9,128999805,128994856,+,+,DANSY_69687,IPR018864|IPR048883,,IPR018864|IPR048883,ACH-000111,NUP188,NUP188,Pre-existing,NUP188--NUP188
1075,AGPAT5--MCPH1,ENSG00000155189,ENSG00000147316,Q9NUQ2,Q8NEM0,chr8,chr8,6741751,6642994,+,+,DANSY_69695,,,,ACH-000111,AGPAT5,MCPH1,No Annotation,AGPAT5--MCPH1
1076,POFUT1--TM9SF4,ENSG00000101346,ENSG00000101337,Q9H488,Q92544,chr20,chr20,32228455,32142982,+,+,DANSY_69706,,,,ACH-000111,POFUT1,TM9SF4,No Annotation,POFUT1--TM9SF4
1077,PLXND1--TMCC1,ENSG00000004399,ENSG00000172765,Q9Y4D7,O94876,chr3,chr3,129574336,129671264,-,-,DANSY_69709,IPR001627|IPR016201|IPR041019|IPR016201|IPR016201,,IPR001627|IPR016201|IPR041019|IPR016201|IPR016201,ACH-000111,PLXND1,TMCC1,Pre-existing,PLXND1--TMCC1
1078,PLXND1--TMCC1,ENSG00000004399,ENSG00000172765,Q9Y4D7,O94876,chr3,chr3,129578329,129671264,-,-,DANSY_69710,IPR001627|IPR016201|IPR041019|IPR016201,,IPR001627|IPR016201|IPR041019|IPR016201,ACH-000111,PLXND1,TMCC1,Pre-existing,PLXND1--TMCC1
1079,PLXND1--TMCC1,ENSG00000004399,ENSG00000172765,Q9Y4D7,O94876,chr3,chr3,129575766,129671264,-,-,DANSY_69711,IPR001627|IPR016201|IPR041019|IPR016201,,IPR001627|IPR016201|IPR041019|IPR016201,ACH-000111,PLXND1,TMCC1,Pre-existing,PLXND1--TMCC1
1080,AKAP13--PDE8A,ENSG00000170776,ENSG00000073417,Q12802,O60658,chr15,chr15,85485753,85064370,+,+,DANSY_69717,,IPR057304|IPR000014|IPR002073,IPR057304|IPR000014|IPR002073,ACH-000111,AKAP13,PDE8A,Pre-existing,AKAP13--PDE8A
1081,CDH23--KLK5,ENSG00000167754,ENSG00000107736,Q9Y337,Q9H251,chr19,chr10,50948640,71741694,-,+,DANSY_69718,,IPR002126|IPR002126|IPR002126|IPR002126|IPR002126|IPR002126|IPR002126|IPR002126|IPR002126|IPR002126|IPR002126|IPR002126,IPR002126|IPR002126|IPR002126|IPR002126|IPR002126|IPR002126|IPR002126|IPR002126|IPR002126|IPR002126|IPR002126|IPR002126,ACH-000111,KLK5,CDH23,Pre-existing,KLK5--CDH23
1082,ZNF135--ZNF274,ENSG00000171606,ENSG00000176293,Q96GC6,P52742,chr19,chr19,58207202,58081693,+,+,DANSY_69727,IPR001909,,IPR001909,ACH-000111,ZNF274,ZNF135,Pre-existing,ZNF274--ZNF135
1083,CDH12--RILPL2,ENSG00000154162,ENSG00000150977,P55289,Q969X0,chr5,chr12,22078446,123430659,-,-,DANSY_70038,,IPR021563,IPR021563,ACH-002928,CDH12,RILPL2,Pre-existing,CDH12--RILPL2
1084,AACS--EIF2B1,ENSG00000111361,ENSG00000081760,Q14232,Q86V21,chr12,chr12,123632345,125136662,-,+,DANSY_70047,,,,ACH-002928,EIF2B1,AACS,No Annotation,EIF2B1--AACS
1085,AACS--DHX37,ENSG00000081760,ENSG00000150990,Q86V21,Q8IY37,chr12,chr12,125091523,124957135,+,-,DANSY_70055,IPR032387,IPR007502|IPR011709|IPR056371,IPR032387|IPR007502|IPR011709|IPR056371,ACH-002928,AACS,DHX37,Novel,AACS--DHX37
1086,CPNE8--TBK1,ENSG00000139117,ENSG00000183735,Q86YQ8,Q9UHD2,chr12,chr12,38723772,64481842,-,+,DANSY_70056,IPR000008|IPR000008,IPR041087|IPR041309,IPR000008|IPR000008|IPR041087|IPR041309,ACH-002928,CPNE8,TBK1,Novel,CPNE8--TBK1
1087,CPNE8--TBK1,ENSG00000139117,ENSG00000183735,Q86YQ8,Q9UHD2,chr12,chr12,38723772,64484303,-,+,DANSY_70057,IPR000008|IPR000008,IPR041309,IPR000008|IPR000008|IPR041309,ACH-002928,CPNE8,TBK1,Novel,CPNE8--TBK1
1088,CPNE8--TBK1,ENSG00000139117,ENSG00000183735,Q86YQ8,Q9UHD2,chr12,chr12,38760847,64484303,-,+,DANSY_70058,IPR000008,IPR041309,IPR000008|IPR041309,ACH-002928,CPNE8,TBK1,Novel,CPNE8--TBK1
1089,ANO6--BEST3,ENSG00000177119,ENSG00000127325,Q4KMQ2,Q8N1M1,chr12,chr12,45302093,69671579,+,-,DANSY_70062,,,,ACH-002928,ANO6,BEST3,No Annotation,ANO6--BEST3
1090,RILPL1--TMEM132B,ENSG00000188026,ENSG00000139364,Q5EBL4,Q14DG7,chr12,chr12,123523495,125349452,-,+,DANSY_70069,IPR034743,IPR031435|IPR055422|IPR055421|IPR031437|IPR055423|IPR055424|IPR031436,IPR034743|IPR031435|IPR055422|IPR055421|IPR031437|IPR055423|IPR055424|IPR031436,ACH-002928,RILPL1,TMEM132B,Novel,RILPL1--TMEM132B
1091,INVS--RASSF3,ENSG00000153179,ENSG00000119509,Q86WH2,Q9Y283,chr12,chr9,64684894,100229660,+,+,DANSY_70077,,,,ACH-002928,RASSF3,INVS,No Annotation,RASSF3--INVS
1092,CPNE8--DCTN2,ENSG00000139117,ENSG00000175203,Q86YQ8,Q13561,chr12,chr12,38905437,57535845,-,-,DANSY_70080,,,,ACH-002928,CPNE8,DCTN2,No Annotation,CPNE8--DCTN2
1093,LEMD3--RILPL1,ENSG00000174106,ENSG00000188026,Q9Y2U8,Q5EBL4,chr12,chr12,65218619,123472682,+,-,DANSY_70083,IPR003887,,IPR003887,ACH-002928,LEMD3,RILPL1,Pre-existing,LEMD3--RILPL1
1094,DBF4B--SCN8A,ENSG00000196876,ENSG00000161692,Q9UQD0,Q8NFT6,chr12,chr17,51688849,44722880,+,+,DANSY_70101,,IPR006572,IPR006572,ACH-002928,SCN8A,DBF4B,Pre-existing,SCN8A--DBF4B
1095,DBF4B--SCN8A,ENSG00000196876,ENSG00000161692,Q9UQD0,Q8NFT6,chr12,chr17,51689096,44722880,+,+,DANSY_70102,,IPR006572,IPR006572,ACH-002928,SCN8A,DBF4B,Pre-existing,SCN8A--DBF4B
1096,VCL--ZSWIM8,ENSG00000035403,ENSG00000214655,P18206,A7E2V4,chr10,chr10,73998375,73794147,+,+,DANSY_70314,,IPR048370,IPR048370,ACH-000618,VCL,ZSWIM8,Pre-existing,VCL--ZSWIM8
1097,SDC4--TMEM230,ENSG00000089063,ENSG00000124145,Q96A57,P31431,chr20,chr20,5106188,45335920,-,-,DANSY_70316,,IPR003585,IPR003585,ACH-000618,TMEM230,SDC4,Pre-existing,TMEM230--SDC4
1098,SDC4--TMEM230,ENSG00000089063,ENSG00000124145,Q96A57,P31431,chr20,chr20,5109332,45335920,-,-,DANSY_70317,,IPR003585,IPR003585,ACH-000618,TMEM230,SDC4,Pre-existing,TMEM230--SDC4
1099,RNF130--TBC1D9B,ENSG00000113269,ENSG00000197226,Q86XS8,Q66K14,chr5,chr5,180013061,179888312,-,-,DANSY_70324,IPR003137,IPR000195|IPR002048,IPR003137|IPR000195|IPR002048,ACH-000618,RNF130,TBC1D9B,Novel,RNF130--TBC1D9B
1100,RNF130--TBC1D9B,ENSG00000113269,ENSG00000197226,Q86XS8,Q66K14,chr5,chr5,180013061,179879789,-,-,DANSY_70325,IPR003137,IPR000195|IPR002048,IPR003137|IPR000195|IPR002048,ACH-000618,RNF130,TBC1D9B,Novel,RNF130--TBC1D9B
1101,ARHGAP35--VRK3,ENSG00000160007,ENSG00000105053,Q9NRY4,Q8IV63,chr19,chr19,46937408,50000854,+,-,DANSY_70461,IPR002713|IPR002713|IPR002713|IPR002713|IPR039007|IPR039006,,IPR002713|IPR002713|IPR002713|IPR002713|IPR039007|IPR039006,ACH-000470,ARHGAP35,VRK3,Pre-existing,ARHGAP35--VRK3
1102,SHFL--STRN3,ENSG00000196792,ENSG00000130813,Q13033,Q9NUL5,chr14,chr19,31025904,10086929,-,+,DANSY_70567,,,,ACH-002039,STRN3,SHFL,No Annotation,STRN3--SHFL
1103,ITPRID2--PPP1R1C,ENSG00000138434,ENSG00000150722,P28290,Q8WVI7,chr2,chr2,181896079,182061442,+,+,DANSY_70626,,,,ACH-000118,ITPRID2,PPP1R1C,No Annotation,ITPRID2--PPP1R1C
1104,ADAM18--RAB8A,ENSG00000167461,ENSG00000168619,P61006,Q9Y3Q7,chr19,chr8,16121810,39692600,+,+,DANSY_70637,,,,ACH-000118,RAB8A,ADAM18,No Annotation,RAB8A--ADAM18
1105,ADAM18--RAB8A,ENSG00000167461,ENSG00000168619,P61006,Q9Y3Q7,chr19,chr8,16121810,39706790,+,+,DANSY_70639,,,,ACH-000118,RAB8A,ADAM18,No Annotation,RAB8A--ADAM18
1106,ERN1--SMURF2,ENSG00000178607,ENSG00000108854,O75460,Q9HAU4,chr17,chr17,64098121,64606640,-,-,DANSY_70657,,IPR001202|IPR001202|IPR001202|IPR000569,IPR001202|IPR001202|IPR001202|IPR000569,ACH-000118,ERN1,SMURF2,Pre-existing,ERN1--SMURF2
1107,ERN1--SMURF2,ENSG00000178607,ENSG00000108854,O75460,Q9HAU4,chr17,chr17,64098121,64598490,-,-,DANSY_70658,,IPR001202|IPR001202|IPR001202|IPR000569,IPR001202|IPR001202|IPR001202|IPR000569,ACH-000118,ERN1,SMURF2,Pre-existing,ERN1--SMURF2
1108,ERN1--TANC2,ENSG00000170921,ENSG00000178607,Q9HCD6,O75460,chr17,chr17,63099246,64066932,+,-,DANSY_70663,,IPR000719|IPR010513,IPR000719|IPR010513,ACH-000118,TANC2,ERN1,Pre-existing,TANC2--ERN1
1109,MARCHF10--MRC2,ENSG00000011028,ENSG00000173838,Q9UBG0,Q8NA82,chr17,chr17,62682377,62701758,+,-,DANSY_70676,IPR000772|IPR000562|IPR001304|IPR001304|IPR001304|IPR001304|IPR001304,,IPR000772|IPR000562|IPR001304|IPR001304|IPR001304|IPR001304|IPR001304,ACH-000118,MRC2,MARCHF10,Pre-existing,MRC2--MARCHF10
1110,AFF1--PTPN13,ENSG00000172493,ENSG00000163629,P51825,Q12923,chr4,chr4,87125143,86780402,+,+,DANSY_70690,,IPR000242,IPR000242,ACH-000118,AFF1,PTPN13,Pre-existing,AFF1--PTPN13
1111,FANCM--PRPF39,ENSG00000185246,ENSG00000187790,Q86UA1,Q8IYD8,chr14,chr14,45108522,45183774,+,+,DANSY_70696,,IPR006166,IPR006166,ACH-000118,PRPF39,FANCM,Pre-existing,PRPF39--FANCM
1112,LRRC37A3--MAP3K3,ENSG00000198909,ENSG00000176809,Q99759,O60309,chr17,chr17,63622763,64860973,+,-,DANSY_70701,,IPR029423,IPR029423,ACH-000118,MAP3K3,LRRC37A3,Pre-existing,MAP3K3--LRRC37A3
1113,MAP3K3--MRC2,ENSG00000198909,ENSG00000011028,Q99759,Q9UBG0,chr17,chr17,63622763,62664548,+,+,DANSY_70704,,IPR000772|IPR000562|IPR001304|IPR001304|IPR001304|IPR001304|IPR001304|IPR001304|IPR001304|IPR001304,IPR000772|IPR000562|IPR001304|IPR001304|IPR001304|IPR001304|IPR001304|IPR001304|IPR001304|IPR001304,ACH-000118,MAP3K3,MRC2,Pre-existing,MAP3K3--MRC2
1114,LRRC37A3--MRC2,ENSG00000011028,ENSG00000176809,Q9UBG0,O60309,chr17,chr17,62627920,64860973,+,-,DANSY_70705,,IPR029423,IPR029423,ACH-000118,MRC2,LRRC37A3,Pre-existing,MRC2--LRRC37A3
1115,GSDMC--LRRC6,ENSG00000129295,ENSG00000147697,Q86X45,Q9BYG8,chr8,chr8,132632740,129777591,-,-,DANSY_70713,IPR003603,IPR040460|IPR041263,IPR003603|IPR040460|IPR041263,ACH-000118,LRRC6,GSDMC,Novel,LRRC6--GSDMC
1116,MRPL2--RPL7L1,ENSG00000146223,ENSG00000112651,Q6DKI1,Q5T653,chr6,chr6,42880966,43058233,+,-,DANSY_70826,,IPR022666|IPR022669,IPR022666|IPR022669,ACH-000614,RPL7L1,MRPL2,Pre-existing,RPL7L1--MRPL2
1117,IL1RAPL1--RADX,ENSG00000169306,ENSG00000147231,Q9NZN1,Q6NSI4,chrX,chrX,29668504,106637760,+,+,DANSY_70829,IPR003599|IPR003598,,IPR003599|IPR003598,ACH-000614,IL1RAPL1,RADX,Pre-existing,IL1RAPL1--RADX
1118,ANKRD44--PGAP1,ENSG00000065413,ENSG00000197121,Q8N8A2,Q75T13,chr2,chr2,197187023,196844574,-,-,DANSY_70830,,,,ACH-000614,ANKRD44,PGAP1,No Annotation,ANKRD44--PGAP1
1119,NLN--PPWD1,ENSG00000113593,ENSG00000123213,Q96BP3,Q9BYT8,chr5,chr5,65579613,65809515,+,+,DANSY_70831,,,,ACH-000614,PPWD1,NLN,No Annotation,PPWD1--NLN
1120,DOCK4--IMMP2L,ENSG00000128512,ENSG00000184903,Q8N1I0,Q96T52,chr7,chr7,111822362,110963565,-,-,DANSY_70835,IPR001452|IPR032376|IPR027007,,IPR001452|IPR032376|IPR027007,ACH-000614,DOCK4,IMMP2L,Pre-existing,DOCK4--IMMP2L
1121,ARHGAP42--DLG2,ENSG00000165895,ENSG00000150672,A6NI28,Q15700,chr11,chr11,100687832,83980642,+,-,DANSY_70836,,IPR001478|IPR001452|IPR008144,IPR001478|IPR001452|IPR008144,ACH-000614,ARHGAP42,DLG2,Pre-existing,ARHGAP42--DLG2
1122,ALDH2--EEA1,ENSG00000102189,ENSG00000111275,Q15075,P05091,chr12,chr12,92826166,111783158,-,+,DANSY_70847,IPR013087,,IPR013087,ACH-000614,EEA1,ALDH2,Pre-existing,EEA1--ALDH2
1123,ALDH2--EEA1,ENSG00000102189,ENSG00000111275,Q15075,P05091,chr12,chr12,92826166,111785267,-,+,DANSY_70848,IPR013087,,IPR013087,ACH-000614,EEA1,ALDH2,Pre-existing,EEA1--ALDH2
1124,DONSON--GART,ENSG00000159131,ENSG00000159147,P22102,Q9NYP3,chr21,chr21,33522188,33582246,-,-,DANSY_70966,IPR020562|IPR011761|IPR020560,,IPR020562|IPR011761|IPR020560,ACH-001338,GART,DONSON,Pre-existing,GART--DONSON
1125,CDC25A--SPINK8,ENSG00000164045,ENSG00000229453,P30304,P0C7L1,chr3,chr3,48186703,48321074,-,-,DANSY_71005,,IPR002350,IPR002350,ACH-001338,CDC25A,SPINK8,Pre-existing,CDC25A--SPINK8
1126,CALR3--EPS15L1,ENSG00000127527,ENSG00000269058,Q9UBC2,Q96L12,chr19,chr19,16385129,16484115,-,-,DANSY_71007,IPR000261|IPR000261|IPR000261,,IPR000261|IPR000261|IPR000261,ACH-001338,EPS15L1,CALR3,Pre-existing,EPS15L1--CALR3
1127,CCDC196--GPHN,ENSG00000171723,ENSG00000196553,Q9NQX3,A0A1B0GTZ2,chr14,chr14,66508591,66498109,+,+,DANSY_71019,,,,ACH-001338,GPHN,CCDC196,No Annotation,GPHN--CCDC196
1128,CHMP4B--NCOA6,ENSG00000101421,ENSG00000198646,Q9H444,Q14686,chr20,chr20,33811658,34715365,+,-,DANSY_71257,,,,ACH-000556,CHMP4B,NCOA6,No Annotation,CHMP4B--NCOA6
1129,P4HA1--PLA2G12B,ENSG00000122884,ENSG00000138308,P13674,Q9BX93,chr10,chr10,73068846,72942740,-,-,DANSY_71259,IPR013547,,IPR013547,ACH-000556,P4HA1,PLA2G12B,Pre-existing,P4HA1--PLA2G12B
1130,CDH13--HYDIN,ENSG00000140945,ENSG00000157423,P55290,Q4G0P3,chr16,chr16,82627137,71020317,+,-,DANSY_71261,,IPR033768|IPR053879|IPR053879,IPR033768|IPR053879|IPR053879,ACH-000556,CDH13,HYDIN,Pre-existing,CDH13--HYDIN
1131,CDH13--HYDIN,ENSG00000140945,ENSG00000157423,P55290,Q4G0P3,chr16,chr16,82639465,71020317,+,-,DANSY_71262,,IPR033768|IPR053879|IPR053879,IPR033768|IPR053879|IPR053879,ACH-000556,CDH13,HYDIN,Pre-existing,CDH13--HYDIN
1132,CENPM--XRCC6,ENSG00000196419,ENSG00000100162,P12956,Q9NSP4,chr22,chr22,41622086,41946496,+,-,DANSY_71264,,,,ACH-000556,XRCC6,CENPM,No Annotation,XRCC6--CENPM
1133,AMBRA1--ARHGAP1,ENSG00000110497,ENSG00000175220,Q9C0C7,Q07960,chr11,chr11,46493608,46688260,-,-,DANSY_71270,,IPR000198,IPR000198,ACH-000556,AMBRA1,ARHGAP1,Pre-existing,AMBRA1--ARHGAP1
1134,GCAT--GGA1,ENSG00000100116,ENSG00000100083,O75600,Q9UJY5,chr22,chr22,37808163,37614190,+,+,DANSY_71283,,IPR004152|IPR008152,IPR004152|IPR008152,ACH-000556,GCAT,GGA1,Pre-existing,GCAT--GGA1
1135,NAV3--TSPAN31,ENSG00000067798,ENSG00000135452,Q8IVL0,Q12999,chr12,chr12,77572266,57746589,+,+,DANSY_71441,,,,ACH-001804,NAV3,TSPAN31,No Annotation,NAV3--TSPAN31
1136,NAV3--TSPAN31,ENSG00000067798,ENSG00000135452,Q8IVL0,Q12999,chr12,chr12,77572266,57746593,+,+,DANSY_71442,,,,ACH-001804,NAV3,TSPAN31,No Annotation,NAV3--TSPAN31
1137,CDK17--LYZ,ENSG00000059758,ENSG00000090382,Q00537,P61626,chr12,chr12,96323948,69350108,-,+,DANSY_71444,,IPR019799,IPR019799,ACH-001804,CDK17,LYZ,Pre-existing,CDK17--LYZ
1138,MGAT4C--TRHDE,ENSG00000072657,ENSG00000182050,Q9UKU6,Q9UBM8,chr12,chr12,72286954,85979795,+,-,DANSY_71463,IPR045357,IPR056576,IPR045357|IPR056576,ACH-001804,TRHDE,MGAT4C,Novel,TRHDE--MGAT4C
1139,NKD2--OXCT1,ENSG00000145506,ENSG00000083720,Q969F2,P55809,chr5,chr5,1034330,41762200,+,-,DANSY_71469,,,,ACH-001804,NKD2,OXCT1,No Annotation,NKD2--OXCT1
1140,NKD2--OXCT1,ENSG00000145506,ENSG00000083720,Q969F2,P55809,chr5,chr5,1033499,41762200,+,-,DANSY_71472,,,,ACH-001804,NKD2,OXCT1,No Annotation,NKD2--OXCT1
1141,SRGAP1--TRHDE,ENSG00000072657,ENSG00000196935,Q9UKU6,Q7Z6B7,chr12,chr12,72542356,64042790,+,+,DANSY_71481,IPR045357,IPR000198|IPR001452,IPR045357|IPR000198|IPR001452,ACH-001804,TRHDE,SRGAP1,Novel,TRHDE--SRGAP1
1142,CHD1L--SRGAP1,ENSG00000196935,ENSG00000131778,Q7Z6B7,Q86WJ1,chr12,chr1,63990072,147285324,+,+,DANSY_71484,IPR001060,IPR002589,IPR001060|IPR002589,ACH-001804,SRGAP1,CHD1L,Novel,SRGAP1--CHD1L
1143,CNGB3--MMP16,ENSG00000156103,ENSG00000170289,P51512,Q9NQW8,chr8,chr8,88327075,86654062,-,-,DANSY_71647,,IPR000595,IPR000595,ACH-001386,MMP16,CNGB3,Pre-existing,MMP16--CNGB3
1144,DCTN6--EXT1,ENSG00000182197,ENSG00000104671,Q16394,O00399,chr8,chr8,118110085,30164111,-,+,DANSY_71652,,,,ACH-001386,EXT1,DCTN6,No Annotation,EXT1--DCTN6
1145,DCTN6--EXT1,ENSG00000182197,ENSG00000104671,Q16394,O00399,chr8,chr8,118110085,30177126,-,+,DANSY_71653,,,,ACH-001386,EXT1,DCTN6,No Annotation,EXT1--DCTN6
1146,DNAJC24--RCN1,ENSG00000049449,ENSG00000170946,Q15293,Q6P3W2,chr11,chr11,32097337,31426287,+,+,DANSY_71660,IPR002048,IPR007872,IPR002048|IPR007872,ACH-001386,RCN1,DNAJC24,Novel,RCN1--DNAJC24
1147,DNAJC24--RCN1,ENSG00000049449,ENSG00000170946,Q15293,Q6P3W2,chr11,chr11,32097337,31421972,+,+,DANSY_71661,IPR002048,IPR007872,IPR002048|IPR007872,ACH-001386,RCN1,DNAJC24,Novel,RCN1--DNAJC24
1148,RRS1--SDC2,ENSG00000179041,ENSG00000169439,Q15050,P34741,chr8,chr8,66429536,96593480,+,+,DANSY_71684,,IPR003585,IPR003585,ACH-001386,RRS1,SDC2,Pre-existing,RRS1--SDC2
1149,BMP1--UBXN8,ENSG00000104691,ENSG00000168487,O00124,P13497,chr8,chr8,30763347,22192049,+,+,DANSY_71722,,IPR000859|IPR000742|IPR000859|IPR000742|IPR000859|IPR000859,IPR000859|IPR000742|IPR000859|IPR000742|IPR000859|IPR000859,ACH-001386,UBXN8,BMP1,Pre-existing,UBXN8--BMP1
1150,SCNN1D--ZFAT,ENSG00000162572,ENSG00000066827,P51172,Q9P243,chr1,chr8,1284090,134590355,+,-,DANSY_71766,,IPR013087|IPR013087|IPR013087|IPR013087|IPR013087|IPR013087|IPR013087,IPR013087|IPR013087|IPR013087|IPR013087|IPR013087|IPR013087|IPR013087,ACH-001386,SCNN1D,ZFAT,Pre-existing,SCNN1D--ZFAT
1151,MICU3--RIMS2,ENSG00000176406,ENSG00000155970,Q9UQ26,Q86XE3,chr8,chr8,103697296,17064084,+,+,DANSY_71777,,IPR002048|IPR002048,IPR002048|IPR002048,ACH-001386,RIMS2,MICU3,Pre-existing,RIMS2--MICU3
1152,SCAMP2--WDR72,ENSG00000140497,ENSG00000166415,O15127,Q3MJ13,chr15,chr15,74845473,53706074,-,-,DANSY_71941,,IPR057848,IPR057848,ACH-003012,SCAMP2,WDR72,Pre-existing,SCAMP2--WDR72
1153,CRIPT--PIGF,ENSG00000119878,ENSG00000151665,Q9P021,Q07326,chr2,chr2,46619681,46592583,+,-,DANSY_71947,,,,ACH-003012,CRIPT,PIGF,No Annotation,CRIPT--PIGF
1154,CRIPT--PIGF,ENSG00000151665,ENSG00000119878,Q07326,Q9P021,chr2,chr2,46612228,46623764,-,+,DANSY_71948,,,,ACH-003012,PIGF,CRIPT,No Annotation,PIGF--CRIPT
1155,BMS1--PARG,ENSG00000227345,ENSG00000165733,Q86W56,Q14692,chr10,chr10,49885203,42791627,-,+,DANSY_71963,,IPR012948|IPR007034,IPR012948|IPR007034,ACH-003012,PARG,BMS1,Pre-existing,PARG--BMS1
1156,KHDC4--SSR2,ENSG00000132680,ENSG00000163479,Q7Z7F0,P43308,chr1,chr1,155933633,156020167,-,-,DANSY_72145,,,,ACH-001525,KHDC4,SSR2,No Annotation,KHDC4--SSR2
1157,FBN2--PPP2R2B,ENSG00000138829,ENSG00000156475,P35556,Q00005,chr5,chr5,128519273,146600460,-,-,DANSY_72423,IPR040872|IPR049388|IPR000742|IPR000742,,IPR040872|IPR049388|IPR000742|IPR000742,ACH-002785,FBN2,PPP2R2B,Pre-existing,FBN2--PPP2R2B
1158,IGHV7-81--ZNF589,ENSG00000164048,ENSG00000211979,Q86UQ0,A0A0B4J1V7,chr3,chr14,48260939,106874887,+,-,DANSY_72461,,IPR007110,IPR007110,ACH-002785,ZNF589,IGHV7-81,Pre-existing,ZNF589--IGHV7-81
1159,ARFGEF2--CSE1L,ENSG00000124207,ENSG00000124198,P55060,Q9Y6D5,chr20,chr20,49091022,49023051,+,+,DANSY_72584,IPR001494|IPR013713,IPR046455,IPR001494|IPR013713|IPR046455,ACH-000637,CSE1L,ARFGEF2,Novel,CSE1L--ARFGEF2
1160,CABIN1--VSTM2A,ENSG00000099991,ENSG00000170419,Q9Y6J0,Q8TAG5,chr22,chr7,24060141,54546947,+,+,DANSY_72586,,,,ACH-000637,CABIN1,VSTM2A,No Annotation,CABIN1--VSTM2A
1161,AKT3--CEP170,ENSG00000117020,ENSG00000143702,Q9Y243,Q5SW79,chr1,chr1,243572926,243136231,-,-,DANSY_72602,IPR001849,,IPR001849,ACH-000637,AKT3,CEP170,Pre-existing,AKT3--CEP170
1162,MTMR4--SEPTIN4,ENSG00000108389,ENSG00000108387,Q9NYA4,O43236,chr17,chr17,58512852,58526313,-,-,DANSY_72604,,,,ACH-000637,MTMR4,SEPTIN4,No Annotation,MTMR4--SEPTIN4
1163,MTMR4--SEPTIN4,ENSG00000108389,ENSG00000108387,Q9NYA4,O43236,chr17,chr17,58512852,58526978,-,-,DANSY_72605,,,,ACH-000637,MTMR4,SEPTIN4,No Annotation,MTMR4--SEPTIN4
1164,PITPNA--SLC43A2,ENSG00000174238,ENSG00000167703,Q00169,Q8N370,chr17,chr17,1558529,1593279,-,-,DANSY_72610,,,,ACH-000637,PITPNA,SLC43A2,No Annotation,PITPNA--SLC43A2
1165,MYH15--SS18L1,ENSG00000184402,ENSG00000144821,O75177,Q9Y2K3,chr20,chr3,62143889,108470847,+,-,DANSY_72615,,IPR002928,IPR002928,ACH-000637,SS18L1,MYH15,Pre-existing,SS18L1--MYH15
1166,MYH15--SS18L1,ENSG00000184402,ENSG00000144821,O75177,Q9Y2K3,chr20,chr3,62143889,108464814,+,-,DANSY_72616,,IPR002928,IPR002928,ACH-000637,SS18L1,MYH15,Pre-existing,SS18L1--MYH15
1167,KCNQ5--MAP3K11,ENSG00000185760,ENSG00000173327,Q9NR82,Q16584,chr6,chr11,73133641,65599768,+,-,DANSY_72772,IPR005821,,IPR005821,ACH-002693,KCNQ5,MAP3K11,Pre-existing,KCNQ5--MAP3K11
1168,DIS3L2--SPP2,ENSG00000144535,ENSG00000072080,Q8IYB7,Q13103,chr2,chr2,232249346,234066533,+,+,DANSY_72912,IPR033771|IPR041505,,IPR033771|IPR041505,ACH-000455,DIS3L2,SPP2,Pre-existing,DIS3L2--SPP2
1169,CDKAL1--E2F3,ENSG00000112242,ENSG00000145996,O00716,Q5VV42,chr6,chr6,20488248,20649293,+,+,DANSY_72976,IPR003316|IPR032198,IPR006638|IPR002792,IPR003316|IPR032198|IPR006638|IPR002792,ACH-000898,E2F3,CDKAL1,Novel,E2F3--CDKAL1
1170,ERC1--WNK1,ENSG00000060237,ENSG00000082805,Q9H4A3,Q8IUD2,chr12,chr12,908034,1490093,+,+,DANSY_72978,IPR000719|IPR024678|IPR056865,,IPR000719|IPR024678|IPR056865,ACH-000898,WNK1,ERC1,Pre-existing,WNK1--ERC1
1171,HM13--TPX2,ENSG00000088325,ENSG00000101294,Q9ULW0,Q8TCT9,chr20,chr20,31783921,31527484,+,+,DANSY_73036,IPR015128,,IPR015128,ACH-000389,TPX2,HM13,Pre-existing,TPX2--HM13
1172,MARS1--TMEM120B,ENSG00000166986,ENSG00000188735,P56192,A0PK00,chr12,chr12,57504299,121743629,+,+,DANSY_73037,IPR041598|IPR004046,,IPR041598|IPR004046,ACH-000389,MARS1,TMEM120B,Pre-existing,MARS1--TMEM120B
1173,CCDC57--SLC38A10,ENSG00000176155,ENSG00000157637,Q2TAC2,Q9HBR0,chr17,chr17,82151560,81253240,-,-,DANSY_73050,,,,ACH-000389,CCDC57,SLC38A10,No Annotation,CCDC57--SLC38A10
1174,CTNND2--ZDHHC5,ENSG00000156599,ENSG00000169862,Q9C0B5,Q9UQB3,chr11,chr5,57682543,11022979,+,-,DANSY_73150,,,,ACH-002710,ZDHHC5,CTNND2,No Annotation,ZDHHC5--CTNND2
1175,FGFR1--PDGFRA,ENSG00000077782,ENSG00000134853,P11362,P16234,chr8,chr4,38417870,54277896,-,+,DANSY_73152,IPR003598|IPR003598|IPR003598,,IPR003598|IPR003598|IPR003598,ACH-002710,FGFR1,PDGFRA,Pre-existing,FGFR1--PDGFRA
1176,FGFR1--PDGFRA,ENSG00000134853,ENSG00000077782,P16234,P11362,chr4,chr8,54277492,38417416,+,-,DANSY_73153,IPR003598|IPR003599|IPR003598|IPR003598,,IPR003598|IPR003599|IPR003598|IPR003598,ACH-002710,PDGFRA,FGFR1,Pre-existing,PDGFRA--FGFR1
1177,FGFR1--PDGFRA,ENSG00000134853,ENSG00000077782,P16234,P11362,chr4,chr8,54277492,38416060,+,-,DANSY_73154,IPR003598|IPR003599|IPR003598|IPR003598,,IPR003598|IPR003599|IPR003598|IPR003598,ACH-002710,PDGFRA,FGFR1,Pre-existing,PDGFRA--FGFR1
1178,MYO18A--UVRAG,ENSG00000196535,ENSG00000198382,Q92614,Q9P2Y5,chr17,chr11,29082316,76140711,-,+,DANSY_73155,IPR001478|IPR004009|IPR001609|IPR002928,,IPR001478|IPR004009|IPR001609|IPR002928,ACH-002710,MYO18A,UVRAG,Pre-existing,MYO18A--UVRAG
1179,C11orf54--EED,ENSG00000182919,ENSG00000074266,Q9H0W9,O75530,chr11,chr11,93755386,86276980,+,+,DANSY_73157,,,,ACH-002710,C11orf54,EED,No Annotation,C11orf54--EED
1180,C11orf54--EED,ENSG00000182919,ENSG00000074266,Q9H0W9,O75530,chr11,chr11,93754037,86276980,+,+,DANSY_73158,,,,ACH-002710,C11orf54,EED,No Annotation,C11orf54--EED
1181,PACS1--SIK3,ENSG00000160584,ENSG00000175115,Q9Y2K2,Q6VY07,chr11,chr11,117098143,66216119,-,+,DANSY_73165,,,,ACH-002710,SIK3,PACS1,No Annotation,SIK3--PACS1
1182,PODXL--VPS26B,ENSG00000151502,ENSG00000128567,Q4G0F5,O00592,chr11,chr7,134243294,131511433,+,-,DANSY_73169,,,,ACH-002710,VPS26B,PODXL,No Annotation,VPS26B--PODXL
1183,DCP1B--NAV3,ENSG00000151065,ENSG00000067798,Q8IZD4,Q8IVL0,chr12,chr12,1952416,78204935,-,+,DANSY_73197,,,,ACH-002710,DCP1B,NAV3,No Annotation,DCP1B--NAV3
1184,KDM5A--NAV3,ENSG00000073614,ENSG00000067798,P29375,Q8IVL0,chr12,chr12,388927,78159203,-,+,DANSY_73202,,IPR057126|IPR003593|IPR057568,IPR057126|IPR003593|IPR057568,ACH-002710,KDM5A,NAV3,Pre-existing,KDM5A--NAV3
1185,PLEKHG4B--SEMA5A,ENSG00000112902,ENSG00000153404,Q13591,Q96PX9,chr5,chr5,9318372,113251,-,+,DANSY_73224,,IPR000219|IPR001849,IPR000219|IPR001849,ACH-002710,SEMA5A,PLEKHG4B,Pre-existing,SEMA5A--PLEKHG4B
1186,IL4R--TET3,ENSG00000187605,ENSG00000077238,O43151,P24394,chr2,chr16,74003166,27340186,+,+,DANSY_73376,IPR002857,IPR015319|IPR003961,IPR002857|IPR015319|IPR003961,ACH-000490,TET3,IL4R,Novel,TET3--IL4R
1187,IL4R--TET3,ENSG00000187605,ENSG00000077238,O43151,P24394,chr2,chr16,73986706,27340186,+,+,DANSY_73377,IPR002857,IPR015319|IPR003961,IPR002857|IPR015319|IPR003961,ACH-000490,TET3,IL4R,Novel,TET3--IL4R
1188,RPS6KB1--VMP1,ENSG00000108443,ENSG00000062716,P23443,Q96GC9,chr17,chr17,59893325,59808796,+,+,DANSY_73486,,IPR059828,IPR059828,ACH-000434,RPS6KB1,VMP1,Pre-existing,RPS6KB1--VMP1
1189,ZNF253--ZNF93,ENSG00000184635,ENSG00000256771,P35789,O75346,chr19,chr19,19916655,19891474,+,+,DANSY_73518,IPR001909,IPR013087|IPR013087|IPR013087|IPR013087|IPR013087|IPR013087|IPR013087|IPR013087|IPR013087|IPR013087|IPR013087,IPR001909|IPR013087|IPR013087|IPR013087|IPR013087|IPR013087|IPR013087|IPR013087|IPR013087|IPR013087|IPR013087|IPR013087,ACH-000434,ZNF93,ZNF253,Pre-existing,ZNF93--ZNF253
1190,UBR1--ZSCAN29,ENSG00000159459,ENSG00000140265,Q8IWV7,Q8IWY8,chr15,chr15,43067898,43361941,-,-,DANSY_73807,IPR003126,IPR013087|IPR013087|IPR013087|IPR013087|IPR013087|IPR013087,IPR003126|IPR013087|IPR013087|IPR013087|IPR013087|IPR013087|IPR013087,ACH-002042,UBR1,ZSCAN29,Novel,UBR1--ZSCAN29
1191,ANOS1--BMX,ENSG00000011201,ENSG00000102010,P23352,P51813,chrX,chrX,8699698,15508345,-,+,DANSY_73817,,IPR001849|IPR000980|IPR000719,IPR001849|IPR000980|IPR000719,ACH-002042,ANOS1,BMX,Pre-existing,ANOS1--BMX
1192,FAF1--SHANK2,ENSG00000185104,ENSG00000162105,Q9UNN5,Q9UPX8,chr1,chr11,50705786,71147338,-,-,DANSY_73822,IPR044541,IPR032425|IPR001452|IPR001478|IPR001660,IPR044541|IPR032425|IPR001452|IPR001478|IPR001660,ACH-002042,FAF1,SHANK2,Novel,FAF1--SHANK2
1193,PTGFRN--USP33,ENSG00000134247,ENSG00000077254,Q9P2B2,Q8TEY7,chr1,chr1,116974323,77725762,+,-,DANSY_74031,IPR003599|IPR003599|IPR003599|IPR003599|IPR003599,IPR006615|IPR006615,IPR003599|IPR003599|IPR003599|IPR003599|IPR003599|IPR006615|IPR006615,ACH-000756,PTGFRN,USP33,Novel,PTGFRN--USP33
1194,PTGFRN--USP33,ENSG00000134247,ENSG00000077254,Q9P2B2,Q8TEY7,chr1,chr1,116974323,77734416,+,-,DANSY_74033,IPR003599|IPR003599|IPR003599|IPR003599|IPR003599,IPR001394|IPR006615|IPR006615,IPR003599|IPR003599|IPR003599|IPR003599|IPR003599|IPR001394|IPR006615|IPR006615,ACH-000756,PTGFRN,USP33,Novel,PTGFRN--USP33
1195,PTGFRN--USP33,ENSG00000134247,ENSG00000077254,Q9P2B2,Q8TEY7,chr1,chr1,116974323,77713281,+,-,DANSY_74034,IPR003599|IPR003599|IPR003599|IPR003599|IPR003599,IPR006615,IPR003599|IPR003599|IPR003599|IPR003599|IPR003599|IPR006615,ACH-000756,PTGFRN,USP33,Novel,PTGFRN--USP33
1196,PTGFRN--USP33,ENSG00000134247,ENSG00000077254,Q9P2B2,Q8TEY7,chr1,chr1,116974323,77721205,+,-,DANSY_74035,IPR003599|IPR003599|IPR003599|IPR003599|IPR003599,IPR006615|IPR006615,IPR003599|IPR003599|IPR003599|IPR003599|IPR003599|IPR006615|IPR006615,ACH-000756,PTGFRN,USP33,Novel,PTGFRN--USP33
1197,EYA2--RPTOR,ENSG00000141564,ENSG00000064655,Q8N122,O00167,chr17,chr20,80893865,47001428,+,+,DANSY_74053,IPR029347,IPR006545,IPR029347|IPR006545,ACH-000756,RPTOR,EYA2,Novel,RPTOR--EYA2
1198,AIDA--FGGY,ENSG00000186063,ENSG00000172456,Q96BJ3,Q96C11,chr1,chr1,222693789,59456961,-,+,DANSY_74054,,IPR018485,IPR018485,ACH-000756,AIDA,FGGY,Pre-existing,AIDA--FGGY
1199,AIDA--FGGY,ENSG00000186063,ENSG00000172456,Q96BJ3,Q96C11,chr1,chr1,222693789,59512311,-,+,DANSY_74056,,IPR018485,IPR018485,ACH-000756,AIDA,FGGY,Pre-existing,AIDA--FGGY
1200,OMA1--ST6GALNAC5,ENSG00000162600,ENSG00000117069,Q96E52,Q9BVH7,chr1,chr1,58506060,77044204,-,+,DANSY_74062,IPR001915,,IPR001915,ACH-000756,OMA1,ST6GALNAC5,Pre-existing,OMA1--ST6GALNAC5
1201,ERC1--WNK1,ENSG00000082805,ENSG00000060237,Q8IUD2,Q9H4A3,chr12,chr12,1116033,813642,+,+,DANSY_74065,,IPR024678|IPR056865,IPR024678|IPR056865,ACH-000756,ERC1,WNK1,Pre-existing,ERC1--WNK1
1202,LACTB--NEDD4,ENSG00000103642,ENSG00000069869,P83111,P46934,chr15,chr15,63129650,55951589,+,-,DANSY_74066,,IPR001202|IPR001202|IPR001202|IPR001202|IPR000569,IPR001202|IPR001202|IPR001202|IPR001202|IPR000569,ACH-000756,LACTB,NEDD4,Pre-existing,LACTB--NEDD4
1203,BBS1--RBM14,ENSG00000239306,ENSG00000174483,Q96PK6,Q8NFJ9,chr11,chr11,66617057,66529819,+,+,DANSY_74070,IPR000504,IPR056419,IPR000504|IPR056419,ACH-000756,RBM14,BBS1,Novel,RBM14--BBS1
1204,BBS1--RBM14-RBM4,ENSG00000248643,ENSG00000174483,,Q8NFJ9,chr11,chr11,66617057,66529819,+,+,DANSY_74072,,IPR056419,,ACH-000756,RBM14-RBM4,BBS1,,RBM14-RBM4--BBS1
1205,ATP6V0A2--GTF2H3,ENSG00000111358,ENSG00000185344,Q13889,Q9Y487,chr12,chr12,123639343,123718623,+,+,DANSY_74375,,,,ACH-002478,GTF2H3,ATP6V0A2,No Annotation,GTF2H3--ATP6V0A2
1206,TMEM222--WDTC1,ENSG00000142784,ENSG00000186501,Q8N5D0,Q9H0R3,chr1,chr1,27287861,27333958,+,+,DANSY_74379,,,,ACH-002478,WDTC1,TMEM222,No Annotation,WDTC1--TMEM222
1207,NKAIN2--TTC27,ENSG00000188580,ENSG00000018699,Q5VXU1,Q6P3X3,chr6,chr2,123804254,32733828,+,+,DANSY_74415,,,,ACH-002478,NKAIN2,TTC27,No Annotation,NKAIN2--TTC27
1208,EFCAB13--TMEM182,ENSG00000170417,ENSG00000178852,Q6ZP80,Q8IY85,chr2,chr17,102764427,47370437,+,+,DANSY_74417,,,,ACH-002478,TMEM182,EFCAB13,No Annotation,TMEM182--EFCAB13
1209,EHBP1--KAT7,ENSG00000115504,ENSG00000136504,Q8NDI1,O95251,chr2,chr17,62747452,49791886,+,+,DANSY_74420,,IPR002717,IPR002717,ACH-002478,EHBP1,KAT7,Pre-existing,EHBP1--KAT7
1210,RRP1B--TRAPPC10,ENSG00000160208,ENSG00000160218,Q14684,P48553,chr21,chr21,43685789,44082788,+,+,DANSY_74525,,IPR056917|IPR022233,IPR056917|IPR022233,ACH-000371,RRP1B,TRAPPC10,Pre-existing,RRP1B--TRAPPC10
1211,FOSL2--PLB1,ENSG00000075426,ENSG00000163803,P15408,Q6P1J6,chr2,chr2,28393822,28640927,+,+,DANSY_74635,,,,ACH-000265,FOSL2,PLB1,No Annotation,FOSL2--PLB1
1212,FANCI--THEM6,ENSG00000130193,ENSG00000140525,Q8WUY1,Q9NVI1,chr8,chr15,142727859,89301326,+,+,DANSY_74742,,IPR029314,IPR029314,ACH-000132,THEM6,FANCI,Pre-existing,THEM6--FANCI
1213,TNNC1--UBE3C,ENSG00000009335,ENSG00000114854,Q15386,P63316,chr7,chr3,157207935,52452513,+,-,DANSY_74747,,IPR002048|IPR002048,IPR002048|IPR002048,ACH-000132,UBE3C,TNNC1,Pre-existing,UBE3C--TNNC1
1214,DOCK9--STK24,ENSG00000102572,ENSG00000088387,Q9Y6E0,Q9BZ29,chr13,chr13,98576745,98810291,-,-,DANSY_74749,,,,ACH-000132,STK24,DOCK9,No Annotation,STK24--DOCK9
1215,PPP2R5C--TECPR2,ENSG00000196663,ENSG00000078304,O15040,Q13362,chr14,chr14,102425291,101818992,+,+,DANSY_74755,,,,ACH-000132,TECPR2,PPP2R5C,No Annotation,TECPR2--PPP2R5C
1216,IQGAP1--ZNF710,ENSG00000140575,ENSG00000140548,P46940,Q8N1W2,chr15,chr15,90494835,90067110,+,+,DANSY_74877,IPR001715|IPR001202|IPR001936|IPR000593,IPR013087|IPR013087|IPR013087|IPR013087|IPR013087|IPR013087|IPR013087|IPR013087|IPR013087|IPR013087|IPR013087,IPR001715|IPR001202|IPR001936|IPR000593|IPR013087|IPR013087|IPR013087|IPR013087|IPR013087|IPR013087|IPR013087|IPR013087|IPR013087|IPR013087|IPR013087,ACH-000216,IQGAP1,ZNF710,Novel,IQGAP1--ZNF710
1217,ERN1--PCTP,ENSG00000178607,ENSG00000141179,O75460,Q9UKL6,chr17,chr17,64079662,55767335,-,+,DANSY_74885,,,,ACH-000216,ERN1,PCTP,No Annotation,ERN1--PCTP
1218,LTBP4--SHKBP1,ENSG00000090006,ENSG00000160410,Q8N2S1,Q8TBC3,chr19,chr19,40626009,40582351,+,+,DANSY_74891,IPR000742|IPR017878|IPR000742|IPR017878|IPR000742|IPR000742|IPR000742|IPR000742|IPR000742|IPR000742|IPR000742|IPR000742|IPR000742|IPR000742|IPR000742|IPR000742|IPR000742|IPR000742|IPR017878|IPR000742,,IPR000742|IPR017878|IPR000742|IPR017878|IPR000742|IPR000742|IPR000742|IPR000742|IPR000742|IPR000742|IPR000742|IPR000742|IPR000742|IPR000742|IPR000742|IPR000742|IPR000742|IPR000742|IPR017878|IPR000742,ACH-000216,LTBP4,SHKBP1,Pre-existing,LTBP4--SHKBP1
1219,MAPK12--PLXNB2,ENSG00000196576,ENSG00000188130,O15031,P53778,chr22,chr22,50281360,50261483,-,-,DANSY_75115,IPR001627|IPR016201|IPR041019|IPR016201|IPR016201|IPR002909|IPR002909|IPR002909,,IPR001627|IPR016201|IPR041019|IPR016201|IPR016201|IPR002909|IPR002909|IPR002909,ACH-000855,PLXNB2,MAPK12,Pre-existing,PLXNB2--MAPK12
1220,PDE8A--SND1,ENSG00000073417,ENSG00000197157,O60658,Q7KZF4,chr15,chr7,85076787,127686613,+,+,DANSY_75125,,IPR016071|IPR016071|IPR016071|IPR002999|IPR016071,IPR016071|IPR016071|IPR016071|IPR002999|IPR016071,ACH-000855,PDE8A,SND1,Pre-existing,PDE8A--SND1
1221,RLF--ZMPSTE24,ENSG00000117000,ENSG00000084073,Q13129,O75844,chr1,chr1,40161636,40271894,+,+,DANSY_75258,,IPR001915,IPR001915,ACH-000906,RLF,ZMPSTE24,Pre-existing,RLF--ZMPSTE24
1222,MAML2--YAP1,ENSG00000137693,ENSG00000184384,P46937,Q8IZL2,chr11,chr11,102206074,96093517,+,-,DANSY_75269,IPR001202|IPR001202,IPR048452,IPR001202|IPR001202|IPR048452,ACH-000906,YAP1,MAML2,Novel,YAP1--MAML2
1223,MAML2--YAP1,ENSG00000137693,ENSG00000184384,P46937,Q8IZL2,chr11,chr11,102209564,96093517,+,-,DANSY_75270,IPR001202|IPR001202,IPR048452,IPR001202|IPR001202|IPR048452,ACH-000906,YAP1,MAML2,Novel,YAP1--MAML2
1224,MAML2--YAP1,ENSG00000137693,ENSG00000184384,P46937,Q8IZL2,chr11,chr11,102206086,96093517,+,-,DANSY_75271,IPR001202|IPR001202,IPR048452,IPR001202|IPR001202|IPR048452,ACH-000906,YAP1,MAML2,Novel,YAP1--MAML2
1225,SMOC2--ZNF738,ENSG00000172687,ENSG00000112562,Q8NE65,Q9H3U7,chr19,chr6,21359143,168509915,+,+,DANSY_75283,,IPR002350|IPR000716|IPR000716|IPR002048|IPR002048,IPR002350|IPR000716|IPR000716|IPR002048|IPR002048,ACH-000906,ZNF738,SMOC2,Pre-existing,ZNF738--SMOC2
1226,MLF1--RSRC1,ENSG00000174891,ENSG00000178053,Q96IZ7,P58340,chr3,chr3,158203245,158592434,+,+,DANSY_75500,,,,ACH-000238,RSRC1,MLF1,No Annotation,RSRC1--MLF1
1227,MLF1--RSRC1,ENSG00000174891,ENSG00000178053,Q96IZ7,P58340,chr3,chr3,158123991,158592434,+,+,DANSY_75501,,,,ACH-000238,RSRC1,MLF1,No Annotation,RSRC1--MLF1
1228,EHBP1--MDH1,ENSG00000115504,ENSG00000014641,Q8NDI1,P40925,chr2,chr2,62874532,63594488,+,+,DANSY_75507,IPR019448,IPR001236|IPR022383,IPR019448|IPR001236|IPR022383,ACH-000238,EHBP1,MDH1,Novel,EHBP1--MDH1
1229,EHBP1--MDH1,ENSG00000115504,ENSG00000014641,Q8NDI1,P40925,chr2,chr2,62874532,63597399,+,+,DANSY_75508,IPR019448,IPR022383,IPR019448|IPR022383,ACH-000238,EHBP1,MDH1,Novel,EHBP1--MDH1
1230,OSR2--STK3,ENSG00000104375,ENSG00000164920,Q13188,Q8N2R0,chr8,chr8,98596032,98948839,-,+,DANSY_75513,IPR000719,IPR013087|IPR013087|IPR013087|IPR013087|IPR013087,IPR000719|IPR013087|IPR013087|IPR013087|IPR013087|IPR013087,ACH-000238,STK3,OSR2,Novel,STK3--OSR2
1231,CRK--SMG6,ENSG00000167193,ENSG00000070366,P46108,Q86US8,chr17,chr17,1455877,2300664,-,-,DANSY_75526,,IPR019458|IPR018834|IPR002716,IPR019458|IPR018834|IPR002716,ACH-000238,CRK,SMG6,Pre-existing,CRK--SMG6
1232,RAB35--RNF10,ENSG00000022840,ENSG00000111737,Q8N5U6,Q15286,chr12,chr12,120534968,120103949,+,-,DANSY_75615,,,,ACH-000237,RNF10,RAB35,No Annotation,RNF10--RAB35
1233,DNER--ELL2,ENSG00000187957,ENSG00000118985,Q8NFT8,O00472,chr2,chr5,229585858,95906782,-,-,DANSY_76041,IPR000742|IPR000742,IPR010844,IPR000742|IPR000742|IPR010844,ACH-000359,DNER,ELL2,Novel,DNER--ELL2
1234,BNC2--MTAP,ENSG00000099810,ENSG00000173068,Q13126,Q6ZN30,chr9,chr9,21854870,16437524,+,-,DANSY_76045,,IPR013087|IPR013087|IPR013087|IPR013087|IPR013087|IPR013087,IPR013087|IPR013087|IPR013087|IPR013087|IPR013087|IPR013087,ACH-000359,MTAP,BNC2,Pre-existing,MTAP--BNC2
1235,BNC2--MTAP,ENSG00000099810,ENSG00000173068,Q13126,Q6ZN30,chr9,chr9,21838010,16437524,+,-,DANSY_76046,,IPR013087|IPR013087|IPR013087|IPR013087|IPR013087|IPR013087,IPR013087|IPR013087|IPR013087|IPR013087|IPR013087|IPR013087,ACH-000359,MTAP,BNC2,Pre-existing,MTAP--BNC2
1236,ELL2--TRIP12,ENSG00000118985,ENSG00000153827,O00472,Q14669,chr5,chr2,95943002,229769325,-,-,DANSY_76050,,,,ACH-000359,ELL2,TRIP12,No Annotation,ELL2--TRIP12
1237,CLIP4--EPHB4,ENSG00000115295,ENSG00000196411,Q8N3C7,P54760,chr2,chr7,29152828,100820296,+,-,DANSY_76063,IPR000938,IPR003961|IPR003961|IPR027936|IPR000719|IPR001660,IPR000938|IPR003961|IPR003961|IPR027936|IPR000719|IPR001660,ACH-000359,CLIP4,EPHB4,Novel,CLIP4--EPHB4
1238,COL22A1--TRAPPC9,ENSG00000167632,ENSG00000169436,Q96Q05,Q8NFW1,chr8,chr8,140397620,138604769,-,-,DANSY_76078,IPR058563,,IPR058563,ACH-000359,TRAPPC9,COL22A1,Pre-existing,TRAPPC9--COL22A1
1239,MROH1--PARP10,ENSG00000179832,ENSG00000178685,Q8NDA8,Q53GL7,chr8,chr8,144223230,143978081,+,-,DANSY_76082,IPR056282,,IPR056282,ACH-000359,MROH1,PARP10,Pre-existing,MROH1--PARP10
1240,MROH1--PLEC,ENSG00000179832,ENSG00000178209,Q8NDA8,Q15149,chr8,chr8,144223230,143975375,+,-,DANSY_76084,IPR056282,IPR005326|IPR001715|IPR001715|IPR001452|IPR041573,IPR056282|IPR005326|IPR001715|IPR001715|IPR001452|IPR041573,ACH-000359,MROH1,PLEC,Novel,MROH1--PLEC
1241,ANKRD28--COLQ,ENSG00000206561,ENSG00000206560,Q9Y215,O15084,chr3,chr3,15521520,15724524,-,-,DANSY_76224,,,,ACH-001028,COLQ,ANKRD28,No Annotation,COLQ--ANKRD28
1242,MFSD14B--ZNF367,ENSG00000148110,ENSG00000165244,Q5SR56,Q7RTV3,chr9,chr9,94374927,96398314,+,-,DANSY_76312,,IPR013087|IPR013087,IPR013087|IPR013087,ACH-000621,MFSD14B,ZNF367,Pre-existing,MFSD14B--ZNF367
1243,FBLN5--TC2N,ENSG00000165929,ENSG00000140092,Q8N9U0,Q9UBX5,chr14,chr14,91802254,91895072,-,-,DANSY_76317,,IPR000742|IPR000742|IPR000742|IPR000742|IPR000742|IPR055088,IPR000742|IPR000742|IPR000742|IPR000742|IPR000742|IPR055088,ACH-000621,TC2N,FBLN5,Pre-existing,TC2N--FBLN5
1244,FBLN5--TC2N,ENSG00000165929,ENSG00000140092,Q8N9U0,Q9UBX5,chr14,chr14,91812312,91895072,-,-,DANSY_76318,,IPR000742|IPR000742|IPR000742|IPR000742|IPR000742|IPR055088,IPR000742|IPR000742|IPR000742|IPR000742|IPR000742|IPR055088,ACH-000621,TC2N,FBLN5,Pre-existing,TC2N--FBLN5
1245,ZNF441--ZNF627,ENSG00000198551,ENSG00000197044,Q7L945,Q8N8Z8,chr19,chr19,11597630,11777611,+,+,DANSY_76322,,IPR001909|IPR013087|IPR013087|IPR013087|IPR013087|IPR013087|IPR013087|IPR013087|IPR013087|IPR013087|IPR013087|IPR013087|IPR013087|IPR013087|IPR013087|IPR013087|IPR013087|IPR013087|IPR013087|IPR013087|IPR013087,IPR001909|IPR013087|IPR013087|IPR013087|IPR013087|IPR013087|IPR013087|IPR013087|IPR013087|IPR013087|IPR013087|IPR013087|IPR013087|IPR013087|IPR013087|IPR013087|IPR013087|IPR013087|IPR013087|IPR013087|IPR013087,ACH-000621,ZNF627,ZNF441,Pre-existing,ZNF627--ZNF441
1246,MAP4--SCAP,ENSG00000114650,ENSG00000047849,Q12770,P27816,chr3,chr3,47435008,47857512,-,-,DANSY_76470,,,,ACH-001641,SCAP,MAP4,No Annotation,SCAP--MAP4
1247,BCAS4--PTPN1,ENSG00000196396,ENSG00000124243,P18031,Q8TDM0,chr20,chr20,50510590,50818211,+,+,DANSY_76474,,,,ACH-001641,PTPN1,BCAS4,No Annotation,PTPN1--BCAS4
1248,ATG5--PLCG2,ENSG00000057663,ENSG00000197943,Q9H1Y0,P16885,chr6,chr16,106308364,81869214,-,+,DANSY_76500,,IPR057061|IPR000909|IPR000980|IPR000980|IPR001452|IPR001849|IPR001711|IPR000008,IPR057061|IPR000909|IPR000980|IPR000980|IPR001452|IPR001849|IPR001711|IPR000008,ACH-001641,ATG5,PLCG2,Pre-existing,ATG5--PLCG2
1249,LSM14A--PSMC4,ENSG00000257103,ENSG00000013275,Q8ND56,P43686,chr19,chr19,34172763,39974294,+,+,DANSY_76502,,IPR003593|IPR041569,IPR003593|IPR041569,ACH-001641,LSM14A,PSMC4,Pre-existing,LSM14A--PSMC4
1250,GNB1L--SEPTIN5,ENSG00000185838,ENSG00000184702,Q9BYB4,Q99719,chr22,chr22,19806659,19719602,-,+,DANSY_76616,,IPR030379,IPR030379,ACH-000483,GNB1L,SEPTIN5,Pre-existing,GNB1L--SEPTIN5
1251,GREB1L--TULP3,ENSG00000141449,ENSG00000078246,Q9C091,O75386,chr18,chr12,21403994,2922262,+,+,DANSY_76621,IPR046926,IPR000007,IPR046926|IPR000007,ACH-000483,GREB1L,TULP3,Novel,GREB1L--TULP3
1252,SKP2--TTC23L,ENSG00000145604,ENSG00000205838,Q13309,Q6PF05,chr5,chr5,36177292,34845487,+,+,DANSY_76630,IPR001810,,IPR001810,ACH-000483,SKP2,TTC23L,Pre-existing,SKP2--TTC23L
1253,MYCL--RLF,ENSG00000117000,ENSG00000116990,Q13129,P12524,chr1,chr1,40161636,39901443,+,-,DANSY_76767,,IPR012682|IPR012682|IPR012682|IPR011598,IPR012682|IPR012682|IPR012682|IPR011598,ACH-000514,RLF,MYCL,Pre-existing,RLF--MYCL
1254,PPIE--TRIT1,ENSG00000043514,ENSG00000084072,Q9H3H1,Q9UNP9,chr1,chr1,39883318,39762517,-,+,DANSY_76770,,,,ACH-000514,TRIT1,PPIE,No Annotation,TRIT1--PPIE
1255,PPIE--TRIT1,ENSG00000043514,ENSG00000084072,Q9H3H1,Q9UNP9,chr1,chr1,39883318,39763689,-,+,DANSY_76771,,,,ACH-000514,TRIT1,PPIE,No Annotation,TRIT1--PPIE
1256,NUP210--WNT7A,ENSG00000132182,ENSG00000154764,Q8TEM1,O00755,chr3,chr3,13420060,13875173,-,-,DANSY_76786,,,,ACH-000514,NUP210,WNT7A,No Annotation,NUP210--WNT7A
1257,PACSIN2--TP73,ENSG00000078900,ENSG00000100266,O15350,Q9UNF0,chr1,chr22,3683180,42893613,+,-,DANSY_76788,,IPR001060|IPR037453|IPR001452,IPR001060|IPR037453|IPR001452,ACH-000514,TP73,PACSIN2,Pre-existing,TP73--PACSIN2
1258,RLF--TRIT1,ENSG00000117000,ENSG00000043514,Q13129,Q9H3H1,chr1,chr1,40161636,39857417,+,-,DANSY_76795,,IPR003604,IPR003604,ACH-000514,RLF,TRIT1,Pre-existing,RLF--TRIT1
1259,CENPT--DPEP3,ENSG00000102901,ENSG00000141096,Q96BT3,Q9H4B8,chr16,chr16,67832228,67976775,-,-,DANSY_76808,,,,ACH-000514,CENPT,DPEP3,No Annotation,CENPT--DPEP3
1260,MSL2--RNF14,ENSG00000174579,ENSG00000013561,Q9HCI7,Q9UBS8,chr3,chr5,136194972,141983380,-,+,DANSY_77151,,IPR002867,IPR002867,ACH-000716,MSL2,RNF14,Pre-existing,MSL2--RNF14
1261,C22orf39--UFD1,ENSG00000242259,ENSG00000070010,Q6P5X5,Q92890,chr22,chr22,19447378,19458139,-,-,DANSY_77161,,,,ACH-000988,C22orf39,UFD1,No Annotation,C22orf39--UFD1
1262,C22orf39--UFD1,ENSG00000242259,ENSG00000070010,Q6P5X5,Q92890,chr22,chr22,19447378,19456918,-,-,DANSY_77162,,,,ACH-000988,C22orf39,UFD1,No Annotation,C22orf39--UFD1
1263,MTHFD1L--MTHFD1L,ENSG00000120254,ENSG00000120254,Q6UB35,Q6UB35,chr6,chr6,151037117,151013779,+,+,DANSY_77166,IPR020630|IPR020631,,IPR020630|IPR020631,ACH-000988,MTHFD1L,MTHFD1L,Pre-existing,MTHFD1L--MTHFD1L
1264,NIPAL2--STK3,ENSG00000104375,ENSG00000104361,Q13188,Q9H841,chr8,chr8,98749276,98254087,-,-,DANSY_77168,,,,ACH-000988,STK3,NIPAL2,No Annotation,STK3--NIPAL2
1265,STX11--UTRN,ENSG00000152818,ENSG00000135604,P46939,O75558,chr6,chr6,144291907,144186623,+,+,DANSY_77170,,IPR006011|IPR000727,IPR006011|IPR000727,ACH-000988,UTRN,STX11,Pre-existing,UTRN--STX11
1266,EXD3--NSMF,ENSG00000165802,ENSG00000187609,Q6X4W1,Q8N9H8,chr9,chr9,137449923,137324143,-,-,DANSY_77172,IPR058542,,IPR058542,ACH-000988,NSMF,EXD3,Pre-existing,NSMF--EXD3
1267,CLTC--VMP1,ENSG00000141367,ENSG00000062716,Q00610,Q96GC9,chr17,chr17,59648401,59817712,+,+,DANSY_77638,,IPR059828,IPR059828,ACH-000609,CLTC,VMP1,Pre-existing,CLTC--VMP1
1268,AHCYL1--ELAPOR1,ENSG00000168710,ENSG00000116299,O43865,Q6UXG2,chr1,chr1,110012999,109164499,+,+,DANSY_77650,,IPR056609|IPR056610|IPR056608|IPR044865|IPR056606,IPR056609|IPR056610|IPR056608|IPR044865|IPR056606,ACH-000609,AHCYL1,ELAPOR1,Pre-existing,AHCYL1--ELAPOR1
1269,FHOD1--SYMPK,ENSG00000125755,ENSG00000135723,Q92797,Q9Y613,chr19,chr16,45848750,67239454,-,-,DANSY_77705,,IPR015425,IPR015425,ACH-001411,SYMPK,FHOD1,Pre-existing,SYMPK--FHOD1
1270,NBEA--PLAA,ENSG00000137055,ENSG00000172915,Q9Y263,Q8NFP9,chr9,chr13,26919310,35290389,-,+,DANSY_77755,IPR015155,IPR010508|IPR023362|IPR000409|IPR046851,IPR015155|IPR010508|IPR023362|IPR000409|IPR046851,ACH-000504,PLAA,NBEA,Novel,PLAA--NBEA
1271,DHX8--TP53I13,ENSG00000167543,ENSG00000067596,Q8NBR0,Q14562,chr17,chr17,29569359,43513362,+,+,DANSY_77832,,IPR007502|IPR011709,IPR007502|IPR011709,ACH-002677,TP53I13,DHX8,Pre-existing,TP53I13--DHX8
1272,MRPL45--NSRP1,ENSG00000126653,ENSG00000278845,Q9H0G5,Q9BRJ2,chr17,chr17,30118173,38298449,+,+,DANSY_77834,,IPR007379,IPR007379,ACH-002677,NSRP1,MRPL45,Pre-existing,NSRP1--MRPL45
1273,ENDOV--TUBA1C,ENSG00000167553,ENSG00000173818,Q9BQE3,Q8N8Q3,chr12,chr17,49265184,80422206,+,+,DANSY_78064,,,,ACH-000652,TUBA1C,ENDOV,No Annotation,TUBA1C--ENDOV
1274,CLTC--VMP1,ENSG00000141367,ENSG00000062716,Q00610,Q96GC9,chr17,chr17,59651316,59808796,+,+,DANSY_78210,,IPR059828,IPR059828,ACH-000472,CLTC,VMP1,Pre-existing,CLTC--VMP1
1275,BBC3--SAE1,ENSG00000142230,ENSG00000105327,Q9UBE0,Q9BXH1,chr19,chr19,47131028,47226754,+,-,DANSY_78218,,,,ACH-000472,SAE1,BBC3,No Annotation,SAE1--BBC3
1276,BCAS3--C17orf64,ENSG00000141376,ENSG00000141371,Q9H6U6,Q86WR6,chr17,chr17,60684036,60425783,+,+,DANSY_78222,,IPR025260,IPR025260,ACH-000472,BCAS3,C17orf64,Pre-existing,BCAS3--C17orf64
1277,ABL2--PREX1,ENSG00000143322,ENSG00000124126,P42684,Q8TCU6,chr1,chr20,179229241,48660061,-,-,DANSY_78228,,IPR001478|IPR001478,IPR001478|IPR001478,ACH-000472,ABL2,PREX1,Pre-existing,ABL2--PREX1
1278,FAM174B--IQGAP1,ENSG00000140575,ENSG00000185442,P46940,Q3ZCQ3,chr15,chr15,90390873,92630345,+,-,DANSY_78315,,,,ACH-000007,IQGAP1,FAM174B,No Annotation,IQGAP1--FAM174B
1279,ANKHD1--CYSTM1,ENSG00000131503,ENSG00000120306,Q8IWZ3,Q9H1C7,chr5,chr5,140487060,140243305,+,+,DANSY_78576,,IPR028144,IPR028144,ACH-001850,ANKHD1,CYSTM1,Pre-existing,ANKHD1--CYSTM1
1280,ANKHD1-EIF4EBP3--CYSTM1,ENSG00000254996,ENSG00000120306,,Q9H1C7,chr5,chr5,140487060,140243305,+,+,DANSY_78578,,IPR028144,,ACH-001850,ANKHD1-EIF4EBP3,CYSTM1,,ANKHD1-EIF4EBP3--CYSTM1
1281,NEDD4L--NEDD4L,ENSG00000049759,ENSG00000049759,Q96PU5,Q96PU5,chr18,chr18,58357252,58315982,+,+,DANSY_78581,IPR000008|IPR001202|IPR001202|IPR001202|IPR001202,IPR001202|IPR001202|IPR001202|IPR001202|IPR000569,IPR000008|IPR001202|IPR001202|IPR001202|IPR001202|IPR001202|IPR001202|IPR001202|IPR001202|IPR000569,ACH-001850,NEDD4L,NEDD4L,Novel,NEDD4L--NEDD4L
1282,POLR3D--XPO7,ENSG00000168495,ENSG00000130227,P05423,Q9UIA9,chr8,chr8,22250470,21966857,+,+,DANSY_78592,,IPR001494|IPR057947,IPR001494|IPR057947,ACH-001850,POLR3D,XPO7,Pre-existing,POLR3D--XPO7
1283,ALG14--CNN3,ENSG00000117519,ENSG00000172339,Q15417,Q96F25,chr1,chr1,94926838,95027260,-,-,DANSY_78599,,,,ACH-001850,CNN3,ALG14,No Annotation,CNN3--ALG14
1284,FGFR1OP2--ITPR2,ENSG00000123104,ENSG00000111790,Q14571,Q9NVK5,chr12,chr12,26790157,26954145,-,+,DANSY_78602,,,,ACH-001850,ITPR2,FGFR1OP2,No Annotation,ITPR2--FGFR1OP2
1285,BNIP3L--PPP2R2A,ENSG00000104765,ENSG00000221914,O60238,P63151,chr8,chr8,26383230,26293666,+,+,DANSY_78604,,,,ACH-001850,BNIP3L,PPP2R2A,No Annotation,BNIP3L--PPP2R2A
1286,GYG1--HAGH,ENSG00000063854,ENSG00000163754,Q16775,P46976,chr16,chr3,1826712,149024053,-,+,DANSY_78605,,,,ACH-001850,HAGH,GYG1,No Annotation,HAGH--GYG1
1287,TRIM62--YARS1,ENSG00000134684,ENSG00000116525,P54577,Q9BVG3,chr1,chr1,32779382,33165566,-,-,DANSY_78608,IPR002547,IPR001870,IPR002547|IPR001870,ACH-001850,YARS1,TRIM62,Novel,YARS1--TRIM62
1288,TRIM62--YARS1,ENSG00000134684,ENSG00000116525,P54577,Q9BVG3,chr1,chr1,32779382,33159944,-,-,DANSY_78609,IPR002547,IPR001870,IPR002547|IPR001870,ACH-001850,YARS1,TRIM62,Novel,YARS1--TRIM62
1289,ARFGEF1--CPA6,ENSG00000066777,ENSG00000165078,Q9Y6D6,Q8N4T0,chr8,chr8,67232855,67624251,-,-,DANSY_78613,IPR032629|IPR032691|IPR000904,IPR003146|IPR000834,IPR032629|IPR032691|IPR000904|IPR003146|IPR000834,ACH-001850,ARFGEF1,CPA6,Novel,ARFGEF1--CPA6
1290,ARFGEF1--CPA6,ENSG00000066777,ENSG00000165078,Q9Y6D6,Q8N4T0,chr8,chr8,67232855,67511655,-,-,DANSY_78614,IPR032629|IPR032691|IPR000904,IPR000834,IPR032629|IPR032691|IPR000904|IPR000834,ACH-001850,ARFGEF1,CPA6,Novel,ARFGEF1--CPA6
1291,MPV17L2--RCOR1,ENSG00000089902,ENSG00000254858,Q9UKL0,Q567V2,chr14,chr19,102593325,18194777,+,+,DANSY_78629,,,,ACH-001850,RCOR1,MPV17L2,No Annotation,RCOR1--MPV17L2
1292,MPV17L2--RCOR1,ENSG00000089902,ENSG00000254858,Q9UKL0,Q567V2,chr14,chr19,102593325,18193864,+,+,DANSY_78630,,,,ACH-001850,RCOR1,MPV17L2,No Annotation,RCOR1--MPV17L2
1293,EHBP1--SYN2,ENSG00000115504,ENSG00000157152,Q8NDI1,Q92777,chr2,chr3,62707295,12140651,+,+,DANSY_78636,,IPR020898,IPR020898,ACH-001850,EHBP1,SYN2,Pre-existing,EHBP1--SYN2
1294,TMEM213--UBN2,ENSG00000157741,ENSG00000214128,Q6ZU65,A2RRL7,chr7,chr7,139269523,138798009,+,+,DANSY_78642,IPR014840,,IPR014840,ACH-001850,UBN2,TMEM213,Pre-existing,UBN2--TMEM213
1295,DOCK3--PPARG,ENSG00000132170,ENSG00000088538,P37231,Q8IZD9,chr3,chr3,12406081,51310232,+,+,DANSY_78651,IPR022590|IPR001628,IPR026800,IPR022590|IPR001628|IPR026800,ACH-001850,PPARG,DOCK3,Novel,PPARG--DOCK3
1296,C2CD5--KRAS,ENSG00000111731,ENSG00000133703,Q86YS7,P01116,chr12,chr12,22469709,25245395,-,-,DANSY_78666,IPR000008|IPR056431|IPR056431|IPR056431|IPR056430,IPR005225,IPR000008|IPR056431|IPR056431|IPR056431|IPR056430|IPR005225,ACH-001850,C2CD5,KRAS,Novel,C2CD5--KRAS
1297,ARFGEF2--SULF2,ENSG00000124198,ENSG00000196562,Q9Y6D5,Q8IWU5,chr20,chr20,48922010,47736942,+,-,DANSY_78976,,IPR024609,IPR024609,ACH-000028,ARFGEF2,SULF2,Pre-existing,ARFGEF2--SULF2
1298,RPS6KB1--VMP1,ENSG00000108443,ENSG00000062716,P23443,Q96GC9,chr17,chr17,59914703,59839768,+,+,DANSY_78978,,IPR059828,IPR059828,ACH-000028,RPS6KB1,VMP1,Pre-existing,RPS6KB1--VMP1
1299,RPS6KB1--VMP1,ENSG00000108443,ENSG00000062716,P23443,Q96GC9,chr17,chr17,59910611,59838295,+,+,DANSY_78979,,IPR059828,IPR059828,ACH-000028,RPS6KB1,VMP1,Pre-existing,RPS6KB1--VMP1
1300,HMCN1--PRG4,ENSG00000116690,ENSG00000143341,Q92954,Q96RW7,chr1,chr1,186296951,186136668,+,+,DANSY_78993,,IPR003598|IPR006605|IPR000742|IPR000742|IPR000742|IPR000742|IPR000742|IPR000742|IPR000742|IPR000742,IPR003598|IPR006605|IPR000742|IPR000742|IPR000742|IPR000742|IPR000742|IPR000742|IPR000742|IPR000742,ACH-000028,PRG4,HMCN1,Pre-existing,PRG4--HMCN1
1301,HMCN1--PRG4,ENSG00000116690,ENSG00000143341,Q92954,Q96RW7,chr1,chr1,186296951,186137498,+,+,DANSY_78994,,IPR006605|IPR000742|IPR000742|IPR000742|IPR000742|IPR000742|IPR000742|IPR000742|IPR000742,IPR006605|IPR000742|IPR000742|IPR000742|IPR000742|IPR000742|IPR000742|IPR000742|IPR000742,ACH-000028,PRG4,HMCN1,Pre-existing,PRG4--HMCN1
1302,CA4--TANC2,ENSG00000170921,ENSG00000167434,Q9HCD6,P22748,chr17,chr17,63074014,60155314,+,+,DANSY_78996,,IPR001148,IPR001148,ACH-000028,TANC2,CA4,Pre-existing,TANC2--CA4
1303,CA4--TANC2,ENSG00000170921,ENSG00000167434,Q9HCD6,P22748,chr17,chr17,63074014,60156560,+,+,DANSY_78997,,,,ACH-000028,TANC2,CA4,No Annotation,TANC2--CA4
1304,GCN1--MSI1,ENSG00000089154,ENSG00000135097,Q92616,O43347,chr12,chr12,120190298,120347514,-,-,DANSY_79001,,,,ACH-000028,GCN1,MSI1,No Annotation,GCN1--MSI1
1305,GCN1--MSI1,ENSG00000089154,ENSG00000135097,Q92616,O43347,chr12,chr12,120190298,120351400,-,-,DANSY_79002,,,,ACH-000028,GCN1,MSI1,No Annotation,GCN1--MSI1
1306,CARM1--SMARCA4,ENSG00000127616,ENSG00000142453,P51532,Q86X55,chr19,chr19,10986593,10904951,+,+,DANSY_79004,IPR014978,IPR055135,IPR014978|IPR055135,ACH-000028,SMARCA4,CARM1,Novel,SMARCA4--CARM1
1307,HACD2--MYLK,ENSG00000206527,ENSG00000065534,Q6Y1H2,Q15746,chr3,chr3,123582212,123793844,-,-,DANSY_79011,,IPR003598|IPR003598|IPR003598|IPR003598|IPR003598|IPR003598|IPR003598|IPR003598|IPR003961|IPR000719|IPR003598,IPR003598|IPR003598|IPR003598|IPR003598|IPR003598|IPR003598|IPR003598|IPR003598|IPR003961|IPR000719|IPR003598,ACH-000028,HACD2,MYLK,Pre-existing,HACD2--MYLK
1308,HACD2--MYLK,ENSG00000206527,ENSG00000065534,Q6Y1H2,Q15746,chr3,chr3,123582212,123752538,-,-,DANSY_79012,,IPR003598|IPR003598|IPR003598|IPR003598|IPR003598|IPR003598|IPR003598|IPR003961|IPR000719|IPR003598,IPR003598|IPR003598|IPR003598|IPR003598|IPR003598|IPR003598|IPR003598|IPR003961|IPR000719|IPR003598,ACH-000028,HACD2,MYLK,Pre-existing,HACD2--MYLK
1309,FCHO1--MYO9B,ENSG00000099331,ENSG00000130475,Q13459,O14526,chr19,chr19,17102557,17770425,+,+,DANSY_79016,IPR000159,IPR018808,IPR000159|IPR018808,ACH-000028,MYO9B,FCHO1,Novel,MYO9B--FCHO1
1310,FCHO1--MYO9B,ENSG00000099331,ENSG00000130475,Q13459,O14526,chr19,chr19,17102557,17770792,+,+,DANSY_79017,IPR000159,IPR018808,IPR000159|IPR018808,ACH-000028,MYO9B,FCHO1,Novel,MYO9B--FCHO1
1311,CLTC--RPS6KB1,ENSG00000108443,ENSG00000141367,P23443,Q00610,chr17,chr17,59914703,59690636,+,+,DANSY_79020,,,,ACH-000028,RPS6KB1,CLTC,No Annotation,RPS6KB1--CLTC
1312,DEPDC1B--ELOVL7,ENSG00000035499,ENSG00000164181,Q8WUY9,A1L3X0,chr5,chr5,60638750,60757645,-,-,DANSY_79029,IPR000591,,IPR000591,ACH-000028,DEPDC1B,ELOVL7,Pre-existing,DEPDC1B--ELOVL7
1313,AHCYL1--RAD51C,ENSG00000168710,ENSG00000108384,O43865,O43502,chr1,chr17,109985172,58734118,+,+,DANSY_79041,,,,ACH-000028,AHCYL1,RAD51C,No Annotation,AHCYL1--RAD51C
1314,BRIP1--TAF4,ENSG00000130699,ENSG00000136492,O00268,Q9BX63,chr20,chr17,62064451,61849256,-,-,DANSY_79042,,IPR006555,IPR006555,ACH-000028,TAF4,BRIP1,Pre-existing,TAF4--BRIP1
1315,DPH7--PNPLA7,ENSG00000130653,ENSG00000148399,Q6ZV29,Q9BTV6,chr9,chr9,137515379,137555648,-,-,DANSY_79098,IPR000595,,IPR000595,ACH-000028,PNPLA7,DPH7,Pre-existing,PNPLA7--DPH7
1316,GRIPAP1--OTUD5,ENSG00000068308,ENSG00000068400,Q96G74,Q4V328,chrX,chrX,48934464,48999504,-,-,DANSY_79127,IPR003323,,IPR003323,ACH-000028,OTUD5,GRIPAP1,Pre-existing,OTUD5--GRIPAP1
1317,TTLL1--TTLL12,ENSG00000100271,ENSG00000100304,O95922,Q14166,chr22,chr22,43059384,43183149,-,-,DANSY_79145,,IPR057954,IPR057954,ACH-000028,TTLL1,TTLL12,Pre-existing,TTLL1--TTLL12
1318,VAT1L--WWOX,ENSG00000186153,ENSG00000171724,Q9NZC7,Q9HCJ6,chr16,chr16,78164289,77971850,+,+,DANSY_79327,IPR001202|IPR001202,,IPR001202|IPR001202,ACH-000665,WWOX,VAT1L,Pre-existing,WWOX--VAT1L
1319,NF1--RAB11FIP4,ENSG00000196712,ENSG00000131242,P21359,Q86YS3,chr17,chr17,31095369,31517651,+,+,DANSY_79501,,IPR057316|IPR019018,IPR057316|IPR019018,ACH-000078,NF1,RAB11FIP4,Pre-existing,NF1--RAB11FIP4
1320,ADH4--TSPAN5,ENSG00000168785,ENSG00000198099,P62079,P08319,chr4,chr4,98658146,99142780,-,-,DANSY_79506,,IPR013154|IPR013149,IPR013154|IPR013149,ACH-000078,TSPAN5,ADH4,Pre-existing,TSPAN5--ADH4
1321,EIF3H--RALYL,ENSG00000147677,ENSG00000184672,O15372,Q86SE5,chr8,chr8,116726016,84774579,-,+,DANSY_79637,,,,ACH-002046,EIF3H,RALYL,No Annotation,EIF3H--RALYL
1322,NARS1--TMX3,ENSG00000134440,ENSG00000166479,O43776,Q96JJ7,chr18,chr18,57620569,68691361,-,-,DANSY_79709,,,,ACH-000397,NARS1,TMX3,No Annotation,NARS1--TMX3
1323,ATG7--SLC6A11,ENSG00000197548,ENSG00000132164,O95352,P48066,chr3,chr3,11342279,10912090,+,+,DANSY_79712,IPR032197,,IPR032197,ACH-000397,ATG7,SLC6A11,Pre-existing,ATG7--SLC6A11
1324,VMP1--ZNF521,ENSG00000062716,ENSG00000198795,Q96GC9,Q96K83,chr17,chr18,59773885,25062741,+,-,DANSY_79724,,,,ACH-000397,VMP1,ZNF521,No Annotation,VMP1--ZNF521
1325,MKNK2--PTPRJ,ENSG00000149177,ENSG00000099875,Q12913,Q9HBH9,chr11,chr19,48128043,2043582,+,-,DANSY_79744,IPR003961|IPR003961|IPR003961,,IPR003961|IPR003961|IPR003961,ACH-000397,PTPRJ,MKNK2,Pre-existing,PTPRJ--MKNK2
1326,ARMH3--FBXW4,ENSG00000107829,ENSG00000120029,P57775,Q5T2E6,chr10,chr10,101624745,101889490,-,-,DANSY_79751,IPR001810,,IPR001810,ACH-000397,FBXW4,ARMH3,Pre-existing,FBXW4--ARMH3
1327,ARMH3--FBXW4,ENSG00000107829,ENSG00000120029,P57775,Q5T2E6,chr10,chr10,101667886,101889490,-,-,DANSY_79752,IPR001810,,IPR001810,ACH-000397,FBXW4,ARMH3,Pre-existing,FBXW4--ARMH3
1328,NOTCH2--SEC22B,ENSG00000134250,ENSG00000265808,Q04721,O75396,chr1,chr1,119986960,120160530,-,-,DANSY_79761,IPR000742|IPR000742|IPR000742|IPR000742|IPR000742|IPR000742,IPR042855,IPR000742|IPR000742|IPR000742|IPR000742|IPR000742|IPR000742|IPR042855,ACH-000397,NOTCH2,SEC22B,Novel,NOTCH2--SEC22B
1329,ABCA2--SHB,ENSG00000107331,ENSG00000107338,Q9BZC7,Q15464,chr9,chr9,137028075,38016131,-,-,DANSY_80237,,IPR000980,IPR000980,ACH-000518,ABCA2,SHB,Pre-existing,ABCA2--SHB
1330,MAP2K7--OR7G3,ENSG00000076984,ENSG00000170920,O14733,Q8NG95,chr19,chr19,7904068,9126895,+,-,DANSY_80309,,,,ACH-001566,MAP2K7,OR7G3,No Annotation,MAP2K7--OR7G3
1331,GRHL2--MAP2K2,ENSG00000083307,ENSG00000126934,Q6ISB3,P36507,chr8,chr19,101552782,4117629,+,-,DANSY_80385,,IPR000719,IPR000719,ACH-000252,GRHL2,MAP2K2,Pre-existing,GRHL2--MAP2K2
1332,CLIC4--FMNL2,ENSG00000169504,ENSG00000157827,Q9Y696,Q96PY5,chr1,chr2,24745625,152542739,+,+,DANSY_80572,,IPR010472|IPR015425|IPR014767,IPR010472|IPR015425|IPR014767,ACH-001605,CLIC4,FMNL2,Pre-existing,CLIC4--FMNL2
1333,BMS1--PARG,ENSG00000227345,ENSG00000165733,Q86W56,Q14692,chr10,chr10,49885203,42791627,-,+,DANSY_80581,,IPR012948|IPR007034,IPR012948|IPR007034,ACH-001605,PARG,BMS1,Pre-existing,PARG--BMS1
1334,ALK--EML4,ENSG00000143924,ENSG00000171094,Q9HC35,Q9UM73,chr2,chr2,42264951,29223528,+,-,DANSY_80603,,IPR000719,IPR000719,ACH-002522,EML4,ALK,Pre-existing,EML4--ALK
1335,ALK--EML4,ENSG00000143924,ENSG00000171094,Q9HC35,Q9UM73,chr2,chr2,42264731,29223528,+,-,DANSY_80604,,IPR000719,IPR000719,ACH-002522,EML4,ALK,Pre-existing,EML4--ALK
1336,EML4--RSRC1,ENSG00000174891,ENSG00000143924,Q96IZ7,Q9HC35,chr3,chr2,158461003,42280850,+,+,DANSY_80608,,IPR055439|IPR055442,IPR055439|IPR055442,ACH-002522,RSRC1,EML4,Pre-existing,RSRC1--EML4
1337,ALCAM--PIEZO2,ENSG00000170017,ENSG00000154864,Q13740,Q9H5I5,chr3,chr18,105534845,11066222,+,-,DANSY_80624,IPR003599|IPR007110,IPR056769|IPR056769|IPR056769|IPR031805|IPR056768|IPR056770|IPR031334,IPR003599|IPR007110|IPR056769|IPR056769|IPR056769|IPR031805|IPR056768|IPR056770|IPR031334,ACH-002522,ALCAM,PIEZO2,Novel,ALCAM--PIEZO2
1338,CCNE2--RMDN1,ENSG00000175305,ENSG00000176623,O96020,Q96DB5,chr8,chr8,94890415,86474358,-,-,DANSY_80764,,,,ACH-000277,CCNE2,RMDN1,No Annotation,CCNE2--RMDN1
1339,VPS18--ZFYVE19,ENSG00000104142,ENSG00000166140,Q9P253,Q96K21,chr15,chr15,40898998,40812699,+,+,DANSY_80767,,IPR044553,IPR044553,ACH-000277,VPS18,ZFYVE19,Pre-existing,VPS18--ZFYVE19
1340,VPS18--ZFYVE19,ENSG00000104142,ENSG00000166140,Q9P253,Q96K21,chr15,chr15,40898998,40813338,+,+,DANSY_80768,,IPR044553,IPR044553,ACH-000277,VPS18,ZFYVE19,Pre-existing,VPS18--ZFYVE19
1341,TRUB2--VAV2,ENSG00000160293,ENSG00000167112,P52735,O95900,chr9,chr9,133939103,128313889,-,-,DANSY_80789,,,,ACH-000277,VAV2,TRUB2,No Annotation,VAV2--TRUB2
1342,TRUB2--VAV2,ENSG00000160293,ENSG00000167112,P52735,O95900,chr9,chr9,133992075,128313889,-,-,DANSY_80790,,,,ACH-000277,VAV2,TRUB2,No Annotation,VAV2--TRUB2
1343,LRCH1--NADSYN1,ENSG00000136141,ENSG00000172890,Q9Y2L9,Q6IA69,chr13,chr11,46553703,71455110,+,+,DANSY_80826,,IPR022310,IPR022310,ACH-000277,LRCH1,NADSYN1,Pre-existing,LRCH1--NADSYN1
1344,RALGPS1--ZNF79,ENSG00000196152,ENSG00000136828,Q15937,Q5JS13,chr9,chr9,127428920,127034431,+,+,DANSY_80829,,IPR001849,IPR001849,ACH-000277,ZNF79,RALGPS1,Pre-existing,ZNF79--RALGPS1
1345,LDLRAD3--SYT9,ENSG00000179241,ENSG00000170743,Q86YD5,Q86SS6,chr11,chr11,35944144,7303039,+,+,DANSY_80838,,IPR000008|IPR000008,IPR000008|IPR000008,ACH-000277,LDLRAD3,SYT9,Pre-existing,LDLRAD3--SYT9
1346,STMN3--TONSL,ENSG00000160949,ENSG00000197457,Q96HA7,Q9NZ72,chr8,chr20,144443882,63642299,-,-,DANSY_80843,,,,ACH-000277,TONSL,STMN3,No Annotation,TONSL--STMN3
1347,GON4L--RIT1,ENSG00000116580,ENSG00000143622,Q3T8J9,Q92963,chr1,chr1,155813634,155900618,-,-,DANSY_81404,,,,ACH-001970,GON4L,RIT1,No Annotation,GON4L--RIT1
1348,ABCC2--MORN3,ENSG00000023839,ENSG00000139714,Q92887,Q6PF18,chr10,chr12,99819269,121669512,+,-,DANSY_81427,IPR056227|IPR011527|IPR003439,,IPR056227|IPR011527|IPR003439,ACH-001970,ABCC2,MORN3,Pre-existing,ABCC2--MORN3
1349,ABCC2--MORN3,ENSG00000023839,ENSG00000139714,Q92887,Q6PF18,chr10,chr12,99819269,121659348,+,-,DANSY_81428,IPR056227|IPR011527|IPR003439,,IPR056227|IPR011527|IPR003439,ACH-001970,ABCC2,MORN3,Pre-existing,ABCC2--MORN3
1350,MDFIC2--MITF,ENSG00000187098,ENSG00000242120,O75030,A0A1B0GVS7,chr3,chr3,69879383,70311973,+,-,DANSY_81436,,,,ACH-001970,MITF,MDFIC2,No Annotation,MITF--MDFIC2
1351,BIRC6--TTC27,ENSG00000115760,ENSG00000018699,Q9NR09,Q6P3X3,chr2,chr2,32611582,32777882,+,+,DANSY_81739,IPR000608,,IPR000608,ACH-000537,BIRC6,TTC27,Pre-existing,BIRC6--TTC27
1352,FRMD8--SCYL1,ENSG00000142186,ENSG00000126391,Q96KG9,Q9BZ67,chr11,chr11,65536334,65393573,+,+,DANSY_82174,IPR000719,,IPR000719,ACH-000724,SCYL1,FRMD8,Pre-existing,SCYL1--FRMD8
1353,GALNT7--SAP30,ENSG00000109586,ENSG00000164105,Q86SF2,O75446,chr4,chr4,173168961,173373390,+,+,DANSY_82292,,IPR025718,IPR025718,ACH-000522,GALNT7,SAP30,Pre-existing,GALNT7--SAP30
1354,HSD17B12--KIAA1549L,ENSG00000149084,ENSG00000110427,Q53GQ0,Q6ZVL6,chr11,chr11,43816391,33656012,+,+,DANSY_82320,,,,ACH-000522,HSD17B12,KIAA1549L,No Annotation,HSD17B12--KIAA1549L
1355,PAK4--SAMD4B,ENSG00000179134,ENSG00000130669,Q5PRF9,O96013,chr19,chr19,39380084,39175312,+,+,DANSY_82401,IPR058599|IPR001660,,IPR058599|IPR001660,ACH-001549,SAMD4B,PAK4,Pre-existing,SAMD4B--PAK4
1356,ETFA--SCAPER,ENSG00000140374,ENSG00000140386,P13804,Q9BY12,chr15,chr15,76274412,76703002,-,-,DANSY_82402,IPR014730,IPR003604,IPR014730|IPR003604,ACH-001549,ETFA,SCAPER,Novel,ETFA--SCAPER
1357,RCC1--YTHDF2,ENSG00000198492,ENSG00000180198,Q9Y5A9,P18754,chr1,chr1,28743986,28529858,+,+,DANSY_82408,IPR007275,IPR058923,IPR007275|IPR058923,ACH-001549,YTHDF2,RCC1,Novel,YTHDF2--RCC1
1358,ITGA3--KAT7,ENSG00000005884,ENSG00000136504,P26006,O95251,chr17,chr17,50081408,49821337,+,+,DANSY_82421,IPR013649|IPR048285,,IPR013649|IPR048285,ACH-001549,ITGA3,KAT7,Pre-existing,ITGA3--KAT7
1359,SMG6--SMYD4,ENSG00000186532,ENSG00000070366,Q8IYR2,Q86US8,chr17,chr17,1786810,2085901,-,-,DANSY_82424,IPR001214,IPR002716,IPR001214|IPR002716,ACH-001549,SMYD4,SMG6,Novel,SMYD4--SMG6
1360,SLC39A9--SUSD6,ENSG00000100647,ENSG00000029364,Q92537,Q9NUM3,chr14,chr14,69658713,69442069,+,+,DANSY_82445,,,,ACH-001549,SUSD6,SLC39A9,No Annotation,SUSD6--SLC39A9
1361,PBRM1--SFMBT1,ENSG00000163939,ENSG00000163935,Q86U86,Q9UHJ3,chr3,chr3,52603521,52954411,-,-,DANSY_82448,IPR001487|IPR001487|IPR001487|IPR001487|IPR001487|IPR001487,IPR021987|IPR001660,IPR001487|IPR001487|IPR001487|IPR001487|IPR001487|IPR001487|IPR021987|IPR001660,ACH-001549,PBRM1,SFMBT1,Novel,PBRM1--SFMBT1
1362,MMP10--NARS2,ENSG00000137513,ENSG00000166670,Q96I59,P09238,chr11,chr11,78559539,102779745,-,-,DANSY_82560,IPR004365,IPR002477|IPR001818|IPR000585,IPR004365|IPR002477|IPR001818|IPR000585,ACH-000706,NARS2,MMP10,Novel,NARS2--MMP10
1363,CUL5--DDX10,ENSG00000178105,ENSG00000166266,Q13206,Q93034,chr11,chr11,108723462,108033802,+,+,DANSY_82565,IPR014014|IPR011545|IPR001650|IPR025313,IPR001373|IPR016158|IPR019559,IPR014014|IPR011545|IPR001650|IPR025313|IPR001373|IPR016158|IPR019559,ACH-000706,DDX10,CUL5,Novel,DDX10--CUL5
1364,CUL5--YAP1,ENSG00000137693,ENSG00000166266,P46937,Q93034,chr11,chr11,102206074,108033802,+,+,DANSY_82570,IPR001202|IPR001202,IPR001373|IPR016158|IPR019559,IPR001202|IPR001202|IPR001373|IPR016158|IPR019559,ACH-000706,YAP1,CUL5,Novel,YAP1--CUL5
1365,CUL5--YAP1,ENSG00000137693,ENSG00000166266,P46937,Q93034,chr11,chr11,102209564,108033802,+,+,DANSY_82571,IPR001202|IPR001202,IPR001373|IPR016158|IPR019559,IPR001202|IPR001202|IPR001373|IPR016158|IPR019559,ACH-000706,YAP1,CUL5,Novel,YAP1--CUL5
1366,CLTC--VMP1,ENSG00000141367,ENSG00000062716,Q00610,Q96GC9,chr17,chr17,59656027,59839768,+,+,DANSY_83148,,IPR059828,IPR059828,ACH-000548,CLTC,VMP1,Pre-existing,CLTC--VMP1
1367,CAV1--MET,ENSG00000105976,ENSG00000105974,P08581,Q03135,chr7,chr7,116741025,116526525,+,+,DANSY_83149,IPR001627|IPR016201,,IPR001627|IPR016201,ACH-000548,MET,CAV1,Pre-existing,MET--CAV1
1368,FGFR2--OPTN,ENSG00000066468,ENSG00000123240,P21802,Q96CV9,chr10,chr10,121483698,13116267,-,+,DANSY_83232,IPR003598|IPR003598|IPR003598|IPR000719,IPR032419|IPR034735,IPR003598|IPR003598|IPR003598|IPR000719|IPR032419|IPR034735,ACH-001839,FGFR2,OPTN,Novel,FGFR2--OPTN
1369,FGFR2--STMP1,ENSG00000243317,ENSG00000066468,E0CX11,P21802,chr7,chr10,135662594,121480021,+,-,DANSY_83245,,,,ACH-001839,STMP1,FGFR2,No Annotation,STMP1--FGFR2
1370,FGFR2--STMP1,ENSG00000243317,ENSG00000066468,E0CX11,P21802,chr7,chr10,135662594,121480113,+,-,DANSY_83246,,,,ACH-001839,STMP1,FGFR2,No Annotation,STMP1--FGFR2
1371,MDM1--MYOC,ENSG00000111554,ENSG00000034971,Q8TC05,Q99972,chr12,chr1,68295265,171638722,-,-,DANSY_83489,,IPR003112,IPR003112,ACH-001799,MDM1,MYOC,Pre-existing,MDM1--MYOC
1372,JAM3--NTM,ENSG00000182667,ENSG00000166086,Q9P121,Q9BX67,chr11,chr11,131370888,134139851,+,+,DANSY_83506,,IPR003598|IPR003598,IPR003598|IPR003598,ACH-001799,NTM,JAM3,Pre-existing,NTM--JAM3
1373,KCNIP1--ZNF454,ENSG00000178187,ENSG00000182132,Q8N9F8,Q9NZI2,chr5,chr5,178942824,170733836,+,+,DANSY_83545,,,,ACH-001799,ZNF454,KCNIP1,No Annotation,ZNF454--KCNIP1
1374,HMGA2--PRRC2C,ENSG00000149948,ENSG00000117523,P52926,Q9Y520,chr12,chr1,65838569,171571320,+,+,DANSY_83570,,,,ACH-001799,HMGA2,PRRC2C,No Annotation,HMGA2--PRRC2C
1375,NME7--SLC19A2,ENSG00000117479,ENSG00000143156,O60779,Q9Y5B8,chr1,chr1,169485563,169324500,-,-,DANSY_83584,,IPR006602|IPR034907|IPR034907,IPR006602|IPR034907|IPR034907,ACH-001799,SLC19A2,NME7,Pre-existing,SLC19A2--NME7
1376,DNM3--MPZ,ENSG00000197959,ENSG00000158887,Q9UQ16,P25189,chr1,chr1,171989148,161307424,+,-,DANSY_83602,,IPR003599|IPR019566,IPR003599|IPR019566,ACH-001799,DNM3,MPZ,Pre-existing,DNM3--MPZ
1377,MDM1--PRRC2C,ENSG00000111554,ENSG00000117523,Q8TC05,Q9Y520,chr12,chr1,68313443,171557240,-,+,DANSY_83608,,,,ACH-001799,MDM1,PRRC2C,No Annotation,MDM1--PRRC2C
1378,CAND1--HYDIN,ENSG00000111530,ENSG00000157423,Q86VP6,Q4G0P3,chr12,chr16,67269785,71027875,+,-,DANSY_83609,,IPR033768|IPR053879|IPR053879,IPR033768|IPR053879|IPR053879,ACH-001799,CAND1,HYDIN,Pre-existing,CAND1--HYDIN
1379,GRIP1--TP53TG3C,ENSG00000155974,ENSG00000205457,Q9Y3R0,Q9ULZ0,chr12,chr16,67069050,33195326,-,+,DANSY_83615,,,,ACH-001799,GRIP1,TP53TG3C,No Annotation,GRIP1--TP53TG3C
1380,AGAP4--MAP3K14,ENSG00000188234,ENSG00000006062,Q96P64,Q99558,chr10,chr17,45826532,45271221,-,-,DANSY_83621,,,,ACH-001799,AGAP4,MAP3K14,No Annotation,AGAP4--MAP3K14
1381,CSNK1G3--SEC24A,ENSG00000151292,ENSG00000113615,Q9Y6M4,O95486,chr5,chr5,123575963,134661119,+,+,DANSY_83627,,IPR006895|IPR006896|IPR012990|IPR006900|IPR007123,IPR006895|IPR006896|IPR012990|IPR006900|IPR007123,ACH-001799,CSNK1G3,SEC24A,Pre-existing,CSNK1G3--SEC24A
1382,FBN1--FBN2,ENSG00000138829,ENSG00000166147,P35556,P35555,chr5,chr15,128536402,48510169,-,-,DANSY_83858,IPR040872,IPR000742|IPR000742|IPR000742|IPR017878|IPR000742|IPR000742|IPR000742|IPR017878|IPR000742|IPR017878|IPR000742|IPR000742|IPR000742|IPR000742|IPR000742|IPR000742|IPR000742|IPR000742|IPR000742|IPR000742|IPR000742|IPR000742|IPR017878|IPR000742|IPR000742|IPR017878|IPR000742|IPR000742|IPR000742|IPR000742|IPR000742|IPR000742|IPR000742|IPR017878|IPR000742|IPR000742|IPR000742|IPR000742|IPR000742|IPR017878|IPR000742|IPR000742|IPR000742|IPR000742|IPR000742|IPR000742|IPR000742,IPR040872|IPR000742|IPR000742|IPR000742|IPR017878|IPR000742|IPR000742|IPR000742|IPR017878|IPR000742|IPR017878|IPR000742|IPR000742|IPR000742|IPR000742|IPR000742|IPR000742|IPR000742|IPR000742|IPR000742|IPR000742|IPR000742|IPR000742|IPR017878|IPR000742|IPR000742|IPR017878|IPR000742|IPR000742|IPR000742|IPR000742|IPR000742|IPR000742|IPR000742|IPR017878|IPR000742|IPR000742|IPR000742|IPR000742|IPR000742|IPR017878|IPR000742|IPR000742|IPR000742|IPR000742|IPR000742|IPR000742|IPR000742,ACH-000425,FBN2,FBN1,Novel,FBN2--FBN1
1383,SASH1--UST,ENSG00000111962,ENSG00000111961,Q9Y2C2,O94885,chr6,chr6,148964563,148487614,+,+,DANSY_83860,,IPR021090|IPR001452|IPR001660|IPR058666|IPR001660,IPR021090|IPR001452|IPR001660|IPR058666|IPR001660,ACH-000425,UST,SASH1,Pre-existing,UST--SASH1
1384,MCM5--TOM1,ENSG00000100297,ENSG00000100284,P33992,O60784,chr22,chr22,35423341,35345725,+,+,DANSY_83862,IPR027925|IPR033762|IPR001208|IPR041562,,IPR027925|IPR033762|IPR001208|IPR041562,ACH-000425,MCM5,TOM1,Pre-existing,MCM5--TOM1
1385,NEDD4L--NEDD4L,ENSG00000049759,ENSG00000049759,Q96PU5,Q96PU5,chr18,chr18,58357252,58315982,+,+,DANSY_83997,IPR000008|IPR001202|IPR001202|IPR001202|IPR001202,IPR001202|IPR001202|IPR001202|IPR001202|IPR000569,IPR000008|IPR001202|IPR001202|IPR001202|IPR001202|IPR001202|IPR001202|IPR001202|IPR001202|IPR000569,ACH-000753,NEDD4L,NEDD4L,Novel,NEDD4L--NEDD4L
1386,PDIA6--PDIA6,ENSG00000143870,ENSG00000143870,Q15084,Q15084,chr2,chr2,10812678,10819354,-,-,DANSY_83998,,IPR005788|IPR005788|IPR057305,IPR005788|IPR005788|IPR057305,ACH-000753,PDIA6,PDIA6,Pre-existing,PDIA6--PDIA6
1387,NPIPB3--POLR3E,ENSG00000058600,ENSG00000169246,Q9NVU0,Q92617,chr16,chr16,22315208,21405293,+,-,DANSY_84008,,IPR054697,IPR054697,ACH-000753,POLR3E,NPIPB3,Pre-existing,POLR3E--NPIPB3
1388,JAK2--UHRF2,ENSG00000096968,ENSG00000147854,O60674,Q96PU4,chr9,chr9,5090911,6475391,+,+,DANSY_84402,IPR000299|IPR000980|IPR000719,IPR001841|IPR003105|IPR001841,IPR000299|IPR000980|IPR000719|IPR001841|IPR003105|IPR001841,ACH-001394,JAK2,UHRF2,Novel,JAK2--UHRF2
1389,FLNB--SLMAP,ENSG00000136068,ENSG00000163681,O75369,Q14BN4,chr3,chr3,58098908,57890041,+,+,DANSY_84502,IPR001715|IPR001715,,IPR001715|IPR001715,ACH-001433,FLNB,SLMAP,Pre-existing,FLNB--SLMAP
1390,FLNB--SLMAP,ENSG00000136068,ENSG00000163681,O75369,Q14BN4,chr3,chr3,58098908,57871636,+,+,DANSY_84503,IPR001715|IPR001715,,IPR001715|IPR001715,ACH-001433,FLNB,SLMAP,Pre-existing,FLNB--SLMAP
1391,FLNB--SLMAP,ENSG00000136068,ENSG00000163681,O75369,Q14BN4,chr3,chr3,58098908,57896511,+,+,DANSY_84504,IPR001715|IPR001715,,IPR001715|IPR001715,ACH-001433,FLNB,SLMAP,Pre-existing,FLNB--SLMAP
1392,USP42--VWDE,ENSG00000106346,ENSG00000146530,Q9H9J4,Q8N2E2,chr7,chr7,6115523,12351713,+,-,DANSY_84513,,IPR000742|IPR000742|IPR000742|IPR000742|IPR000742|IPR000742|IPR000742|IPR000742|IPR000742,IPR000742|IPR000742|IPR000742|IPR000742|IPR000742|IPR000742|IPR000742|IPR000742|IPR000742,ACH-001433,USP42,VWDE,Pre-existing,USP42--VWDE
1393,SLC16A5--WIPI1,ENSG00000070540,ENSG00000170190,Q5MNZ9,O15375,chr17,chr17,68444493,75098038,-,+,DANSY_84620,,,,ACH-000882,WIPI1,SLC16A5,No Annotation,WIPI1--SLC16A5
1394,AKR7A2--ECE1,ENSG00000117298,ENSG00000053371,P42892,O43488,chr1,chr1,21272699,19308642,-,-,DANSY_84628,,,,ACH-000882,ECE1,AKR7A2,No Annotation,ECE1--AKR7A2
1395,ERG--EWSR1,ENSG00000182944,ENSG00000157554,Q01844,P11308,chr22,chr21,29287134,38392444,+,-,DANSY_84935,,IPR000418,IPR000418,ACH-000210,EWSR1,ERG,Pre-existing,EWSR1--ERG
1396,CBX5--NFE2,ENSG00000123405,ENSG00000094916,Q16621,P45973,chr12,chr12,54295135,54257692,-,-,DANSY_85088,,IPR000953|IPR000953,IPR000953|IPR000953,ACH-000604,NFE2,CBX5,Pre-existing,NFE2--CBX5
1397,ABL1--BCR,ENSG00000186716,ENSG00000097007,P11274,P00519,chr22,chr9,23289621,130854064,+,+,DANSY_85090,IPR015123|IPR000219|IPR001849,IPR001452|IPR000980|IPR000719|IPR015015,IPR015123|IPR000219|IPR001849|IPR001452|IPR000980|IPR000719|IPR015015,ACH-000604,BCR,ABL1,Novel,BCR--ABL1
1398,ABL1--BCR,ENSG00000097007,ENSG00000186716,P00519,P11274,chr9,chr22,130714455,23290339,+,+,DANSY_85091,,IPR000198,IPR000198,ACH-000604,ABL1,BCR,Pre-existing,ABL1--BCR
1399,ABL1--BCR,ENSG00000097007,ENSG00000186716,P00519,P11274,chr9,chr22,130714455,23292541,+,+,DANSY_85092,,IPR000198,IPR000198,ACH-000604,ABL1,BCR,Pre-existing,ABL1--BCR
1400,DDB2--MADD,ENSG00000110514,ENSG00000134574,Q8WXG6,Q92466,chr11,chr11,47285590,47238800,+,+,DANSY_85094,IPR005113|IPR001194|IPR005112,,IPR005113|IPR001194|IPR005112,ACH-000604,MADD,DDB2,Pre-existing,MADD--DDB2
1401,ECHDC1--NKAIN2,ENSG00000093144,ENSG00000188580,Q9NTX5,Q5VXU1,chr6,chr6,127327001,124283006,-,+,DANSY_85106,,,,ACH-000604,ECHDC1,NKAIN2,No Annotation,ECHDC1--NKAIN2
1402,ADK--SAMD8,ENSG00000156671,ENSG00000156110,Q96LT4,P55263,chr10,chr10,75111722,74525256,+,+,DANSY_85238,,,,ACH-000090,SAMD8,ADK,No Annotation,SAMD8--ADK
1403,ADK--SAMD8,ENSG00000156671,ENSG00000156110,Q96LT4,P55263,chr10,chr10,75111722,74589282,+,+,DANSY_85240,,,,ACH-000090,SAMD8,ADK,No Annotation,SAMD8--ADK
1404,MRPS18A--NAV3,ENSG00000067798,ENSG00000096080,Q8IVL0,Q9NVS2,chr12,chr6,77968702,43671906,+,-,DANSY_85495,IPR001715,,IPR001715,ACH-001791,NAV3,MRPS18A,Pre-existing,NAV3--MRPS18A
1405,CEP290--UBE2R2,ENSG00000107341,ENSG00000198707,Q712K3,O15078,chr9,chr12,33886967,88062778,+,-,DANSY_85522,,,,ACH-001791,UBE2R2,CEP290,No Annotation,UBE2R2--CEP290
1406,FMNL2--STRN3,ENSG00000196792,ENSG00000157827,Q13033,Q96PY5,chr14,chr2,31025904,152607339,-,+,DANSY_85533,,IPR015425|IPR014767,IPR015425|IPR014767,ACH-001791,STRN3,FMNL2,Pre-existing,STRN3--FMNL2
1407,CNOT2--RSPH9,ENSG00000111596,ENSG00000172426,Q9NZN8,Q9H1X1,chr12,chr6,70278274,43655562,+,+,DANSY_85556,,,,ACH-001791,CNOT2,RSPH9,No Annotation,CNOT2--RSPH9
1408,PDCD6--TERT,ENSG00000249915,ENSG00000164362,O75340,O14746,chr5,chr5,304221,1282624,+,-,DANSY_85562,,IPR000477|IPR049139,IPR000477|IPR049139,ACH-001791,PDCD6,TERT,Pre-existing,PDCD6--TERT
1409,OARD1--ZDHHC17,ENSG00000186908,ENSG00000124596,Q8IUH5,Q9Y530,chr12,chr6,76764329,41071276,+,-,DANSY_85572,,,,ACH-001791,ZDHHC17,OARD1,No Annotation,ZDHHC17--OARD1
1410,QTRT2--SLC9A9,ENSG00000151576,ENSG00000181804,Q9H974,Q8IVB4,chr3,chr3,114082794,143578723,+,-,DANSY_85573,,,,ACH-001791,QTRT2,SLC9A9,No Annotation,QTRT2--SLC9A9
1411,PDCD6-AHRR--TERT,ENSG00000288622,ENSG00000164362,,O14746,chr5,chr5,304221,1282624,+,-,DANSY_85581,,IPR000477|IPR049139,,ACH-001791,PDCD6-AHRR,TERT,,PDCD6-AHRR--TERT
1412,SCAF4--SETD4,ENSG00000185917,ENSG00000156304,Q9NVD3,O95104,chr21,chr21,36058816,31672354,-,-,DANSY_85755,,,,ACH-001650,SETD4,SCAF4,No Annotation,SETD4--SCAF4
1413,SHANK2--TMX2,ENSG00000213593,ENSG00000162105,Q9Y320,Q9UPX8,chr11,chr11,57712807,71147338,+,-,DANSY_85840,,IPR032425|IPR001452|IPR001478|IPR001660,IPR032425|IPR001452|IPR001478|IPR001660,ACH-000605,TMX2,SHANK2,Pre-existing,TMX2--SHANK2
1414,SHANK2--TMX2,ENSG00000213593,ENSG00000162105,Q9Y320,Q9UPX8,chr11,chr11,57712807,71119032,+,-,DANSY_85841,,IPR001452|IPR001478|IPR001660,IPR001452|IPR001478|IPR001660,ACH-000605,TMX2,SHANK2,Pre-existing,TMX2--SHANK2
1415,GPATCH1--ZNF71,ENSG00000197951,ENSG00000076650,Q9NQZ8,Q9BRR8,chr19,chr19,56601591,33117825,+,+,DANSY_85898,,,,ACH-000458,ZNF71,GPATCH1,No Annotation,ZNF71--GPATCH1
1416,MRPS35--PPFIBP1,ENSG00000110841,ENSG00000061794,Q86W92,P82673,chr12,chr12,27635115,27735447,+,+,DANSY_85902,,,,ACH-000458,PPFIBP1,MRPS35,No Annotation,PPFIBP1--MRPS35
1417,PHLPP2--TXNL4B,ENSG00000040199,ENSG00000140830,Q6ZVD8,Q9NX01,chr16,chr16,71714512,72090786,-,-,DANSY_85914,,,,ACH-000458,PHLPP2,TXNL4B,No Annotation,PHLPP2--TXNL4B
1418,REX1BD--TMEM59L,ENSG00000006015,ENSG00000105696,Q96EN9,Q9UK28,chr19,chr19,18588900,18613872,+,+,DANSY_85920,,,,ACH-000458,REX1BD,TMEM59L,No Annotation,REX1BD--TMEM59L
1419,YEATS4--ZNF641,ENSG00000127337,ENSG00000167528,O95619,Q96N77,chr12,chr12,69370975,48347343,+,-,DANSY_86300,IPR055129,IPR001909|IPR013087|IPR013087|IPR013087|IPR013087|IPR013087,IPR055129|IPR001909|IPR013087|IPR013087|IPR013087|IPR013087|IPR013087,ACH-002084,YEATS4,ZNF641,Novel,YEATS4--ZNF641
1420,CBFA2T3--GALNS,ENSG00000129993,ENSG00000141012,O75081,P34059,chr16,chr16,88898078,88832101,-,-,DANSY_86388,,,,ACH-000004,CBFA2T3,GALNS,No Annotation,CBFA2T3--GALNS
1421,CBFA2T3--GALNS,ENSG00000129993,ENSG00000141012,O75081,P34059,chr16,chr16,88901504,88832101,-,-,DANSY_86389,,,,ACH-000004,CBFA2T3,GALNS,No Annotation,CBFA2T3--GALNS
1422,CDC37--IL27RA,ENSG00000105401,ENSG00000104998,Q16543,Q6UWB1,chr19,chr19,10395021,14042453,-,+,DANSY_86392,IPR013855,IPR003961|IPR003961,IPR013855|IPR003961|IPR003961,ACH-000004,CDC37,IL27RA,Novel,CDC37--IL27RA
1423,ACSBG2--TRPC4AP,ENSG00000100991,ENSG00000130377,Q8TEL6,Q5FVE4,chr20,chr19,35035123,6190584,-,+,DANSY_86393,,,,ACH-000004,TRPC4AP,ACSBG2,No Annotation,TRPC4AP--ACSBG2
1424,DR1--MTF2,ENSG00000143033,ENSG00000117505,Q9Y483,Q01658,chr1,chr1,93120672,93360493,+,+,DANSY_86397,IPR002999|IPR001965|IPR001965,,IPR002999|IPR001965|IPR001965,ACH-000004,MTF2,DR1,Pre-existing,MTF2--DR1
1425,BMS1--PARG,ENSG00000227345,ENSG00000165733,Q86W56,Q14692,chr10,chr10,49885203,42791627,-,+,DANSY_86420,,IPR012948|IPR007034,IPR012948|IPR007034,ACH-000004,PARG,BMS1,Pre-existing,PARG--BMS1
1426,LIN9--PARP1,ENSG00000183814,ENSG00000143799,Q5TKA1,P09874,chr1,chr1,226265533,226402379,-,-,DANSY_86538,IPR033471,IPR001510|IPR049296|IPR012982|IPR001357|IPR008893|IPR004102|IPR012317,IPR033471|IPR001510|IPR049296|IPR012982|IPR001357|IPR008893|IPR004102|IPR012317,ACH-000251,LIN9,PARP1,Novel,LIN9--PARP1
1427,LIN9--PARP1,ENSG00000183814,ENSG00000143799,Q5TKA1,P09874,chr1,chr1,226266213,226402379,-,-,DANSY_86539,IPR033471,IPR001510|IPR049296|IPR012982|IPR001357|IPR008893|IPR004102|IPR012317,IPR033471|IPR001510|IPR049296|IPR012982|IPR001357|IPR008893|IPR004102|IPR012317,ACH-000251,LIN9,PARP1,Novel,LIN9--PARP1
1428,NACC2--RAPGEF1,ENSG00000107263,ENSG00000148411,Q13905,Q96BF6,chr9,chr9,131596298,136016429,-,-,DANSY_86566,IPR000651,IPR018379,IPR000651|IPR018379,ACH-000251,RAPGEF1,NACC2,Novel,RAPGEF1--NACC2
1429,GATA5--LAMA5,ENSG00000130702,ENSG00000130700,O15230,Q9BWX5,chr20,chr20,62318454,62466551,-,-,DANSY_86568,IPR008211|IPR002049|IPR000742|IPR000742|IPR000742|IPR000742|IPR000742|IPR000742|IPR000742|IPR000742|IPR002049|IPR002049|IPR002049|IPR000742|IPR002049|IPR000034|IPR002049|IPR000742|IPR000742|IPR000742|IPR000742|IPR000742|IPR000742,IPR000679,IPR008211|IPR002049|IPR000742|IPR000742|IPR000742|IPR000742|IPR000742|IPR000742|IPR000742|IPR000742|IPR002049|IPR002049|IPR002049|IPR000742|IPR002049|IPR000034|IPR002049|IPR000742|IPR000742|IPR000742|IPR000742|IPR000742|IPR000742|IPR000679,ACH-000251,LAMA5,GATA5,Novel,LAMA5--GATA5
1430,EMCN--PDGFC,ENSG00000145431,ENSG00000164035,Q9NRA1,Q9ULC0,chr4,chr4,156970786,100480039,-,-,DANSY_86572,,,,ACH-000251,PDGFC,EMCN,No Annotation,PDGFC--EMCN
1431,ANAPC4--SORCS2,ENSG00000053900,ENSG00000184985,Q9UJX5,Q96PQ0,chr4,chr4,25377556,7638328,+,+,DANSY_87287,,IPR000601,IPR000601,ACH-001443,ANAPC4,SORCS2,Pre-existing,ANAPC4--SORCS2
1432,MNAT1--PLXNA2,ENSG00000020426,ENSG00000076356,P51948,O75051,chr14,chr1,60818847,208142463,+,-,DANSY_87300,IPR001841,IPR016201|IPR041019|IPR016201|IPR041362|IPR016201|IPR002909|IPR002909|IPR002909|IPR002909|IPR013548,IPR001841|IPR016201|IPR041019|IPR016201|IPR041362|IPR016201|IPR002909|IPR002909|IPR002909|IPR002909|IPR013548,ACH-001443,MNAT1,PLXNA2,Novel,MNAT1--PLXNA2
1433,NFYC--PPIE,ENSG00000084072,ENSG00000066136,Q9UNP9,Q13952,chr1,chr1,39740263,40738836,+,+,DANSY_87309,,IPR007125,IPR007125,ACH-001443,PPIE,NFYC,Pre-existing,PPIE--NFYC
1434,HTRA1--R3HCC1L,ENSG00000166024,ENSG00000166033,Q7Z5L2,Q92743,chr10,chr10,98163397,122506691,+,+,DANSY_87478,,IPR001478,IPR001478,ACH-000405,R3HCC1L,HTRA1,Pre-existing,R3HCC1L--HTRA1
1435,DTNA--RPRD1A,ENSG00000141425,ENSG00000134769,Q96P16,Q9Y4J8,chr18,chr18,36067254,34794037,-,+,DANSY_87591,,IPR015154|IPR000433,IPR015154|IPR000433,ACH-000821,RPRD1A,DTNA,Pre-existing,RPRD1A--DTNA
1436,CARHSP1--USP7,ENSG00000187555,ENSG00000153048,Q93009,Q9Y2V2,chr16,chr16,8963207,8859335,-,-,DANSY_87601,,IPR002059,IPR002059,ACH-000821,USP7,CARHSP1,Pre-existing,USP7--CARHSP1
1437,LARP4--RNF41,ENSG00000181852,ENSG00000161813,Q9H4P4,Q71RC2,chr12,chr12,56213958,50473415,-,+,DANSY_87607,,,,ACH-000821,RNF41,LARP4,No Annotation,RNF41--LARP4
1438,FMN1--TFDP2,ENSG00000248905,ENSG00000114126,Q68DA7,Q14188,chr15,chr3,32857015,142005544,-,-,DANSY_87612,,IPR003316|IPR014889,IPR003316|IPR014889,ACH-000821,FMN1,TFDP2,Pre-existing,FMN1--TFDP2
1439,PABPC1L--UBE2V1,ENSG00000244687,ENSG00000101104,Q13404,Q4VXU2,chr20,chr20,50115485,44933072,-,+,DANSY_87638,,IPR002004,IPR002004,ACH-000821,UBE2V1,PABPC1L,Pre-existing,UBE2V1--PABPC1L
1440,ZNF595--ZNF718,ENSG00000250312,ENSG00000272602,Q3SXZ3,Q8IYB9,chr4,chr4,131505,85731,+,+,DANSY_87766,IPR001909,IPR013087|IPR013087|IPR013087|IPR013087|IPR013087|IPR013087|IPR013087|IPR013087|IPR013087|IPR013087|IPR013087|IPR013087|IPR013087|IPR013087|IPR013087|IPR013087|IPR013087|IPR013087,IPR001909|IPR013087|IPR013087|IPR013087|IPR013087|IPR013087|IPR013087|IPR013087|IPR013087|IPR013087|IPR013087|IPR013087|IPR013087|IPR013087|IPR013087|IPR013087|IPR013087|IPR013087|IPR013087,ACH-001677,ZNF718,ZNF595,Pre-existing,ZNF718--ZNF595
1441,ZNF595--ZNF718,ENSG00000250312,ENSG00000272602,Q3SXZ3,Q8IYB9,chr4,chr4,130914,85731,+,+,DANSY_87767,,IPR013087|IPR013087|IPR013087|IPR013087|IPR013087|IPR013087|IPR013087|IPR013087|IPR013087|IPR013087|IPR013087|IPR013087|IPR013087|IPR013087|IPR013087|IPR013087|IPR013087|IPR013087,IPR013087|IPR013087|IPR013087|IPR013087|IPR013087|IPR013087|IPR013087|IPR013087|IPR013087|IPR013087|IPR013087|IPR013087|IPR013087|IPR013087|IPR013087|IPR013087|IPR013087|IPR013087,ACH-001677,ZNF718,ZNF595,Pre-existing,ZNF718--ZNF595
1442,CABLES1--RBBP8,ENSG00000134508,ENSG00000101773,Q8TDN4,Q99708,chr18,chr18,23194540,23016828,+,+,DANSY_87821,,IPR013882,IPR013882,ACH-002526,CABLES1,RBBP8,Pre-existing,CABLES1--RBBP8
1443,ANAPC1--IPO8,ENSG00000133704,ENSG00000153107,O15397,Q9H1A4,chr12,chr2,30680482,111803839,-,-,DANSY_87841,IPR001494,IPR048971|IPR041221,IPR001494|IPR048971|IPR041221,ACH-002526,IPO8,ANAPC1,Novel,IPO8--ANAPC1
1444,FXR2--TP53,ENSG00000141510,ENSG00000129245,P04637,P51116,chr17,chr17,7675994,7595994,-,-,DANSY_88109,IPR013872|IPR040926,IPR004087|IPR004087|IPR022034|IPR032172,IPR013872|IPR040926|IPR004087|IPR004087|IPR022034|IPR032172,ACH-001036,TP53,FXR2,Novel,TP53--FXR2
1445,RRP1B--RRP1B,ENSG00000160208,ENSG00000160208,Q14684,Q14684,chr21,chr21,43691502,43683279,+,+,DANSY_88113,,,,ACH-001036,RRP1B,RRP1B,No Annotation,RRP1B--RRP1B
1446,ADNP2--NSF,ENSG00000101544,ENSG00000073969,Q6IQ32,P46459,chr18,chr17,80117650,46704759,+,+,DANSY_88114,,IPR003593|IPR054419,IPR003593|IPR054419,ACH-001036,ADNP2,NSF,Pre-existing,ADNP2--NSF
1447,ADNP2--NSF,ENSG00000101544,ENSG00000073969,Q6IQ32,P46459,chr18,chr17,80117584,46704759,+,+,DANSY_88115,,IPR003593|IPR054419,IPR003593|IPR054419,ACH-001036,ADNP2,NSF,Pre-existing,ADNP2--NSF
1448,ADNP2--NSF,ENSG00000073969,ENSG00000101544,P46459,Q6IQ32,chr17,chr18,46694662,80133103,+,+,DANSY_88116,IPR003338|IPR004201|IPR003593,IPR013087|IPR013087|IPR013087|IPR013087|IPR013087|IPR013087|IPR013087|IPR013087|IPR001356,IPR003338|IPR004201|IPR003593|IPR013087|IPR013087|IPR013087|IPR013087|IPR013087|IPR013087|IPR013087|IPR013087|IPR001356,ACH-001036,NSF,ADNP2,Novel,NSF--ADNP2
1449,ATF1--EWSR1,ENSG00000182944,ENSG00000123268,Q01844,P18846,chr22,chr12,29288786,50809456,+,+,DANSY_88205,,IPR004827,IPR004827,ACH-002792,EWSR1,ATF1,Pre-existing,EWSR1--ATF1
1450,ATF1--EWSR1,ENSG00000182944,ENSG00000123268,Q01844,P18846,chr22,chr12,29289062,50809456,+,+,DANSY_88206,,IPR004827,IPR004827,ACH-002792,EWSR1,ATF1,Pre-existing,EWSR1--ATF1
1451,NPEPPS--VXN,ENSG00000141279,ENSG00000169085,P55786,Q8TAG6,chr17,chr8,47531555,66505375,+,+,DANSY_88244,,IPR027900,IPR027900,ACH-000547,NPEPPS,VXN,Pre-existing,NPEPPS--VXN
1452,PRKAR2A--SLC25A20,ENSG00000114302,ENSG00000178537,P13861,O43772,chr3,chr3,48847335,48858631,-,-,DANSY_88261,IPR003117,,IPR003117,ACH-000547,PRKAR2A,SLC25A20,Pre-existing,PRKAR2A--SLC25A20
1453,CDK11A--NADK,ENSG00000008128,ENSG00000008130,Q9UQ88,O95544,chr1,chr1,1721596,1765446,-,-,DANSY_88269,,,,ACH-000547,CDK11A,NADK,No Annotation,CDK11A--NADK
1454,COPA--PBX1,ENSG00000185630,ENSG00000122218,P40424,P53621,chr1,chr1,164563311,160340294,+,-,DANSY_88290,,IPR006692|IPR056176|IPR010714,IPR006692|IPR056176|IPR010714,ACH-000547,PBX1,COPA,Pre-existing,PBX1--COPA
1455,LIMK2--NPRL3,ENSG00000103148,ENSG00000182541,Q12980,P53671,chr16,chr22,138150,31225720,-,+,DANSY_88475,,IPR001781|IPR001781|IPR001478|IPR000719,IPR001781|IPR001781|IPR001478|IPR000719,ACH-001986,NPRL3,LIMK2,Pre-existing,NPRL3--LIMK2
1456,LIMK2--NPRL3,ENSG00000103148,ENSG00000182541,Q12980,P53671,chr16,chr22,130522,31258291,-,+,DANSY_88476,,IPR001781|IPR001478|IPR000719,IPR001781|IPR001478|IPR000719,ACH-001986,NPRL3,LIMK2,Pre-existing,NPRL3--LIMK2
1457,IL6R--INTS3,ENSG00000143624,ENSG00000160712,Q68E01,P08887,chr1,chr1,153752408,154448125,+,+,DANSY_88752,,,,ACH-002470,INTS3,IL6R,No Annotation,INTS3--IL6R
1458,CHML--SMAP2,ENSG00000203668,ENSG00000084070,P26374,Q8WU79,chr1,chr1,241639882,40406736,-,+,DANSY_88763,,,,ACH-002470,CHML,SMAP2,No Annotation,CHML--SMAP2
1459,OPN3--SMAP2,ENSG00000054277,ENSG00000084070,Q9H1Y3,Q8WU79,chr1,chr1,241639882,40406736,-,+,DANSY_88766,,,,ACH-002470,OPN3,SMAP2,No Annotation,OPN3--SMAP2
1460,AGAP4--ZNF654,ENSG00000175105,ENSG00000188234,Q8IZM8,Q96P64,chr3,chr10,88059505,45834116,+,-,DANSY_88775,,IPR001849|IPR001164,IPR001849|IPR001164,ACH-002470,ZNF654,AGAP4,Pre-existing,ZNF654--AGAP4
1461,EXOC4--LRGUK,ENSG00000131558,ENSG00000155530,Q96A65,Q96M69,chr7,chr7,133917738,134248951,+,+,DANSY_88780,IPR007191|IPR048630,,IPR007191|IPR048630,ACH-002470,EXOC4,LRGUK,Pre-existing,EXOC4--LRGUK
1462,ANLN--DGKB,ENSG00000011426,ENSG00000136267,Q9NQW6,Q9Y6T7,chr7,chr7,36406566,14698169,+,-,DANSY_88785,IPR031970,IPR002219|IPR002219|IPR001206|IPR000756,IPR031970|IPR002219|IPR002219|IPR001206|IPR000756,ACH-002470,ANLN,DGKB,Novel,ANLN--DGKB
1463,EGLN1--GALNT2,ENSG00000143641,ENSG00000135766,Q10471,Q9GZT9,chr1,chr1,230067406,231374099,+,-,DANSY_88791,,,,ACH-002470,GALNT2,EGLN1,No Annotation,GALNT2--EGLN1
1464,ADCY8--CYRIB,ENSG00000155897,ENSG00000153310,P40145,Q9NUQ9,chr8,chr8,130903772,129852278,-,-,DANSY_88795,IPR032628|IPR001054,,IPR032628|IPR001054,ACH-002470,ADCY8,CYRIB,Pre-existing,ADCY8--CYRIB
1465,RPS6KB1--VMP1,ENSG00000108443,ENSG00000062716,P23443,Q96GC9,chr17,chr17,59914703,59839768,+,+,DANSY_89132,,IPR059828,IPR059828,ACH-000721,RPS6KB1,VMP1,Pre-existing,RPS6KB1--VMP1
1466,NOX3--TFB1M,ENSG00000029639,ENSG00000074771,Q8WVM0,Q9HBY0,chr6,chr6,155285158,155430935,-,-,DANSY_89160,,IPR013112|IPR013121,IPR013112|IPR013121,ACH-000721,TFB1M,NOX3,Pre-existing,TFB1M--NOX3
1467,NOX3--TFB1M,ENSG00000029639,ENSG00000074771,Q8WVM0,Q9HBY0,chr6,chr6,155285158,155429047,-,-,DANSY_89162,,IPR013112|IPR013121,IPR013112|IPR013121,ACH-000721,TFB1M,NOX3,Pre-existing,TFB1M--NOX3
1468,NOX3--TFB1M,ENSG00000029639,ENSG00000074771,Q8WVM0,Q9HBY0,chr6,chr6,155285158,155411360,-,-,DANSY_89163,,,,ACH-000721,TFB1M,NOX3,No Annotation,TFB1M--NOX3
1469,ABL1--FUBP3,ENSG00000097007,ENSG00000107164,P00519,Q96I24,chr9,chr9,130714455,130609954,+,+,DANSY_89166,,IPR004087|IPR004087|IPR004087|IPR004087,IPR004087|IPR004087|IPR004087|IPR004087,ACH-000721,ABL1,FUBP3,Pre-existing,ABL1--FUBP3
1470,ABL1--FUBP3,ENSG00000097007,ENSG00000107164,P00519,Q96I24,chr9,chr9,130714455,130612956,+,+,DANSY_89168,,IPR004087|IPR004087|IPR004087,IPR004087|IPR004087|IPR004087,ACH-000721,ABL1,FUBP3,Pre-existing,ABL1--FUBP3
1471,ADGRL3--ADGRL3,ENSG00000150471,ENSG00000150471,Q9HAR2,Q9HAR2,chr4,chr4,61912757,61909560,+,+,DANSY_89169,IPR000922|IPR003112|IPR001879|IPR032471,IPR057244|IPR017981|IPR003334|IPR003334,IPR000922|IPR003112|IPR001879|IPR032471|IPR057244|IPR017981|IPR003334|IPR003334,ACH-000721,ADGRL3,ADGRL3,Pre-existing,ADGRL3--ADGRL3
1472,MYO16--ZDHHC20,ENSG00000180776,ENSG00000041515,Q5W0Z9,Q9Y6X6,chr13,chr13,21459054,108665886,-,+,DANSY_89171,,IPR001609|IPR039482|IPR029353,IPR001609|IPR039482|IPR029353,ACH-000721,ZDHHC20,MYO16,Pre-existing,ZDHHC20--MYO16
1473,MON2--USP15,ENSG00000061987,ENSG00000135655,Q7Z3U7,Q9Y4E8,chr12,chr12,62467318,62381490,+,+,DANSY_89179,,,,ACH-000721,MON2,USP15,No Annotation,MON2--USP15
1474,CDK6--FAM133B,ENSG00000234545,ENSG00000105810,Q5BKY9,Q00534,chr7,chr7,92577103,92671535,-,-,DANSY_89195,,,,ACH-000721,FAM133B,CDK6,No Annotation,FAM133B--CDK6
1475,DENND5A--SBF2,ENSG00000184014,ENSG00000133812,Q6IQ26,Q86WG5,chr11,chr11,9264961,9817024,-,-,DANSY_89224,,IPR001849,IPR001849,ACH-000721,DENND5A,SBF2,Pre-existing,DENND5A--SBF2
1476,CEP192--IMPA2,ENSG00000101639,ENSG00000141401,Q8TEP8,O14732,chr18,chr18,13095681,12028043,+,+,DANSY_89244,IPR054085|IPR054086|IPR054089|IPR054090|IPR054091,,IPR054085|IPR054086|IPR054089|IPR054090|IPR054091,ACH-000721,CEP192,IMPA2,Pre-existing,CEP192--IMPA2
1477,GMDS--TMEM256-PLSCR3,ENSG00000112699,ENSG00000262481,O60547,,chr6,chr17,1930103,7395090,-,-,DANSY_89456,,,,ACH-000092,GMDS,TMEM256-PLSCR3,,GMDS--TMEM256-PLSCR3
1478,SHPK--TAX1BP3,ENSG00000197417,ENSG00000213977,Q9UHJ6,O14907,chr17,chr17,3636052,3664798,-,-,DANSY_89664,,IPR001478,IPR001478,ACH-000648,SHPK,TAX1BP3,Pre-existing,SHPK--TAX1BP3
1479,AGAP3--BRAF,ENSG00000133612,ENSG00000157764,Q96P47,P15056,chr7,chr7,151123886,140787584,+,-,DANSY_89796,,IPR000719,IPR000719,ACH-002511,AGAP3,BRAF,Pre-existing,AGAP3--BRAF
1480,CHIC2--EXOC4,ENSG00000131558,ENSG00000109220,Q96A65,Q9UKJ5,chr7,chr4,133630141,54049305,+,-,DANSY_89807,IPR007191|IPR048630,IPR019383,IPR007191|IPR048630|IPR019383,ACH-002511,EXOC4,CHIC2,Novel,EXOC4--CHIC2
1481,CLRN1--MED13L,ENSG00000123066,ENSG00000163646,Q71F56,P58418,chr12,chr3,116022456,150941761,-,-,DANSY_89812,,,,ACH-002511,MED13L,CLRN1,No Annotation,MED13L--CLRN1
1482,CCDC201--SIAH2,ENSG00000181788,ENSG00000283247,O43255,A0A1B0GTI1,chr3,chr7,150762433,45866494,-,-,DANSY_89821,IPR001841,,IPR001841,ACH-002511,SIAH2,CCDC201,Pre-existing,SIAH2--CCDC201
1483,AMPH--LNX1,ENSG00000078053,ENSG00000072201,P49418,Q8TBB1,chr7,chr4,38436272,53481854,-,-,DANSY_89836,IPR004148,IPR001478|IPR001478,IPR004148|IPR001478|IPR001478,ACH-002511,AMPH,LNX1,Novel,AMPH--LNX1
1484,CFDP1--HSDL2,ENSG00000119471,ENSG00000153774,Q6YN16,Q9UEE9,chr9,chr16,112380180,75305182,+,-,DANSY_89837,,IPR011421,IPR011421,ACH-002511,HSDL2,CFDP1,Pre-existing,HSDL2--CFDP1
1485,ANGPT1--TAX1BP1,ENSG00000154188,ENSG00000106052,Q15389,Q86VP1,chr8,chr7,107497262,27792006,-,+,DANSY_89838,,IPR041641|IPR041641,IPR041641|IPR041641,ACH-002511,ANGPT1,TAX1BP1,Pre-existing,ANGPT1--TAX1BP1
1486,KCNMB2--MFN1,ENSG00000171109,ENSG00000197584,Q8IWA4,Q9Y691,chr3,chr3,179352035,178807343,+,+,DANSY_90192,,IPR015382,IPR015382,ACH-002051,MFN1,KCNMB2,Pre-existing,MFN1--KCNMB2
1487,EP300--L3MBTL2,ENSG00000100395,ENSG00000100393,Q969R5,Q09472,chr22,chr22,41221287,41172499,+,+,DANSY_90198,IPR012313,IPR000433|IPR000197|IPR014744,IPR012313|IPR000433|IPR000197|IPR014744,ACH-002051,L3MBTL2,EP300,Novel,L3MBTL2--EP300
1488,ADAMTS3--GRSF1,ENSG00000132463,ENSG00000156140,Q12849,O15072,chr4,chr4,70825296,72548884,-,-,DANSY_90204,IPR000504|IPR000504,IPR002870|IPR001590|IPR041645|IPR045371|IPR010294|IPR010909,IPR000504|IPR000504|IPR002870|IPR001590|IPR041645|IPR045371|IPR010294|IPR010909,ACH-002051,GRSF1,ADAMTS3,Novel,GRSF1--ADAMTS3
1489,ASPH--EIF4EBP1,ENSG00000198363,ENSG00000187840,Q12797,Q13541,chr8,chr8,61618978,38057081,-,+,DANSY_90402,IPR007943,,IPR007943,ACH-000589,ASPH,EIF4EBP1,Pre-existing,ASPH--EIF4EBP1
1490,LRRC8B--SRGAP2C,ENSG00000197147,ENSG00000171943,Q6P9F7,P0DJJ0,chr1,chr1,89584789,121382701,+,+,DANSY_90440,IPR021040,,IPR021040,ACH-000589,LRRC8B,SRGAP2C,Pre-existing,LRRC8B--SRGAP2C
1491,JADE1--TMEM117,ENSG00000139173,ENSG00000077684,Q9H0C3,Q6IE81,chr12,chr4,43844928,128831733,+,+,DANSY_90665,,IPR019542|IPR001965|IPR001965,IPR019542|IPR001965|IPR001965,ACH-001522,TMEM117,JADE1,Pre-existing,TMEM117--JADE1
1492,DYNC1LI1--PXK,ENSG00000144635,ENSG00000168297,Q9Y6G9,Q7Z7A4,chr3,chr3,32570346,58424752,-,+,DANSY_90669,,IPR003124,IPR003124,ACH-001522,DYNC1LI1,PXK,Pre-existing,DYNC1LI1--PXK
1493,PPHLN1--TMTC1,ENSG00000134283,ENSG00000133687,Q8NEY8,Q8IUR5,chr12,chr12,42398994,29604299,+,-,DANSY_90682,,,,ACH-001522,PPHLN1,TMTC1,No Annotation,PPHLN1--TMTC1
1494,IFIH1--PTPA,ENSG00000119383,ENSG00000115267,Q15257,Q9BYX4,chr9,chr2,129120610,162310933,+,-,DANSY_90826,,IPR006935|IPR041204|IPR001650|IPR021673,IPR006935|IPR041204|IPR001650|IPR021673,ACH-000831,PTPA,IFIH1,Pre-existing,PTPA--IFIH1
1495,ASPSCR1--IPO8,ENSG00000133704,ENSG00000169696,O15397,Q9BZE9,chr12,chr17,30695564,82009037,-,+,DANSY_90832,,IPR001012,IPR001012,ACH-000831,IPO8,ASPSCR1,Pre-existing,IPO8--ASPSCR1
1496,SYNJ2--TMEM181,ENSG00000078269,ENSG00000146433,O15056,Q9P2C4,chr6,chr6,158059353,158605267,+,+,DANSY_90841,,IPR047843,IPR047843,ACH-000831,SYNJ2,TMEM181,Pre-existing,SYNJ2--TMEM181
1497,SYNJ2--TMEM181,ENSG00000078269,ENSG00000146433,O15056,Q9P2C4,chr6,chr6,158043399,158607244,+,+,DANSY_90843,,,,ACH-000831,SYNJ2,TMEM181,No Annotation,SYNJ2--TMEM181
1498,EWSR1--FLI1,ENSG00000182944,ENSG00000151702,Q01844,Q01543,chr22,chr11,29287134,128805366,+,+,DANSY_90973,,IPR000418,IPR000418,ACH-000424,EWSR1,FLI1,Pre-existing,EWSR1--FLI1
1499,ACACB--FBXO21,ENSG00000076555,ENSG00000135108,O00763,O94952,chr12,chr12,109256236,117165617,+,-,DANSY_91002,IPR005481|IPR005479|IPR005482|IPR049074|IPR000089|IPR013537|IPR011762,IPR011722,IPR005481|IPR005479|IPR005482|IPR049074|IPR000089|IPR013537|IPR011762|IPR011722,ACH-000424,ACACB,FBXO21,Novel,ACACB--FBXO21
1500,ELAVL4--PTBP2,ENSG00000117569,ENSG00000162374,Q9UKA9,P26378,chr1,chr1,96751500,50177089,+,+,DANSY_91012,,IPR000504|IPR000504,IPR000504|IPR000504,ACH-000424,PTBP2,ELAVL4,Pre-existing,PTBP2--ELAVL4
1501,MAP1LC3B--MCHR1,ENSG00000140941,ENSG00000128285,Q9GZQ8,Q99705,chr16,chr22,87392467,40680949,+,+,DANSY_91017,,IPR017452,IPR017452,ACH-000424,MAP1LC3B,MCHR1,Pre-existing,MAP1LC3B--MCHR1
1502,GOLGA4--XYLB,ENSG00000093217,ENSG00000144674,O75191,Q13439,chr3,chr3,38376991,37361243,+,+,DANSY_91305,IPR018484,,IPR018484,ACH-000616,XYLB,GOLGA4,Pre-existing,XYLB--GOLGA4
1503,GOLGA4--XYLB,ENSG00000093217,ENSG00000144674,O75191,Q13439,chr3,chr3,38376991,37366080,+,+,DANSY_91306,IPR018484,,IPR018484,ACH-000616,XYLB,GOLGA4,Pre-existing,XYLB--GOLGA4
1504,GPC5--GPC6,ENSG00000183098,ENSG00000179399,Q9Y625,P78333,chr13,chr13,93545421,92866282,+,+,DANSY_91314,,,,ACH-000616,GPC6,GPC5,No Annotation,GPC6--GPC5
1505,PLA2G1B--PXN,ENSG00000089159,ENSG00000170890,P49023,P04054,chr12,chr12,120265617,120326020,-,-,DANSY_91317,,IPR016090,IPR016090,ACH-000616,PXN,PLA2G1B,Pre-existing,PXN--PLA2G1B
1506,BIRC6--ITGA9,ENSG00000115760,ENSG00000144668,Q9NR09,Q13797,chr2,chr3,32448928,37526026,+,+,DANSY_91318,,IPR013649|IPR048285|IPR048286,IPR013649|IPR048285|IPR048286,ACH-000616,BIRC6,ITGA9,Pre-existing,BIRC6--ITGA9
1507,BIRC6--ITGA9,ENSG00000115760,ENSG00000144668,Q9NR09,Q13797,chr2,chr3,32445668,37533314,+,+,DANSY_91321,,IPR013649|IPR048285|IPR048286,IPR013649|IPR048285|IPR048286,ACH-000616,BIRC6,ITGA9,Pre-existing,BIRC6--ITGA9
1508,SLC43A2--SLC43A2,ENSG00000167703,ENSG00000167703,Q8N370,Q8N370,chr17,chr17,1583204,1593279,-,-,DANSY_91573,,,,ACH-000512,SLC43A2,SLC43A2,No Annotation,SLC43A2--SLC43A2
1509,AMPD1--DHX38,ENSG00000140829,ENSG00000116748,Q92620,P23109,chr16,chr1,72097009,114688741,+,-,DANSY_91747,,,,ACH-000232,DHX38,AMPD1,No Annotation,DHX38--AMPD1
1510,AMPD1--DHX38,ENSG00000140829,ENSG00000116748,Q92620,P23109,chr16,chr1,72097781,114688741,+,-,DANSY_91748,,,,ACH-000232,DHX38,AMPD1,No Annotation,DHX38--AMPD1
1511,CENPU--ENPP6,ENSG00000151725,ENSG00000164303,Q71F23,Q6UWR7,chr4,chr4,184712944,184153733,-,-,DANSY_91750,,,,ACH-000232,CENPU,ENPP6,No Annotation,CENPU--ENPP6
1512,PSD3--RBPMS,ENSG00000156011,ENSG00000157110,Q9NYI0,Q93062,chr8,chr8,18799295,30474779,-,+,DANSY_91752,,IPR000504,IPR000504,ACH-000232,PSD3,RBPMS,Pre-existing,PSD3--RBPMS
1513,DNAJC3--VWA8,ENSG00000102580,ENSG00000102763,Q13217,A3KMH1,chr13,chr13,95725252,41891587,+,-,DANSY_91835,,IPR003593|IPR003593|IPR002035,IPR003593|IPR003593|IPR002035,ACH-000820,DNAJC3,VWA8,Pre-existing,DNAJC3--VWA8
1514,NBAS--SKA1,ENSG00000154839,ENSG00000151779,Q96BD8,A2RRP1,chr18,chr2,50375918,15309247,+,-,DANSY_91858,,IPR054751,IPR054751,ACH-001295,SKA1,NBAS,Pre-existing,SKA1--NBAS
1515,PHLPP1--RELCH,ENSG00000081913,ENSG00000134444,O60346,Q9P260,chr18,chr18,62830231,62273980,+,+,DANSY_91863,IPR055071,,IPR055071,ACH-001295,PHLPP1,RELCH,Pre-existing,PHLPP1--RELCH
1516,EMP1--RPS24,ENSG00000138326,ENSG00000134531,P62847,P54849,chr10,chr12,78035720,13213479,+,+,DANSY_92004,,,,ACH-001164,RPS24,EMP1,No Annotation,RPS24--EMP1
1517,FUS--GABRA3,ENSG00000089280,ENSG00000011677,P35637,P34903,chr16,chrX,31185179,152345702,+,-,DANSY_92022,,IPR006202|IPR006029,IPR006202|IPR006029,ACH-001164,FUS,GABRA3,Pre-existing,FUS--GABRA3
1518,XPA--ZNF680,ENSG00000173041,ENSG00000136936,Q8NEM1,P23025,chr7,chr9,64543707,97675587,-,-,DANSY_92026,IPR001909,,IPR001909,ACH-001164,ZNF680,XPA,Pre-existing,ZNF680--XPA
1519,RBPJ--SRSF7,ENSG00000115875,ENSG00000168214,Q16629,Q06330,chr2,chr4,38746144,26406175,-,+,DANSY_92070,IPR000504|IPR001878,IPR015351|IPR015350|IPR038007,IPR000504|IPR001878|IPR015351|IPR015350|IPR038007,ACH-001164,SRSF7,RBPJ,Novel,SRSF7--RBPJ
1520,CLSTN2--FSD1,ENSG00000105255,ENSG00000158258,Q9BTV5,Q9H4D0,chr19,chr3,4312051,140403629,+,+,DANSY_92092,IPR003649|IPR017903,IPR002126|IPR045588,IPR003649|IPR017903|IPR002126|IPR045588,ACH-001164,FSD1,CLSTN2,Novel,FSD1--CLSTN2
1521,ADK--VCL,ENSG00000156110,ENSG00000035403,P55263,P18206,chr10,chr10,74398579,74043083,+,+,DANSY_92332,,,,ACH-002524,ADK,VCL,No Annotation,ADK--VCL
1522,CCR3--GLYCTK,ENSG00000168237,ENSG00000183625,Q8IVS8,P51677,chr3,chr3,52291111,46265148,+,+,DANSY_92443,,IPR017452,IPR017452,ACH-000645,GLYCTK,CCR3,Pre-existing,GLYCTK--CCR3
1523,MICAL2--PARVA,ENSG00000133816,ENSG00000197702,O94851,Q9NVD7,chr11,chr11,12259897,12496458,+,+,DANSY_92644,IPR002938|IPR057494|IPR001715|IPR001781,IPR001715,IPR002938|IPR057494|IPR001715|IPR001781|IPR001715,ACH-000649,MICAL2,PARVA,Novel,MICAL2--PARVA
1524,PALLD--VMP1,ENSG00000129116,ENSG00000062716,Q8WX93,Q96GC9,chr4,chr17,168711923,59838295,+,+,DANSY_92645,IPR003598|IPR003598,IPR059828,IPR003598|IPR003598|IPR059828,ACH-000649,PALLD,VMP1,Novel,PALLD--VMP1
1525,MAP4K5--SAV1,ENSG00000151748,ENSG00000012983,Q9H4B6,Q9Y4K4,chr14,chr14,50665179,50486194,-,-,DANSY_92646,,IPR001180,IPR001180,ACH-000649,SAV1,MAP4K5,Pre-existing,SAV1--MAP4K5
1526,AGPAT3--TRAPPC10,ENSG00000160218,ENSG00000160216,P48553,Q9NRZ7,chr21,chr21,44037927,43980989,+,+,DANSY_92669,,,,ACH-000649,TRAPPC10,AGPAT3,No Annotation,TRAPPC10--AGPAT3
1527,GPATCH8--LSM12,ENSG00000186566,ENSG00000161654,Q9UKJ3,Q3MHD2,chr17,chr17,44474829,44040256,-,-,DANSY_92737,,,,ACH-000086,GPATCH8,LSM12,No Annotation,GPATCH8--LSM12
1528,EIF3H--RAD21,ENSG00000164754,ENSG00000147677,O60216,O15372,chr8,chr8,116866586,116726172,-,-,DANSY_93103,,IPR045810,IPR045810,ACH-002535,RAD21,EIF3H,Pre-existing,RAD21--EIF3H
1529,CCR10--UBALD2,ENSG00000185262,ENSG00000184451,Q8IYN6,P46092,chr17,chr17,76265969,42680617,+,-,DANSY_93114,IPR054109,IPR017452,IPR054109|IPR017452,ACH-002535,UBALD2,CCR10,Novel,UBALD2--CCR10
1530,BRD4--NUTM1,ENSG00000141867,ENSG00000184507,O60885,Q86Y26,chr19,chr15,15254152,34347969,-,+,DANSY_93402,IPR001487|IPR001487|IPR027353,IPR024309,IPR001487|IPR001487|IPR027353|IPR024309,ACH-000143,BRD4,NUTM1,Novel,BRD4--NUTM1
1531,EFNA4--RUSC1,ENSG00000243364,ENSG00000160753,P52798,Q9BVN2,chr1,chr1,155067440,155324845,+,+,DANSY_93614,IPR001799,IPR004012|IPR001452,IPR001799|IPR004012|IPR001452,ACH-000697,EFNA4,RUSC1,Novel,EFNA4--RUSC1
1532,C11orf1--SIK2,ENSG00000170145,ENSG00000137720,Q9H0K1,Q9H5F2,chr11,chr11,111712375,111882368,+,+,DANSY_93615,IPR000719|IPR015940,,IPR000719|IPR015940,ACH-000697,SIK2,C11orf1,Pre-existing,SIK2--C11orf1
1533,BAZ2A--PRIM1,ENSG00000076108,ENSG00000198056,Q9UIF9,P49642,chr12,chr12,56636182,56751195,-,-,DANSY_93658,,,,ACH-000697,BAZ2A,PRIM1,No Annotation,BAZ2A--PRIM1
1534,FLNB--PXK,ENSG00000168297,ENSG00000136068,Q7Z7A4,O75369,chr3,chr3,58333090,58142650,+,+,DANSY_93668,,,,ACH-000697,PXK,FLNB,No Annotation,PXK--FLNB
1535,PCCA--SORL1,ENSG00000137642,ENSG00000175198,Q92673,P05165,chr11,chr13,121615055,100425633,+,+,DANSY_93983,IPR006581|IPR003961|IPR003961|IPR003961,IPR000089,IPR006581|IPR003961|IPR003961|IPR003961|IPR000089,ACH-000264,SORL1,PCCA,Novel,SORL1--PCCA
1536,DLG2--TMEM135,ENSG00000166575,ENSG00000150672,Q86UB9,Q15700,chr11,chr11,87157406,84251291,+,-,DANSY_93997,IPR031926,IPR001478|IPR019583|IPR001478|IPR001452|IPR008144,IPR031926|IPR001478|IPR019583|IPR001478|IPR001452|IPR008144,ACH-000264,TMEM135,DLG2,Novel,TMEM135--DLG2
1537,NLK--PRIM2,ENSG00000087095,ENSG00000146143,Q9UBE8,P49643,chr17,chr6,28122732,57318437,+,+,DANSY_94072,,IPR058560,IPR058560,ACH-000809,NLK,PRIM2,Pre-existing,NLK--PRIM2
1538,FGF12--MB21D2,ENSG00000180611,ENSG00000114279,Q8IYB1,P61328,chr3,chr3,192917630,192360538,-,-,DANSY_94091,,,,ACH-000809,MB21D2,FGF12,No Annotation,MB21D2--FGF12
1539,DYNC2H1--UVRAG,ENSG00000198382,ENSG00000187240,Q9P2Y5,Q8NCM8,chr11,chr11,75815524,103358243,+,+,DANSY_94093,,IPR041228,IPR041228,ACH-000809,UVRAG,DYNC2H1,Pre-existing,UVRAG--DYNC2H1
1540,DYNC2H1--UVRAG,ENSG00000198382,ENSG00000187240,Q9P2Y5,Q8NCM8,chr11,chr11,75815524,103399663,+,+,DANSY_94094,,,,ACH-000809,UVRAG,DYNC2H1,No Annotation,UVRAG--DYNC2H1
1541,DYNC2H1--UVRAG,ENSG00000198382,ENSG00000187240,Q9P2Y5,Q8NCM8,chr11,chr11,75815524,103435943,+,+,DANSY_94095,,,,ACH-000809,UVRAG,DYNC2H1,No Annotation,UVRAG--DYNC2H1
1542,SULF2--ZMYND8,ENSG00000101040,ENSG00000196562,Q9ULU4,Q8IWU5,chr20,chr20,47290187,47702670,-,-,DANSY_94119,IPR001965|IPR001487,IPR024609,IPR001965|IPR001487|IPR024609,ACH-000809,ZMYND8,SULF2,Novel,ZMYND8--SULF2
1543,SULF2--ZMYND8,ENSG00000101040,ENSG00000196562,Q9ULU4,Q8IWU5,chr20,chr20,47287229,47690295,-,-,DANSY_94120,IPR001965|IPR001487,IPR024609,IPR001965|IPR001487|IPR024609,ACH-000809,ZMYND8,SULF2,Novel,ZMYND8--SULF2
1544,ATM--UVRAG,ENSG00000198382,ENSG00000149311,Q9P2Y5,Q13315,chr11,chr11,76016980,108288977,+,+,DANSY_94147,IPR000008,IPR003151|IPR000403|IPR003152,IPR000008|IPR003151|IPR000403|IPR003152,ACH-000809,UVRAG,ATM,Novel,UVRAG--ATM
1545,ANP32A--GOLGA6C,ENSG00000140350,ENSG00000167195,P39687,A6NDK9,chr15,chr15,68820698,75265617,-,+,DANSY_94148,,IPR043976,IPR043976,ACH-000809,ANP32A,GOLGA6C,Pre-existing,ANP32A--GOLGA6C
1546,FGF3--SHANK2,ENSG00000162105,ENSG00000186895,Q9UPX8,P11487,chr11,chr11,70896501,69816423,-,-,DANSY_94149,IPR032425,,IPR032425,ACH-000809,SHANK2,FGF3,Pre-existing,SHANK2--FGF3
1547,CUL5--DNAL1,ENSG00000166266,ENSG00000119661,Q93034,Q4LDG9,chr11,chr14,108073497,73654847,+,+,DANSY_94156,,,,ACH-000809,CUL5,DNAL1,No Annotation,CUL5--DNAL1
1548,PELI3--UVRAG,ENSG00000198382,ENSG00000174516,Q9P2Y5,Q8N2H9,chr11,chr11,76016980,66468128,+,+,DANSY_94157,IPR000008,IPR048334|IPR048335,IPR000008|IPR048334|IPR048335,ACH-000809,UVRAG,PELI3,Novel,UVRAG--PELI3
1549,PELI3--UVRAG,ENSG00000198382,ENSG00000174516,Q9P2Y5,Q8N2H9,chr11,chr11,76016980,66471242,+,+,DANSY_94158,IPR000008,IPR048334|IPR048335,IPR000008|IPR048334|IPR048335,ACH-000809,UVRAG,PELI3,Novel,UVRAG--PELI3
1550,CDK5RAP2--STOM,ENSG00000136861,ENSG00000148175,Q96SN8,P27105,chr9,chr9,120518427,121341408,-,-,DANSY_94168,IPR012943,,IPR012943,ACH-000809,CDK5RAP2,STOM,Pre-existing,CDK5RAP2--STOM
1551,POLR2B--SCFD2,ENSG00000184178,ENSG00000047315,Q8WU76,P30876,chr4,chr4,53273826,56994404,-,+,DANSY_94180,,IPR007642|IPR007645|IPR007646|IPR007647|IPR007120|IPR007641,IPR007642|IPR007645|IPR007646|IPR007647|IPR007120|IPR007641,ACH-000809,SCFD2,POLR2B,Pre-existing,SCFD2--POLR2B
1552,MYT1L--PXDN,ENSG00000130508,ENSG00000186487,Q92626,Q9UL68,chr2,chr2,1744256,1840843,-,-,DANSY_94345,,,,ACH-000100,PXDN,MYT1L,No Annotation,PXDN--MYT1L
1553,FOXO1--PAX3,ENSG00000135903,ENSG00000150907,P23760,Q12778,chr2,chr13,222220140,40560860,-,-,DANSY_94348,IPR001523|IPR001356|IPR022106,IPR032068|IPR032067,IPR001523|IPR001356|IPR022106|IPR032068|IPR032067,ACH-000100,PAX3,FOXO1,Novel,PAX3--FOXO1
1554,ROBO1--ROBO1,ENSG00000169855,ENSG00000169855,Q9Y6N7,Q9Y6N7,chr3,chr3,78667883,78670301,-,-,DANSY_94357,IPR003598|IPR003598|IPR003598|IPR003598|IPR003598|IPR003961,IPR003598|IPR003961|IPR003961|IPR003961,IPR003598|IPR003598|IPR003598|IPR003598|IPR003598|IPR003961|IPR003598|IPR003961|IPR003961|IPR003961,ACH-000100,ROBO1,ROBO1,Novel,ROBO1--ROBO1
1555,RAB31--SS18,ENSG00000168461,ENSG00000141380,Q13636,Q15532,chr18,chr18,9708444,26087577,+,-,DANSY_94379,,,,ACH-000100,RAB31,SS18,No Annotation,RAB31--SS18
1556,CCDC144A--MPRIP,ENSG00000133030,ENSG00000170160,Q6WCQ1,A2RUR9,chr17,chr17,17138429,16720198,+,+,DANSY_94390,IPR001849,IPR039497|IPR021885,IPR001849|IPR039497|IPR021885,ACH-000100,MPRIP,CCDC144A,Novel,MPRIP--CCDC144A
1557,CCDC144A--MPRIP,ENSG00000133030,ENSG00000170160,Q6WCQ1,A2RUR9,chr17,chr17,17138075,16720198,+,+,DANSY_94391,IPR001849,IPR039497|IPR021885,IPR001849|IPR039497|IPR021885,ACH-000100,MPRIP,CCDC144A,Novel,MPRIP--CCDC144A
1558,FAM168A--FCHSD2,ENSG00000137478,ENSG00000054965,O94868,Q92567,chr11,chr11,72887470,73468492,-,-,DANSY_94662,IPR001060|IPR034934,,IPR001060|IPR034934,ACH-000001,FCHSD2,FAM168A,Pre-existing,FCHSD2--FAM168A
1559,ANK3--CCDC6,ENSG00000108091,ENSG00000151150,Q16204,Q12955,chr10,chr10,59906122,60114331,-,-,DANSY_94665,,IPR000906|IPR000906|IPR040745|IPR000488,IPR000906|IPR000906|IPR040745|IPR000488,ACH-000001,CCDC6,ANK3,Pre-existing,CCDC6--ANK3
1560,FCHSD2--STARD10,ENSG00000214530,ENSG00000137478,Q9Y365,O94868,chr11,chr11,72780975,72902638,-,-,DANSY_94671,,IPR001452|IPR001452,IPR001452|IPR001452,ACH-000001,STARD10,FCHSD2,Pre-existing,STARD10--FCHSD2
1561,FCHSD2--STARD10,ENSG00000214530,ENSG00000137478,Q9Y365,O94868,chr11,chr11,72781062,72902638,-,-,DANSY_94672,,IPR001452|IPR001452,IPR001452|IPR001452,ACH-000001,STARD10,FCHSD2,Pre-existing,STARD10--FCHSD2
1562,FCHSD2--STARD10,ENSG00000214530,ENSG00000137478,Q9Y365,O94868,chr11,chr11,72780975,72889945,-,-,DANSY_94673,,IPR001452|IPR001452,IPR001452|IPR001452,ACH-000001,STARD10,FCHSD2,Pre-existing,STARD10--FCHSD2
1563,CACHD1--ROR1,ENSG00000158966,ENSG00000185483,Q5VU97,Q01973,chr1,chr1,64679756,64050686,+,+,DANSY_94690,IPR002035,IPR020067|IPR000001|IPR000719,IPR002035|IPR020067|IPR000001|IPR000719,ACH-000001,CACHD1,ROR1,Novel,CACHD1--ROR1
1564,FAR2--MKX,ENSG00000064763,ENSG00000150051,Q96K12,Q8IYA7,chr12,chr10,29311950,27675554,+,-,DANSY_94728,IPR013120,,IPR013120,ACH-000001,FAR2,MKX,Pre-existing,FAR2--MKX
1565,UBALD1--UBN1,ENSG00000118900,ENSG00000153443,Q9NPG3,Q8TB05,chr16,chr16,4861102,4610555,+,-,DANSY_94732,IPR014840,,IPR014840,ACH-000001,UBN1,UBALD1,Pre-existing,UBN1--UBALD1
1566,FOXO1--PAX3,ENSG00000135903,ENSG00000150907,P23760,Q12778,chr2,chr13,222220140,40560860,-,-,DANSY_95003,IPR001523|IPR001356|IPR022106,IPR032068|IPR032067,IPR001523|IPR001356|IPR022106|IPR032068|IPR032067,ACH-001096,PAX3,FOXO1,Novel,PAX3--FOXO1
1567,OTP--RNF130,ENSG00000113269,ENSG00000171540,Q86XS8,Q5XKR4,chr5,chr5,180040453,77637230,-,-,DANSY_95023,,IPR001356|IPR003654,IPR001356|IPR003654,ACH-001096,RNF130,OTP,Pre-existing,RNF130--OTP
1568,RTEL1--ZNF429,ENSG00000258366,ENSG00000197013,Q9NZ71,Q86V71,chr20,chr19,63674093,21553917,+,+,DANSY_95121,IPR006554,,IPR006554,ACH-002799,RTEL1,ZNF429,Pre-existing,RTEL1--ZNF429
1569,RTEL1-TNFRSF6B--ZNF429,ENSG00000026036,ENSG00000197013,,Q86V71,chr20,chr19,63674093,21553917,+,+,DANSY_95123,,,,ACH-002799,RTEL1-TNFRSF6B,ZNF429,,RTEL1-TNFRSF6B--ZNF429
1570,DDX42--NSF,ENSG00000198231,ENSG00000073969,Q86XP3,P46459,chr17,chr17,63800617,46755314,+,+,DANSY_95124,,,,ACH-002799,DDX42,NSF,No Annotation,DDX42--NSF
1571,FLNB--SLMAP,ENSG00000136068,ENSG00000163681,O75369,Q14BN4,chr3,chr3,58112318,57907884,+,+,DANSY_95141,IPR001715|IPR001715,,IPR001715|IPR001715,ACH-002799,FLNB,SLMAP,Pre-existing,FLNB--SLMAP
1572,SH3GL2--UBE2R2,ENSG00000107341,ENSG00000107295,Q712K3,Q99962,chr9,chr9,33817934,17747066,+,+,DANSY_95338,,IPR001452,IPR001452,ACH-000239,UBE2R2,SH3GL2,Pre-existing,UBE2R2--SH3GL2
1573,SH3GL2--UBE2R2,ENSG00000107341,ENSG00000107295,Q712K3,Q99962,chr9,chr9,33817934,17761437,+,+,DANSY_95339,,IPR001452,IPR001452,ACH-000239,UBE2R2,SH3GL2,Pre-existing,UBE2R2--SH3GL2
1574,PBX1--TCF3,ENSG00000071564,ENSG00000185630,P15923,P40424,chr19,chr1,1619111,164792494,-,+,DANSY_95451,,IPR001356,IPR001356,ACH-000922,TCF3,PBX1,Pre-existing,TCF3--PBX1
1575,ILRUN--SPDEF,ENSG00000196821,ENSG00000124664,Q9H6K1,O95238,chr6,chr6,34646601,34544484,-,-,DANSY_95649,IPR039517,IPR003118|IPR000418,IPR039517|IPR003118|IPR000418,ACH-000859,ILRUN,SPDEF,Novel,ILRUN--SPDEF
1576,PHF20L1--SAMD12,ENSG00000129292,ENSG00000177570,A8MW92,Q8N8I0,chr8,chr8,132804740,118197732,+,-,DANSY_95655,IPR002999|IPR002999,,IPR002999|IPR002999,ACH-000859,PHF20L1,SAMD12,Pre-existing,PHF20L1--SAMD12
1577,GALNT7--ORC4,ENSG00000109586,ENSG00000115947,Q86SF2,O43929,chr4,chr2,173304118,147958866,+,-,DANSY_95656,IPR001173,IPR032705,IPR001173|IPR032705,ACH-000859,GALNT7,ORC4,Novel,GALNT7--ORC4
1578,NOP58--STRADB,ENSG00000082146,ENSG00000055044,Q9C0K7,Q9Y2X3,chr2,chr2,201473076,202297379,+,+,DANSY_95658,,,,ACH-000859,STRADB,NOP58,No Annotation,STRADB--NOP58
1579,BRWD1--HLCS,ENSG00000185658,ENSG00000159267,Q9NSI6,P50747,chr21,chr21,39210786,36897131,-,-,DANSY_95686,IPR057452|IPR057451|IPR001487,IPR003142,IPR057452|IPR057451|IPR001487|IPR003142,ACH-000859,BRWD1,HLCS,Novel,BRWD1--HLCS
1580,BRWD1--HLCS,ENSG00000185658,ENSG00000159267,Q9NSI6,P50747,chr21,chr21,39212666,36897131,-,-,DANSY_95687,IPR057452|IPR057451|IPR001487,IPR003142,IPR057452|IPR057451|IPR001487|IPR003142,ACH-000859,BRWD1,HLCS,Novel,BRWD1--HLCS
1581,INTS1--PRKAR1B,ENSG00000164880,ENSG00000188191,Q8N201,P31321,chr7,chr7,1494816,711527,-,-,DANSY_95690,IPR022145,IPR003117|IPR000595|IPR000595,IPR022145|IPR003117|IPR000595|IPR000595,ACH-000859,INTS1,PRKAR1B,Novel,INTS1--PRKAR1B
1582,NCOA7--TRMT11,ENSG00000066651,ENSG00000111912,Q7Z4G4,Q8NI08,chr6,chr6,125998684,125878263,+,+,DANSY_95698,,IPR006571,IPR006571,ACH-000859,TRMT11,NCOA7,Pre-existing,TRMT11--NCOA7
1583,NAA38--VPS53,ENSG00000141252,ENSG00000183011,Q5VIR6,Q9BRA0,chr17,chr17,710533,7857198,-,-,DANSY_95722,,IPR001163,IPR001163,ACH-000859,VPS53,NAA38,Pre-existing,VPS53--NAA38
1584,PDCD1LG2--TPGS2,ENSG00000197646,ENSG00000134779,Q9BQ51,Q68CL5,chr9,chr18,5535050,36800311,+,-,DANSY_95731,IPR003599,,IPR003599,ACH-000859,PDCD1LG2,TPGS2,Pre-existing,PDCD1LG2--TPGS2
1585,OXR1--ZNF346,ENSG00000164830,ENSG00000113761,Q8N573,Q9UL40,chr8,chr5,106658185,177050703,+,+,DANSY_95733,,IPR003604|IPR003604,IPR003604|IPR003604,ACH-000859,OXR1,ZNF346,Pre-existing,OXR1--ZNF346
1586,DDX19A--DDX19B,ENSG00000168872,ENSG00000157349,Q9NUU7,Q9UMR2,chr16,chr16,70347048,70324585,+,+,DANSY_95738,,IPR001650,IPR001650,ACH-000859,DDX19A,DDX19B,Pre-existing,DDX19A--DDX19B
1587,CARM1--SUGP2,ENSG00000064607,ENSG00000142453,Q8IX01,Q86X55,chr19,chr19,19024619,10904951,-,+,DANSY_95748,,IPR055135,IPR055135,ACH-000859,SUGP2,CARM1,Pre-existing,SUGP2--CARM1
1588,IFT43--TTLL5,ENSG00000119685,ENSG00000119650,Q6EMB2,Q96FT9,chr14,chr14,75720703,76082295,+,+,DANSY_95986,,,,ACH-000410,TTLL5,IFT43,No Annotation,TTLL5--IFT43
1589,ANGPT1--OXR1,ENSG00000164830,ENSG00000154188,Q8N573,Q15389,chr8,chr8,106658085,107347097,+,-,DANSY_95999,,IPR057439|IPR002181,IPR057439|IPR002181,ACH-000410,OXR1,ANGPT1,Pre-existing,OXR1--ANGPT1
1590,LARP1B--TBCK,ENSG00000138709,ENSG00000145348,Q659C4,Q8TEA7,chr4,chr4,128179512,106262212,+,-,DANSY_96028,IPR006630,IPR000195|IPR001763,IPR006630|IPR000195|IPR001763,ACH-000410,LARP1B,TBCK,Novel,LARP1B--TBCK
1591,APLP2--ST14,ENSG00000149418,ENSG00000084234,Q9Y5Y6,Q06481,chr11,chr11,130160060,130120706,+,+,DANSY_96532,,IPR002223|IPR024329|IPR019543,IPR002223|IPR024329|IPR019543,ACH-001853,ST14,APLP2,Pre-existing,ST14--APLP2
1592,APLP2--ST14,ENSG00000149418,ENSG00000084234,Q9Y5Y6,Q06481,chr11,chr11,130160060,130121614,+,+,DANSY_96533,,IPR002223|IPR024329|IPR019543,IPR002223|IPR024329|IPR019543,ACH-001853,ST14,APLP2,Pre-existing,ST14--APLP2
1593,BAIAP2--CHMP6,ENSG00000176108,ENSG00000175866,Q96FZ7,Q9UQB8,chr17,chr17,80995758,81053668,+,+,DANSY_96537,,IPR001452,IPR001452,ACH-001853,CHMP6,BAIAP2,Pre-existing,CHMP6--BAIAP2
1594,BAIAP2--CHMP6,ENSG00000176108,ENSG00000175866,Q96FZ7,Q9UQB8,chr17,chr17,80995758,81036863,+,+,DANSY_96538,,IPR001452,IPR001452,ACH-001853,CHMP6,BAIAP2,Pre-existing,CHMP6--BAIAP2
1595,RELN--RELN,ENSG00000189056,ENSG00000189056,P78509,P78509,chr7,chr7,103574092,103661527,-,-,DANSY_96565,IPR002861|IPR000742|IPR000742|IPR000742,IPR000742|IPR000742|IPR000742|IPR000742|IPR000742|IPR000742|IPR000742|IPR000742,IPR002861|IPR000742|IPR000742|IPR000742|IPR000742|IPR000742|IPR000742|IPR000742|IPR000742|IPR000742|IPR000742|IPR000742,ACH-001853,RELN,RELN,Novel,RELN--RELN
1596,AP5M1--RAD51B,ENSG00000182185,ENSG00000053770,O15315,Q9H0R1,chr14,chr14,67887204,57280195,+,+,DANSY_96572,IPR058766,,IPR058766,ACH-001853,RAD51B,AP5M1,Pre-existing,RAD51B--AP5M1
1597,CTPS1--CTPS1,ENSG00000171793,ENSG00000171793,P17812,P17812,chr1,chr1,41006094,41001029,+,+,DANSY_96574,IPR017456,,IPR017456,ACH-001853,CTPS1,CTPS1,Pre-existing,CTPS1--CTPS1
1598,ATP2C1--FAIM,ENSG00000017260,ENSG00000158234,P98194,Q9NVQ4,chr3,chr3,130894775,138632930,+,+,DANSY_96583,,,,ACH-001853,ATP2C1,FAIM,No Annotation,ATP2C1--FAIM
1599,GPI--UBA2,ENSG00000126261,ENSG00000105220,Q9UBT2,P06744,chr19,chr19,34460566,34393248,+,+,DANSY_96619,IPR000594,IPR035482,IPR000594|IPR035482,ACH-001853,UBA2,GPI,Novel,UBA2--GPI
1600,ENDOV--RPTOR,ENSG00000141564,ENSG00000173818,Q8N122,Q8N8Q3,chr17,chr17,80707999,80436133,+,+,DANSY_96626,,,,ACH-001853,RPTOR,ENDOV,No Annotation,RPTOR--ENDOV
1601,CDH15--MTAP,ENSG00000099810,ENSG00000129910,Q13126,P55291,chr9,chr16,21838010,89179416,+,+,DANSY_96628,,IPR002126|IPR002126|IPR002126|IPR002126|IPR002126|IPR000233,IPR002126|IPR002126|IPR002126|IPR002126|IPR002126|IPR000233,ACH-001853,MTAP,CDH15,Pre-existing,MTAP--CDH15
1602,SEC23A--TRAPPC6B,ENSG00000100934,ENSG00000182400,Q15436,Q86SZ2,chr14,chr14,39085762,39159550,-,-,DANSY_96654,IPR006895,,IPR006895,ACH-001853,SEC23A,TRAPPC6B,Pre-existing,SEC23A--TRAPPC6B
1603,MCM8--SHLD1,ENSG00000125885,ENSG00000171984,Q9UJA3,Q8IYI0,chr20,chr20,5952528,5863024,+,+,DANSY_96655,,IPR053898,IPR053898,ACH-001853,MCM8,SHLD1,Pre-existing,MCM8--SHLD1
1604,KLHL20--RABGAP1L,ENSG00000152061,ENSG00000076321,Q5R372,Q9Y2M5,chr1,chr1,174394145,173782124,+,+,DANSY_96682,IPR006020|IPR022164,,IPR006020|IPR022164,ACH-001853,RABGAP1L,KLHL20,Pre-existing,RABGAP1L--KLHL20
1605,PTPRO--TBC1D1,ENSG00000065882,ENSG00000151490,Q86TI0,Q16827,chr4,chr12,38118192,15551551,+,+,DANSY_96686,IPR006020|IPR006020|IPR021785|IPR000195,IPR000242,IPR006020|IPR006020|IPR021785|IPR000195|IPR000242,ACH-001853,TBC1D1,PTPRO,Novel,TBC1D1--PTPRO
1606,NUP98--STON2,ENSG00000140022,ENSG00000110713,Q8WXE9,P52948,chr14,chr11,81323530,3782145,-,-,DANSY_96950,,IPR007230|IPR021967,IPR007230|IPR021967,ACH-000694,STON2,NUP98,Pre-existing,STON2--NUP98
1607,NOP53--SHANK2,ENSG00000105373,ENSG00000162105,Q9NZM5,Q9UPX8,chr19,chr11,47756744,70473439,+,-,DANSY_96966,,IPR001660,IPR001660,ACH-000694,NOP53,SHANK2,Pre-existing,NOP53--SHANK2
1608,SMTNL1--TMX2,ENSG00000213593,ENSG00000214872,Q9Y320,A8MU46,chr11,chr11,57737668,57542641,+,+,DANSY_96981,,IPR001715,IPR001715,ACH-000694,TMX2,SMTNL1,Pre-existing,TMX2--SMTNL1
1609,LSM14B--SS18L1,ENSG00000184402,ENSG00000149657,O75177,Q9BX40,chr20,chr20,62164246,62131356,+,+,DANSY_96989,IPR007726,,IPR007726,ACH-000694,SS18L1,LSM14B,Pre-existing,SS18L1--LSM14B
1610,ARID1B--RPS6KA2,ENSG00000049618,ENSG00000071242,Q8NFD5,Q15349,chr6,chr6,156935576,166538784,+,-,DANSY_97617,,IPR000719|IPR000961|IPR000719,IPR000719|IPR000961|IPR000719,ACH-001563,ARID1B,RPS6KA2,Pre-existing,ARID1B--RPS6KA2
1611,ARID1B--RPS6KA2,ENSG00000049618,ENSG00000071242,Q8NFD5,Q15349,chr6,chr6,156935576,166531313,+,-,DANSY_97618,,IPR000961|IPR000719,IPR000961|IPR000719,ACH-001563,ARID1B,RPS6KA2,Pre-existing,ARID1B--RPS6KA2
1612,CYP2C18--HELLS,ENSG00000119969,ENSG00000108242,Q9NRZ9,P33260,chr10,chr10,94590776,94720396,+,+,DANSY_97897,IPR000330,,IPR000330,ACH-001719,HELLS,CYP2C18,Pre-existing,HELLS--CYP2C18
1613,PEMT--SYNRG,ENSG00000275066,ENSG00000133027,Q9UMZ2,Q9UBM1,chr17,chr17,37535979,17522395,-,-,DANSY_97908,IPR000261,,IPR000261,ACH-001719,SYNRG,PEMT,Pre-existing,SYNRG--PEMT
1614,CGAS--SLC17A5,ENSG00000119899,ENSG00000164430,Q9NRA2,Q8N884,chr6,chr6,73600351,73445747,-,-,DANSY_97913,,IPR046903|IPR046906,IPR046903|IPR046906,ACH-001719,SLC17A5,CGAS,Pre-existing,SLC17A5--CGAS
1615,CRIP3--SRF,ENSG00000112658,ENSG00000146215,P11831,Q6Q6R5,chr6,chr6,43176667,43308409,+,-,DANSY_97924,IPR002100,IPR001781,IPR002100|IPR001781,ACH-001719,SRF,CRIP3,Novel,SRF--CRIP3
1616,MELK--ZCCHC7,ENSG00000165304,ENSG00000147905,Q14680,Q8N3Z6,chr9,chr9,36581739,37302188,+,+,DANSY_97990,,IPR001878|IPR001878|IPR001878|IPR001878,IPR001878|IPR001878|IPR001878|IPR001878,ACH-000243,MELK,ZCCHC7,Pre-existing,MELK--ZCCHC7
1617,PUM2--RBKS,ENSG00000055917,ENSG00000171174,Q8TB72,Q9H477,chr2,chr2,20294376,27848097,-,-,DANSY_98007,,,,ACH-000243,PUM2,RBKS,No Annotation,PUM2--RBKS
1618,DDX50--KAT6B,ENSG00000156650,ENSG00000107625,Q8WYB5,Q9BQ39,chr10,chr10,74843478,68906711,+,+,DANSY_98034,IPR048589|IPR005818,IPR011545|IPR001650|IPR059027|IPR012562,IPR048589|IPR005818|IPR011545|IPR001650|IPR059027|IPR012562,ACH-000243,KAT6B,DDX50,Novel,KAT6B--DDX50
1619,FOLR2--SH2B1,ENSG00000178188,ENSG00000165457,Q9NRF2,P14207,chr16,chr11,28867432,72221176,+,+,DANSY_98160,IPR015012,,IPR015012,ACH-001418,SH2B1,FOLR2,Pre-existing,SH2B1--FOLR2
1620,GSS--GSS,ENSG00000100983,ENSG00000100983,P48637,P48637,chr20,chr20,34929401,34937023,-,-,DANSY_98166,IPR004887,IPR004887,IPR004887|IPR004887,ACH-001418,GSS,GSS,Novel,GSS--GSS
1621,ALKBH5--LLGL1,ENSG00000091542,ENSG00000131899,Q6P6C2,Q15334,chr17,chr17,18185013,18238067,+,+,DANSY_98169,,,,ACH-001418,ALKBH5,LLGL1,No Annotation,ALKBH5--LLGL1
1622,NCEH1--TNFSF10,ENSG00000121858,ENSG00000144959,P50591,Q6PIU2,chr3,chr3,172523253,172648114,-,-,DANSY_98177,,IPR013094|IPR013094,IPR013094|IPR013094,ACH-001418,TNFSF10,NCEH1,Pre-existing,TNFSF10--NCEH1
1623,KMT2A--MLLT3,ENSG00000118058,ENSG00000171843,Q03164,P42568,chr11,chr9,118484975,20365744,+,-,DANSY_98316,IPR002857,IPR040930,IPR002857|IPR040930,ACH-000362,KMT2A,MLLT3,Novel,KMT2A--MLLT3
1624,KMT2A--MLLT3,ENSG00000118058,ENSG00000171843,Q03164,P42568,chr11,chr9,118484314,20365744,+,-,DANSY_98317,IPR002857,IPR040930,IPR002857|IPR040930,ACH-000362,KMT2A,MLLT3,Novel,KMT2A--MLLT3
1625,ALDH3A2--TOM1L2,ENSG00000175662,ENSG00000072210,Q6ZVM7,P51648,chr17,chr17,17972262,19652547,-,+,DANSY_98376,,,,ACH-000843,TOM1L2,ALDH3A2,No Annotation,TOM1L2--ALDH3A2
1626,CD8A--RNF103,ENSG00000239305,ENSG00000153563,O00237,P01732,chr2,chr2,86612159,86785971,-,-,DANSY_98396,,,,ACH-000843,RNF103,CD8A,No Annotation,RNF103--CD8A
1627,CLTC--YPEL2,ENSG00000141367,ENSG00000175155,Q00610,Q96QA6,chr17,chr17,59620173,59397101,+,+,DANSY_98504,,,,ACH-002052,CLTC,YPEL2,No Annotation,CLTC--YPEL2
1628,GID4--PHB,ENSG00000167085,ENSG00000141034,P35232,Q8IVV7,chr17,chr17,49406759,18054127,-,+,DANSY_98509,IPR001107,,IPR001107,ACH-002052,PHB,GID4,Pre-existing,PHB--GID4
1629,EIF2B3--TMEM53,ENSG00000126106,ENSG00000070785,Q6P2H8,Q9NR50,chr1,chr1,44660174,44875695,-,-,DANSY_98521,,IPR056764,IPR056764,ACH-002052,TMEM53,EIF2B3,Pre-existing,TMEM53--EIF2B3
1630,KIAA2012--NPHP4,ENSG00000131697,ENSG00000182329,O75161,Q0VF49,chr1,chr2,5961794,202113336,-,+,DANSY_98523,,,,ACH-002052,NPHP4,KIAA2012,No Annotation,NPHP4--KIAA2012
1631,B2M--TRIM69,ENSG00000166710,ENSG00000185880,P61769,Q86WT6,chr15,chr15,44711613,44767231,+,+,DANSY_98657,,,,ACH-000840,B2M,TRIM69,No Annotation,B2M--TRIM69
1632,FLOT2--SEZ6,ENSG00000132589,ENSG00000063015,Q14254,Q53EL9,chr17,chr17,28897526,28960973,-,-,DANSY_98663,,IPR000859|IPR000436|IPR000859|IPR000436|IPR000436|IPR000436,IPR000859|IPR000436|IPR000859|IPR000436|IPR000436|IPR000436,ACH-000840,FLOT2,SEZ6,Pre-existing,FLOT2--SEZ6
1633,FGF12--MB21D2,ENSG00000180611,ENSG00000114279,Q8IYB1,P61328,chr3,chr3,192917630,192360538,-,-,DANSY_98672,,,,ACH-000840,MB21D2,FGF12,No Annotation,MB21D2--FGF12
1634,PTK2--TRAPPC9,ENSG00000169398,ENSG00000167632,Q05397,Q96Q05,chr8,chr8,140752232,139732202,-,-,DANSY_98783,IPR000299,IPR058568,IPR000299|IPR058568,ACH-001852,PTK2,TRAPPC9,Novel,PTK2--TRAPPC9
1635,FARS2--GABBR1,ENSG00000204681,ENSG00000145982,Q9UBS5,O95363,chr6,chr6,29613243,5404542,-,+,DANSY_98790,IPR000436|IPR000436,IPR002319|IPR005121,IPR000436|IPR000436|IPR002319|IPR005121,ACH-001852,GABBR1,FARS2,Novel,GABBR1--FARS2
1636,USP9Y--USP9Y,ENSG00000114374,ENSG00000114374,O00507,O00507,chrY,chrY,12847327,12833688,+,+,DANSY_99064,IPR056850|IPR055176|IPR001394,IPR021905,IPR056850|IPR055176|IPR001394|IPR021905,ACH-001528,USP9Y,USP9Y,Pre-existing,USP9Y--USP9Y
1637,FAIM2--NCKAP5L,ENSG00000167566,ENSG00000135472,Q9HCH0,Q9BWQ8,chr12,chr12,49792446,49890154,-,-,DANSY_99092,IPR032769,,IPR032769,ACH-001528,NCKAP5L,FAIM2,Pre-existing,NCKAP5L--FAIM2
1638,HNRNPA1--HNRNPA1,ENSG00000135486,ENSG00000135486,P09651,P09651,chr12,chr12,54281941,54281795,+,+,DANSY_99276,IPR000504,IPR000504|IPR021662,IPR000504|IPR000504|IPR021662,ACH-001656,HNRNPA1,HNRNPA1,Pre-existing,HNRNPA1--HNRNPA1
1639,RUNX1--RUNX1T1,ENSG00000159216,ENSG00000079102,Q01196,Q06455,chr21,chr8,34859474,92017363,-,-,DANSY_99282,IPR013524,IPR003894|IPR014896|IPR002893,IPR013524|IPR003894|IPR014896|IPR002893,ACH-001656,RUNX1,RUNX1T1,Novel,RUNX1--RUNX1T1
1640,RUNX1--RUNX1T1,ENSG00000159216,ENSG00000079102,Q01196,Q06455,chr21,chr8,34859474,92017431,-,-,DANSY_99283,IPR013524,IPR003894|IPR014896|IPR002893,IPR013524|IPR003894|IPR014896|IPR002893,ACH-001656,RUNX1,RUNX1T1,Novel,RUNX1--RUNX1T1
1641,DIS3L--ZWILCH,ENSG00000166938,ENSG00000174442,Q8TF46,Q9H900,chr15,chr15,66323585,66537168,+,+,DANSY_99286,IPR033771|IPR041505,,IPR033771|IPR041505,ACH-001656,DIS3L,ZWILCH,Pre-existing,DIS3L--ZWILCH
1642,TAF12--WBP2,ENSG00000132471,ENSG00000120656,Q969T9,Q16514,chr17,chr1,75851568,28622165,-,-,DANSY_99305,,IPR003228,IPR003228,ACH-001656,WBP2,TAF12,Pre-existing,WBP2--TAF12
1643,OTULIN--SKP2,ENSG00000154124,ENSG00000145604,Q96BN8,Q13309,chr5,chr5,14664977,36194993,+,+,DANSY_99317,,,,ACH-001656,OTULIN,SKP2,No Annotation,OTULIN--SKP2
1644,GDPD5--XRRA1,ENSG00000158555,ENSG00000166435,Q8WTR4,Q6P2D8,chr11,chr11,75456757,74852082,-,-,DANSY_99321,,,,ACH-001656,GDPD5,XRRA1,No Annotation,GDPD5--XRRA1
1645,GDPD5--XRRA1,ENSG00000158555,ENSG00000166435,Q8WTR4,Q6P2D8,chr11,chr11,75456757,74848462,-,-,DANSY_99323,,,,ACH-001656,GDPD5,XRRA1,No Annotation,GDPD5--XRRA1
1646,EWSR1--FLI1,ENSG00000182944,ENSG00000151702,Q01844,Q01543,chr22,chr11,29287134,128781958,+,+,DANSY_99746,,IPR000418,IPR000418,ACH-001192,EWSR1,FLI1,Pre-existing,EWSR1--FLI1
1647,AFF1--KMT2A,ENSG00000172493,ENSG00000118058,P51825,Q03164,chr4,chr11,87084164,118484183,+,+,DANSY_99793,,IPR001965|IPR001965|IPR001965|IPR001487|IPR001965|IPR001214|IPR003616,IPR001965|IPR001965|IPR001965|IPR001487|IPR001965|IPR001214|IPR003616,ACH-000045,AFF1,KMT2A,Pre-existing,AFF1--KMT2A
1648,AFF1--KMT2A,ENSG00000118058,ENSG00000172493,Q03164,P51825,chr11,chr4,118482495,87089984,+,+,DANSY_99794,IPR002857,IPR043640,IPR002857|IPR043640,ACH-000045,KMT2A,AFF1,Novel,KMT2A--AFF1
1649,NUP98--STIM1,ENSG00000110713,ENSG00000167323,P52948,Q13586,chr11,chr11,3712564,4023873,-,+,DANSY_99854,IPR007230,IPR001660|IPR032393,IPR007230|IPR001660|IPR032393,ACH-000741,NUP98,STIM1,Novel,NUP98--STIM1
1650,DENND10--GRK5,ENSG00000198873,ENSG00000119979,P34947,Q8TCE6,chr10,chr10,119207969,119129515,+,+,DANSY_99903,,,,ACH-000912,GRK5,DENND10,No Annotation,GRK5--DENND10
1651,EIF3B--IQCE,ENSG00000106012,ENSG00000106263,Q6IPM2,P55884,chr7,chr7,2578526,2378689,+,+,DANSY_100183,,,,ACH-000577,IQCE,EIF3B,No Annotation,IQCE--EIF3B
1652,EIF3B--IQCE,ENSG00000106012,ENSG00000106263,Q6IPM2,P55884,chr7,chr7,2578355,2378689,+,+,DANSY_100184,,,,ACH-000577,IQCE,EIF3B,No Annotation,IQCE--EIF3B
1653,EIF3B--IQCE,ENSG00000106012,ENSG00000106263,Q6IPM2,P55884,chr7,chr7,2573488,2378689,+,+,DANSY_100185,,,,ACH-000577,IQCE,EIF3B,No Annotation,IQCE--EIF3B
1654,ARHGAP5--NUBPL,ENSG00000100852,ENSG00000151413,Q13017,Q8TB37,chr14,chr14,32117287,31850119,+,+,DANSY_100188,IPR002713|IPR002713|IPR002713|IPR002713|IPR039007|IPR039006,,IPR002713|IPR002713|IPR002713|IPR002713|IPR039007|IPR039006,ACH-000577,ARHGAP5,NUBPL,Pre-existing,ARHGAP5--NUBPL
1655,ARHGAP5--NUBPL,ENSG00000100852,ENSG00000151413,Q13017,Q8TB37,chr14,chr14,32094386,31846471,+,+,DANSY_100189,IPR002713|IPR002713|IPR002713|IPR002713|IPR039007|IPR039006,,IPR002713|IPR002713|IPR002713|IPR002713|IPR039007|IPR039006,ACH-000577,ARHGAP5,NUBPL,Pre-existing,ARHGAP5--NUBPL
1656,FHOD3--ZCCHC7,ENSG00000134775,ENSG00000147905,Q2V2M9,Q8N3Z6,chr18,chr9,36625749,37302188,+,+,DANSY_100363,,IPR001878|IPR001878|IPR001878|IPR001878,IPR001878|IPR001878|IPR001878|IPR001878,ACH-000468,FHOD3,ZCCHC7,Pre-existing,FHOD3--ZCCHC7
1657,AFF3--POLR1A,ENSG00000068654,ENSG00000144218,O95602,P51826,chr2,chr2,86048884,99594289,-,-,DANSY_100550,IPR007080|IPR000722|IPR007066,IPR043640,IPR007080|IPR000722|IPR007066|IPR043640,ACH-000667,POLR1A,AFF3,Novel,POLR1A--AFF3
1658,BAG1--NFX1,ENSG00000086102,ENSG00000107262,Q12986,Q99933,chr9,chr9,33319127,33262830,+,-,DANSY_100568,IPR001841|IPR000967|IPR000967|IPR000967,IPR003103,IPR001841|IPR000967|IPR000967|IPR000967|IPR003103,ACH-000667,NFX1,BAG1,Novel,NFX1--BAG1
1659,ATP5PO--TIAM1,ENSG00000156299,ENSG00000241837,Q13009,P48047,chr21,chr21,31164962,33904021,-,-,DANSY_100645,IPR001849|IPR040655|IPR003116|IPR001478,,IPR001849|IPR040655|IPR003116|IPR001478,ACH-000905,TIAM1,ATP5PO,Pre-existing,TIAM1--ATP5PO
1660,SLIT3--ZMYND11,ENSG00000015171,ENSG00000184347,Q15326,O75094,chr10,chr5,180128,169251459,+,-,DANSY_100647,,IPR000483|IPR000372|IPR000483|IPR000372|IPR000483|IPR000372|IPR000483|IPR000742|IPR000742|IPR000742|IPR000742|IPR000742|IPR000742|IPR001791|IPR000742|IPR000742|IPR000742|IPR006207,IPR000483|IPR000372|IPR000483|IPR000372|IPR000483|IPR000372|IPR000483|IPR000742|IPR000742|IPR000742|IPR000742|IPR000742|IPR000742|IPR001791|IPR000742|IPR000742|IPR000742|IPR006207,ACH-000905,ZMYND11,SLIT3,Pre-existing,ZMYND11--SLIT3
1661,CBWD2--IL1RN,ENSG00000136682,ENSG00000136689,Q8IUF1,P18510,chr2,chr2,113438022,113127689,+,+,DANSY_100651,,,,ACH-000905,CBWD2,IL1RN,No Annotation,CBWD2--IL1RN
1662,BBX--TRAT1,ENSG00000114439,ENSG00000163519,Q8WY36,Q6PIZ9,chr3,chr3,107791299,108830670,+,+,DANSY_100659,IPR009071|IPR019102,,IPR009071|IPR019102,ACH-000905,BBX,TRAT1,Pre-existing,BBX--TRAT1
1663,PTPRK--RSPO3,ENSG00000152894,ENSG00000146374,Q15262,Q9BXY4,chr6,chr6,128520259,127148648,-,+,DANSY_100712,,IPR043601|IPR044004,IPR043601|IPR044004,ACH-001494,PTPRK,RSPO3,Pre-existing,PTPRK--RSPO3
1664,NFIX--ZNF93,ENSG00000008441,ENSG00000184635,Q14938,P35789,chr19,chr19,13081855,19915280,+,+,DANSY_100747,IPR019548|IPR003619,IPR001909|IPR013087|IPR013087|IPR013087|IPR013087|IPR013087|IPR013087|IPR013087|IPR013087|IPR013087|IPR013087|IPR013087|IPR013087|IPR013087|IPR013087|IPR013087|IPR013087|IPR013087,IPR019548|IPR003619|IPR001909|IPR013087|IPR013087|IPR013087|IPR013087|IPR013087|IPR013087|IPR013087|IPR013087|IPR013087|IPR013087|IPR013087|IPR013087|IPR013087|IPR013087|IPR013087|IPR013087|IPR013087,ACH-000387,NFIX,ZNF93,Novel,NFIX--ZNF93
1665,AGRP--ATP6V0D1,ENSG00000159720,ENSG00000159723,P61421,O00253,chr16,chr16,67480957,67483110,-,-,DANSY_100768,,IPR027300,IPR027300,ACH-000387,ATP6V0D1,AGRP,Pre-existing,ATP6V0D1--AGRP
1666,ACAP2--PPP1R2,ENSG00000114331,ENSG00000184203,Q15057,P41236,chr3,chr3,195442795,195529901,-,-,DANSY_100778,,,,ACH-000387,ACAP2,PPP1R2,No Annotation,ACAP2--PPP1R2
1667,LIPM--PTEN,ENSG00000171862,ENSG00000173239,P60484,Q5VYY2,chr10,chr10,87952259,88802850,+,+,DANSY_100953,IPR000387,IPR000073,IPR000387|IPR000073,ACH-002510,PTEN,LIPM,Novel,PTEN--LIPM
1668,USP34--XPO1,ENSG00000115464,ENSG00000082898,Q70CQ2,O14980,chr2,chr2,61470650,61502310,-,-,DANSY_101102,,IPR013598|IPR014877,IPR013598|IPR014877,ACH-000026,USP34,XPO1,Pre-existing,USP34--XPO1
1669,ATP6V0D2--ATRNL1,ENSG00000107518,ENSG00000147614,Q5VV63,Q8N8Y2,chr10,chr8,115215880,86139457,+,+,DANSY_101117,IPR000742|IPR000859|IPR000742,,IPR000742|IPR000859|IPR000742,ACH-000026,ATRNL1,ATP6V0D2,Pre-existing,ATRNL1--ATP6V0D2
1670,ALG9--SIK2,ENSG00000086848,ENSG00000170145,Q9H6U8,Q9H0K1,chr11,chr11,111853380,111688001,-,+,DANSY_101183,,IPR015940,IPR015940,ACH-000838,ALG9,SIK2,Pre-existing,ALG9--SIK2
1671,KCNH1--RPS6KC1,ENSG00000136643,ENSG00000143473,Q96S38,O95259,chr1,chr1,213129889,211107377,+,-,DANSY_101218,IPR001683,IPR005821|IPR000595,IPR001683|IPR005821|IPR000595,ACH-000838,RPS6KC1,KCNH1,Novel,RPS6KC1--KCNH1
1672,ATP2A2--IFT81,ENSG00000174437,ENSG00000122970,P16615,Q8WYA0,chr12,chr12,110344971,110203864,+,+,DANSY_101331,IPR004014|IPR059000|IPR044492,,IPR004014|IPR059000|IPR044492,ACH-001172,ATP2A2,IFT81,Pre-existing,ATP2A2--IFT81
1673,HAS3--UTP4,ENSG00000103044,ENSG00000141076,O00219,Q969X6,chr16,chr16,69110031,69168821,+,+,DANSY_101332,,,,ACH-001172,HAS3,UTP4,No Annotation,HAS3--UTP4
1674,FOXJ3--PTPRF,ENSG00000142949,ENSG00000198815,P10586,Q9UPW0,chr1,chr1,43605000,42195064,+,-,DANSY_101333,IPR003598|IPR003598|IPR003598|IPR003961|IPR003961|IPR003961|IPR003961|IPR003961|IPR003961|IPR003961,,IPR003598|IPR003598|IPR003598|IPR003961|IPR003961|IPR003961|IPR003961|IPR003961|IPR003961|IPR003961,ACH-001172,PTPRF,FOXJ3,Pre-existing,PTPRF--FOXJ3
1675,CENPU--ENPP6,ENSG00000151725,ENSG00000164303,Q71F23,Q6UWR7,chr4,chr4,184712944,184153733,-,-,DANSY_101334,,,,ACH-001172,CENPU,ENPP6,No Annotation,CENPU--ENPP6
1676,AMPD1--DHX38,ENSG00000140829,ENSG00000116748,Q92620,P23109,chr16,chr1,72097009,114688741,+,-,DANSY_101336,,,,ACH-001172,DHX38,AMPD1,No Annotation,DHX38--AMPD1
1677,AMPD1--DHX38,ENSG00000140829,ENSG00000116748,Q92620,P23109,chr16,chr1,72097781,114688741,+,-,DANSY_101337,,,,ACH-001172,DHX38,AMPD1,No Annotation,DHX38--AMPD1
1678,KIF15--ZKSCAN7,ENSG00000196345,ENSG00000163808,Q9P0L1,Q9NS87,chr3,chr3,44570665,44814911,+,+,DANSY_101338,IPR003309|IPR001909|IPR013087|IPR013087|IPR013087|IPR013087,IPR031794,IPR003309|IPR001909|IPR013087|IPR013087|IPR013087|IPR013087|IPR031794,ACH-001172,ZKSCAN7,KIF15,Novel,ZKSCAN7--KIF15
1679,ARHGEF3--RRP9,ENSG00000163947,ENSG00000114767,Q9NR81,O43818,chr3,chr3,57035088,51938204,-,-,DANSY_101343,,,,ACH-001172,ARHGEF3,RRP9,No Annotation,ARHGEF3--RRP9
1680,BABAM2--KPNA7,ENSG00000158019,ENSG00000185467,Q9NXR7,A9QM74,chr2,chr7,28045799,99178066,+,-,DANSY_101352,,,,ACH-001172,BABAM2,KPNA7,No Annotation,BABAM2--KPNA7
1681,HSP90AB1--RASA2,ENSG00000155903,ENSG00000096384,Q15283,P08238,chr3,chr6,141529802,44248630,+,+,DANSY_101687,IPR000008,IPR003594,IPR000008|IPR003594,ACH-000527,RASA2,HSP90AB1,Novel,RASA2--HSP90AB1
1682,LAMB1--LAMB4,ENSG00000091136,ENSG00000091128,P07942,A4D0S4,chr7,chr7,107986022,108024178,-,-,DANSY_101691,,,,ACH-000527,LAMB1,LAMB4,No Annotation,LAMB1--LAMB4
1683,KASH5--PRRG2,ENSG00000126460,ENSG00000161609,O14669,Q8N6L0,chr19,chr19,49583952,49394476,+,+,DANSY_101699,IPR000294,IPR039508|IPR028168,IPR000294|IPR039508|IPR028168,ACH-000527,PRRG2,KASH5,Novel,PRRG2--KASH5
1684,CCDC12--IQSEC1,ENSG00000160799,ENSG00000144711,Q8WUD4,Q6DN90,chr3,chr3,46940998,12941865,-,-,DANSY_101707,,IPR000904|IPR001849,IPR000904|IPR001849,ACH-000527,CCDC12,IQSEC1,Pre-existing,CCDC12--IQSEC1
1685,L3MBTL2--ZC3H7B,ENSG00000100403,ENSG00000100395,Q9UGR2,Q969R5,chr22,chr22,41349301,41213893,+,+,DANSY_101710,IPR000571|IPR000571,,IPR000571|IPR000571,ACH-000527,ZC3H7B,L3MBTL2,Pre-existing,ZC3H7B--L3MBTL2
1686,ATG7--SLC9A9,ENSG00000197548,ENSG00000181804,O95352,Q8IVB4,chr3,chr3,11348035,143796903,+,-,DANSY_101728,IPR032197,,IPR032197,ACH-000527,ATG7,SLC9A9,Pre-existing,ATG7--SLC9A9
1687,KDM3A--PARD3,ENSG00000148498,ENSG00000115548,Q8TEW0,Q9Y4C1,chr10,chr2,34696318,86442018,-,+,DANSY_101733,,IPR054294|IPR054504|IPR054503|IPR003347,IPR054294|IPR054504|IPR054503|IPR003347,ACH-000527,PARD3,KDM3A,Pre-existing,PARD3--KDM3A
1688,ANO1--PPFIA1,ENSG00000131626,ENSG00000131620,Q13136,Q5XXA6,chr11,chr11,70356254,70149710,+,+,DANSY_101737,IPR057892,,IPR057892,ACH-000527,PPFIA1,ANO1,Pre-existing,PPFIA1--ANO1
1689,DIAPH3--GPA33,ENSG00000139734,ENSG00000143167,Q9NSV4,Q99795,chr13,chr1,59810788,167073539,-,-,DANSY_101747,IPR010473|IPR010472,IPR003598|IPR003598,IPR010473|IPR010472|IPR003598|IPR003598,ACH-000527,DIAPH3,GPA33,Novel,DIAPH3--GPA33
1690,EWSR1--TICRR,ENSG00000140534,ENSG00000182944,Q7Z2Z1,Q01844,chr15,chr22,89608949,29292137,+,+,DANSY_101938,IPR053919|IPR032746|IPR053920,IPR000504|IPR001876,IPR053919|IPR032746|IPR053920|IPR000504|IPR001876,ACH-000279,TICRR,EWSR1,Novel,TICRR--EWSR1
1691,EWSR1--FLI1,ENSG00000182944,ENSG00000151702,Q01844,Q01543,chr22,chr11,29287134,128805366,+,+,DANSY_101942,,IPR000418,IPR000418,ACH-000279,EWSR1,FLI1,Pre-existing,EWSR1--FLI1
1692,ELF1--PHF21A,ENSG00000135365,ENSG00000120690,Q96BD5,P32519,chr11,chr13,46079134,40959016,-,-,DANSY_101949,,IPR000418,IPR000418,ACH-000279,PHF21A,ELF1,Pre-existing,PHF21A--ELF1
1693,PDZD8--TRIP12,ENSG00000165650,ENSG00000153827,Q8NEN9,Q14669,chr10,chr2,117374356,229859574,-,-,DANSY_101953,IPR031468,IPR057948|IPR004170|IPR000569,IPR031468|IPR057948|IPR004170|IPR000569,ACH-000279,PDZD8,TRIP12,Novel,PDZD8--TRIP12
1694,PDZD8--TRIP12,ENSG00000165650,ENSG00000153827,Q8NEN9,Q14669,chr10,chr2,117374356,229860531,-,-,DANSY_101954,IPR031468,IPR057948|IPR004170|IPR000569,IPR031468|IPR057948|IPR004170|IPR000569,ACH-000279,PDZD8,TRIP12,Novel,PDZD8--TRIP12
1695,AKIRIN2--SMAP1,ENSG00000112305,ENSG00000135334,Q8IYB5,Q53H80,chr6,chr6,70668141,87681763,+,-,DANSY_101955,,,,ACH-000279,SMAP1,AKIRIN2,No Annotation,SMAP1--AKIRIN2
1696,CCDC15--GRAMD1B,ENSG00000023171,ENSG00000149548,Q3KR37,Q0P6D6,chr11,chr11,123431166,125038431,+,+,DANSY_101965,,,,ACH-000279,GRAMD1B,CCDC15,No Annotation,GRAMD1B--CCDC15
1697,ATP13A5--TYW3,ENSG00000162623,ENSG00000187527,Q6IPR3,Q4VNC0,chr1,chr3,74738788,193345075,+,-,DANSY_101970,,IPR059000|IPR044492,IPR059000|IPR044492,ACH-000279,TYW3,ATP13A5,Pre-existing,TYW3--ATP13A5
1698,PPP6R2--TMEM62,ENSG00000100239,ENSG00000137842,O75170,Q0P6H9,chr22,chr15,50406875,43169593,+,+,DANSY_101987,,IPR056230,IPR056230,ACH-000279,PPP6R2,TMEM62,Pre-existing,PPP6R2--TMEM62
1699,RYR1--SIRT2,ENSG00000068903,ENSG00000196218,Q8IXJ6,P21817,chr19,chr19,38889087,38579982,-,+,DANSY_102128,,IPR005821,IPR005821,ACH-000516,SIRT2,RYR1,Pre-existing,SIRT2--RYR1
1700,GLYR1--PPL,ENSG00000140632,ENSG00000118898,Q49A26,O60437,chr16,chr16,4811170,4890921,-,-,DANSY_102139,IPR000313|IPR006115,IPR058847|IPR058847,IPR000313|IPR006115|IPR058847|IPR058847,ACH-000516,GLYR1,PPL,Novel,GLYR1--PPL
1701,PTPRM--STK3,ENSG00000104375,ENSG00000173482,Q13188,P28827,chr8,chr18,98579664,8406109,-,+,DANSY_102657,IPR000719,,IPR000719,ACH-001300,STK3,PTPRM,Pre-existing,STK3--PTPRM
1702,ARNTL2--RNF115,ENSG00000265491,ENSG00000029153,Q9Y4L5,Q8WYA1,chr1,chr12,145771711,27376346,-,+,DANSY_102709,,IPR011598|IPR000014|IPR000014,IPR011598|IPR000014|IPR000014,ACH-000524,RNF115,ARNTL2,Pre-existing,RNF115--ARNTL2
1703,ARNTL2--RNF115,ENSG00000265491,ENSG00000029153,Q9Y4L5,Q8WYA1,chr1,chr12,145771711,27380247,-,+,DANSY_102710,,IPR011598|IPR000014|IPR000014,IPR011598|IPR000014|IPR000014,ACH-000524,RNF115,ARNTL2,Pre-existing,RNF115--ARNTL2
1704,L2HGDH--NEMF,ENSG00000165525,ENSG00000087299,O60524,Q9H9P8,chr14,chr14,49786718,50294246,-,-,DANSY_102711,IPR008532,,IPR008532,ACH-000524,NEMF,L2HGDH,Pre-existing,NEMF--L2HGDH
1705,C17orf78--RNF135,ENSG00000181481,ENSG00000278505,Q8IUD6,Q8N4C9,chr17,chr17,30988106,37389246,+,+,DANSY_102728,IPR001841,,IPR001841,ACH-000524,RNF135,C17orf78,Pre-existing,RNF135--C17orf78
1706,C17orf78--RNF135,ENSG00000181481,ENSG00000278505,Q8IUD6,Q8N4C9,chr17,chr17,30988106,37386009,+,+,DANSY_102729,IPR001841,,IPR001841,ACH-000524,RNF135,C17orf78,Pre-existing,RNF135--C17orf78
1707,CDRT1--STX8,ENSG00000170310,ENSG00000241322,Q9UNK0,O95170,chr17,chr17,9491829,15615809,-,-,DANSY_102741,,,,ACH-000524,STX8,CDRT1,No Annotation,STX8--CDRT1
1708,PAX8--PAX8,ENSG00000125618,ENSG00000125618,Q06710,Q06710,chr2,chr2,113242690,113246919,-,-,DANSY_102908,IPR001523,IPR001523|IPR022130,IPR001523|IPR001523|IPR022130,ACH-000411,PAX8,PAX8,Novel,PAX8--PAX8
1709,HIF1A--SNAPC1,ENSG00000100644,ENSG00000023608,Q16665,Q16533,chr14,chr14,61695839,61766876,+,+,DANSY_102909,,,,ACH-000411,HIF1A,SNAPC1,No Annotation,HIF1A--SNAPC1
1710,RNF115--TRNAU1AP,ENSG00000265491,ENSG00000180098,Q9Y4L5,Q9NX07,chr1,chr1,145823772,28571867,-,+,DANSY_102914,,,,ACH-000411,RNF115,TRNAU1AP,No Annotation,RNF115--TRNAU1AP
1711,MAML2--TUBA3D,ENSG00000184384,ENSG00000075886,Q8IZL2,P0DPH8,chr11,chr2,96341383,131478164,-,+,DANSY_102975,IPR019082,IPR003008|IPR018316,IPR019082|IPR003008|IPR018316,ACH-000718,MAML2,TUBA3D,Novel,MAML2--TUBA3D
1712,CNTNAP2--TPK1,ENSG00000174469,ENSG00000196511,Q9UHC6,Q9H3S4,chr7,chr7,147977989,144453663,+,-,DANSY_103067,IPR000421|IPR001791|IPR001791|IPR000742|IPR002181,,IPR000421|IPR001791|IPR001791|IPR000742|IPR002181,ACH-000903,CNTNAP2,TPK1,Pre-existing,CNTNAP2--TPK1
1713,CNTNAP2--TPK1,ENSG00000196511,ENSG00000174469,Q9H3S4,Q9UHC6,chr7,chr7,144548491,147639106,-,+,DANSY_103068,IPR007371,IPR001791|IPR000742|IPR001791|IPR003585,IPR007371|IPR001791|IPR000742|IPR001791|IPR003585,ACH-000903,TPK1,CNTNAP2,Novel,TPK1--CNTNAP2
1714,LRMDA--RNLS,ENSG00000148655,ENSG00000184719,Q9H2I8,Q5VYX0,chr10,chr10,76324485,88362725,+,-,DANSY_103070,,,,ACH-000903,LRMDA,RNLS,No Annotation,LRMDA--RNLS
1715,PRR13--SP1,ENSG00000185591,ENSG00000205352,P08047,Q9NZ81,chr12,chr12,53383622,53442695,+,+,DANSY_103175,,,,ACH-002021,SP1,PRR13,No Annotation,SP1--PRR13
1716,NOL10--PDIA6,ENSG00000115761,ENSG00000143870,Q9BSC4,Q15084,chr2,chr2,10644320,10788981,-,-,DANSY_103177,,IPR057305,IPR057305,ACH-002021,NOL10,PDIA6,Pre-existing,NOL10--PDIA6
1717,KAT6A--PLAT,ENSG00000083168,ENSG00000104368,Q92794,P00750,chr8,chr8,41987455,42193211,-,-,DANSY_103179,IPR048589|IPR005818,IPR000083|IPR000742|IPR000001|IPR000001|IPR001254,IPR048589|IPR005818|IPR000083|IPR000742|IPR000001|IPR000001|IPR001254,ACH-002021,KAT6A,PLAT,Novel,KAT6A--PLAT
1718,ASH2L--BAG4,ENSG00000156735,ENSG00000129691,O95429,Q9UBL3,chr8,chr8,38177139,38133454,+,+,DANSY_103185,,,,ACH-002021,BAG4,ASH2L,No Annotation,BAG4--ASH2L
1719,PPP6R2--SELENOO,ENSG00000100239,ENSG00000073169,O75170,Q9BVL4,chr22,chr22,50394135,50206317,+,+,DANSY_103239,,,,ACH-002021,PPP6R2,SELENOO,No Annotation,PPP6R2--SELENOO
1720,EWSR1--FLI1,ENSG00000182944,ENSG00000151702,Q01844,Q01543,chr22,chr11,29287134,128805366,+,+,DANSY_103447,,IPR000418,IPR000418,ACH-000499,EWSR1,FLI1,Pre-existing,EWSR1--FLI1
1721,RALYL--TRHDE,ENSG00000072657,ENSG00000184672,Q9UKU6,Q86SE5,chr12,chr8,72378121,84887604,+,+,DANSY_103449,IPR045357,,IPR045357,ACH-000499,TRHDE,RALYL,Pre-existing,TRHDE--RALYL
1722,ANKRD36--CPED1,ENSG00000135976,ENSG00000106034,A6QL64,A4D0V7,chr2,chr7,97224879,121266227,+,+,DANSY_103475,,,,ACH-000499,ANKRD36,CPED1,No Annotation,ANKRD36--CPED1
1723,FN1--FN1,ENSG00000115414,ENSG00000115414,P02751,P02751,chr2,chr2,215430715,215434824,-,-,DANSY_103566,IPR000083|IPR000083|IPR000083|IPR000083,IPR000083|IPR000083|IPR000083|IPR000083|IPR000083|IPR000083|IPR000562|IPR000562|IPR000083|IPR000083|IPR000083|IPR003961|IPR003961|IPR003961|IPR003961|IPR003961|IPR003961|IPR003961|IPR003961|IPR003961|IPR003961|IPR003961|IPR003961|IPR003961|IPR003961|IPR003961|IPR003961|IPR003961|IPR000083|IPR000083|IPR000083,IPR000083|IPR000083|IPR000083|IPR000083|IPR000083|IPR000083|IPR000083|IPR000083|IPR000083|IPR000083|IPR000562|IPR000562|IPR000083|IPR000083|IPR000083|IPR003961|IPR003961|IPR003961|IPR003961|IPR003961|IPR003961|IPR003961|IPR003961|IPR003961|IPR003961|IPR003961|IPR003961|IPR003961|IPR003961|IPR003961|IPR003961|IPR003961|IPR000083|IPR000083|IPR000083,ACH-000278,FN1,FN1,Novel,FN1--FN1
1724,SPIDR--ZNF875,ENSG00000181666,ENSG00000164808,P10072,Q14159,chr19,chr8,37347872,47735307,+,+,DANSY_103568,,,,ACH-000278,ZNF875,SPIDR,No Annotation,ZNF875--SPIDR
1725,GOLPH3L--RPRD2,ENSG00000163125,ENSG00000143457,Q5VT52,Q9H4A5,chr1,chr1,150364919,150648748,+,-,DANSY_103694,,,,ACH-000202,RPRD2,GOLPH3L,No Annotation,RPRD2--GOLPH3L
1726,ANP32E--GOLPH3L,ENSG00000143401,ENSG00000143457,Q9BTT0,Q9H4A5,chr1,chr1,150226608,150663763,-,-,DANSY_103702,,,,ACH-000202,ANP32E,GOLPH3L,No Annotation,ANP32E--GOLPH3L
1727,CCDC175--SRP54,ENSG00000100883,ENSG00000151838,P61011,P0C221,chr14,chr14,34996787,59521676,+,-,DANSY_103711,,,,ACH-000202,SRP54,CCDC175,No Annotation,SRP54--CCDC175
1728,INIP--NEK6,ENSG00000119408,ENSG00000148153,Q9HC98,Q9NRY2,chr9,chr9,124293013,112694233,+,-,DANSY_103722,,,,ACH-000202,NEK6,INIP,No Annotation,NEK6--INIP
1729,INIP--NEK6,ENSG00000119408,ENSG00000148153,Q9HC98,Q9NRY2,chr9,chr9,124293013,112716541,+,-,DANSY_103723,,,,ACH-000202,NEK6,INIP,No Annotation,NEK6--INIP
1730,KMT2A--MLLT1,ENSG00000118058,ENSG00000130382,Q03164,Q03111,chr11,chr19,118484314,6270759,+,-,DANSY_103912,IPR002857,IPR055129|IPR040930,IPR002857|IPR055129|IPR040930,ACH-001736,KMT2A,MLLT1,Novel,KMT2A--MLLT1
1731,KMT2A--MLLT1,ENSG00000118058,ENSG00000130382,Q03164,Q03111,chr11,chr19,118484975,6270759,+,-,DANSY_103913,IPR002857,IPR055129|IPR040930,IPR002857|IPR055129|IPR040930,ACH-001736,KMT2A,MLLT1,Novel,KMT2A--MLLT1
1732,AMBP--KIF12,ENSG00000136883,ENSG00000106927,Q96FN5,P02760,chr9,chr9,114093886,114075036,-,-,DANSY_103919,IPR001752,IPR002223|IPR002223,IPR001752|IPR002223|IPR002223,ACH-001736,KIF12,AMBP,Novel,KIF12--AMBP
1733,ARHGAP29--IGSF3,ENSG00000137962,ENSG00000143061,Q52LW3,O75054,chr1,chr1,94205635,116589104,-,-,DANSY_104037,IPR057028,IPR003599|IPR003598|IPR003599,IPR057028|IPR003599|IPR003598|IPR003599,ACH-001379,ARHGAP29,IGSF3,Novel,ARHGAP29--IGSF3
1734,ATR--MAP3K13,ENSG00000073803,ENSG00000175054,O43283,Q13535,chr3,chr3,185285643,142453233,+,-,DANSY_104400,,,,ACH-000128,MAP3K13,ATR,No Annotation,MAP3K13--ATR
1735,CKS2--ZNF618,ENSG00000123975,ENSG00000157657,P33552,Q5T7W0,chr9,chr9,89311351,113988321,+,+,DANSY_104406,,IPR013087|IPR013087|IPR013087|IPR013087,IPR013087|IPR013087|IPR013087|IPR013087,ACH-000128,CKS2,ZNF618,Pre-existing,CKS2--ZNF618
1736,KIRREL1--SP1,ENSG00000183853,ENSG00000185591,Q96J84,P08047,chr1,chr12,157993728,53406585,+,+,DANSY_104550,,IPR013087|IPR013087|IPR013087,IPR013087|IPR013087|IPR013087,ACH-002508,KIRREL1,SP1,Pre-existing,KIRREL1--SP1
1737,CLTCL1--CSMD1,ENSG00000070371,ENSG00000183117,P53675,Q96PZ7,chr22,chr8,19275623,3307821,-,-,DANSY_104555,,IPR000859|IPR000436|IPR000859|IPR000436|IPR000859|IPR000436|IPR000859|IPR000436|IPR000859|IPR000436|IPR000859|IPR000436|IPR000859|IPR000436|IPR000436|IPR000436|IPR000436|IPR000436|IPR000436|IPR000436|IPR000436|IPR000436|IPR000436|IPR000436|IPR000436|IPR000436|IPR000436|IPR000436,IPR000859|IPR000436|IPR000859|IPR000436|IPR000859|IPR000436|IPR000859|IPR000436|IPR000859|IPR000436|IPR000859|IPR000436|IPR000859|IPR000436|IPR000436|IPR000436|IPR000436|IPR000436|IPR000436|IPR000436|IPR000436|IPR000436|IPR000436|IPR000436|IPR000436|IPR000436|IPR000436|IPR000436,ACH-002508,CLTCL1,CSMD1,Pre-existing,CLTCL1--CSMD1
1738,CACNA1C--ITFG2,ENSG00000111203,ENSG00000151067,Q969R8,Q13936,chr12,chr12,2812856,2690900,+,+,DANSY_104575,,IPR031688,IPR031688,ACH-002508,ITFG2,CACNA1C,Pre-existing,ITFG2--CACNA1C
1739,ANKRD17--ANKRD17,ENSG00000132466,ENSG00000132466,O75179,O75179,chr4,chr4,73144745,73154113,-,-,DANSY_104646,,IPR004087,IPR004087,ACH-000696,ANKRD17,ANKRD17,Pre-existing,ANKRD17--ANKRD17
1740,EFTUD2--EFTUD2,ENSG00000108883,ENSG00000108883,Q15029,Q15029,chr17,chr17,44863655,44865065,-,-,DANSY_104647,IPR031950|IPR000795,IPR004161|IPR041095|IPR005517|IPR000640,IPR031950|IPR000795|IPR004161|IPR041095|IPR005517|IPR000640,ACH-000696,EFTUD2,EFTUD2,Pre-existing,EFTUD2--EFTUD2
1741,FLYWCH1--FLYWCH2,ENSG00000059122,ENSG00000162076,Q4VC44,Q96CP2,chr16,chr16,2938456,2899049,+,+,DANSY_104650,IPR029279|IPR007588|IPR007588|IPR007588|IPR007588|IPR007588,,IPR029279|IPR007588|IPR007588|IPR007588|IPR007588|IPR007588,ACH-000696,FLYWCH1,FLYWCH2,Pre-existing,FLYWCH1--FLYWCH2
1742,RPIA--RPIA,ENSG00000153574,ENSG00000153574,P49247,P49247,chr2,chr2,88736676,88729278,+,+,DANSY_104659,,,,ACH-000696,RPIA,RPIA,No Annotation,RPIA--RPIA
1743,ITCH--ITCH,ENSG00000078747,ENSG00000078747,Q96J02,Q96J02,chr20,chr20,34457474,34438474,+,+,DANSY_104667,IPR000008|IPR001202|IPR001202,IPR001202|IPR001202|IPR001202|IPR001202|IPR000569,IPR000008|IPR001202|IPR001202|IPR001202|IPR001202|IPR001202|IPR001202|IPR000569,ACH-000696,ITCH,ITCH,Novel,ITCH--ITCH
1744,FBXL7--TRIO,ENSG00000183580,ENSG00000038382,Q9UJT9,O75962,chr5,chr5,15616072,14270825,+,+,DANSY_104673,,IPR001251|IPR000219|IPR001849|IPR001452|IPR000219|IPR001849|IPR001452|IPR003598|IPR000719,IPR001251|IPR000219|IPR001849|IPR001452|IPR000219|IPR001849|IPR001452|IPR003598|IPR000719,ACH-000696,FBXL7,TRIO,Pre-existing,FBXL7--TRIO
1745,EWSR1--FLI1,ENSG00000182944,ENSG00000151702,Q01844,Q01543,chr22,chr11,29287134,128781958,+,+,DANSY_104822,,IPR000418,IPR000418,ACH-000041,EWSR1,FLI1,Pre-existing,EWSR1--FLI1
1746,CDC37L1--PUM3,ENSG00000080608,ENSG00000106993,Q15397,Q7L3B6,chr9,chr9,2837180,4697096,-,+,DANSY_104956,,,,ACH-001307,PUM3,CDC37L1,No Annotation,PUM3--CDC37L1
1747,NF1--RAB11FIP4,ENSG00000196712,ENSG00000131242,P21359,Q86YS3,chr17,chr17,31249119,31517651,+,+,DANSY_105019,,IPR057316|IPR019018,IPR057316|IPR019018,ACH-000341,NF1,RAB11FIP4,Pre-existing,NF1--RAB11FIP4
1748,NF1--RAB11FIP4,ENSG00000196712,ENSG00000131242,P21359,Q86YS3,chr17,chr17,31253000,31517651,+,+,DANSY_105020,,IPR057316|IPR019018,IPR057316|IPR019018,ACH-000341,NF1,RAB11FIP4,Pre-existing,NF1--RAB11FIP4
1749,DCAF1--MKRN2,ENSG00000145041,ENSG00000075975,Q9Y4B6,Q9H000,chr3,chr3,51483719,12581808,-,+,DANSY_105158,,IPR000571,IPR000571,ACH-001740,DCAF1,MKRN2,Pre-existing,DCAF1--MKRN2
1750,FOXO1--PAX3,ENSG00000135903,ENSG00000150907,P23760,Q12778,chr2,chr13,222220140,40560860,-,-,DANSY_105162,IPR001523|IPR001356|IPR022106,IPR032068|IPR032067,IPR001523|IPR001356|IPR022106|IPR032068|IPR032067,ACH-001740,PAX3,FOXO1,Novel,PAX3--FOXO1
1751,ACVR1C--ERMN,ENSG00000136541,ENSG00000123612,Q8TAM6,Q8NER5,chr2,chr2,157324670,157550392,-,-,DANSY_105179,,IPR000719,IPR000719,ACH-001740,ERMN,ACVR1C,Pre-existing,ERMN--ACVR1C
1752,BRINP3--PLA2G4A,ENSG00000162670,ENSG00000116711,Q76B58,P47712,chr1,chr1,190226082,186965409,-,+,DANSY_105279,IPR020864|IPR057450,,IPR020864|IPR057450,ACH-001393,BRINP3,PLA2G4A,Pre-existing,BRINP3--PLA2G4A
1753,BRINP3--PLA2G4A,ENSG00000116711,ENSG00000162670,P47712,Q76B58,chr1,chr1,186956344,190160890,+,-,DANSY_105280,IPR000008,IPR057671,IPR000008|IPR057671,ACH-001393,PLA2G4A,BRINP3,Novel,PLA2G4A--BRINP3
1754,ARRB1--THAP12,ENSG00000137492,ENSG00000137486,O43422,P49407,chr11,chr11,76380748,75290039,-,-,DANSY_105283,,IPR011021|IPR011022,IPR011021|IPR011022,ACH-001393,THAP12,ARRB1,Pre-existing,THAP12--ARRB1
1755,C17orf75--NR1D1,ENSG00000108666,ENSG00000126368,Q9HAS0,P20393,chr17,chr17,32333464,40097403,-,-,DANSY_105285,,IPR001628|IPR000536,IPR001628|IPR000536,ACH-001393,C17orf75,NR1D1,Pre-existing,C17orf75--NR1D1
1756,DNAJC17--PPP1R14D,ENSG00000104129,ENSG00000166143,Q9NVM6,Q9NXH3,chr15,chr15,40773727,40816253,-,-,DANSY_105300,IPR001623|IPR000504,,IPR001623|IPR000504,ACH-001393,DNAJC17,PPP1R14D,Pre-existing,DNAJC17--PPP1R14D
1757,DNAJC17--PPP1R14D,ENSG00000104129,ENSG00000166143,Q9NVM6,Q9NXH3,chr15,chr15,40773727,40817347,-,-,DANSY_105301,IPR001623|IPR000504,,IPR001623|IPR000504,ACH-001393,DNAJC17,PPP1R14D,Pre-existing,DNAJC17--PPP1R14D
1758,FAM168A--SLC43A1,ENSG00000054965,ENSG00000149150,Q92567,O75387,chr11,chr11,73419874,57501329,-,-,DANSY_105308,,,,ACH-001393,FAM168A,SLC43A1,No Annotation,FAM168A--SLC43A1
1759,FAM168A--SLC43A1,ENSG00000054965,ENSG00000149150,Q92567,O75387,chr11,chr11,73419874,57501374,-,-,DANSY_105309,,,,ACH-001393,FAM168A,SLC43A1,No Annotation,FAM168A--SLC43A1
1760,TC2N--TRIP11,ENSG00000165929,ENSG00000100815,Q8N9U0,Q15643,chr14,chr14,91813703,91969893,-,-,DANSY_105318,,,,ACH-001393,TC2N,TRIP11,No Annotation,TC2N--TRIP11
1761,GRB2--GRB2,ENSG00000177885,ENSG00000177885,P62993,P62993,chr17,chr17,75321659,75332797,-,-,DANSY_105515,IPR001452|IPR000980,IPR000980|IPR001452,IPR001452|IPR000980|IPR000980|IPR001452,ACH-001694,GRB2,GRB2,Novel,GRB2--GRB2
1762,ANKRD13D--SSH3,ENSG00000172830,ENSG00000172932,Q8TE77,Q6ZTN6,chr11,chr11,67309543,67299058,+,+,DANSY_105518,IPR043588|IPR014876,,IPR043588|IPR014876,ACH-001694,SSH3,ANKRD13D,Pre-existing,SSH3--ANKRD13D
1763,NPY5R--TMA16,ENSG00000198498,ENSG00000164129,Q96EY4,Q15761,chr4,chr4,163494804,163350265,+,+,DANSY_105583,,IPR017452,IPR017452,ACH-001542,TMA16,NPY5R,Pre-existing,TMA16--NPY5R
1764,DNAI1--MTAP,ENSG00000099810,ENSG00000122735,Q13126,Q9UI46,chr9,chr9,21854870,34483448,+,+,DANSY_105586,,,,ACH-001542,MTAP,DNAI1,No Annotation,MTAP--DNAI1
1765,CCDC88A--PPP4R3B,ENSG00000115355,ENSG00000275052,Q3V6T2,Q5MIZ7,chr2,chr2,55388778,55604076,-,-,DANSY_105831,,IPR006887,IPR006887,ACH-001366,CCDC88A,PPP4R3B,Pre-existing,CCDC88A--PPP4R3B
1766,CTDSP2--KNTC1,ENSG00000184445,ENSG00000175215,P50748,O14595,chr12,chr12,122575899,57846435,+,-,DANSY_105850,IPR055402|IPR055403,IPR004274,IPR055402|IPR055403|IPR004274,ACH-001366,KNTC1,CTDSP2,Novel,KNTC1--CTDSP2
1767,EML5--NRDE2,ENSG00000165521,ENSG00000119720,Q05BV3,Q9H7Z3,chr14,chr14,88642893,90318113,-,-,DANSY_105867,IPR055439|IPR055442|IPR055439|IPR055442,,IPR055439|IPR055442|IPR055439|IPR055442,ACH-001366,EML5,NRDE2,Pre-existing,EML5--NRDE2
1768,CPM--CPSF6,ENSG00000111605,ENSG00000135678,Q16630,P14384,chr12,chr12,69239706,68932840,+,-,DANSY_105877,,IPR000834,IPR000834,ACH-001366,CPSF6,CPM,Pre-existing,CPSF6--CPM
1769,ELP2--FHOD3,ENSG00000134775,ENSG00000134759,Q2V2M9,Q6IA86,chr18,chr18,36730804,36138270,+,+,DANSY_105889,IPR014768,,IPR014768,ACH-001366,FHOD3,ELP2,Pre-existing,FHOD3--ELP2
1770,AGAP2--CTDSP2,ENSG00000135439,ENSG00000175215,Q99490,O14595,chr12,chr12,57734026,57829596,-,-,DANSY_105916,,IPR004274,IPR004274,ACH-001366,AGAP2,CTDSP2,Pre-existing,AGAP2--CTDSP2
1771,NAPEPLD--POU2F3,ENSG00000161048,ENSG00000137709,Q6IQ20,Q9UKI9,chr7,chr11,103128483,120298265,-,+,DANSY_106293,,IPR000327|IPR001356,IPR000327|IPR001356,ACH-000532,NAPEPLD,POU2F3,Pre-existing,NAPEPLD--POU2F3
1772,FCHSD2--NCF2,ENSG00000137478,ENSG00000116701,O94868,P19878,chr11,chr1,73140031,183577707,-,-,DANSY_106335,,IPR001452|IPR000270|IPR001452,IPR001452|IPR000270|IPR001452,ACH-000653,FCHSD2,NCF2,Pre-existing,FCHSD2--NCF2
1773,EFTUD2--MAP3K14,ENSG00000108883,ENSG00000006062,Q15029,Q99558,chr17,chr17,44872446,45289305,-,-,DANSY_106339,IPR031950,IPR000719,IPR031950|IPR000719,ACH-000653,EFTUD2,MAP3K14,Novel,EFTUD2--MAP3K14
1774,MPI--SCAMP2,ENSG00000140497,ENSG00000178802,O15127,P34949,chr15,chr15,74873199,74891379,-,+,DANSY_106343,,IPR046458|IPR046456,IPR046458|IPR046456,ACH-000653,SCAMP2,MPI,Pre-existing,SCAMP2--MPI
1775,APOBEC3B--APOBEC3F,ENSG00000128394,ENSG00000179750,Q8IUX4,Q9UH17,chr22,chr22,39045220,38986298,+,+,DANSY_106361,IPR002125,IPR002125,IPR002125|IPR002125,ACH-000653,APOBEC3F,APOBEC3B,Pre-existing,APOBEC3F--APOBEC3B
1776,CLTC--VMP1,ENSG00000141367,ENSG00000062716,Q00610,Q96GC9,chr17,chr17,59674843,59838295,+,+,DANSY_106498,IPR015348,IPR059828,IPR015348|IPR059828,ACH-000839,CLTC,VMP1,Novel,CLTC--VMP1
1777,CAD--KHK,ENSG00000084774,ENSG00000138030,P27708,P50053,chr2,chr2,27232694,27097503,+,+,DANSY_106512,IPR002474|IPR017926|IPR005483|IPR005483|IPR005479|IPR005483|IPR005480,,IPR002474|IPR017926|IPR005483|IPR005483|IPR005479|IPR005483|IPR005480,ACH-000839,CAD,KHK,Pre-existing,CAD--KHK
1778,SRGAP1--TMEM19,ENSG00000139291,ENSG00000196935,Q96HH6,Q7Z6B7,chr12,chr12,71686810,63983947,+,+,DANSY_106597,,IPR001060|IPR037451|IPR000198|IPR001452,IPR001060|IPR037451|IPR000198|IPR001452,ACH-000673,TMEM19,SRGAP1,Pre-existing,TMEM19--SRGAP1
1779,ROCK1--RTTN,ENSG00000176225,ENSG00000067900,Q86VV8,Q13464,chr18,chr18,70047971,21070613,-,-,DANSY_106607,IPR029249,IPR000719|IPR000961|IPR011072|IPR015008|IPR001849,IPR029249|IPR000719|IPR000961|IPR011072|IPR015008|IPR001849,ACH-000673,RTTN,ROCK1,Novel,RTTN--ROCK1
1780,B4GALT1--LETM1,ENSG00000086062,ENSG00000168924,P15291,O95202,chr9,chr4,33135189,1825683,-,-,DANSY_106708,,IPR059005|IPR002048,IPR059005|IPR002048,ACH-001524,B4GALT1,LETM1,Pre-existing,B4GALT1--LETM1
1781,RBFOX3--USP36,ENSG00000055483,ENSG00000167281,Q9P275,A6NFN3,chr17,chr17,78814412,79104126,-,-,DANSY_106709,,IPR025670,IPR025670,ACH-001524,USP36,RBFOX3,Pre-existing,USP36--RBFOX3
1782,ARMH3--NAA25,ENSG00000120029,ENSG00000111300,Q5T2E6,Q14CX7,chr10,chr12,101975212,112093136,-,-,DANSY_106717,,,,ACH-001524,ARMH3,NAA25,No Annotation,ARMH3--NAA25
1783,VCL--VCL,ENSG00000035403,ENSG00000035403,P18206,P18206,chr10,chr10,74109156,74043083,+,+,DANSY_106925,,,,ACH-000323,VCL,VCL,No Annotation,VCL--VCL
1784,DPH5--SLC30A7,ENSG00000117543,ENSG00000162695,Q9H2P9,Q8NEW0,chr1,chr1,101025309,100974810,-,+,DANSY_106931,,,,ACH-000323,DPH5,SLC30A7,No Annotation,DPH5--SLC30A7
1785,RELCH--TNFRSF11A,ENSG00000134444,ENSG00000141655,Q9P260,Q9Y6Q6,chr18,chr18,62188031,62384751,+,+,DANSY_106935,,,,ACH-000323,RELCH,TNFRSF11A,No Annotation,RELCH--TNFRSF11A
1786,KANSL2--TMEM178B,ENSG00000139620,ENSG00000261115,Q9H9L4,H3BS89,chr12,chr7,48679655,141212591,-,+,DANSY_106937,IPR025927,,IPR025927,ACH-000323,KANSL2,TMEM178B,Pre-existing,KANSL2--TMEM178B
1787,KIT--SCFD2,ENSG00000184178,ENSG00000157404,Q8WU76,P10721,chr4,chr4,53145333,54695512,-,+,DANSY_106956,,IPR003599|IPR003598|IPR003599|IPR000719,IPR003599|IPR003598|IPR003599|IPR000719,ACH-000323,SCFD2,KIT,Pre-existing,SCFD2--KIT
1788,KPNB1--ZNF595,ENSG00000108424,ENSG00000272602,Q14974,Q8IYB9,chr17,chr4,47665158,59430,+,+,DANSY_107029,IPR001494,IPR001909|IPR013087|IPR013087|IPR013087|IPR013087|IPR013087|IPR013087|IPR013087|IPR013087|IPR013087|IPR013087|IPR013087|IPR013087|IPR013087|IPR013087|IPR013087|IPR013087|IPR013087|IPR013087,IPR001494|IPR001909|IPR013087|IPR013087|IPR013087|IPR013087|IPR013087|IPR013087|IPR013087|IPR013087|IPR013087|IPR013087|IPR013087|IPR013087|IPR013087|IPR013087|IPR013087|IPR013087|IPR013087|IPR013087,ACH-000021,KPNB1,ZNF595,Novel,KPNB1--ZNF595
1789,CDH1--CDH3,ENSG00000039068,ENSG00000062038,P12830,P22223,chr16,chr16,68812263,68698191,+,+,DANSY_107033,IPR014868|IPR002126,IPR000233,IPR014868|IPR002126|IPR000233,ACH-000021,CDH1,CDH3,Novel,CDH1--CDH3
1790,CC2D2A--CPEB2,ENSG00000137449,ENSG00000048342,Q7Z5Q1,Q9P2K1,chr4,chr4,15017278,15553158,+,+,DANSY_107035,IPR000504|IPR000504|IPR032296,IPR000008|IPR056290|IPR056288,IPR000504|IPR000504|IPR032296|IPR000008|IPR056290|IPR056288,ACH-000021,CPEB2,CC2D2A,Novel,CPEB2--CC2D2A
1791,AGAP3--TTC26,ENSG00000133612,ENSG00000105948,Q96P47,A0AVF1,chr7,chr7,151123886,139165132,+,+,DANSY_107038,,,,ACH-000021,AGAP3,TTC26,No Annotation,AGAP3--TTC26
1792,ZNF254--ZNF708,ENSG00000182141,ENSG00000213096,P17019,O75437,chr19,chr19,21309246,24126254,-,+,DANSY_107042,IPR001909,IPR013087|IPR013087|IPR013087|IPR013087|IPR013087|IPR013087|IPR013087|IPR013087|IPR013087|IPR013087|IPR013087|IPR013087|IPR013087|IPR013087|IPR013087,IPR001909|IPR013087|IPR013087|IPR013087|IPR013087|IPR013087|IPR013087|IPR013087|IPR013087|IPR013087|IPR013087|IPR013087|IPR013087|IPR013087|IPR013087|IPR013087,ACH-000021,ZNF708,ZNF254,Pre-existing,ZNF708--ZNF254
1793,C7orf50--ZFAND2A,ENSG00000146540,ENSG00000178381,Q9BRJ6,Q8N6M9,chr7,chr7,1127257,1158257,-,-,DANSY_107205,,IPR000058|IPR057357|IPR000058,IPR000058|IPR057357|IPR000058,ACH-001863,C7orf50,ZFAND2A,Pre-existing,C7orf50--ZFAND2A
1794,CAMSAP2--HACD3,ENSG00000118200,ENSG00000074696,Q08AD1,Q9P035,chr1,chr15,200761098,65551676,+,+,DANSY_107690,,,,ACH-000106,CAMSAP2,HACD3,No Annotation,CAMSAP2--HACD3
1795,GUSB--ITPRID1,ENSG00000169919,ENSG00000180347,P08236,Q6ZRS4,chr7,chr7,65967731,31642682,-,+,DANSY_107847,IPR006104|IPR006102,IPR029326,IPR006104|IPR006102|IPR029326,ACH-000734,GUSB,ITPRID1,Novel,GUSB--ITPRID1
1796,CDK6--FAM133B,ENSG00000234545,ENSG00000105810,Q5BKY9,Q00534,chr7,chr7,92581506,92623086,-,-,DANSY_107891,,,,ACH-000845,FAM133B,CDK6,No Annotation,FAM133B--CDK6
1797,CDK6--FAM133B,ENSG00000234545,ENSG00000105810,Q5BKY9,Q00534,chr7,chr7,92581506,92618207,-,-,DANSY_107892,,,,ACH-000845,FAM133B,CDK6,No Annotation,FAM133B--CDK6
1798,PARD3--TMTC1,ENSG00000148498,ENSG00000133687,Q8TEW0,Q8IUR5,chr10,chr12,34269657,29768075,-,-,DANSY_107896,IPR021922|IPR001478|IPR001478|IPR001478,IPR013618,IPR021922|IPR001478|IPR001478|IPR001478|IPR013618,ACH-000845,PARD3,TMTC1,Novel,PARD3--TMTC1
1799,FRMD4B--ZNF654,ENSG00000175105,ENSG00000114541,Q8IZM8,Q9Y2L6,chr3,chr3,88113196,69250099,+,-,DANSY_107956,,IPR021774,IPR021774,ACH-001982,ZNF654,FRMD4B,Pre-existing,ZNF654--FRMD4B
1800,SLC39A8--SLC9B1,ENSG00000138821,ENSG00000164037,Q9C0K1,Q4ZJI4,chr4,chr4,102304317,102906644,-,-,DANSY_108179,,,,ACH-001334,SLC39A8,SLC9B1,No Annotation,SLC39A8--SLC9B1
1801,SLC39A8--SLC9B1,ENSG00000138821,ENSG00000164037,Q9C0K1,Q4ZJI4,chr4,chr4,102304317,102901332,-,-,DANSY_108180,,,,ACH-001334,SLC39A8,SLC9B1,No Annotation,SLC39A8--SLC9B1
1802,SLC39A8--SLC9B1,ENSG00000138821,ENSG00000164037,Q9C0K1,Q4ZJI4,chr4,chr4,102304317,102885328,-,-,DANSY_108181,,,,ACH-001334,SLC39A8,SLC9B1,No Annotation,SLC39A8--SLC9B1
1803,SLC39A8--SLC9B1,ENSG00000138821,ENSG00000164037,Q9C0K1,Q4ZJI4,chr4,chr4,102307436,102906644,-,-,DANSY_108182,,,,ACH-001334,SLC39A8,SLC9B1,No Annotation,SLC39A8--SLC9B1
1804,MAPKAPK2--RASSF5,ENSG00000162889,ENSG00000266094,P49137,Q8WWW0,chr1,chr1,206685508,206583269,+,+,DANSY_108183,,IPR000159|IPR011524,IPR000159|IPR011524,ACH-001334,MAPKAPK2,RASSF5,Pre-existing,MAPKAPK2--RASSF5
1805,NEDD4--RFX7,ENSG00000181827,ENSG00000069869,Q2KHR2,P46934,chr15,chr15,56142778,55951589,-,-,DANSY_108184,,IPR001202|IPR001202|IPR001202|IPR001202|IPR000569,IPR001202|IPR001202|IPR001202|IPR001202|IPR000569,ACH-001334,RFX7,NEDD4,Pre-existing,RFX7--NEDD4
1806,ATL3--DEFB131B,ENSG00000184743,ENSG00000225805,Q6DD88,A0A096LNP1,chr11,chr11,63671290,71884407,-,+,DANSY_108242,,IPR025933,IPR025933,ACH-001543,ATL3,DEFB131B,Pre-existing,ATL3--DEFB131B
1807,ISOC1--SPOCK1,ENSG00000066583,ENSG00000152377,Q96CN7,Q08629,chr5,chr5,129095075,137267055,+,-,DANSY_108248,,IPR002350|IPR019577|IPR000716,IPR002350|IPR019577|IPR000716,ACH-001543,ISOC1,SPOCK1,Pre-existing,ISOC1--SPOCK1
1808,LARS1--PCDHA12,ENSG00000133706,ENSG00000251664,Q9P2J5,Q9UN75,chr5,chr5,146171910,140875389,-,+,DANSY_108250,,IPR002126|IPR002126|IPR002126|IPR002126|IPR002126|IPR031904,IPR002126|IPR002126|IPR002126|IPR002126|IPR002126|IPR031904,ACH-001543,LARS1,PCDHA12,Pre-existing,LARS1--PCDHA12
1809,LARS1--PCDHA12,ENSG00000133706,ENSG00000251664,Q9P2J5,Q9UN75,chr5,chr5,146171910,140978949,-,+,DANSY_108251,,IPR031904,IPR031904,ACH-001543,LARS1,PCDHA12,Pre-existing,LARS1--PCDHA12
1810,LARS1--PCDHA4,ENSG00000133706,ENSG00000204967,Q9P2J5,Q9UN74,chr5,chr5,146171910,140978949,-,+,DANSY_108258,,IPR031904,IPR031904,ACH-001543,LARS1,PCDHA4,Pre-existing,LARS1--PCDHA4
1811,LARS1--PCDHA5,ENSG00000133706,ENSG00000204965,Q9P2J5,Q9Y5H7,chr5,chr5,146171910,140978949,-,+,DANSY_108259,,IPR031904,IPR031904,ACH-001543,LARS1,PCDHA5,Pre-existing,LARS1--PCDHA5
1812,LARS1--PCDHA11,ENSG00000133706,ENSG00000249158,Q9P2J5,Q9Y5I1,chr5,chr5,146171910,140978949,-,+,DANSY_108260,,IPR031904,IPR031904,ACH-001543,LARS1,PCDHA11,Pre-existing,LARS1--PCDHA11
1813,LARS1--PCDHA13,ENSG00000133706,ENSG00000239389,Q9P2J5,Q9Y5I0,chr5,chr5,146171910,140978949,-,+,DANSY_108261,,IPR031904,IPR031904,ACH-001543,LARS1,PCDHA13,Pre-existing,LARS1--PCDHA13
1814,LARS1--PCDHAC2,ENSG00000133706,ENSG00000243232,Q9P2J5,Q9Y5I4,chr5,chr5,146171910,140978949,-,+,DANSY_108262,,IPR031904,IPR031904,ACH-001543,LARS1,PCDHAC2,Pre-existing,LARS1--PCDHAC2
1815,LARS1--PCDHA1,ENSG00000133706,ENSG00000204970,Q9P2J5,Q9Y5I3,chr5,chr5,146171910,140978949,-,+,DANSY_108266,,IPR031904,IPR031904,ACH-001543,LARS1,PCDHA1,Pre-existing,LARS1--PCDHA1
1816,LARS1--PCDHA2,ENSG00000133706,ENSG00000204969,Q9P2J5,Q9Y5H9,chr5,chr5,146171910,140978949,-,+,DANSY_108267,,IPR031904,IPR031904,ACH-001543,LARS1,PCDHA2,Pre-existing,LARS1--PCDHA2
1817,LARS1--PCDHA3,ENSG00000133706,ENSG00000255408,Q9P2J5,Q9Y5H8,chr5,chr5,146171910,140978949,-,+,DANSY_108268,,IPR031904,IPR031904,ACH-001543,LARS1,PCDHA3,Pre-existing,LARS1--PCDHA3
1818,LARS1--PCDHA6,ENSG00000133706,ENSG00000081842,Q9P2J5,Q9UN73,chr5,chr5,146171910,140978949,-,+,DANSY_108269,,IPR031904,IPR031904,ACH-001543,LARS1,PCDHA6,Pre-existing,LARS1--PCDHA6
1819,LARS1--PCDHA7,ENSG00000133706,ENSG00000204963,Q9P2J5,Q9UN72,chr5,chr5,146171910,140978949,-,+,DANSY_108270,,IPR031904,IPR031904,ACH-001543,LARS1,PCDHA7,Pre-existing,LARS1--PCDHA7
1820,LARS1--PCDHA8,ENSG00000133706,ENSG00000204962,Q9P2J5,Q9Y5H6,chr5,chr5,146171910,140978949,-,+,DANSY_108271,,IPR031904,IPR031904,ACH-001543,LARS1,PCDHA8,Pre-existing,LARS1--PCDHA8
1821,LARS1--PCDHA9,ENSG00000133706,ENSG00000204961,Q9P2J5,Q9Y5H5,chr5,chr5,146171910,140978949,-,+,DANSY_108272,,IPR031904,IPR031904,ACH-001543,LARS1,PCDHA9,Pre-existing,LARS1--PCDHA9
1822,LARS1--PCDHA10,ENSG00000133706,ENSG00000250120,Q9P2J5,Q9Y5I2,chr5,chr5,146171910,140978949,-,+,DANSY_108273,,IPR031904,IPR031904,ACH-001543,LARS1,PCDHA10,Pre-existing,LARS1--PCDHA10
1823,LARS1--PCDHAC1,ENSG00000133706,ENSG00000248383,Q9P2J5,Q9H158,chr5,chr5,146171910,140978949,-,+,DANSY_108274,,IPR031904,IPR031904,ACH-001543,LARS1,PCDHAC1,Pre-existing,LARS1--PCDHAC1
1824,GALNT8--PRMT8,ENSG00000130035,ENSG00000111218,Q9NY28,Q9NR22,chr12,chr12,4765546,3553651,+,+,DANSY_108342,IPR001173,IPR055135,IPR001173|IPR055135,ACH-000698,GALNT8,PRMT8,Novel,GALNT8--PRMT8
1825,CNTLN--USP43,ENSG00000154914,ENSG00000044459,Q70EL4,Q9NXG0,chr17,chr9,9666751,17226203,+,+,DANSY_108355,,,,ACH-000698,USP43,CNTLN,No Annotation,USP43--CNTLN
1826,BMS1--PARG,ENSG00000227345,ENSG00000165733,Q86W56,Q14692,chr10,chr10,49885203,42791627,-,+,DANSY_108582,,IPR012948|IPR007034,IPR012948|IPR007034,ACH-000802,PARG,BMS1,Pre-existing,PARG--BMS1
1827,GRIA4--PTBP2,ENSG00000117569,ENSG00000152578,Q9UKA9,P48058,chr1,chr11,96751500,105862024,+,+,DANSY_108636,,IPR001320,IPR001320,ACH-001836,PTBP2,GRIA4,Pre-existing,PTBP2--GRIA4
1828,GRIA4--PTBP2,ENSG00000117569,ENSG00000152578,Q9UKA9,P48058,chr1,chr11,96723594,105887519,+,+,DANSY_108637,,IPR001320,IPR001320,ACH-001836,PTBP2,GRIA4,Pre-existing,PTBP2--GRIA4
1829,CDK14--VPS50,ENSG00000058091,ENSG00000004766,O94921,Q96JG6,chr7,chr7,90899353,93308824,+,+,DANSY_108639,,IPR019514,IPR019514,ACH-001836,CDK14,VPS50,Pre-existing,CDK14--VPS50
1830,CDK14--VPS50,ENSG00000058091,ENSG00000004766,O94921,Q96JG6,chr7,chr7,90899353,93305828,+,+,DANSY_108640,,IPR019514,IPR019514,ACH-001836,CDK14,VPS50,Pre-existing,CDK14--VPS50
1831,CDK14--VPS50,ENSG00000058091,ENSG00000004766,O94921,Q96JG6,chr7,chr7,90899353,93334117,+,+,DANSY_108641,,IPR019514,IPR019514,ACH-001836,CDK14,VPS50,Pre-existing,CDK14--VPS50
1832,DNAJC6--PDE1C,ENSG00000116675,ENSG00000154678,O75061,Q14123,chr1,chr7,65389627,31775732,+,-,DANSY_108657,IPR000387|IPR014020,,IPR000387|IPR014020,ACH-001836,DNAJC6,PDE1C,Pre-existing,DNAJC6--PDE1C
1833,PRDX3--PTEN,ENSG00000171862,ENSG00000165672,P60484,P30048,chr10,chr10,87894109,119173872,+,-,DANSY_108733,,IPR019479,IPR019479,ACH-000573,PTEN,PRDX3,Pre-existing,PTEN--PRDX3
1834,MFSD1--RSRC1,ENSG00000118855,ENSG00000174891,Q9H3U5,Q96IZ7,chr3,chr3,158802315,158460935,+,+,DANSY_108736,,,,ACH-000573,MFSD1,RSRC1,No Annotation,MFSD1--RSRC1
1835,RTF1--TYRO3,ENSG00000092445,ENSG00000137815,Q06418,Q92541,chr15,chr15,41562718,41470257,+,+,DANSY_108738,IPR003598,IPR004343,IPR003598|IPR004343,ACH-000573,TYRO3,RTF1,Novel,TYRO3--RTF1
1836,CCDC9--DHX34,ENSG00000105321,ENSG00000134815,Q9Y3X0,Q14147,chr19,chr19,47260839,47380816,+,+,DANSY_108739,,IPR056382,IPR056382,ACH-000573,CCDC9,DHX34,Pre-existing,CCDC9--DHX34
1837,SNRPD3--UPB1,ENSG00000100028,ENSG00000100024,P62318,Q9UBR1,chr22,chr22,24557800,24521986,+,+,DANSY_108753,,,,ACH-000573,SNRPD3,UPB1,No Annotation,SNRPD3--UPB1
1838,ATP6V1C1--RIMS2,ENSG00000176406,ENSG00000155097,Q9UQ26,P21283,chr8,chr8,103501062,103062955,+,+,DANSY_108755,,,,ACH-000573,RIMS2,ATP6V1C1,No Annotation,RIMS2--ATP6V1C1
1839,GLE1--SPTAN1,ENSG00000197694,ENSG00000119392,Q13813,Q53GS7,chr9,chr9,128566977,128533761,+,+,DANSY_108764,,,,ACH-000573,SPTAN1,GLE1,No Annotation,SPTAN1--GLE1
1840,GLE1--SPTAN1,ENSG00000197694,ENSG00000119392,Q13813,Q53GS7,chr9,chr9,128566977,128533513,+,+,DANSY_108765,,,,ACH-000573,SPTAN1,GLE1,No Annotation,SPTAN1--GLE1
1841,ATP10A--SPRING1,ENSG00000111412,ENSG00000206190,Q9H741,O60312,chr12,chr15,116737790,25695146,-,-,DANSY_108769,,IPR032630,IPR032630,ACH-000573,SPRING1,ATP10A,Pre-existing,SPRING1--ATP10A
1842,MOGAT2--UVRAG,ENSG00000198382,ENSG00000166391,Q9P2Y5,Q3SYC2,chr11,chr11,75983513,75719992,+,+,DANSY_108771,IPR000008,,IPR000008,ACH-000573,UVRAG,MOGAT2,Pre-existing,UVRAG--MOGAT2
1843,USP34--XPO1,ENSG00000115464,ENSG00000082898,Q70CQ2,O14980,chr2,chr2,61331276,61502310,-,-,DANSY_108793,IPR056850,IPR013598|IPR014877,IPR056850|IPR013598|IPR014877,ACH-000573,USP34,XPO1,Novel,USP34--XPO1
1844,FANCM--TOGARAM1,ENSG00000198718,ENSG00000187790,Q9Y4F4,Q8IYD8,chr14,chr14,44964467,45164359,+,+,DANSY_108821,IPR034085,IPR031879|IPR006166,IPR034085|IPR031879|IPR006166,ACH-000573,TOGARAM1,FANCM,Novel,TOGARAM1--FANCM
1845,STRN--SULT1C2,ENSG00000115808,ENSG00000198203,O43815,O00338,chr2,chr2,36966230,108304574,-,+,DANSY_108862,,,,ACH-000573,STRN,SULT1C2,No Annotation,STRN--SULT1C2
1846,BTNL8--NRP2,ENSG00000118257,ENSG00000113303,O60462,Q6UX41,chr2,chr5,205716374,180908586,+,+,DANSY_108868,IPR000859,IPR003599|IPR003599|IPR001870,IPR000859|IPR003599|IPR003599|IPR001870,ACH-000573,NRP2,BTNL8,Novel,NRP2--BTNL8
1847,GMDS--RRP8,ENSG00000132275,ENSG00000112699,O43159,O60547,chr11,chr6,6603404,1624540,-,-,DANSY_108872,,,,ACH-000573,RRP8,GMDS,No Annotation,RRP8--GMDS
1848,ACTA2--PHACTR4,ENSG00000204138,ENSG00000107796,Q8IZ21,P62736,chr1,chr10,28407463,88948953,+,-,DANSY_108876,,,,ACH-000573,PHACTR4,ACTA2,No Annotation,PHACTR4--ACTA2
1849,DMTN--NPM2,ENSG00000158856,ENSG00000158806,Q08495,Q86SE8,chr8,chr8,22080625,22033130,+,+,DANSY_109142,,,,ACH-000963,DMTN,NPM2,No Annotation,DMTN--NPM2
1850,NME4--NUDT2,ENSG00000164978,ENSG00000103202,P50583,O00746,chr9,chr16,34339166,404956,+,+,DANSY_109237,,,,ACH-001567,NUDT2,NME4,No Annotation,NUDT2--NME4
1851,CDKN2A--NUDT2,ENSG00000147889,ENSG00000164978,P42771,P50583,chr9,chr9,21994139,34343124,-,+,DANSY_109245,,,,ACH-001567,CDKN2A,NUDT2,No Annotation,CDKN2A--NUDT2
1852,NEUROD2--TCAP,ENSG00000171532,ENSG00000173991,Q15784,O15273,chr17,chr17,39606189,39665450,-,+,DANSY_109290,IPR011598,,IPR011598,ACH-001653,NEUROD2,TCAP,Pre-existing,NEUROD2--TCAP
1853,NHLRC2--PYROXD2,ENSG00000119943,ENSG00000196865,Q8N2H3,Q8NBF2,chr10,chr10,98415009,113876521,-,+,DANSY_109368,,IPR045302,IPR045302,ACH-001653,PYROXD2,NHLRC2,Pre-existing,PYROXD2--NHLRC2
1854,CENPH--MRPS36,ENSG00000153044,ENSG00000134056,Q9H3R5,P82909,chr5,chr5,69202970,69228200,+,+,DANSY_109370,,,,ACH-001653,CENPH,MRPS36,No Annotation,CENPH--MRPS36
1855,BMERB1--IKZF3,ENSG00000161405,ENSG00000166780,Q9UKT9,Q96MC5,chr17,chr16,39864120,15515305,-,+,DANSY_109384,,,,ACH-001653,IKZF3,BMERB1,No Annotation,IKZF3--BMERB1
1856,PRKD1--STXBP6,ENSG00000184304,ENSG00000168952,Q15139,Q8NFX7,chr14,chr14,29725536,24974850,-,-,DANSY_109977,IPR057764,IPR028258|IPR037822,IPR057764|IPR028258|IPR037822,ACH-000661,PRKD1,STXBP6,Novel,PRKD1--STXBP6
1857,PRKD1--STXBP6,ENSG00000184304,ENSG00000168952,Q15139,Q8NFX7,chr14,chr14,29725536,24857157,-,-,DANSY_109978,IPR057764,IPR037822,IPR057764|IPR037822,ACH-000661,PRKD1,STXBP6,Novel,PRKD1--STXBP6
1858,HPSE2--PYROXD2,ENSG00000119943,ENSG00000172987,Q8N2H3,Q8WWQ2,chr10,chr10,98407582,98490196,-,-,DANSY_109980,,,,ACH-000661,PYROXD2,HPSE2,No Annotation,PYROXD2--HPSE2
1859,SETDB1--SMCP,ENSG00000143379,ENSG00000163206,Q15047,P49901,chr1,chr1,150947012,152884403,+,+,DANSY_110043,IPR040880|IPR002999|IPR002999,,IPR040880|IPR002999|IPR002999,ACH-001864,SETDB1,SMCP,Pre-existing,SETDB1--SMCP
1860,C17orf78--TADA2A,ENSG00000276234,ENSG00000278505,O75478,Q8N4C9,chr17,chr17,37440662,37377879,+,+,DANSY_110058,IPR000433|IPR001005,,IPR000433|IPR001005,ACH-001864,TADA2A,C17orf78,Pre-existing,TADA2A--C17orf78
1861,GBE1--TTC21A,ENSG00000168026,ENSG00000114480,Q8NDW8,Q04446,chr3,chr3,39114742,81705613,+,-,DANSY_110060,IPR056833,IPR004193|IPR006047|IPR006048,IPR056833|IPR004193|IPR006047|IPR006048,ACH-001864,TTC21A,GBE1,Novel,TTC21A--GBE1
1862,KHDRBS2--ZNF92,ENSG00000146757,ENSG00000112232,Q03936,Q5VWX1,chr7,chr6,65388901,62177312,+,-,DANSY_110069,IPR001909,IPR004087|IPR032335,IPR001909|IPR004087|IPR032335,ACH-001864,ZNF92,KHDRBS2,Novel,ZNF92--KHDRBS2
1863,DLGAP4--TGIF2,ENSG00000118707,ENSG00000080845,Q9GZN2,Q9Y2H0,chr20,chr20,36578966,36525851,+,+,DANSY_110151,,,,ACH-001500,TGIF2,DLGAP4,No Annotation,TGIF2--DLGAP4
1864,DLGAP4--TGIF2-RAB5IF,ENSG00000259399,ENSG00000080845,,Q9Y2H0,chr20,chr20,36578966,36525851,+,+,DANSY_110153,,,,ACH-001500,TGIF2-RAB5IF,DLGAP4,,TGIF2-RAB5IF--DLGAP4
1865,LASP1--PPP1R1B,ENSG00000002834,ENSG00000131771,Q14847,Q9UD71,chr17,chr17,38870258,39629170,+,+,DANSY_110237,,,,ACH-001190,LASP1,PPP1R1B,No Annotation,LASP1--PPP1R1B
1866,LASP1--PPP1R1B,ENSG00000002834,ENSG00000131771,Q14847,Q9UD71,chr17,chr17,38870258,39627306,+,+,DANSY_110238,,,,ACH-001190,LASP1,PPP1R1B,No Annotation,LASP1--PPP1R1B
1867,TENM2--TENM2,ENSG00000145934,ENSG00000145934,Q9NT68,Q9NT68,chr5,chr5,167993182,167952588,+,+,DANSY_110433,IPR009471,IPR057629|IPR000742|IPR000742|IPR000742|IPR000742|IPR000742|IPR000742|IPR000742|IPR000742|IPR056820|IPR057627|IPR056822|IPR056823|IPR022385|IPR028916,IPR009471|IPR057629|IPR000742|IPR000742|IPR000742|IPR000742|IPR000742|IPR000742|IPR000742|IPR000742|IPR056820|IPR057627|IPR056822|IPR056823|IPR022385|IPR028916,ACH-000364,TENM2,TENM2,Pre-existing,TENM2--TENM2
1868,LRBA--LRBA,ENSG00000198589,ENSG00000198589,P50851,P50851,chr4,chr4,150282450,150325898,-,-,DANSY_110434,IPR046852|IPR031570|IPR010508|IPR023362|IPR000409,IPR046851,IPR046852|IPR031570|IPR010508|IPR023362|IPR000409|IPR046851,ACH-000364,LRBA,LRBA,Pre-existing,LRBA--LRBA
1869,ARVCF--TXNRD2,ENSG00000099889,ENSG00000184470,O00192,Q9NNW7,chr22,chr22,19977415,19919599,-,-,DANSY_110436,,IPR004099,IPR004099,ACH-000364,ARVCF,TXNRD2,Pre-existing,ARVCF--TXNRD2
1870,ANKS1B--SLC25A3,ENSG00000075415,ENSG00000185046,Q00325,Q7Z6G8,chr12,chr12,98594135,99246864,+,-,DANSY_110705,,IPR001660|IPR001660|IPR006020,IPR001660|IPR001660|IPR006020,ACH-000448,SLC25A3,ANKS1B,Pre-existing,SLC25A3--ANKS1B
1871,FREM2--MED29,ENSG00000063322,ENSG00000150893,Q9NX70,Q5SZK8,chr19,chr13,39393637,38880284,+,+,DANSY_110710,,,,ACH-000448,MED29,FREM2,No Annotation,MED29--FREM2
1872,CRYZL1--PRDM15,ENSG00000141956,ENSG00000205758,P57071,O95825,chr21,chr21,41821903,33631557,-,-,DANSY_110716,IPR001214|IPR013087|IPR013087|IPR013087|IPR013087|IPR013087|IPR013087|IPR013087|IPR013087,IPR013154,IPR001214|IPR013087|IPR013087|IPR013087|IPR013087|IPR013087|IPR013087|IPR013087|IPR013087|IPR013154,ACH-000448,PRDM15,CRYZL1,Novel,PRDM15--CRYZL1
1873,RBL1--TMPRSS15,ENSG00000080839,ENSG00000154646,P28749,P98073,chr20,chr21,37040153,18398329,-,-,DANSY_110721,IPR024599|IPR002720,IPR000082|IPR000859|IPR000998|IPR000859|IPR001190|IPR001254,IPR024599|IPR002720|IPR000082|IPR000859|IPR000998|IPR000859|IPR001190|IPR001254,ACH-000448,RBL1,TMPRSS15,Novel,RBL1--TMPRSS15
1874,RTRAF--SLC25A21,ENSG00000087302,ENSG00000183032,Q9Y224,Q9BQT8,chr14,chr14,52001866,36711482,+,-,DANSY_110815,,,,ACH-000979,RTRAF,SLC25A21,No Annotation,RTRAF--SLC25A21
1875,KRAS--UBE2L3,ENSG00000185651,ENSG00000133703,P68036,P01116,chr22,chr12,21611043,25245395,+,-,DANSY_110816,,IPR005225,IPR005225,ACH-000979,UBE2L3,KRAS,Pre-existing,UBE2L3--KRAS
1876,NCOA6--PIGU,ENSG00000101464,ENSG00000198646,Q9H490,Q14686,chr20,chr20,34676956,34715365,-,-,DANSY_110861,,,,ACH-000672,PIGU,NCOA6,No Annotation,PIGU--NCOA6
1877,ARFGEF2--SULF2,ENSG00000124198,ENSG00000196562,Q9Y6D5,Q8IWU5,chr20,chr20,48922010,47736942,+,-,DANSY_111073,,IPR024609,IPR024609,ACH-000019,ARFGEF2,SULF2,Pre-existing,ARFGEF2--SULF2
1878,RPS6KB1--VMP1,ENSG00000108443,ENSG00000062716,P23443,Q96GC9,chr17,chr17,59914703,59839768,+,+,DANSY_111074,,IPR059828,IPR059828,ACH-000019,RPS6KB1,VMP1,Pre-existing,RPS6KB1--VMP1
1879,RPS6KB1--VMP1,ENSG00000108443,ENSG00000062716,P23443,Q96GC9,chr17,chr17,59910611,59838295,+,+,DANSY_111075,,IPR059828,IPR059828,ACH-000019,RPS6KB1,VMP1,Pre-existing,RPS6KB1--VMP1
1880,RPS6KB1--VMP1,ENSG00000108443,ENSG00000062716,P23443,Q96GC9,chr17,chr17,59912804,59839768,+,+,DANSY_111076,,IPR059828,IPR059828,ACH-000019,RPS6KB1,VMP1,Pre-existing,RPS6KB1--VMP1
1881,CA4--TANC2,ENSG00000170921,ENSG00000167434,Q9HCD6,P22748,chr17,chr17,63074014,60155314,+,+,DANSY_111086,,IPR001148,IPR001148,ACH-000019,TANC2,CA4,Pre-existing,TANC2--CA4
1882,CA4--TANC2,ENSG00000170921,ENSG00000167434,Q9HCD6,P22748,chr17,chr17,63009626,60155314,+,+,DANSY_111087,,IPR001148,IPR001148,ACH-000019,TANC2,CA4,Pre-existing,TANC2--CA4
1883,GCN1--MSI1,ENSG00000089154,ENSG00000135097,Q92616,O43347,chr12,chr12,120190298,120347514,-,-,DANSY_111093,,,,ACH-000019,GCN1,MSI1,No Annotation,GCN1--MSI1
1884,GCN1--MSI1,ENSG00000089154,ENSG00000135097,Q92616,O43347,chr12,chr12,120190298,120351400,-,-,DANSY_111094,,,,ACH-000019,GCN1,MSI1,No Annotation,GCN1--MSI1
1885,DEPDC1B--ELOVL7,ENSG00000035499,ENSG00000164181,Q8WUY9,A1L3X0,chr5,chr5,60638750,60757645,-,-,DANSY_111096,IPR000591,,IPR000591,ACH-000019,DEPDC1B,ELOVL7,Pre-existing,DEPDC1B--ELOVL7
1886,CARM1--SMARCA4,ENSG00000127616,ENSG00000142453,P51532,Q86X55,chr19,chr19,10986593,10904951,+,+,DANSY_111100,IPR014978,IPR055135,IPR014978|IPR055135,ACH-000019,SMARCA4,CARM1,Novel,SMARCA4--CARM1
1887,FCHO1--MYO9B,ENSG00000099331,ENSG00000130475,Q13459,O14526,chr19,chr19,17102557,17770425,+,+,DANSY_111114,IPR000159,IPR018808,IPR000159|IPR018808,ACH-000019,MYO9B,FCHO1,Novel,MYO9B--FCHO1
1888,FCHO1--MYO9B,ENSG00000099331,ENSG00000130475,Q13459,O14526,chr19,chr19,17102557,17770792,+,+,DANSY_111115,IPR000159,IPR018808,IPR000159|IPR018808,ACH-000019,MYO9B,FCHO1,Novel,MYO9B--FCHO1
1889,BRIP1--TAF4,ENSG00000130699,ENSG00000136492,O00268,Q9BX63,chr20,chr17,62064451,61849256,-,-,DANSY_111123,,IPR006555,IPR006555,ACH-000019,TAF4,BRIP1,Pre-existing,TAF4--BRIP1
1890,AHCYL1--RAD51C,ENSG00000168710,ENSG00000108384,O43865,O43502,chr1,chr17,109985172,58734118,+,+,DANSY_111138,,,,ACH-000019,AHCYL1,RAD51C,No Annotation,AHCYL1--RAD51C
1891,ATXN7--RAD51C,ENSG00000108384,ENSG00000163635,O43502,O15265,chr17,chr3,58720812,63979915,+,+,DANSY_111171,,IPR013243,IPR013243,ACH-000019,RAD51C,ATXN7,Pre-existing,RAD51C--ATXN7
1892,ABCC1--BMERB1,ENSG00000166780,ENSG00000103222,Q96MC5,P33527,chr16,chr16,15434759,16076326,+,+,DANSY_111205,,IPR003439|IPR011527|IPR003439,IPR003439|IPR011527|IPR003439,ACH-000019,BMERB1,ABCC1,Pre-existing,BMERB1--ABCC1
1893,COL5A1--EHMT1,ENSG00000181090,ENSG00000130635,Q9H9B1,P20908,chr9,chr9,137744090,134750542,+,+,DANSY_111388,,IPR000885,IPR000885,ACH-000783,EHMT1,COL5A1,Pre-existing,EHMT1--COL5A1
1894,CARNS1--XRRA1,ENSG00000166435,ENSG00000172508,Q6P2D8,A5YM72,chr11,chr11,74906239,67418431,-,+,DANSY_111394,,IPR041472|IPR011761,IPR041472|IPR011761,ACH-000783,XRRA1,CARNS1,Pre-existing,XRRA1--CARNS1
1895,CARNS1--XRRA1,ENSG00000166435,ENSG00000172508,Q6P2D8,A5YM72,chr11,chr11,74906239,67418756,-,+,DANSY_111395,,IPR041472|IPR011761,IPR041472|IPR011761,ACH-000783,XRRA1,CARNS1,Pre-existing,XRRA1--CARNS1
1896,PRKAG2--ST7,ENSG00000004866,ENSG00000106617,Q9NRC1,Q9UGJ0,chr7,chr7,116953691,151675637,+,-,DANSY_111400,,IPR000644|IPR000644|IPR000644|IPR000644,IPR000644|IPR000644|IPR000644|IPR000644,ACH-000783,ST7,PRKAG2,Pre-existing,ST7--PRKAG2
1897,ARHGAP6--NKD1,ENSG00000140807,ENSG00000047648,Q969G9,O43182,chr16,chrX,50549555,11254707,+,-,DANSY_111479,,IPR000198,IPR000198,ACH-002044,NKD1,ARHGAP6,Pre-existing,NKD1--ARHGAP6
1898,AXIN2--CEP112,ENSG00000168646,ENSG00000154240,Q9Y2T1,Q8N8E3,chr17,chr17,65541455,66005769,-,-,DANSY_111483,IPR032101|IPR016137,,IPR032101|IPR016137,ACH-002044,AXIN2,CEP112,Pre-existing,AXIN2--CEP112
1899,C19orf38--CARM1,ENSG00000142453,ENSG00000214212,Q86X55,A8MVS5,chr19,chr19,10921127,10848441,+,+,DANSY_111491,IPR055135,IPR041066,IPR055135|IPR041066,ACH-002044,CARM1,C19orf38,Novel,CARM1--C19orf38
1900,CDC42SE2--CHSY3,ENSG00000158985,ENSG00000198108,Q9NRR3,Q70JA7,chr5,chr5,131359547,130184229,+,+,DANSY_111497,,,,ACH-002044,CDC42SE2,CHSY3,No Annotation,CDC42SE2--CHSY3
1901,CLTC--VMP1,ENSG00000141367,ENSG00000062716,Q00610,Q96GC9,chr17,chr17,59620173,59811670,+,+,DANSY_111786,,IPR059828,IPR059828,ACH-000976,CLTC,VMP1,Pre-existing,CLTC--VMP1
1902,LEF1--LEF1,ENSG00000138795,ENSG00000138795,Q9UJU2,Q9UJU2,chr4,chr4,108070663,108089257,-,-,DANSY_112156,IPR013558|IPR009071,IPR009071,IPR013558|IPR009071|IPR009071,ACH-001645,LEF1,LEF1,Novel,LEF1--LEF1
1903,CRIM1--CRIM1,ENSG00000150938,ENSG00000150938,Q9NZV1,Q9NZV1,chr2,chr2,36499347,36396614,+,+,DANSY_112380,IPR000867|IPR001007|IPR001007|IPR004094,IPR001007|IPR001007|IPR004094|IPR004094|IPR004094|IPR004094|IPR001007|IPR001007|IPR001007|IPR001007|IPR045813,IPR000867|IPR001007|IPR001007|IPR004094|IPR001007|IPR001007|IPR004094|IPR004094|IPR004094|IPR004094|IPR001007|IPR001007|IPR001007|IPR001007|IPR045813,ACH-000867,CRIM1,CRIM1,Novel,CRIM1--CRIM1
1904,MECOM--SKIL,ENSG00000136603,ENSG00000085276,P12757,Q03112,chr3,chr3,170361427,169143834,+,-,DANSY_112383,IPR003380|IPR014890,IPR013087|IPR013087|IPR013087|IPR013087|IPR013087|IPR013087|IPR013087|IPR013087|IPR013087|IPR013087,IPR003380|IPR014890|IPR013087|IPR013087|IPR013087|IPR013087|IPR013087|IPR013087|IPR013087|IPR013087|IPR013087|IPR013087,ACH-000867,SKIL,MECOM,Novel,SKIL--MECOM
1905,APTX--NOL6,ENSG00000137074,ENSG00000165271,Q7Z2E3,Q9H6R4,chr9,chr9,32984631,33464976,-,-,DANSY_112393,IPR041388,IPR035371,IPR041388|IPR035371,ACH-000867,APTX,NOL6,Novel,APTX--NOL6
1906,BRWD3--HMGN5,ENSG00000165288,ENSG00000198157,Q6RI45,P82970,chrX,chrX,80716157,81119817,-,-,DANSY_112398,IPR057452,,IPR057452,ACH-000867,BRWD3,HMGN5,Pre-existing,BRWD3--HMGN5
1907,BRD4--NOTCH3,ENSG00000141867,ENSG00000074181,O60885,Q9UM47,chr19,chr19,15254152,15197578,-,-,DANSY_112405,IPR001487|IPR001487|IPR027353,IPR000742|IPR000742|IPR000742|IPR000742|IPR000742|IPR000742|IPR000742|IPR000742|IPR000742|IPR000742|IPR000742|IPR000742|IPR000742|IPR000742|IPR000742|IPR000742|IPR000742|IPR000742|IPR000742|IPR000742|IPR000742|IPR000742|IPR000742|IPR000742|IPR000742|IPR000742|IPR000742|IPR000742|IPR000742|IPR000742|IPR000742|IPR000742|IPR000742|IPR000742|IPR000800|IPR000800|IPR010660|IPR011656|IPR024600,IPR001487|IPR001487|IPR027353|IPR000742|IPR000742|IPR000742|IPR000742|IPR000742|IPR000742|IPR000742|IPR000742|IPR000742|IPR000742|IPR000742|IPR000742|IPR000742|IPR000742|IPR000742|IPR000742|IPR000742|IPR000742|IPR000742|IPR000742|IPR000742|IPR000742|IPR000742|IPR000742|IPR000742|IPR000742|IPR000742|IPR000742|IPR000742|IPR000742|IPR000742|IPR000742|IPR000742|IPR000742|IPR000800|IPR000800|IPR010660|IPR011656|IPR024600,ACH-000867,BRD4,NOTCH3,Novel,BRD4--NOTCH3
1908,MAPK6--PYGO1,ENSG00000171016,ENSG00000069956,Q9Y3Y4,Q16659,chr15,chr15,55587835,52058633,-,+,DANSY_112424,,,,ACH-000867,PYGO1,MAPK6,No Annotation,PYGO1--MAPK6
1909,MECOM--PRKCI,ENSG00000163558,ENSG00000085276,P41743,Q03112,chr3,chr3,170263429,169381524,+,-,DANSY_112427,IPR000270,IPR001214|IPR013087|IPR013087|IPR013087|IPR013087|IPR013087|IPR013087|IPR013087|IPR013087|IPR013087|IPR013087,IPR000270|IPR001214|IPR013087|IPR013087|IPR013087|IPR013087|IPR013087|IPR013087|IPR013087|IPR013087|IPR013087|IPR013087,ACH-000867,PRKCI,MECOM,Novel,PRKCI--MECOM
1910,METTL15--TAX1BP1,ENSG00000169519,ENSG00000106052,A6NJ78,Q86VP1,chr11,chr7,28211198,27748518,+,+,DANSY_112642,,IPR041611|IPR012852|IPR041641|IPR041641,IPR041611|IPR012852|IPR041641|IPR041641,ACH-002069,METTL15,TAX1BP1,Pre-existing,METTL15--TAX1BP1
1911,ADCY1--GRXCR1,ENSG00000164742,ENSG00000215203,Q08828,A8MXD5,chr7,chr4,45575182,43030361,+,+,DANSY_112663,,,,ACH-002069,ADCY1,GRXCR1,No Annotation,ADCY1--GRXCR1
1912,NOMO2--RPL7L1,ENSG00000185164,ENSG00000146223,Q5JPE7,Q6DKI1,chr16,chr6,18424274,42883451,-,+,DANSY_113022,IPR055075|IPR055074|IPR056189|IPR056190|IPR055074|IPR056319|IPR056187|IPR055073|IPR041033|IPR056191,IPR016082,IPR055075|IPR055074|IPR056189|IPR056190|IPR055074|IPR056319|IPR056187|IPR055073|IPR041033|IPR056191|IPR016082,ACH-000302,NOMO2,RPL7L1,Novel,NOMO2--RPL7L1
1913,KDSR--SERPINB2,ENSG00000119537,ENSG00000197632,Q06136,P05120,chr18,chr18,63350888,63897091,-,+,DANSY_113055,,,,ACH-000302,KDSR,SERPINB2,No Annotation,KDSR--SERPINB2
1914,FAM47E-STBD1--SHROOM3,ENSG00000138771,ENSG00000272414,Q8TF72,,chr4,chr4,76759695,76309144,+,+,DANSY_113057,IPR001478|IPR014800,,,ACH-000302,SHROOM3,FAM47E-STBD1,,SHROOM3--FAM47E-STBD1
1915,CD44--PAMR1,ENSG00000026508,ENSG00000149090,P16070,Q6UXH9,chr11,chr11,35139370,35494272,+,-,DANSY_113168,,IPR000742|IPR000859|IPR000742|IPR000436|IPR000436|IPR001254,IPR000742|IPR000859|IPR000742|IPR000436|IPR000436|IPR001254,ACH-000305,CD44,PAMR1,Pre-existing,CD44--PAMR1
1916,ITGB6--RBMS1,ENSG00000153250,ENSG00000115221,P29558,P18564,chr2,chr2,160367216,160174139,-,-,DANSY_113191,,IPR040622|IPR057073|IPR013111|IPR013111|IPR012896|IPR014836,IPR040622|IPR057073|IPR013111|IPR013111|IPR012896|IPR014836,ACH-000305,RBMS1,ITGB6,Pre-existing,RBMS1--ITGB6
1917,GABRB1--NFXL1,ENSG00000170448,ENSG00000163288,Q6ZNB6,P18505,chr4,chr4,47913969,47161249,-,+,DANSY_113210,,IPR006029,IPR006029,ACH-000305,NFXL1,GABRB1,Pre-existing,NFXL1--GABRB1
1918,SCNN1G--WFDC2,ENSG00000101443,ENSG00000166828,Q14508,P51170,chr20,chr16,45470532,23186228,+,+,DANSY_113617,IPR008197,,IPR008197,ACH-000766,WFDC2,SCNN1G,Pre-existing,WFDC2--SCNN1G
1919,RALGAPB--WFDC2,ENSG00000170471,ENSG00000101443,Q86X10,Q14508,chr20,chr20,38558453,45468545,+,+,DANSY_113622,IPR046859,IPR008197|IPR008197,IPR046859|IPR008197|IPR008197,ACH-000766,RALGAPB,WFDC2,Novel,RALGAPB--WFDC2
1920,COL11A1--COL11A1,ENSG00000060718,ENSG00000060718,P12107,P12107,chr1,chr1,102934449,103031244,-,-,DANSY_113778,IPR001791,IPR000885,IPR001791|IPR000885,ACH-000343,COL11A1,COL11A1,Pre-existing,COL11A1--COL11A1
1921,PPME1--PPME1,ENSG00000214517,ENSG00000214517,Q9Y570,Q9Y570,chr11,chr11,74251715,74239133,+,+,DANSY_113782,IPR000073,,IPR000073,ACH-000343,PPME1,PPME1,Pre-existing,PPME1--PPME1
1922,CALM1--NRDE2,ENSG00000119720,ENSG00000198668,Q9H7Z3,P0DP23,chr14,chr14,90286354,90400065,-,+,DANSY_113784,,IPR002048|IPR002048,IPR002048|IPR002048,ACH-000343,NRDE2,CALM1,Pre-existing,NRDE2--CALM1
1923,GPI--UBA2,ENSG00000126261,ENSG00000105220,Q9UBT2,P06744,chr19,chr19,34434968,34393248,+,+,DANSY_113786,,IPR035482,IPR035482,ACH-000343,UBA2,GPI,Pre-existing,UBA2--GPI
1924,MSI1--PXN,ENSG00000089159,ENSG00000135097,P49023,O43347,chr12,chr12,120265617,120347514,-,-,DANSY_113787,,,,ACH-000343,PXN,MSI1,No Annotation,PXN--MSI1
1925,ABCG1--MX1,ENSG00000157601,ENSG00000160179,P20591,P45844,chr21,chr21,41441025,42271070,+,+,DANSY_114193,,IPR013525,IPR013525,ACH-000535,MX1,ABCG1,Pre-existing,MX1--ABCG1
1926,SPINT2--YIF1B,ENSG00000167642,ENSG00000167645,O43291,Q5BJH7,chr19,chr19,38264998,38309643,+,-,DANSY_114343,,,,ACH-000774,SPINT2,YIF1B,No Annotation,SPINT2--YIF1B
1927,BRK1--IRAK2,ENSG00000134070,ENSG00000254999,O43187,Q8WUW1,chr3,chr3,10178020,10125626,+,+,DANSY_114428,IPR000488,,IPR000488,ACH-000178,IRAK2,BRK1,Pre-existing,IRAK2--BRK1
1928,SAMD5--SASH1,ENSG00000203727,ENSG00000111961,Q5TGI4,O94885,chr6,chr6,147509387,148514324,+,+,DANSY_114504,IPR001660,IPR021090|IPR001452|IPR001660|IPR058666|IPR001660,IPR001660|IPR021090|IPR001452|IPR001660|IPR058666|IPR001660,ACH-001306,SAMD5,SASH1,Novel,SAMD5--SASH1
1929,HDAC5--LSM12,ENSG00000161654,ENSG00000108840,Q3MHD2,Q9UQL6,chr17,chr17,44063801,44087696,-,-,DANSY_114591,IPR047575,IPR023801,IPR047575|IPR023801,ACH-000994,LSM12,HDAC5,Novel,LSM12--HDAC5
1930,HDAC5--LSM12,ENSG00000161654,ENSG00000108840,Q3MHD2,Q9UQL6,chr17,chr17,44063801,44084675,-,-,DANSY_114592,IPR047575,,IPR047575,ACH-000994,LSM12,HDAC5,Pre-existing,LSM12--HDAC5
1931,HDAC5--LSM12,ENSG00000161654,ENSG00000108840,Q3MHD2,Q9UQL6,chr17,chr17,44063801,44086737,-,-,DANSY_114594,IPR047575,IPR023801,IPR047575|IPR023801,ACH-000994,LSM12,HDAC5,Novel,LSM12--HDAC5
1932,DHX9--LAMC1,ENSG00000135862,ENSG00000135829,P11047,Q08211,chr1,chr1,183024134,182883139,+,+,DANSY_114614,,IPR011709,IPR011709,ACH-000994,LAMC1,DHX9,Pre-existing,LAMC1--DHX9
1933,TPD52--ZNF704,ENSG00000076554,ENSG00000164684,P55327,Q6ZNC4,chr8,chr8,80042622,80643131,-,-,DANSY_114621,,,,ACH-000994,TPD52,ZNF704,No Annotation,TPD52--ZNF704
1934,PAPSS2--PTEN,ENSG00000171862,ENSG00000198682,P60484,O95340,chr10,chr10,87933251,87715732,+,+,DANSY_114634,,IPR024951,IPR024951,ACH-000994,PTEN,PAPSS2,Pre-existing,PTEN--PAPSS2
1935,CAMKMT--SLC3A1,ENSG00000143919,ENSG00000138079,Q7Z624,Q07837,chr2,chr2,44390305,44280716,+,+,DANSY_114643,,,,ACH-000994,CAMKMT,SLC3A1,No Annotation,CAMKMT--SLC3A1
1936,MR1--XPR1,ENSG00000143324,ENSG00000153029,Q9UBH6,Q95460,chr1,chr1,180682411,181049052,+,+,DANSY_114789,,IPR001039|IPR001039|IPR001039|IPR001039|IPR003597,IPR001039|IPR001039|IPR001039|IPR001039|IPR003597,ACH-001188,XPR1,MR1,Pre-existing,XPR1--MR1
1937,HSD17B14--PPM1G,ENSG00000115241,ENSG00000087076,O15355,Q9BPX1,chr2,chr19,27409303,48815141,-,-,DANSY_114992,,,,ACH-000804,PPM1G,HSD17B14,No Annotation,PPM1G--HSD17B14
1938,SLC12A1--SOS1,ENSG00000115904,ENSG00000074803,Q07889,Q13621,chr2,chr15,39006412,48226476,-,+,DANSY_114994,IPR000219|IPR001849|IPR000651,IPR018491,IPR000219|IPR001849|IPR000651|IPR018491,ACH-000804,SOS1,SLC12A1,Novel,SOS1--SLC12A1
1939,SLC12A1--SOS1,ENSG00000115904,ENSG00000074803,Q07889,Q13621,chr2,chr15,39006412,48227079,-,+,DANSY_114995,IPR000219|IPR001849|IPR000651,IPR018491,IPR000219|IPR001849|IPR000651|IPR018491,ACH-000804,SOS1,SLC12A1,Novel,SOS1--SLC12A1
1940,ADGRG6--VTA1,ENSG00000112414,ENSG00000009844,Q86SQ4,Q9NP79,chr6,chr6,142382019,142198439,+,+,DANSY_115116,IPR000859|IPR001759,IPR041212,IPR000859|IPR001759|IPR041212,ACH-000011,ADGRG6,VTA1,Novel,ADGRG6--VTA1
1941,USP34--XPO1,ENSG00000115464,ENSG00000082898,Q70CQ2,O14980,chr2,chr2,61470650,61502310,-,-,DANSY_115119,,IPR013598|IPR014877,IPR013598|IPR014877,ACH-000011,USP34,XPO1,Pre-existing,USP34--XPO1
1942,NCOA6--PIGU,ENSG00000101464,ENSG00000198646,Q9H490,Q14686,chr20,chr20,34676956,34715365,-,-,DANSY_115693,,,,ACH-000672,PIGU,NCOA6,No Annotation,PIGU--NCOA6
1943,CCNB1--CENPH,ENSG00000153044,ENSG00000134057,Q9H3R5,P14635,chr5,chr5,69208359,69174251,+,+,DANSY_115827,,IPR004367,IPR004367,ACH-001145,CENPH,CCNB1,Pre-existing,CENPH--CCNB1
1944,GPHN--MPP5,ENSG00000072415,ENSG00000171723,Q8N3R9,Q9NQX3,chr14,chr14,67323812,66965191,+,+,DANSY_115832,IPR004172|IPR004172|IPR001478|IPR001452,IPR005110|IPR001453|IPR005111,IPR004172|IPR004172|IPR001478|IPR001452|IPR005110|IPR001453|IPR005111,ACH-001145,MPP5,GPHN,Novel,MPP5--GPHN
1945,RPS6KB1--VMP1,ENSG00000108443,ENSG00000062716,P23443,Q96GC9,chr17,chr17,59940943,59811670,+,+,DANSY_115898,IPR000719,IPR059828,IPR000719|IPR059828,ACH-000717,RPS6KB1,VMP1,Novel,RPS6KB1--VMP1
1946,CTNNBL1--ZNF595,ENSG00000132792,ENSG00000272602,Q8WYA6,Q8IYB9,chr20,chr4,37803048,60058,+,+,DANSY_116091,,IPR013087|IPR013087|IPR013087|IPR013087|IPR013087|IPR013087|IPR013087|IPR013087|IPR013087|IPR013087|IPR013087|IPR013087|IPR013087|IPR013087|IPR013087|IPR013087|IPR013087|IPR013087,IPR013087|IPR013087|IPR013087|IPR013087|IPR013087|IPR013087|IPR013087|IPR013087|IPR013087|IPR013087|IPR013087|IPR013087|IPR013087|IPR013087|IPR013087|IPR013087|IPR013087|IPR013087,ACH-000738,CTNNBL1,ZNF595,Pre-existing,CTNNBL1--ZNF595
1947,CNOT2--TSPAN8,ENSG00000111596,ENSG00000127324,Q9NZN8,P19075,chr12,chr12,70278274,71144213,+,-,DANSY_116424,,,,ACH-001548,CNOT2,TSPAN8,No Annotation,CNOT2--TSPAN8
1948,BRD8--HSPA9,ENSG00000112983,ENSG00000113013,Q9H0E9,P38646,chr5,chr5,138163130,138567163,-,-,DANSY_116431,,,,ACH-001548,BRD8,HSPA9,No Annotation,BRD8--HSPA9
1949,ANO1--NUP107,ENSG00000111581,ENSG00000131620,P57740,Q5XXA6,chr12,chr11,68727389,70161161,+,+,DANSY_116432,,,,ACH-001548,NUP107,ANO1,No Annotation,NUP107--ANO1
1950,FADD--LRP5,ENSG00000168040,ENSG00000162337,Q13158,O75197,chr11,chr11,70203745,68386316,+,+,DANSY_116460,IPR001875,IPR000742|IPR000742|IPR000742,IPR001875|IPR000742|IPR000742|IPR000742,ACH-001548,FADD,LRP5,Novel,FADD--LRP5
1951,PTPRR--RAB3IP,ENSG00000153233,ENSG00000127328,Q15256,Q96QF0,chr12,chr12,70892679,69800209,-,+,DANSY_116475,,,,ACH-001548,PTPRR,RAB3IP,No Annotation,PTPRR--RAB3IP
1952,PTPRR--RAB3IP,ENSG00000153233,ENSG00000127328,Q15256,Q96QF0,chr12,chr12,70892679,69801609,-,+,DANSY_116476,,,,ACH-001548,PTPRR,RAB3IP,No Annotation,PTPRR--RAB3IP
1953,IPP--LRRC41,ENSG00000132128,ENSG00000197429,Q15345,Q9Y573,chr1,chr1,46281125,45714466,-,-,DANSY_116492,,,,ACH-001548,LRRC41,IPP,No Annotation,LRRC41--IPP
1954,IPP--LRRC41,ENSG00000132128,ENSG00000197429,Q15345,Q9Y573,chr1,chr1,46280396,45714466,-,-,DANSY_116493,,,,ACH-001548,LRRC41,IPP,No Annotation,LRRC41--IPP
1955,NTRK1--TPM3,ENSG00000143549,ENSG00000198400,P06753,P04629,chr1,chr1,154170400,156874571,-,+,DANSY_116809,,IPR040665|IPR000719,IPR040665|IPR000719,ACH-000969,TPM3,NTRK1,Pre-existing,TPM3--NTRK1
1956,ARHGAP21--ODAD2,ENSG00000107863,ENSG00000169126,Q5T5U3,Q5T2S8,chr10,chr10,24721837,27936880,-,-,DANSY_116887,,,,ACH-000873,ARHGAP21,ODAD2,No Annotation,ARHGAP21--ODAD2
1957,ARHGAP21--ODAD2,ENSG00000107863,ENSG00000169126,Q5T5U3,Q5T2S8,chr10,chr10,24721837,27862622,-,-,DANSY_116888,,,,ACH-000873,ARHGAP21,ODAD2,No Annotation,ARHGAP21--ODAD2
1958,ARHGAP21--ODAD2,ENSG00000107863,ENSG00000169126,Q5T5U3,Q5T2S8,chr10,chr10,24721837,27812625,-,-,DANSY_116889,,,,ACH-000873,ARHGAP21,ODAD2,No Annotation,ARHGAP21--ODAD2
1959,FA2H--GLG1,ENSG00000090863,ENSG00000103089,Q92896,Q7L5A8,chr16,chr16,74606657,74740115,-,-,DANSY_116895,,IPR006694,IPR006694,ACH-000873,GLG1,FA2H,Pre-existing,GLG1--FA2H
1960,DNAJB6--UBE3C,ENSG00000105993,ENSG00000009335,O75190,Q15386,chr7,chr7,157385611,157231080,+,+,DANSY_116905,IPR001623,,IPR001623,ACH-000873,DNAJB6,UBE3C,Pre-existing,DNAJB6--UBE3C
1961,COQ8A--PSEN2,ENSG00000163050,ENSG00000143801,Q8NI60,P49810,chr1,chr1,226982149,226897720,+,+,DANSY_116916,,,,ACH-000873,COQ8A,PSEN2,No Annotation,COQ8A--PSEN2
1962,APOLD1--CREBL2,ENSG00000178878,ENSG00000111269,Q96LR9,O60519,chr12,chr12,12726096,12635777,+,+,DANSY_116926,,IPR004827,IPR004827,ACH-000873,APOLD1,CREBL2,Pre-existing,APOLD1--CREBL2
1963,DNAH14--EDEM2,ENSG00000088298,ENSG00000185842,Q9BV94,Q0VDD8,chr20,chr1,35118598,225304908,-,+,DANSY_116954,,IPR041228,IPR041228,ACH-000873,EDEM2,DNAH14,Pre-existing,EDEM2--DNAH14
1964,MAN2C1--SIN3A,ENSG00000140400,ENSG00000169375,Q9NTJ4,Q96ST3,chr15,chr15,75361046,75394863,-,-,DANSY_116960,IPR054723,IPR031693,IPR054723|IPR031693,ACH-000873,MAN2C1,SIN3A,Novel,MAN2C1--SIN3A
1965,SS18--SSX2,ENSG00000141380,ENSG00000241476,Q15532,Q16385,chr18,chrX,26032399,52700578,-,-,DANSY_117151,IPR007726,,IPR007726,ACH-001275,SS18,SSX2,Pre-existing,SS18--SSX2
1966,GTSE1--PPARA,ENSG00000075218,ENSG00000186951,Q9NYZ3,Q07869,chr22,chr22,46316412,46215173,+,+,DANSY_117299,IPR032768,IPR001628|IPR000536,IPR032768|IPR001628|IPR000536,ACH-001972,GTSE1,PPARA,Novel,GTSE1--PPARA
1967,MAP4--SMARCC1,ENSG00000173473,ENSG00000047849,Q92922,P27816,chr3,chr3,47772817,47867338,-,-,DANSY_117346,,,,ACH-000921,SMARCC1,MAP4,No Annotation,SMARCC1--MAP4
1968,MAP4--SMARCC1,ENSG00000173473,ENSG00000047849,Q92922,P27816,chr3,chr3,47772817,47857512,-,-,DANSY_117347,,,,ACH-000921,SMARCC1,MAP4,No Annotation,SMARCC1--MAP4
1969,MAP4--SMARCC1,ENSG00000173473,ENSG00000047849,Q92922,P27816,chr3,chr3,47781603,47857512,-,-,DANSY_117348,,,,ACH-000921,SMARCC1,MAP4,No Annotation,SMARCC1--MAP4
1970,NUP214--PRRC2B,ENSG00000288701,ENSG00000126883,Q5JSZ5,P35658,chr9,chr9,131467753,131215212,+,+,DANSY_117349,IPR009738,IPR041553,IPR009738|IPR041553,ACH-000921,PRRC2B,NUP214,Novel,PRRC2B--NUP214
1971,ACTN4--RYR1,ENSG00000130402,ENSG00000196218,O43707,P21817,chr19,chr19,38647907,38561113,+,+,DANSY_117359,,IPR009460|IPR005821,IPR009460|IPR005821,ACH-000921,ACTN4,RYR1,Pre-existing,ACTN4--RYR1
1972,PACRG--QKI,ENSG00000112531,ENSG00000112530,Q96PU8,Q96M98,chr6,chr6,163415335,163314827,+,+,DANSY_117366,,,,ACH-000921,QKI,PACRG,No Annotation,QKI--PACRG
1973,PIGG--ZNF595,ENSG00000174227,ENSG00000272602,Q5H8A4,Q8IYB9,chr4,chr4,501170,85731,+,+,DANSY_117372,,IPR013087|IPR013087|IPR013087|IPR013087|IPR013087|IPR013087|IPR013087|IPR013087|IPR013087|IPR013087|IPR013087|IPR013087|IPR013087|IPR013087|IPR013087|IPR013087|IPR013087|IPR013087,IPR013087|IPR013087|IPR013087|IPR013087|IPR013087|IPR013087|IPR013087|IPR013087|IPR013087|IPR013087|IPR013087|IPR013087|IPR013087|IPR013087|IPR013087|IPR013087|IPR013087|IPR013087,ACH-000921,PIGG,ZNF595,Pre-existing,PIGG--ZNF595
1974,NCOA7--TPD52L1,ENSG00000111912,ENSG00000111907,Q8NI08,Q16890,chr6,chr6,125815404,125262834,+,+,DANSY_117381,,,,ACH-000921,NCOA7,TPD52L1,No Annotation,NCOA7--TPD52L1
1975,CDH4--EYA2,ENSG00000179242,ENSG00000064655,P55283,O00167,chr20,chr20,61254937,47072185,+,+,DANSY_117860,,IPR006545,IPR006545,ACH-002800,CDH4,EYA2,Pre-existing,CDH4--EYA2
1976,CDH4--EYA2,ENSG00000179242,ENSG00000064655,P55283,O00167,chr20,chr20,61254937,47089239,+,+,DANSY_117861,,IPR006545,IPR006545,ACH-002800,CDH4,EYA2,Pre-existing,CDH4--EYA2
1977,EFNA2--TP53,ENSG00000099617,ENSG00000141510,O43921,P04637,chr19,chr17,1286308,7676622,+,-,DANSY_117866,,IPR013872|IPR040926|IPR011615|IPR010991,IPR013872|IPR040926|IPR011615|IPR010991,ACH-002800,EFNA2,TP53,Pre-existing,EFNA2--TP53
1978,MED13L--TMEM132B,ENSG00000123066,ENSG00000139364,Q71F56,Q14DG7,chr12,chr12,116096669,125415531,-,+,DANSY_118129,,IPR031437|IPR055423|IPR055424|IPR031436,IPR031437|IPR055423|IPR055424|IPR031436,ACH-000082,MED13L,TMEM132B,Pre-existing,MED13L--TMEM132B
1979,DAXX--KIFC3,ENSG00000204209,ENSG00000140859,Q9UER7,Q9BVG8,chr6,chr16,33318997,57766985,-,-,DANSY_118131,IPR031333|IPR046378,IPR001752,IPR031333|IPR046378|IPR001752,ACH-000082,DAXX,KIFC3,Novel,DAXX--KIFC3
1980,COL5A1--ECE1,ENSG00000130635,ENSG00000117298,P20908,P42892,chr9,chr1,134701333,21290156,+,-,DANSY_118134,,IPR008753|IPR018497,IPR008753|IPR018497,ACH-000082,COL5A1,ECE1,Pre-existing,COL5A1--ECE1
1981,ME3--TAFA2,ENSG00000151376,ENSG00000198673,Q16798,Q8N3H0,chr11,chr12,86556553,61867426,-,-,DANSY_118155,,,,ACH-000082,ME3,TAFA2,No Annotation,ME3--TAFA2
1982,KIF3B--NXPE2,ENSG00000101350,ENSG00000204361,O15066,Q96DL1,chr20,chr11,32316874,114679657,+,+,DANSY_118157,IPR001752,IPR057106,IPR001752|IPR057106,ACH-000082,KIF3B,NXPE2,Novel,KIF3B--NXPE2
1983,ACSS3--SRGAP1,ENSG00000196935,ENSG00000111058,Q7Z6B7,Q9H6R3,chr12,chr12,63844883,81216901,+,+,DANSY_118164,,IPR025110,IPR025110,ACH-000082,SRGAP1,ACSS3,Pre-existing,SRGAP1--ACSS3
1984,MDM2--TVP23C,ENSG00000135679,ENSG00000175106,Q00987,Q96ET8,chr12,chr17,68808491,15547148,+,-,DANSY_118165,,,,ACH-000082,MDM2,TVP23C,No Annotation,MDM2--TVP23C
1985,MDM2--TVP23C-CDRT4,ENSG00000135679,ENSG00000259024,Q00987,,chr12,chr17,68808491,15547148,+,-,DANSY_118166,,,,ACH-000082,MDM2,TVP23C-CDRT4,,MDM2--TVP23C-CDRT4
1986,ADGRG4--HEPH,ENSG00000089472,ENSG00000156920,Q9BQS7,Q8IZF6,chrX,chrX,66208246,136361455,+,+,DANSY_118186,IPR011707|IPR011707,IPR057244|IPR017981,IPR011707|IPR011707|IPR057244|IPR017981,ACH-000082,HEPH,ADGRG4,Novel,HEPH--ADGRG4
1987,NIPBL--SIMC1,ENSG00000164190,ENSG00000170085,Q6KC79,Q8NDZ2,chr5,chr5,37049301,176289654,+,+,DANSY_118191,,,,ACH-000082,NIPBL,SIMC1,No Annotation,NIPBL--SIMC1
1988,COX10--TBC1D30,ENSG00000111490,ENSG00000006695,Q9Y2I9,Q12887,chr12,chr17,64843485,14159877,+,+,DANSY_118195,,,,ACH-000082,TBC1D30,COX10,No Annotation,TBC1D30--COX10
1989,EED--PPFIA1,ENSG00000074266,ENSG00000131626,O75530,Q13136,chr11,chr11,86256512,70324402,+,+,DANSY_118205,,IPR057892|IPR001660|IPR001660|IPR001660,IPR057892|IPR001660|IPR001660|IPR001660,ACH-000082,EED,PPFIA1,Pre-existing,EED--PPFIA1
1990,FHOD3--MOCOS,ENSG00000134775,ENSG00000075643,Q2V2M9,Q96EN8,chr18,chr18,36512543,36256968,+,+,DANSY_118493,,,,ACH-000488,FHOD3,MOCOS,No Annotation,FHOD3--MOCOS
1991,FHOD3--MOCOS,ENSG00000134775,ENSG00000075643,Q2V2M9,Q96EN8,chr18,chr18,36372744,36198690,+,+,DANSY_118494,,IPR005303|IPR005302,IPR005303|IPR005302,ACH-000488,FHOD3,MOCOS,Pre-existing,FHOD3--MOCOS
1992,MAP7--NHSL1,ENSG00000135540,ENSG00000135525,Q5SYE7,Q14244,chr6,chr6,138447001,136421799,-,-,DANSY_118497,,,,ACH-000488,NHSL1,MAP7,No Annotation,NHSL1--MAP7
1993,MAP7--NHSL1,ENSG00000135540,ENSG00000135525,Q5SYE7,Q14244,chr6,chr6,138441983,136421799,-,-,DANSY_118498,,,,ACH-000488,NHSL1,MAP7,No Annotation,NHSL1--MAP7
1994,FAM133B--SUN1,ENSG00000164828,ENSG00000234545,O94901,Q5BKY9,chr7,chr7,872562,92569915,+,-,DANSY_118506,IPR032680|IPR040994,,IPR032680|IPR040994,ACH-000488,SUN1,FAM133B,Pre-existing,SUN1--FAM133B
1995,ACTN4--RYR1,ENSG00000130402,ENSG00000196218,O43707,P21817,chr19,chr19,38714561,38561113,+,+,DANSY_118511,IPR001715|IPR001715,IPR009460|IPR005821,IPR001715|IPR001715|IPR009460|IPR005821,ACH-000488,ACTN4,RYR1,Novel,ACTN4--RYR1
1996,INA--NF1,ENSG00000196712,ENSG00000148798,P21359,Q16352,chr17,chr10,31095369,103287035,+,+,DANSY_118513,,,,ACH-000488,NF1,INA,No Annotation,NF1--INA
1997,MPZL1--POU2F1,ENSG00000197965,ENSG00000143190,O95297,P14859,chr1,chr1,167722242,167411959,+,+,DANSY_118526,,,,ACH-000488,MPZL1,POU2F1,No Annotation,MPZL1--POU2F1
1998,CLEC16A--OTOA,ENSG00000038532,ENSG00000155719,Q2KHT3,Q7RTW8,chr16,chr16,10982991,21744881,+,+,DANSY_118630,IPR019155,,IPR019155,ACH-000790,CLEC16A,OTOA,Pre-existing,CLEC16A--OTOA
1999,CIITA--SNX29,ENSG00000048471,ENSG00000179583,Q8TEQ0,P33076,chr16,chr16,12078915,10895282,+,+,DANSY_118661,IPR004012,IPR007111,IPR004012|IPR007111,ACH-000790,SNX29,CIITA,Novel,SNX29--CIITA
2000,MAML2--SESN3,ENSG00000149212,ENSG00000184384,P58005,Q8IZL2,chr11,chr11,95189779,96093517,-,-,DANSY_118858,,IPR048452,IPR048452,ACH-000172,SESN3,MAML2,Pre-existing,SESN3--MAML2
2001,CLTC--VMP1,ENSG00000062716,ENSG00000141367,Q96GC9,Q00610,chr17,chr17,59738947,59644276,+,+,DANSY_118961,,IPR015348,IPR015348,ACH-000647,VMP1,CLTC,Pre-existing,VMP1--CLTC
2002,PIK3C2A--USH1C,ENSG00000011405,ENSG00000006611,O00443,Q9Y6N9,chr11,chr11,17110432,17516290,-,-,DANSY_118974,IPR000341|IPR000008|IPR001263,IPR001478,IPR000341|IPR000008|IPR001263|IPR001478,ACH-000647,PIK3C2A,USH1C,Novel,PIK3C2A--USH1C
2003,CBFA2T3--GLIS2,ENSG00000129993,ENSG00000126603,O75081,Q9BZE0,chr16,chr16,88879270,4334801,-,+,DANSY_119085,IPR003894|IPR014896,IPR013087|IPR013087|IPR013087|IPR013087|IPR013087,IPR003894|IPR014896|IPR013087|IPR013087|IPR013087|IPR013087|IPR013087,ACH-000602,CBFA2T3,GLIS2,Novel,CBFA2T3--GLIS2
2004,MELK--RAPGEF4,ENSG00000091428,ENSG00000165304,Q8WZA2,Q14680,chr2,chr9,173020715,36597222,+,+,DANSY_119095,IPR000595|IPR000591|IPR000595|IPR000651,IPR048637|IPR001772,IPR000595|IPR000591|IPR000595|IPR000651|IPR048637|IPR001772,ACH-000602,RAPGEF4,MELK,Novel,RAPGEF4--MELK
2005,SCAMP2--WDR72,ENSG00000140497,ENSG00000166415,O15127,Q3MJ13,chr15,chr15,74845473,53706074,-,-,DANSY_119464,,IPR057848,IPR057848,ACH-003012,SCAMP2,WDR72,Pre-existing,SCAMP2--WDR72
2006,CRIPT--PIGF,ENSG00000119878,ENSG00000151665,Q9P021,Q07326,chr2,chr2,46619681,46592583,+,-,DANSY_119468,,,,ACH-003012,CRIPT,PIGF,No Annotation,CRIPT--PIGF
2007,CRIPT--PIGF,ENSG00000151665,ENSG00000119878,Q07326,Q9P021,chr2,chr2,46612228,46623764,-,+,DANSY_119469,,,,ACH-003012,PIGF,CRIPT,No Annotation,PIGF--CRIPT
2008,BMS1--PARG,ENSG00000227345,ENSG00000165733,Q86W56,Q14692,chr10,chr10,49885203,42791627,-,+,DANSY_119482,,IPR012948|IPR007034,IPR012948|IPR007034,ACH-003012,PARG,BMS1,Pre-existing,PARG--BMS1
2009,INPP5F--TIAL1,ENSG00000198825,ENSG00000151923,Q9Y2H2,Q01085,chr10,chr10,119823902,119588248,+,-,DANSY_119669,IPR002013|IPR022158,IPR000504|IPR000504|IPR000504,IPR002013|IPR022158|IPR000504|IPR000504|IPR000504,ACH-002001,INPP5F,TIAL1,Novel,INPP5F--TIAL1
2010,FAT4--SEC24D,ENSG00000150961,ENSG00000196159,O94855,Q6V0I7,chr4,chr4,118744944,125398784,-,+,DANSY_119799,IPR006895,IPR002126|IPR002126|IPR002126|IPR002126|IPR002126|IPR002126|IPR002126|IPR002126|IPR002126|IPR002126|IPR002126|IPR002126|IPR002126|IPR002126|IPR002126|IPR002126|IPR002126|IPR002126|IPR000742|IPR000742|IPR000742|IPR000742|IPR001791|IPR000742|IPR001791|IPR000742,IPR006895|IPR002126|IPR002126|IPR002126|IPR002126|IPR002126|IPR002126|IPR002126|IPR002126|IPR002126|IPR002126|IPR002126|IPR002126|IPR002126|IPR002126|IPR002126|IPR002126|IPR002126|IPR002126|IPR000742|IPR000742|IPR000742|IPR000742|IPR001791|IPR000742|IPR001791|IPR000742,ACH-000315,SEC24D,FAT4,Novel,SEC24D--FAT4
2011,VDAC2--ZEB1,ENSG00000165637,ENSG00000148516,P45880,P37275,chr10,chr10,75211189,31461037,+,+,DANSY_119955,,IPR008598|IPR013087|IPR013087|IPR001356|IPR013087|IPR013087|IPR013087,IPR008598|IPR013087|IPR013087|IPR001356|IPR013087|IPR013087|IPR013087,ACH-002446,VDAC2,ZEB1,Pre-existing,VDAC2--ZEB1
2012,STAG1--ZFYVE1,ENSG00000118007,ENSG00000165861,Q8WVM7,Q9HBF4,chr3,chr14,136477289,72975721,-,-,DANSY_119962,IPR013721,IPR000306|IPR000306,IPR013721|IPR000306|IPR000306,ACH-002446,STAG1,ZFYVE1,Novel,STAG1--ZFYVE1
2013,FBLN2--NME6,ENSG00000172113,ENSG00000163520,O75414,P98095,chr3,chr3,48296727,13631329,-,+,DANSY_120098,,IPR000742|IPR055088,IPR000742|IPR055088,ACH-000435,NME6,FBLN2,Pre-existing,NME6--FBLN2
2014,ELMOD3--TCF7L1,ENSG00000152284,ENSG00000115459,Q9HCS4,Q96FG2,chr2,chr2,85134450,85389751,+,+,DANSY_120111,,,,ACH-000435,TCF7L1,ELMOD3,No Annotation,TCF7L1--ELMOD3
2015,CRTC3--IQGAP1,ENSG00000140577,ENSG00000140575,Q6UUV7,P46940,chr15,chr15,90607478,90440502,+,+,DANSY_120114,IPR024783,IPR001202|IPR001936|IPR000593,IPR024783|IPR001202|IPR001936|IPR000593,ACH-000435,CRTC3,IQGAP1,Novel,CRTC3--IQGAP1
2016,CDH1--CDH3,ENSG00000039068,ENSG00000062038,P12830,P22223,chr16,chr16,68738411,68687512,+,+,DANSY_120123,,IPR002126|IPR000233,IPR002126|IPR000233,ACH-000435,CDH1,CDH3,Pre-existing,CDH1--CDH3
2017,CREBBP--TRAP1,ENSG00000126602,ENSG00000005339,Q12931,Q92793,chr16,chr16,3679719,3810779,-,-,DANSY_120136,,IPR000197|IPR003101|IPR001487|IPR010303|IPR056484|IPR031162|IPR000433|IPR000197|IPR014744,IPR000197|IPR003101|IPR001487|IPR010303|IPR056484|IPR031162|IPR000433|IPR000197|IPR014744,ACH-000435,TRAP1,CREBBP,Pre-existing,TRAP1--CREBBP
2018,CREBBP--TRAP1,ENSG00000126602,ENSG00000005339,Q12931,Q92793,chr16,chr16,3685996,3810779,-,-,DANSY_120137,,IPR000197|IPR003101|IPR001487|IPR010303|IPR056484|IPR031162|IPR000433|IPR000197|IPR014744,IPR000197|IPR003101|IPR001487|IPR010303|IPR056484|IPR031162|IPR000433|IPR000197|IPR014744,ACH-000435,TRAP1,CREBBP,Pre-existing,TRAP1--CREBBP
2019,DLGAP5--WDHD1,ENSG00000198554,ENSG00000126787,O75717,Q15398,chr14,chr14,55026711,55189180,-,-,DANSY_120138,,,,ACH-000435,WDHD1,DLGAP5,No Annotation,WDHD1--DLGAP5
2020,PCNX3--XRRA1,ENSG00000197136,ENSG00000166435,Q9H6A9,Q6P2D8,chr11,chr11,65620966,74852082,+,-,DANSY_120142,,,,ACH-000435,PCNX3,XRRA1,No Annotation,PCNX3--XRRA1
2021,FBLN2--MICALL1,ENSG00000100139,ENSG00000163520,Q8N3F8,P98095,chr22,chr3,37933112,13570315,+,+,DANSY_120166,IPR001715|IPR001781,IPR000742|IPR000020|IPR000020|IPR000742|IPR000742|IPR000742|IPR000742|IPR000742|IPR000742|IPR000742|IPR000742|IPR000742|IPR000742|IPR055088,IPR001715|IPR001781|IPR000742|IPR000020|IPR000020|IPR000742|IPR000742|IPR000742|IPR000742|IPR000742|IPR000742|IPR000742|IPR000742|IPR000742|IPR000742|IPR055088,ACH-000435,MICALL1,FBLN2,Novel,MICALL1--FBLN2
2022,PKP4--PKP4,ENSG00000144283,ENSG00000144283,Q99569,Q99569,chr2,chr2,158674000,158620990,+,+,DANSY_120262,,,,ACH-000965,PKP4,PKP4,No Annotation,PKP4--PKP4
2023,DEPTOR--MTBP,ENSG00000172167,ENSG00000155792,Q96DY7,Q8TB45,chr8,chr8,120502609,119965232,+,+,DANSY_120328,IPR029421,IPR000591|IPR001478,IPR029421|IPR000591|IPR001478,ACH-001550,MTBP,DEPTOR,Novel,MTBP--DEPTOR
2024,CERCAM--ODF2,ENSG00000136811,ENSG00000167123,Q5BJF6,Q5T4B2,chr9,chr9,128461010,128434102,+,+,DANSY_120329,,,,ACH-001550,ODF2,CERCAM,No Annotation,ODF2--CERCAM
2025,CERCAM--ODF2,ENSG00000136811,ENSG00000167123,Q5BJF6,Q5T4B2,chr9,chr9,128461067,128434102,+,+,DANSY_120330,,,,ACH-001550,ODF2,CERCAM,No Annotation,ODF2--CERCAM
2026,ARL6IP1--NPIPA3,ENSG00000170540,ENSG00000224712,Q15041,F8WFD2,chr16,chr16,18798005,14716140,-,+,DANSY_120641,,,,ACH-000450,ARL6IP1,NPIPA3,No Annotation,ARL6IP1--NPIPA3
2027,RBBP6--SBF2,ENSG00000133812,ENSG00000122257,Q86WG5,Q7Z6E9,chr11,chr16,10193902,24556308,-,+,DANSY_120653,,IPR001841,IPR001841,ACH-000450,SBF2,RBBP6,Pre-existing,SBF2--RBBP6
2028,TCF12--UNC13C,ENSG00000140262,ENSG00000137766,Q99081,Q8NB66,chr15,chr15,56921098,54494608,+,+,DANSY_120941,,IPR000008,IPR000008,ACH-001802,TCF12,UNC13C,Pre-existing,TCF12--UNC13C
2029,ADAMTS20--TCF12,ENSG00000140262,ENSG00000173157,Q99081,P59510,chr15,chr12,56921098,43376330,+,-,DANSY_120945,,IPR012314,IPR012314,ACH-001802,TCF12,ADAMTS20,Pre-existing,TCF12--ADAMTS20
2030,ADAMTS20--TCF12,ENSG00000140262,ENSG00000173157,Q99081,P59510,chr15,chr12,56921098,43369381,+,-,DANSY_120946,,,,ACH-001802,TCF12,ADAMTS20,No Annotation,TCF12--ADAMTS20
2031,CNTN1--DCTN2,ENSG00000175203,ENSG00000018236,Q13561,Q12860,chr12,chr12,57535749,41014228,-,+,DANSY_120958,,IPR003961|IPR003961|IPR003961,IPR003961|IPR003961|IPR003961,ACH-001802,DCTN2,CNTN1,Pre-existing,DCTN2--CNTN1
2032,GABPB1--TCF12,ENSG00000140262,ENSG00000104064,Q99081,Q06547,chr15,chr15,57063823,50309798,+,-,DANSY_120998,,,,ACH-001802,TCF12,GABPB1,No Annotation,TCF12--GABPB1
2033,KRT2--PTPRB,ENSG00000127329,ENSG00000172867,P23467,P35908,chr12,chr12,70622390,52650553,-,-,DANSY_121043,IPR003961|IPR003961,,IPR003961|IPR003961,ACH-001802,PTPRB,KRT2,Pre-existing,PTPRB--KRT2
2034,NKAIN2--TCF12,ENSG00000140262,ENSG00000188580,Q99081,Q5VXU1,chr15,chr6,57091891,124818387,+,+,DANSY_121672,,,,ACH-000910,TCF12,NKAIN2,No Annotation,TCF12--NKAIN2
2035,ADAR--NKAPD1,ENSG00000150776,ENSG00000160710,Q6ZUT1,P55265,chr11,chr1,112075643,154602626,+,-,DANSY_122161,,IPR042371|IPR042371|IPR014720|IPR014720|IPR014720|IPR002466,IPR042371|IPR042371|IPR014720|IPR014720|IPR014720|IPR002466,ACH-001196,NKAPD1,ADAR,Pre-existing,NKAPD1--ADAR
2036,PI4KA--PRMT3,ENSG00000185238,ENSG00000241973,O60678,P42356,chr11,chr22,20388154,20761386,+,-,DANSY_122166,,IPR001263|IPR000403,IPR001263|IPR000403,ACH-001196,PRMT3,PI4KA,Pre-existing,PRMT3--PI4KA
2037,RPS6KA5--ZBP1,ENSG00000100784,ENSG00000124256,O75582,Q9H171,chr14,chr20,90978306,57615580,-,-,DANSY_122366,,IPR042371,IPR042371,ACH-000693,RPS6KA5,ZBP1,Pre-existing,RPS6KA5--ZBP1
2038,RPS6KA5--ZBP1,ENSG00000100784,ENSG00000124256,O75582,Q9H171,chr14,chr20,90978306,57616468,-,-,DANSY_122367,,IPR042371,IPR042371,ACH-000693,RPS6KA5,ZBP1,Pre-existing,RPS6KA5--ZBP1
2039,LRRFIP1--MLPH,ENSG00000124831,ENSG00000115648,Q32MZ4,Q9BV36,chr2,chr2,237756187,237553566,+,+,DANSY_122541,,,,ACH-000811,LRRFIP1,MLPH,No Annotation,LRRFIP1--MLPH
2040,LRRFIP1--MLPH,ENSG00000124831,ENSG00000115648,Q32MZ4,Q9BV36,chr2,chr2,237757548,237553566,+,+,DANSY_122542,,,,ACH-000811,LRRFIP1,MLPH,No Annotation,LRRFIP1--MLPH
2041,GSS--GSS,ENSG00000100983,ENSG00000100983,P48637,P48637,chr20,chr20,34935576,34946098,-,-,DANSY_122552,,IPR004887,IPR004887,ACH-000811,GSS,GSS,Pre-existing,GSS--GSS
2042,UBE2G1--ZZEF1,ENSG00000132388,ENSG00000074755,P62253,O43149,chr17,chr17,4307021,4009757,-,-,DANSY_122553,,,,ACH-000811,UBE2G1,ZZEF1,No Annotation,UBE2G1--ZZEF1
2043,HIF1A--SPINT1,ENSG00000166145,ENSG00000100644,O43278,Q16665,chr15,chr14,40845029,61746934,+,+,DANSY_122556,IPR011106,IPR014887,IPR011106|IPR014887,ACH-000811,SPINT1,HIF1A,Novel,SPINT1--HIF1A
2044,FBXO42--PI4K2B,ENSG00000037637,ENSG00000038210,Q6P3S6,Q8TCG2,chr1,chr4,16294783,25252321,-,+,DANSY_122570,IPR001810,IPR000403,IPR001810|IPR000403,ACH-000811,FBXO42,PI4K2B,Novel,FBXO42--PI4K2B
2045,INSRR--SMG5,ENSG00000198952,ENSG00000027644,Q9UPR3,P14616,chr1,chr1,156265196,156844644,-,-,DANSY_122573,IPR019458|IPR018834,IPR000719,IPR019458|IPR018834|IPR000719,ACH-000811,SMG5,INSRR,Novel,SMG5--INSRR
2046,ZNF160--ZNF888,ENSG00000213793,ENSG00000170949,P0CJ79,Q9HCG1,chr19,chr19,52917859,53075183,-,-,DANSY_122602,,IPR001909|IPR013087|IPR013087|IPR013087|IPR013087|IPR013087|IPR013087|IPR013087|IPR013087|IPR013087|IPR013087|IPR013087|IPR013087|IPR013087|IPR013087|IPR013087|IPR013087|IPR013087|IPR013087|IPR013087|IPR013087,IPR001909|IPR013087|IPR013087|IPR013087|IPR013087|IPR013087|IPR013087|IPR013087|IPR013087|IPR013087|IPR013087|IPR013087|IPR013087|IPR013087|IPR013087|IPR013087|IPR013087|IPR013087|IPR013087|IPR013087|IPR013087,ACH-000811,ZNF888,ZNF160,Pre-existing,ZNF888--ZNF160
2047,NCOA6--SPDEF,ENSG00000198646,ENSG00000124664,Q14686,O95238,chr20,chr6,34768464,34544484,-,-,DANSY_122734,,IPR003118|IPR000418,IPR003118|IPR000418,ACH-000101,NCOA6,SPDEF,Pre-existing,NCOA6--SPDEF
2048,ERBB4--IKZF2,ENSG00000030419,ENSG00000178568,Q9UKS7,Q15303,chr2,chr2,213147708,212124903,-,-,DANSY_122737,,IPR000494|IPR006211|IPR000494|IPR032778|IPR049328|IPR000719,IPR000494|IPR006211|IPR000494|IPR032778|IPR049328|IPR000719,ACH-000101,IKZF2,ERBB4,Pre-existing,IKZF2--ERBB4
2049,LMO3--ZNF277,ENSG00000198839,ENSG00000048540,Q9NRM2,Q8TAP4,chr7,chr12,112206807,16600868,+,-,DANSY_122739,,IPR001781|IPR001781,IPR001781|IPR001781,ACH-000101,ZNF277,LMO3,Pre-existing,ZNF277--LMO3
2050,KCNMB2--MFN1,ENSG00000171109,ENSG00000197584,Q8IWA4,Q9Y691,chr3,chr3,179352035,178807343,+,+,DANSY_122803,,IPR015382,IPR015382,ACH-002051,MFN1,KCNMB2,Pre-existing,MFN1--KCNMB2
2051,EP300--L3MBTL2,ENSG00000100395,ENSG00000100393,Q969R5,Q09472,chr22,chr22,41221287,41172499,+,+,DANSY_122808,IPR012313,IPR000433|IPR000197|IPR014744,IPR012313|IPR000433|IPR000197|IPR014744,ACH-002051,L3MBTL2,EP300,Novel,L3MBTL2--EP300
2052,ADAMTS3--GRSF1,ENSG00000132463,ENSG00000156140,Q12849,O15072,chr4,chr4,70825296,72548884,-,-,DANSY_122812,IPR000504|IPR000504,IPR002870|IPR001590|IPR041645|IPR045371|IPR010294|IPR010909,IPR000504|IPR000504|IPR002870|IPR001590|IPR041645|IPR045371|IPR010294|IPR010909,ACH-002051,GRSF1,ADAMTS3,Novel,GRSF1--ADAMTS3
2053,CREBBP--SLX4,ENSG00000005339,ENSG00000188827,Q92793,Q8IY92,chr16,chr16,3850297,3596393,-,-,DANSY_122962,,IPR000210,IPR000210,ACH-000290,CREBBP,SLX4,Pre-existing,CREBBP--SLX4
2054,GAS6--RASA3,ENSG00000183087,ENSG00000185989,Q14393,Q14644,chr13,chr13,113826996,113981858,-,-,DANSY_123595,IPR000294|IPR000742|IPR000742|IPR000742|IPR000742|IPR001791,,IPR000294|IPR000742|IPR000742|IPR000742|IPR000742|IPR001791,ACH-000817,GAS6,RASA3,Pre-existing,GAS6--RASA3
2055,CARNS1--FCHSD2,ENSG00000137478,ENSG00000172508,O94868,A5YM72,chr11,chr11,72984088,67419487,-,+,DANSY_123603,IPR001060,IPR041472|IPR011761,IPR001060|IPR041472|IPR011761,ACH-000817,FCHSD2,CARNS1,Novel,FCHSD2--CARNS1
2056,HSF2BP--TP53,ENSG00000141510,ENSG00000160207,P04637,O75031,chr17,chr21,7673535,43633421,-,-,DANSY_123737,IPR013872|IPR040926|IPR011615,,IPR013872|IPR040926|IPR011615,ACH-001556,TP53,HSF2BP,Pre-existing,TP53--HSF2BP
2057,ATP9A--KAZN,ENSG00000054793,ENSG00000189337,O75110,Q674X7,chr20,chr1,51712966,14960684,-,+,DANSY_123740,IPR032631,IPR059089|IPR001660|IPR001660|IPR001660,IPR032631|IPR059089|IPR001660|IPR001660|IPR001660,ACH-001556,ATP9A,KAZN,Novel,ATP9A--KAZN
2058,SAR1B--SEC14L1,ENSG00000129657,ENSG00000152700,Q92503,Q9Y6B6,chr17,chr5,77143659,134624037,+,-,DANSY_123744,,IPR005225,IPR005225,ACH-001556,SEC14L1,SAR1B,Pre-existing,SEC14L1--SAR1B
2059,RHCE--SYF2,ENSG00000117614,ENSG00000188672,O95926,P18577,chr1,chr1,25228118,25370540,-,-,DANSY_123750,,,,ACH-001556,SYF2,RHCE,No Annotation,SYF2--RHCE
2060,NBN--NBN,ENSG00000104320,ENSG00000104320,O60934,O60934,chr8,chr8,89958725,89971290,-,-,DANSY_123947,IPR000253|IPR001357|IPR032429,IPR032429|IPR013908,IPR000253|IPR001357|IPR032429|IPR032429|IPR013908,ACH-000378,NBN,NBN,Novel,NBN--NBN
2061,KMT2C--NCAPG2,ENSG00000055609,ENSG00000146918,Q8NEZ4,Q86XI2,chr7,chr7,152435626,158631717,-,-,DANSY_124179,,,,ACH-000634,KMT2C,NCAPG2,No Annotation,KMT2C--NCAPG2
2062,SS18--SSX2,ENSG00000141380,ENSG00000241476,Q15532,Q16385,chr18,chrX,26032399,52700578,-,-,DANSY_124364,IPR007726,,IPR007726,ACH-001322,SS18,SSX2,Pre-existing,SS18--SSX2
2063,IMMT--REEP1,ENSG00000132305,ENSG00000068615,Q16891,Q9H902,chr2,chr2,86151297,86232802,-,-,DANSY_124367,,,,ACH-001322,IMMT,REEP1,No Annotation,IMMT--REEP1
2064,LCT--UBXN4,ENSG00000144224,ENSG00000115850,Q92575,P09848,chr2,chr2,135761911,135794775,+,-,DANSY_124368,,,,ACH-001322,UBXN4,LCT,No Annotation,UBXN4--LCT
2065,ARID3A--CNN2,ENSG00000064666,ENSG00000116017,Q99439,Q99856,chr19,chr19,1032696,960092,+,+,DANSY_124373,IPR001715,IPR001606|IPR023334,IPR001715|IPR001606|IPR023334,ACH-001322,CNN2,ARID3A,Novel,CNN2--ARID3A
2066,BCAR3--ZNF644,ENSG00000122482,ENSG00000137936,Q9H582,O75815,chr1,chr1,90937485,93706142,-,-,DANSY_124386,IPR013087|IPR013087|IPR013087|IPR013087|IPR013087|IPR013087|IPR013087,IPR000980|IPR001895,IPR013087|IPR013087|IPR013087|IPR013087|IPR013087|IPR013087|IPR013087|IPR000980|IPR001895,ACH-001322,ZNF644,BCAR3,Novel,ZNF644--BCAR3
2067,BCAR3--ZNF644,ENSG00000122482,ENSG00000137936,Q9H582,O75815,chr1,chr1,90937485,93674941,-,-,DANSY_124387,IPR013087|IPR013087|IPR013087|IPR013087|IPR013087|IPR013087|IPR013087,IPR000980|IPR001895,IPR013087|IPR013087|IPR013087|IPR013087|IPR013087|IPR013087|IPR013087|IPR000980|IPR001895,ACH-001322,ZNF644,BCAR3,Novel,ZNF644--BCAR3
2068,BCAR3--ZNF644,ENSG00000122482,ENSG00000137936,Q9H582,O75815,chr1,chr1,90982310,93706142,-,-,DANSY_124388,,IPR000980|IPR001895,IPR000980|IPR001895,ACH-001322,ZNF644,BCAR3,Pre-existing,ZNF644--BCAR3
2069,PACS1--SART1,ENSG00000175115,ENSG00000175467,Q6VY07,O43290,chr11,chr11,66070842,65976379,+,+,DANSY_124391,,,,ACH-001322,PACS1,SART1,No Annotation,PACS1--SART1
2070,HOXB2--HOXB9,ENSG00000173917,ENSG00000170689,P14652,P17482,chr17,chr17,48544521,48623135,-,-,DANSY_124393,,IPR001356,IPR001356,ACH-001322,HOXB2,HOXB9,Pre-existing,HOXB2--HOXB9
2071,DDX1--NBAS,ENSG00000151779,ENSG00000079785,A2RRP1,Q92499,chr2,chr2,15536418,15613224,-,+,DANSY_124495,,IPR001650,IPR001650,ACH-000767,NBAS,DDX1,Pre-existing,NBAS--DDX1
2072,TRMT1L--XPR1,ENSG00000143324,ENSG00000121486,Q9UBH6,Q7Z2T5,chr1,chr1,180682411,185128747,+,-,DANSY_124520,,,,ACH-000767,XPR1,TRMT1L,No Annotation,XPR1--TRMT1L
2073,CIT--RFC5,ENSG00000122966,ENSG00000111445,O14578,P40937,chr12,chr12,119734164,118019072,-,+,DANSY_124548,IPR000719|IPR000961,IPR003593|IPR047854|IPR013748,IPR000719|IPR000961|IPR003593|IPR047854|IPR013748,ACH-000767,CIT,RFC5,Novel,CIT--RFC5
2074,RALGPS2--RASAL2,ENSG00000075391,ENSG00000116191,Q9UJF2,Q86X27,chr1,chr1,178390206,178833424,+,+,DANSY_124562,IPR001849,IPR001849,IPR001849|IPR001849,ACH-000767,RASAL2,RALGPS2,Pre-existing,RASAL2--RALGPS2
2075,ERICH6--PRKCI,ENSG00000163558,ENSG00000163645,P41743,Q7L0X2,chr3,chr3,170299110,150698882,+,-,DANSY_124574,IPR000270|IPR002219|IPR000719,IPR029281,IPR000270|IPR002219|IPR000719|IPR029281,ACH-000767,PRKCI,ERICH6,Novel,PRKCI--ERICH6
2076,ATF7IP2--CLEC16A,ENSG00000038532,ENSG00000166669,Q2KHT3,Q5U623,chr16,chr16,11061022,10473479,+,+,DANSY_124575,IPR019155,IPR003961,IPR019155|IPR003961,ACH-000767,CLEC16A,ATF7IP2,Novel,CLEC16A--ATF7IP2
2077,ABL1--BCR,ENSG00000097007,ENSG00000186716,P00519,P11274,chr9,chr22,130714455,23290339,+,+,DANSY_124707,,IPR000198,IPR000198,ACH-002475,ABL1,BCR,Pre-existing,ABL1--BCR
2078,ABL1--BCR,ENSG00000097007,ENSG00000186716,P00519,P11274,chr9,chr22,130714455,23292541,+,+,DANSY_124708,,IPR000198,IPR000198,ACH-002475,ABL1,BCR,Pre-existing,ABL1--BCR
2079,ALK--TFG,ENSG00000114354,ENSG00000171094,Q92734,Q9UM73,chr3,chr2,100744931,29223528,+,-,DANSY_124795,IPR000270,IPR000719,IPR000270|IPR000719,ACH-001642,TFG,ALK,Pre-existing,TFG--ALK
2080,MARK3--NDRG2,ENSG00000075413,ENSG00000165795,P27448,Q9UN36,chr14,chr14,103405267,21023321,+,-,DANSY_124866,,,,ACH-001552,MARK3,NDRG2,No Annotation,MARK3--NDRG2
2081,MARK3--NDRG2,ENSG00000075413,ENSG00000165795,P27448,Q9UN36,chr14,chr14,103405267,21022497,+,-,DANSY_124868,,,,ACH-001552,MARK3,NDRG2,No Annotation,MARK3--NDRG2
2082,MARK3--NDRG2,ENSG00000075413,ENSG00000165795,P27448,Q9UN36,chr14,chr14,103386080,21023321,+,-,DANSY_124869,,,,ACH-001552,MARK3,NDRG2,No Annotation,MARK3--NDRG2
2083,MARK3--NDRG2,ENSG00000075413,ENSG00000165795,P27448,Q9UN36,chr14,chr14,103405267,21021879,+,-,DANSY_124870,,,,ACH-001552,MARK3,NDRG2,No Annotation,MARK3--NDRG2
2084,GPC5--GPC6,ENSG00000183098,ENSG00000179399,Q9Y625,P78333,chr13,chr13,93227616,92866282,+,+,DANSY_124872,,,,ACH-001552,GPC6,GPC5,No Annotation,GPC6--GPC5
2085,BCAT2--CKM,ENSG00000105552,ENSG00000104879,O15382,P06732,chr19,chr19,48810984,45319731,-,-,DANSY_125084,,IPR022413|IPR022414,IPR022413|IPR022414,ACH-001842,BCAT2,CKM,Pre-existing,BCAT2--CKM
2086,IQCM--KLHL2,ENSG00000109466,ENSG00000234828,O95198,A0A1B0GVH7,chr4,chr4,165305725,149735458,+,-,DANSY_125092,IPR000210|IPR011705,,IPR000210|IPR011705,ACH-001842,KLHL2,IQCM,Pre-existing,KLHL2--IQCM
2087,DMRTA1--NLN,ENSG00000176399,ENSG00000123213,Q5VZB9,Q9BYT8,chr9,chr5,22451689,65785775,+,+,DANSY_125105,IPR001275|IPR005173,,IPR001275|IPR005173,ACH-001842,DMRTA1,NLN,Pre-existing,DMRTA1--NLN
2088,IQGAP1--ZNF774,ENSG00000140575,ENSG00000196391,P46940,Q6NX45,chr15,chr15,90390873,90358851,+,+,DANSY_125580,,IPR013087|IPR013087|IPR013087|IPR013087|IPR013087|IPR013087|IPR013087|IPR013087|IPR013087|IPR013087|IPR013087|IPR013087,IPR013087|IPR013087|IPR013087|IPR013087|IPR013087|IPR013087|IPR013087|IPR013087|IPR013087|IPR013087|IPR013087|IPR013087,ACH-000454,IQGAP1,ZNF774,Pre-existing,IQGAP1--ZNF774
2089,TPST1--TRIM47,ENSG00000169902,ENSG00000132481,O60507,Q96LD4,chr7,chr17,66286709,75876813,+,-,DANSY_125599,,IPR058030|IPR001870,IPR058030|IPR001870,ACH-000454,TPST1,TRIM47,Pre-existing,TPST1--TRIM47
2090,TBL1XR1--TP63,ENSG00000177565,ENSG00000073282,Q9BZK7,Q9H3D4,chr3,chr3,177049997,189808272,-,+,DANSY_125839,,IPR011615|IPR010991|IPR001660,IPR011615|IPR010991|IPR001660,ACH-001197,TBL1XR1,TP63,Pre-existing,TBL1XR1--TP63
2091,TBL1XR1--TTLL3,ENSG00000214021,ENSG00000177565,Q9Y4R7,Q9BZK7,chr3,chr3,9813345,177047549,+,-,DANSY_125848,,,,ACH-001197,TTLL3,TBL1XR1,No Annotation,TTLL3--TBL1XR1
2092,MTMR4--SEPTIN4,ENSG00000108389,ENSG00000108387,Q9NYA4,O43236,chr17,chr17,58508161,58526313,-,-,DANSY_125856,IPR035997,,IPR035997,ACH-001197,MTMR4,SEPTIN4,Pre-existing,MTMR4--SEPTIN4
2093,ARPC4-TTLL3--TBL1XR1,ENSG00000250151,ENSG00000177565,,Q9BZK7,chr3,chr3,9813345,177047549,+,-,DANSY_125859,,,,ACH-001197,ARPC4-TTLL3,TBL1XR1,,ARPC4-TTLL3--TBL1XR1
2094,ARMC9--PSMD1,ENSG00000135931,ENSG00000173692,Q7Z3E5,Q99460,chr2,chr2,231215001,231146240,+,+,DANSY_125930,,IPR040623,IPR040623,ACH-000915,ARMC9,PSMD1,Pre-existing,ARMC9--PSMD1
2095,NPLOC4--NPLOC4,ENSG00000182446,ENSG00000182446,Q8TAT6,Q8TAT6,chr17,chr17,81572017,81622278,-,-,DANSY_126040,IPR024682|IPR007716,IPR007716|IPR007717|IPR001876,IPR024682|IPR007716|IPR007716|IPR007717|IPR001876,ACH-000480,NPLOC4,NPLOC4,Novel,NPLOC4--NPLOC4
2096,GAREM1--SDHAF3,ENSG00000141441,ENSG00000196636,Q9H706,Q9NRP4,chr18,chr7,32310193,97181012,-,+,DANSY_126042,,,,ACH-000480,GAREM1,SDHAF3,No Annotation,GAREM1--SDHAF3
2097,MUC15--SLC5A12,ENSG00000148942,ENSG00000169550,Q1EHB4,Q8N387,chr11,chr11,26683757,26565896,-,-,DANSY_126043,,,,ACH-000480,SLC5A12,MUC15,No Annotation,SLC5A12--MUC15
2098,SORD--TERB2,ENSG00000140263,ENSG00000167014,Q00796,Q8NHR7,chr15,chr15,45023349,44966158,+,+,DANSY_126056,,,,ACH-000480,SORD,TERB2,No Annotation,SORD--TERB2
2099,IPO11--KIAA0825,ENSG00000086200,ENSG00000185261,Q9UI26,Q8IV33,chr5,chr5,62561257,94154124,+,-,DANSY_126082,IPR001494,,IPR001494,ACH-000480,IPO11,KIAA0825,Pre-existing,IPO11--KIAA0825
2100,NPLOC4--PDE6G,ENSG00000182446,ENSG00000185527,Q8TAT6,P18545,chr17,chr17,81622166,81651685,-,-,DANSY_126335,,,,ACH-000161,NPLOC4,PDE6G,No Annotation,NPLOC4--PDE6G
2101,ADCY7--NKD1,ENSG00000140807,ENSG00000121281,Q969G9,P51828,chr16,chr16,50633349,50300719,+,+,DANSY_126451,IPR002048,IPR009398|IPR001054,IPR002048|IPR009398|IPR001054,ACH-000395,NKD1,ADCY7,Novel,NKD1--ADCY7
2102,SUPV3L1--VPS26A,ENSG00000156502,ENSG00000122958,Q8IYB8,O75436,chr10,chr10,69207941,69162406,+,+,DANSY_126470,IPR041453|IPR044774|IPR001650|IPR041082,,IPR041453|IPR044774|IPR001650|IPR041082,ACH-000395,SUPV3L1,VPS26A,Pre-existing,SUPV3L1--VPS26A
2103,PSMD7--SDHD,ENSG00000103035,ENSG00000204370,P51665,O14521,chr16,chr11,74301144,112088867,+,+,DANSY_126479,,,,ACH-000395,PSMD7,SDHD,No Annotation,PSMD7--SDHD
2104,CCDC102B--DOK6,ENSG00000206052,ENSG00000150636,Q6PKX4,Q68D86,chr18,chr18,69401310,68874669,+,+,DANSY_126484,,,,ACH-000395,DOK6,CCDC102B,No Annotation,DOK6--CCDC102B
2105,ANP32A--REC114,ENSG00000140350,ENSG00000183324,P39687,Q7Z4M0,chr15,chr15,68820698,73540485,-,+,DANSY_126611,,,,ACH-001459,ANP32A,REC114,No Annotation,ANP32A--REC114
2106,ANP32A--REC114,ENSG00000140350,ENSG00000183324,P39687,Q7Z4M0,chr15,chr15,68820698,73473832,-,+,DANSY_126612,,,,ACH-001459,ANP32A,REC114,No Annotation,ANP32A--REC114
2107,ANP32A--REC114,ENSG00000140350,ENSG00000183324,P39687,Q7Z4M0,chr15,chr15,68820698,73550938,-,+,DANSY_126613,,,,ACH-001459,ANP32A,REC114,No Annotation,ANP32A--REC114
2108,ARL15--RPS6KB1,ENSG00000108443,ENSG00000185305,P23443,Q9NXU5,chr17,chr5,59926582,54154639,+,-,DANSY_126618,,,,ACH-001459,RPS6KB1,ARL15,No Annotation,RPS6KB1--ARL15
2109,CAPZB--EMC1,ENSG00000127463,ENSG00000077549,Q8N766,P47756,chr1,chr1,19227313,19345252,-,-,DANSY_126662,IPR058545,,IPR058545,ACH-000916,EMC1,CAPZB,Pre-existing,EMC1--CAPZB
2110,CTSW--PACS1,ENSG00000175115,ENSG00000172543,Q6VY07,P56202,chr11,chr11,66239277,65879785,+,+,DANSY_126674,,IPR013201|IPR000668,IPR013201|IPR000668,ACH-000916,PACS1,CTSW,Pre-existing,PACS1--CTSW
2111,DVL1--SSU72,ENSG00000107404,ENSG00000160075,O14640,Q9NP77,chr1,chr1,1348896,1545002,-,-,DANSY_126703,,,,ACH-000916,DVL1,SSU72,No Annotation,DVL1--SSU72
2112,CACNA1A--CACNA1A,ENSG00000141837,ENSG00000141837,O00555,O00555,chr19,chr19,13452876,13519503,-,-,DANSY_126838,,IPR005821|IPR005821|IPR005821|IPR005821|IPR031649|IPR014873,IPR005821|IPR005821|IPR005821|IPR005821|IPR031649|IPR014873,ACH-001609,CACNA1A,CACNA1A,Pre-existing,CACNA1A--CACNA1A
2113,NIBAN2--RAB14,ENSG00000136830,ENSG00000119396,Q96TA1,P61106,chr9,chr9,127568820,121192224,-,-,DANSY_126858,,,,ACH-001609,NIBAN2,RAB14,No Annotation,NIBAN2--RAB14
2114,CTNND1--RSF1,ENSG00000198561,ENSG00000048649,O60716,Q96T23,chr11,chr11,57808540,77702495,+,-,DANSY_126865,,IPR001965,IPR001965,ACH-001609,CTNND1,RSF1,Pre-existing,CTNND1--RSF1
2115,PLCB1--TASP1,ENSG00000089123,ENSG00000182621,Q9H6P5,Q9NQ66,chr20,chr20,13417448,8628294,-,+,DANSY_126887,,IPR028400|IPR000909|IPR001711|IPR000008|IPR014815,IPR028400|IPR000909|IPR001711|IPR000008|IPR014815,ACH-001609,TASP1,PLCB1,Pre-existing,TASP1--PLCB1
2116,TNC--TNC,ENSG00000041982,ENSG00000041982,P24821,P24821,chr9,chr9,115057153,115078212,-,-,DANSY_126991,IPR000742|IPR000742|IPR000742|IPR000742|IPR000742|IPR000742|IPR000742|IPR000742|IPR000742|IPR000742|IPR000742|IPR000742|IPR000742|IPR000742|IPR003961|IPR003961|IPR003961|IPR003961|IPR003961|IPR003961|IPR003961|IPR003961|IPR003961|IPR003961,IPR003961|IPR003961|IPR003961|IPR003961|IPR003961|IPR003961|IPR003961|IPR003961|IPR003961|IPR003961|IPR003961|IPR003961|IPR003961|IPR002181,IPR000742|IPR000742|IPR000742|IPR000742|IPR000742|IPR000742|IPR000742|IPR000742|IPR000742|IPR000742|IPR000742|IPR000742|IPR000742|IPR000742|IPR003961|IPR003961|IPR003961|IPR003961|IPR003961|IPR003961|IPR003961|IPR003961|IPR003961|IPR003961|IPR003961|IPR003961|IPR003961|IPR003961|IPR003961|IPR003961|IPR003961|IPR003961|IPR003961|IPR003961|IPR003961|IPR003961|IPR003961|IPR002181,ACH-001960,TNC,TNC,Pre-existing,TNC--TNC
2117,PCGF3--PDE6B,ENSG00000185619,ENSG00000133256,Q3KNV8,P35913,chr4,chr4,744688,663770,+,+,DANSY_126992,IPR001841,,IPR001841,ACH-001960,PCGF3,PDE6B,Pre-existing,PCGF3--PDE6B
2118,COQ10B--LRRC69,ENSG00000115520,ENSG00000214954,Q9H8M1,Q6ZNQ3,chr2,chr8,197470171,91102659,+,+,DANSY_127006,,,,ACH-001960,COQ10B,LRRC69,No Annotation,COQ10B--LRRC69
2119,RPF1--TMED5,ENSG00000117133,ENSG00000117500,Q9H9Y2,Q9Y3A6,chr1,chr1,84482995,93160226,+,-,DANSY_127019,,,,ACH-001960,RPF1,TMED5,No Annotation,RPF1--TMED5
2120,FAF1--LTBP2,ENSG00000119681,ENSG00000185104,Q14767,Q9UNN5,chr14,chr1,74551064,50491801,-,-,DANSY_127212,IPR000742|IPR000742,IPR001012,IPR000742|IPR000742|IPR001012,ACH-001856,LTBP2,FAF1,Novel,LTBP2--FAF1
2121,ABL1--BCR,ENSG00000186716,ENSG00000097007,P11274,P00519,chr22,chr9,23290413,130854064,+,+,DANSY_127431,IPR015123|IPR000219|IPR001849,IPR001452|IPR000980|IPR000719|IPR015015,IPR015123|IPR000219|IPR001849|IPR001452|IPR000980|IPR000719|IPR015015,ACH-000295,BCR,ABL1,Novel,BCR--ABL1
2122,ABL1--BCR,ENSG00000097007,ENSG00000186716,P00519,P11274,chr9,chr22,130714455,23292541,+,+,DANSY_127432,,IPR000198,IPR000198,ACH-000295,ABL1,BCR,Pre-existing,ABL1--BCR
2123,ABL1--BCR,ENSG00000186716,ENSG00000097007,P11274,P00519,chr22,chr9,23289621,130854064,+,+,DANSY_127433,IPR015123|IPR000219|IPR001849,IPR001452|IPR000980|IPR000719|IPR015015,IPR015123|IPR000219|IPR001849|IPR001452|IPR000980|IPR000719|IPR015015,ACH-000295,BCR,ABL1,Novel,BCR--ABL1
2124,SLC9A3R2--SPTBN1,ENSG00000115306,ENSG00000065054,Q01082,Q15599,chr2,chr16,54526566,2036955,+,+,DANSY_127575,,,,ACH-000292,SPTBN1,SLC9A3R2,No Annotation,SPTBN1--SLC9A3R2
2125,PELP1--RAP1GAP2,ENSG00000141456,ENSG00000132359,Q8IZL8,Q684P5,chr17,chr17,4674809,3018061,-,+,DANSY_127576,IPR012583,,IPR012583,ACH-000292,PELP1,RAP1GAP2,Pre-existing,PELP1--RAP1GAP2
2126,RGS14--TMED9,ENSG00000184840,ENSG00000169220,Q9BVK6,O43566,chr5,chr5,177592675,177365963,+,+,DANSY_127790,,IPR016137|IPR003116|IPR003116,IPR016137|IPR003116|IPR003116,ACH-000137,TMED9,RGS14,Pre-existing,TMED9--RGS14
2127,BRCA1--EZH1,ENSG00000108799,ENSG00000012048,Q92800,P38398,chr17,chr17,42720273,43076614,-,-,DANSY_127792,,IPR001357|IPR001357,IPR001357|IPR001357,ACH-000137,EZH1,BRCA1,Pre-existing,EZH1--BRCA1
2128,BRCA1--EZH1,ENSG00000108799,ENSG00000012048,Q92800,P38398,chr17,chr17,42720273,43076611,-,-,DANSY_127793,,IPR001357|IPR001357,IPR001357|IPR001357,ACH-000137,EZH1,BRCA1,Pre-existing,EZH1--BRCA1
2129,BRCA1--EZH1,ENSG00000108799,ENSG00000012048,Q92800,P38398,chr17,chr17,42719105,43074521,-,-,DANSY_127794,,IPR001357|IPR001357,IPR001357|IPR001357,ACH-000137,EZH1,BRCA1,Pre-existing,EZH1--BRCA1
2130,AMT--USP4,ENSG00000114316,ENSG00000145020,Q13107,P48728,chr3,chr3,49325719,49417973,-,-,DANSY_127824,IPR006615,IPR013977,IPR006615|IPR013977,ACH-000137,USP4,AMT,Novel,USP4--AMT
2131,KHSRP--KHSRP,ENSG00000088247,ENSG00000088247,Q92945,Q92945,chr19,chr19,6415141,6422436,-,-,DANSY_127971,IPR004087|IPR004087|IPR004087|IPR004087|IPR015096|IPR015096,IPR004087|IPR004087|IPR004087|IPR004087|IPR015096|IPR015096,IPR004087|IPR004087|IPR004087|IPR004087|IPR015096|IPR015096|IPR004087|IPR004087|IPR004087|IPR004087|IPR015096|IPR015096,ACH-000308,KHSRP,KHSRP,Novel,KHSRP--KHSRP
2132,PAWR--PPP1R12A,ENSG00000058272,ENSG00000177425,O14974,Q96IZ0,chr12,chr12,79809795,79621207,-,-,DANSY_127976,,,,ACH-000308,PPP1R12A,PAWR,No Annotation,PPP1R12A--PAWR
2133,NEK10--SLC4A7,ENSG00000033867,ENSG00000163491,Q9Y6M7,Q6ZWH5,chr3,chr3,27418486,27119868,-,-,DANSY_127983,IPR013769|IPR013769,,IPR013769|IPR013769,ACH-000308,SLC4A7,NEK10,Pre-existing,SLC4A7--NEK10
2134,BCAS3--NPIPB3,ENSG00000141376,ENSG00000169246,Q9H6U6,Q92617,chr17,chr16,60709325,21411341,+,-,DANSY_127985,,IPR054697,IPR054697,ACH-000308,BCAS3,NPIPB3,Pre-existing,BCAS3--NPIPB3
2135,TXNRD1--UNC45A,ENSG00000140553,ENSG00000198431,Q9H3U1,Q16881,chr15,chr12,90936460,104311290,+,+,DANSY_128151,,IPR023753|IPR004099,IPR023753|IPR004099,ACH-000445,UNC45A,TXNRD1,Pre-existing,UNC45A--TXNRD1
2136,ARMC7--SLC16A5,ENSG00000125449,ENSG00000170190,Q9H6L4,O15375,chr17,chr17,75110606,75103970,+,+,DANSY_128159,,,,ACH-000445,ARMC7,SLC16A5,No Annotation,ARMC7--SLC16A5
2137,ATP6V0D1--UGGT2,ENSG00000102595,ENSG00000159720,Q9NYU1,P61421,chr13,chr16,95832927,67444706,-,-,DANSY_128324,IPR040693|IPR040694|IPR040692|IPR040525|IPR040497,,IPR040693|IPR040694|IPR040692|IPR040525|IPR040497,ACH-001229,UGGT2,ATP6V0D1,Pre-existing,UGGT2--ATP6V0D1
2138,GFRA1--VTI1A,ENSG00000151532,ENSG00000151892,Q96AJ9,P56159,chr10,chr10,112538330,116065626,+,-,DANSY_128376,IPR007705,,IPR007705,ACH-000144,VTI1A,GFRA1,Pre-existing,VTI1A--GFRA1
2139,ARID1A--UACA,ENSG00000137831,ENSG00000117713,Q9BZF9,O14497,chr15,chr1,70664662,26767790,-,+,DANSY_128385,,IPR001606|IPR033388,IPR001606|IPR033388,ACH-000144,UACA,ARID1A,Pre-existing,UACA--ARID1A
2140,ARID1A--UACA,ENSG00000137831,ENSG00000117713,Q9BZF9,O14497,chr15,chr1,70664662,26771119,-,+,DANSY_128386,,IPR033388,IPR033388,ACH-000144,UACA,ARID1A,Pre-existing,UACA--ARID1A
2141,SERPINE3--WDFY2,ENSG00000139668,ENSG00000253309,Q96P53,A8MV23,chr13,chr13,51660663,51361278,+,+,DANSY_128397,,,,ACH-000144,WDFY2,SERPINE3,No Annotation,WDFY2--SERPINE3
2142,UBE2D1--VTI1A,ENSG00000151532,ENSG00000072401,Q96AJ9,P51668,chr10,chr10,112464657,58363609,+,+,DANSY_128401,IPR007705,,IPR007705,ACH-000144,VTI1A,UBE2D1,Pre-existing,VTI1A--UBE2D1
2143,UBE2D1--VTI1A,ENSG00000151532,ENSG00000072401,Q96AJ9,P51668,chr10,chr10,112464657,58364771,+,+,DANSY_128402,IPR007705,,IPR007705,ACH-000144,VTI1A,UBE2D1,Pre-existing,VTI1A--UBE2D1
2144,CENPP--DCAF10,ENSG00000122741,ENSG00000188312,Q5QP82,Q6IPU0,chr9,chr9,37819401,92379763,+,+,DANSY_128418,,,,ACH-000144,DCAF10,CENPP,No Annotation,DCAF10--CENPP
2145,GBF1--WBP1L,ENSG00000107862,ENSG00000166272,Q92538,Q9NX94,chr10,chr10,102358729,102797993,+,+,DANSY_128422,,,,ACH-000144,GBF1,WBP1L,No Annotation,GBF1--WBP1L
2146,GBF1--WBP1L,ENSG00000107862,ENSG00000166272,Q92538,Q9NX94,chr10,chr10,102361120,102797993,+,+,DANSY_128423,,,,ACH-000144,GBF1,WBP1L,No Annotation,GBF1--WBP1L
2147,GBF1--WBP1L,ENSG00000107862,ENSG00000166272,Q92538,Q9NX94,chr10,chr10,102360395,102797993,+,+,DANSY_128424,,,,ACH-000144,GBF1,WBP1L,No Annotation,GBF1--WBP1L
2148,CHRDL2--FBXL20,ENSG00000108306,ENSG00000054938,Q96IG2,Q6WN34,chr17,chr11,39401361,74713479,-,-,DANSY_128434,,IPR001007|IPR001007|IPR045716,IPR001007|IPR001007|IPR045716,ACH-000144,FBXL20,CHRDL2,Pre-existing,FBXL20--CHRDL2
2149,CHRDL2--FBXL20,ENSG00000108306,ENSG00000054938,Q96IG2,Q6WN34,chr17,chr11,39402173,74713479,-,-,DANSY_128435,,IPR001007|IPR001007|IPR045716,IPR001007|IPR001007|IPR045716,ACH-000144,FBXL20,CHRDL2,Pre-existing,FBXL20--CHRDL2
2150,IKZF3--SLC35G1,ENSG00000176273,ENSG00000161405,Q2M3R5,Q9UKT9,chr10,chr17,93894160,39792933,+,-,DANSY_128464,,IPR013087|IPR013087|IPR013087|IPR013087|IPR013087|IPR013087,IPR013087|IPR013087|IPR013087|IPR013087|IPR013087|IPR013087,ACH-000144,SLC35G1,IKZF3,Pre-existing,SLC35G1--IKZF3
2151,IKZF3--SLC35G1,ENSG00000176273,ENSG00000161405,Q2M3R5,Q9UKT9,chr10,chr17,93894211,39792933,+,-,DANSY_128465,,IPR013087|IPR013087|IPR013087|IPR013087|IPR013087|IPR013087,IPR013087|IPR013087|IPR013087|IPR013087|IPR013087|IPR013087,ACH-000144,SLC35G1,IKZF3,Pre-existing,SLC35G1--IKZF3
2152,ANKS3--CORO7-PAM16,ENSG00000103426,ENSG00000168096,,Q6ZW76,chr16,chr16,4412356,4702242,-,-,DANSY_128480,,IPR001660,,ACH-000144,CORO7-PAM16,ANKS3,,CORO7-PAM16--ANKS3
2153,ANKS3--CORO7,ENSG00000262246,ENSG00000168096,P57737,Q6ZW76,chr16,chr16,4412356,4702242,-,-,DANSY_128482,IPR015048,IPR001660,IPR015048|IPR001660,ACH-000144,CORO7,ANKS3,Novel,CORO7--ANKS3
2154,ATF6--NOS1AP,ENSG00000198929,ENSG00000118217,O75052,P18850,chr1,chr1,162154476,161819633,+,+,DANSY_128492,,IPR004827,IPR004827,ACH-000144,NOS1AP,ATF6,Pre-existing,NOS1AP--ATF6
2155,GZMA--NDUFS4,ENSG00000164258,ENSG00000145649,O43181,P12544,chr5,chr5,53560760,55107794,+,+,DANSY_128686,,,,ACH-000837,NDUFS4,GZMA,No Annotation,NDUFS4--GZMA
2156,CTBS--ELAVL4,ENSG00000117151,ENSG00000162374,Q01459,P26378,chr1,chr1,84574239,50193765,-,+,DANSY_128998,,IPR000504|IPR000504,IPR000504|IPR000504,ACH-000881,CTBS,ELAVL4,Pre-existing,CTBS--ELAVL4
2157,CFAP70--FAM149B1,ENSG00000138286,ENSG00000156042,Q96BN6,Q5T0N1,chr10,chr10,73177973,73278337,+,-,DANSY_129267,,,,ACH-000147,FAM149B1,CFAP70,No Annotation,FAM149B1--CFAP70
2158,ATP13A1--GMIP,ENSG00000089639,ENSG00000105726,Q9P107,Q9HD20,chr19,chr19,19636707,19649940,-,-,DANSY_129500,IPR031160,,IPR031160,ACH-000899,GMIP,ATP13A1,Pre-existing,GMIP--ATP13A1
2159,FARSB--METAP1D,ENSG00000172878,ENSG00000116120,Q6UB28,Q9NSD9,chr2,chr2,172000009,222600083,+,-,DANSY_129520,,,,ACH-000366,METAP1D,FARSB,No Annotation,METAP1D--FARSB
2160,LRRFIP1--OLA1,ENSG00000138430,ENSG00000124831,Q9NTK5,Q32MZ4,chr2,chr2,174141825,237779422,-,+,DANSY_129527,IPR006073,,IPR006073,ACH-000366,OLA1,LRRFIP1,Pre-existing,OLA1--LRRFIP1
2161,DYTN--THADA,ENSG00000115970,ENSG00000232125,Q6YHU6,A2CJ06,chr2,chr2,43485234,206666029,-,-,DANSY_129544,IPR056843|IPR019442,,IPR056843|IPR019442,ACH-000366,THADA,DYTN,Pre-existing,THADA--DYTN
2162,DCUN1D1--UTP6,ENSG00000043093,ENSG00000108651,Q96GG9,Q9NYH9,chr3,chr17,182961226,31863516,-,-,DANSY_129557,,,,ACH-000366,DCUN1D1,UTP6,No Annotation,DCUN1D1--UTP6
2163,ELP2--MOCOS,ENSG00000134759,ENSG00000075643,Q6IA86,Q96EN8,chr18,chr18,36130071,36266749,+,+,DANSY_129830,,,,ACH-001526,ELP2,MOCOS,No Annotation,ELP2--MOCOS
2164,CAB39--TP53,ENSG00000135932,ENSG00000141510,Q9Y376,P04637,chr2,chr17,230793331,7676622,+,-,DANSY_129867,,IPR013872|IPR040926|IPR011615|IPR010991,IPR013872|IPR040926|IPR011615|IPR010991,ACH-001526,CAB39,TP53,Pre-existing,CAB39--TP53
2165,DHRS7C--NEMP2,ENSG00000189362,ENSG00000184544,A6NFY4,A6NNS2,chr2,chr17,190534559,9781594,-,-,DANSY_129872,,,,ACH-001526,NEMP2,DHRS7C,No Annotation,NEMP2--DHRS7C
2166,MAEA--WRAP53,ENSG00000090316,ENSG00000141499,Q7L5Y9,Q9BUR4,chr4,chr17,1289982,7700741,+,+,DANSY_129891,,,,ACH-001526,MAEA,WRAP53,No Annotation,MAEA--WRAP53
2167,CFAP54--LTA4H,ENSG00000111144,ENSG00000188596,P09960,Q96N23,chr12,chr12,96002960,96592490,-,+,DANSY_130256,IPR045357|IPR014782,,IPR045357|IPR014782,ACH-001329,LTA4H,CFAP54,Pre-existing,LTA4H--CFAP54
2168,CDK17--ELK3,ENSG00000059758,ENSG00000111145,Q00537,P41970,chr12,chr12,96283603,96132277,-,+,DANSY_130264,,IPR000418,IPR000418,ACH-001329,CDK17,ELK3,Pre-existing,CDK17--ELK3
2169,BRD4--NUTM1,ENSG00000141867,ENSG00000184507,O60885,Q86Y26,chr19,chr15,15244231,34347969,-,+,DANSY_130340,IPR001487|IPR001487|IPR027353,IPR024309,IPR001487|IPR001487|IPR027353|IPR024309,ACH-001676,BRD4,NUTM1,Novel,BRD4--NUTM1
2170,SS18--SSX2,ENSG00000141380,ENSG00000241476,Q15532,Q16385,chr18,chrX,26032399,52700578,-,-,DANSY_130448,IPR007726,,IPR007726,ACH-001280,SS18,SSX2,Pre-existing,SS18--SSX2
2171,EXD1--TRPM7,ENSG00000092439,ENSG00000178997,Q96QT4,Q8NHP7,chr15,chr15,50686531,41196037,-,-,DANSY_130499,,,,ACH-002922,TRPM7,EXD1,No Annotation,TRPM7--EXD1
2172,EXD1--TRPM7,ENSG00000092439,ENSG00000178997,Q96QT4,Q8NHP7,chr15,chr15,50686531,41195855,-,-,DANSY_130500,,,,ACH-002922,TRPM7,EXD1,No Annotation,TRPM7--EXD1
2173,ARPP19--RAD51,ENSG00000051180,ENSG00000128989,Q06609,P56211,chr15,chr15,40701201,52557222,+,-,DANSY_130512,,,,ACH-002922,RAD51,ARPP19,No Annotation,RAD51--ARPP19
2174,ARPP19--RAD51,ENSG00000051180,ENSG00000128989,Q06609,P56211,chr15,chr15,40701201,52564246,+,-,DANSY_130513,,,,ACH-002922,RAD51,ARPP19,No Annotation,RAD51--ARPP19
2175,PARVA--TEAD1,ENSG00000187079,ENSG00000197702,P28347,Q9NVD7,chr11,chr11,12764434,12473745,+,+,DANSY_131585,,IPR001715|IPR001715,IPR001715|IPR001715,ACH-001530,TEAD1,PARVA,Pre-existing,TEAD1--PARVA
2176,PTPRM--TTC39C,ENSG00000173482,ENSG00000168234,P28827,Q8N584,chr18,chr18,8088851,24019860,+,+,DANSY_131593,IPR000998|IPR003599|IPR003961|IPR003961|IPR003961,,IPR000998|IPR003599|IPR003961|IPR003961|IPR003961,ACH-001530,PTPRM,TTC39C,Pre-existing,PTPRM--TTC39C
2177,PTPRM--TTC39C,ENSG00000173482,ENSG00000168234,P28827,Q8N584,chr18,chr18,8088851,24064140,+,+,DANSY_131594,IPR000998|IPR003599|IPR003961|IPR003961|IPR003961,,IPR000998|IPR003599|IPR003961|IPR003961|IPR003961,ACH-001530,PTPRM,TTC39C,Pre-existing,PTPRM--TTC39C
2178,EML6--SPTBN1,ENSG00000214595,ENSG00000115306,Q6ZMW3,Q01082,chr2,chr2,54816885,54642983,+,+,DANSY_131602,,IPR001605|IPR001605|IPR001605|IPR001605,IPR001605|IPR001605|IPR001605|IPR001605,ACH-001530,EML6,SPTBN1,Pre-existing,EML6--SPTBN1
2179,MYO5C--SHC4,ENSG00000128833,ENSG00000185634,Q9NQX4,Q6S5L8,chr15,chr15,52295610,48924949,-,-,DANSY_131771,,IPR000980,IPR000980,ACH-000563,MYO5C,SHC4,Pre-existing,MYO5C--SHC4
2180,MYO5C--SHC4,ENSG00000128833,ENSG00000185634,Q9NQX4,Q6S5L8,chr15,chr15,52295610,48872142,-,-,DANSY_131773,,IPR000980,IPR000980,ACH-000563,MYO5C,SHC4,Pre-existing,MYO5C--SHC4
2181,DDT--GSTT2B,ENSG00000099977,ENSG00000133433,P30046,P0CG30,chr22,chr22,23973768,23960381,-,-,DANSY_131776,,IPR004046,IPR004046,ACH-000563,DDT,GSTT2B,Pre-existing,DDT--GSTT2B
2182,CDK10--FANCA,ENSG00000187741,ENSG00000185324,O15360,Q15131,chr16,chr16,89758577,89689252,-,+,DANSY_131781,IPR031729|IPR055386|IPR055387,IPR000719,IPR031729|IPR055386|IPR055387|IPR000719,ACH-000563,FANCA,CDK10,Novel,FANCA--CDK10
2183,B9D1--CD82,ENSG00000108641,ENSG00000085117,Q9UPM9,P27701,chr17,chr11,19343790,44600158,-,+,DANSY_131788,,,,ACH-000563,B9D1,CD82,No Annotation,B9D1--CD82
2184,PKP4--TANC1,ENSG00000115183,ENSG00000144283,Q9C0D5,Q99569,chr2,chr2,159065971,158631753,+,+,DANSY_131795,,,,ACH-000563,TANC1,PKP4,No Annotation,TANC1--PKP4
2185,ANTXR2--TNFSF10,ENSG00000163297,ENSG00000121858,P58335,P50591,chr4,chr3,79984819,172514998,-,-,DANSY_131807,IPR002035|IPR008400,IPR006052,IPR002035|IPR008400|IPR006052,ACH-000563,ANTXR2,TNFSF10,Novel,ANTXR2--TNFSF10
2186,ANTXR2--TNFSF10,ENSG00000163297,ENSG00000121858,P58335,P50591,chr4,chr3,80008521,172514998,-,-,DANSY_131808,IPR002035|IPR008400,IPR006052,IPR002035|IPR008400|IPR006052,ACH-000563,ANTXR2,TNFSF10,Novel,ANTXR2--TNFSF10
2187,COG5--COG5,ENSG00000164597,ENSG00000164597,Q9UP83,Q9UP83,chr7,chr7,107412502,107459788,-,-,DANSY_132072,IPR049176,IPR048485,IPR049176|IPR048485,ACH-000884,COG5,COG5,Pre-existing,COG5--COG5
2188,PARVA--TPD52L1,ENSG00000111907,ENSG00000197702,Q16890,Q9NVD7,chr6,chr11,125153970,12496458,+,+,DANSY_132477,,IPR001715,IPR001715,ACH-000355,TPD52L1,PARVA,Pre-existing,TPD52L1--PARVA
2189,ASH1L--QSER1,ENSG00000116539,ENSG00000060749,Q9NR48,Q2KHR3,chr1,chr11,155338089,32953857,-,+,DANSY_132524,IPR006560|IPR001214|IPR003616|IPR001487|IPR001965|IPR001025,IPR025451,IPR006560|IPR001214|IPR003616|IPR001487|IPR001965|IPR001025|IPR025451,ACH-000355,ASH1L,QSER1,Novel,ASH1L--QSER1
2190,CCNB1--CENPH,ENSG00000153044,ENSG00000134057,Q9H3R5,P14635,chr5,chr5,69208359,69174251,+,+,DANSY_132708,,IPR004367,IPR004367,ACH-000962,CENPH,CCNB1,Pre-existing,CENPH--CCNB1
2191,CCNB1--CENPH,ENSG00000153044,ENSG00000134057,Q9H3R5,P14635,chr5,chr5,69208359,69174877,+,+,DANSY_132709,,IPR004367,IPR004367,ACH-000962,CENPH,CCNB1,Pre-existing,CENPH--CCNB1
2192,DPYD--PHTF2,ENSG00000006576,ENSG00000188641,Q8N3S3,Q12882,chr7,chr1,77840300,97573970,+,-,DANSY_132713,,IPR005720|IPR017896|IPR017896,IPR005720|IPR017896|IPR017896,ACH-000962,PHTF2,DPYD,Pre-existing,PHTF2--DPYD
2193,FGFR3--TACC3,ENSG00000068078,ENSG00000013810,P22607,Q9Y6A5,chr4,chr4,1806934,1739702,+,+,DANSY_132830,IPR003598|IPR003598|IPR003598|IPR000719,,IPR003598|IPR003598|IPR003598|IPR000719,ACH-000473,FGFR3,TACC3,Pre-existing,FGFR3--TACC3
2194,EPB41L4B--TRAF2,ENSG00000127191,ENSG00000095203,Q12933,Q9H329,chr9,chr9,136909994,109279921,+,-,DANSY_132833,IPR001841|IPR049441|IPR001293,IPR014847,IPR001841|IPR049441|IPR001293|IPR014847,ACH-000473,TRAF2,EPB41L4B,Novel,TRAF2--EPB41L4B
2195,EPB41L4B--TRAF2,ENSG00000127191,ENSG00000095203,Q12933,Q9H329,chr9,chr9,136908231,109279921,+,-,DANSY_132834,IPR001841|IPR049441|IPR001293,IPR014847,IPR001841|IPR049441|IPR001293|IPR014847,ACH-000473,TRAF2,EPB41L4B,Novel,TRAF2--EPB41L4B
2196,GRK4--NSD2,ENSG00000109685,ENSG00000125388,O96028,P32298,chr4,chr4,1935262,2992215,+,+,DANSY_132839,IPR000313|IPR009071,IPR000719|IPR000961,IPR000313|IPR009071|IPR000719|IPR000961,ACH-000473,NSD2,GRK4,Novel,NSD2--GRK4
2197,ECSIT--RGL3,ENSG00000205517,ENSG00000130159,Q3MIN7,Q9BQ95,chr19,chr19,11415937,11506428,-,-,DANSY_132908,IPR000651,,IPR000651,ACH-000192,RGL3,ECSIT,Pre-existing,RGL3--ECSIT
2198,PXDN--PXDN,ENSG00000130508,ENSG00000130508,Q92626,Q92626,chr2,chr2,1648172,1673812,-,-,DANSY_132929,IPR000483|IPR003598|IPR003598|IPR003598|IPR003598,IPR003598|IPR003598|IPR003598|IPR034824|IPR001007,IPR000483|IPR003598|IPR003598|IPR003598|IPR003598|IPR003598|IPR003598|IPR003598|IPR034824|IPR001007,ACH-000192,PXDN,PXDN,Novel,PXDN--PXDN
2199,CHMP6--RPTOR,ENSG00000176108,ENSG00000141564,Q96FZ7,Q8N122,chr17,chr17,80998420,80957624,+,+,DANSY_132930,,,,ACH-000192,CHMP6,RPTOR,No Annotation,CHMP6--RPTOR
2200,DDX19B--GON4L,ENSG00000116580,ENSG00000157349,Q3T8J9,Q9UMR2,chr1,chr16,155820606,70312609,-,+,DANSY_132943,,IPR014014|IPR011545|IPR001650,IPR014014|IPR011545|IPR001650,ACH-000192,GON4L,DDX19B,Pre-existing,GON4L--DDX19B
2201,DDX19B--GON4L,ENSG00000116580,ENSG00000157349,Q3T8J9,Q9UMR2,chr1,chr16,155820606,70314902,-,+,DANSY_132944,,IPR014014|IPR011545|IPR001650,IPR014014|IPR011545|IPR001650,ACH-000192,GON4L,DDX19B,Pre-existing,GON4L--DDX19B
2202,NIPBL--WDR70,ENSG00000164190,ENSG00000082068,Q6KC79,Q9NW82,chr5,chr5,37010225,37697655,+,+,DANSY_132953,,,,ACH-000192,NIPBL,WDR70,No Annotation,NIPBL--WDR70
2203,BRD8--FAM13B,ENSG00000031003,ENSG00000112983,Q9NYF5,Q9H0E9,chr5,chr5,138006990,138170409,-,-,DANSY_132961,IPR000198,IPR001487|IPR001487,IPR000198|IPR001487|IPR001487,ACH-000192,FAM13B,BRD8,Novel,FAM13B--BRD8
2204,CHID1--GATD1,ENSG00000177225,ENSG00000177830,Q8NB37,Q9BWS9,chr11,chr11,770993,870499,-,-,DANSY_132963,,,,ACH-000192,GATD1,CHID1,No Annotation,GATD1--CHID1
2205,CHID1--GATD1,ENSG00000177225,ENSG00000177830,Q8NB37,Q9BWS9,chr11,chr11,770314,870499,-,-,DANSY_132964,,,,ACH-000192,GATD1,CHID1,No Annotation,GATD1--CHID1
2206,BRD8--ETF1,ENSG00000112983,ENSG00000120705,Q9H0E9,P62495,chr5,chr5,138170345,138510629,-,-,DANSY_132970,,,,ACH-000192,BRD8,ETF1,No Annotation,BRD8--ETF1
2207,ABI2--CYP20A1,ENSG00000138443,ENSG00000119004,Q9NYB9,Q6UW02,chr2,chr2,203367044,203245846,+,+,DANSY_132972,,,,ACH-000192,ABI2,CYP20A1,No Annotation,ABI2--CYP20A1
2208,CELSR3--SMARCC1,ENSG00000173473,ENSG00000008300,Q92922,Q9NYQ7,chr3,chr3,47610066,48657348,-,-,DANSY_132976,IPR032450|IPR000953|IPR007526|IPR001005|IPR032448|IPR032451,IPR000742|IPR000742|IPR000742|IPR001791|IPR000742|IPR001791|IPR000742|IPR000742|IPR002049|IPR002049|IPR001879|IPR032471|IPR057244|IPR017981,IPR032450|IPR000953|IPR007526|IPR001005|IPR032448|IPR032451|IPR000742|IPR000742|IPR000742|IPR001791|IPR000742|IPR001791|IPR000742|IPR000742|IPR002049|IPR002049|IPR001879|IPR032471|IPR057244|IPR017981,ACH-000192,SMARCC1,CELSR3,Novel,SMARCC1--CELSR3
2209,THSD7B--TMEM163,ENSG00000152128,ENSG00000144229,Q8TC26,Q9C0I4,chr2,chr2,134713200,137272533,-,+,DANSY_133054,,IPR044004|IPR044004|IPR044004|IPR056991,IPR044004|IPR044004|IPR044004|IPR056991,ACH-000192,TMEM163,THSD7B,Pre-existing,TMEM163--THSD7B
2210,BCAS4--THAP8,ENSG00000124243,ENSG00000161277,Q8TDM0,Q8NA92,chr20,chr19,50830380,36039718,+,-,DANSY_133064,,,,ACH-000192,BCAS4,THAP8,No Annotation,BCAS4--THAP8
2211,BCAS4--THAP8,ENSG00000124243,ENSG00000161277,Q8TDM0,Q8NA92,chr20,chr19,50830380,36040136,+,-,DANSY_133065,,,,ACH-000192,BCAS4,THAP8,No Annotation,BCAS4--THAP8
2212,CDC23--NME5,ENSG00000112981,ENSG00000094880,P56597,Q9UJX2,chr5,chr5,138118818,138198782,-,-,DANSY_133082,IPR034907,,IPR034907,ACH-000192,NME5,CDC23,Pre-existing,NME5--CDC23
2213,PDLIM4--RAD50,ENSG00000113522,ENSG00000131435,Q92878,P50479,chr5,chr5,132559367,132262609,+,+,DANSY_133085,,IPR031847|IPR001781,IPR031847|IPR001781,ACH-000192,RAD50,PDLIM4,Pre-existing,RAD50--PDLIM4
2214,PIEZO2--PTPN2,ENSG00000175354,ENSG00000154864,P17706,Q9H5I5,chr18,chr18,12859164,10715816,-,-,DANSY_133877,,IPR056768|IPR056770|IPR031334,IPR056768|IPR056770|IPR031334,ACH-001344,PTPN2,PIEZO2,Pre-existing,PTPN2--PIEZO2
2215,IMPA2--TWSG1,ENSG00000128791,ENSG00000141401,Q9GZX9,O14732,chr18,chr18,9337352,11999054,+,+,DANSY_133886,,,,ACH-001344,TWSG1,IMPA2,No Annotation,TWSG1--IMPA2
2216,CLIC4--SRRM1,ENSG00000169504,ENSG00000133226,Q9Y696,Q8IYB3,chr1,chr1,24745625,24645984,+,+,DANSY_134035,,IPR002483,IPR002483,ACH-000757,CLIC4,SRRM1,Pre-existing,CLIC4--SRRM1
2217,NADSYN1--TESMIN,ENSG00000172890,ENSG00000132749,Q6IA69,Q9Y4I5,chr11,chr11,71484447,68711049,+,-,DANSY_134041,IPR003010,,IPR003010,ACH-000757,NADSYN1,TESMIN,Pre-existing,NADSYN1--TESMIN
2218,NOTCH2--PDE4DIP,ENSG00000134250,ENSG00000178104,Q04721,Q5VU43,chr1,chr1,120029906,148863250,-,+,DANSY_134051,,IPR012943|IPR056273|IPR010630,IPR012943|IPR056273|IPR010630,ACH-000757,NOTCH2,PDE4DIP,Pre-existing,NOTCH2--PDE4DIP
2219,ARHGAP28--LPIN2,ENSG00000101577,ENSG00000088756,Q92539,Q9P2N2,chr18,chr18,2920778,6824762,-,+,DANSY_134053,IPR007651|IPR031703,IPR000198|IPR057323,IPR007651|IPR031703|IPR000198|IPR057323,ACH-000757,LPIN2,ARHGAP28,Novel,LPIN2--ARHGAP28
2220,KATNA1--PPIL4,ENSG00000131013,ENSG00000186625,Q8WUA2,O75449,chr6,chr6,149533458,149604782,-,-,DANSY_134056,IPR002130,IPR003593|IPR041569|IPR015415,IPR002130|IPR003593|IPR041569|IPR015415,ACH-000757,PPIL4,KATNA1,Novel,PPIL4--KATNA1
2221,KCNK2--KCTD3,ENSG00000136636,ENSG00000082482,Q9Y597,O95069,chr1,chr1,215574118,215194953,+,+,DANSY_134075,,,,ACH-000757,KCTD3,KCNK2,No Annotation,KCTD3--KCNK2
2222,ARMC6--SUGP2,ENSG00000064607,ENSG00000105676,Q8IX01,Q6NXE6,chr19,chr19,19019109,19042711,-,+,DANSY_134286,,,,ACH-001318,SUGP2,ARMC6,No Annotation,SUGP2--ARMC6
2223,CRIM1--IQCA1,ENSG00000150938,ENSG00000132321,Q9NZV1,Q86XH1,chr2,chr2,36441500,236363979,+,-,DANSY_134426,IPR000867,IPR003959,IPR000867|IPR003959,ACH-000601,CRIM1,IQCA1,Novel,CRIM1--IQCA1
2224,CRIM1--IQCA1,ENSG00000150938,ENSG00000132321,Q9NZV1,Q86XH1,chr2,chr2,36396787,236363979,+,-,DANSY_134427,IPR000867,IPR003959,IPR000867|IPR003959,ACH-000601,CRIM1,IQCA1,Novel,CRIM1--IQCA1
2225,POLR1B--SLC20A1,ENSG00000144136,ENSG00000125630,Q8WUM9,Q9H9Y6,chr2,chr2,112657241,112572562,+,+,DANSY_134440,,IPR007641,IPR007641,ACH-000601,SLC20A1,POLR1B,Pre-existing,SLC20A1--POLR1B
2226,POLR1B--SLC20A1,ENSG00000144136,ENSG00000125630,Q8WUM9,Q9H9Y6,chr2,chr2,112652798,112572562,+,+,DANSY_134441,,IPR007641,IPR007641,ACH-000601,SLC20A1,POLR1B,Pre-existing,SLC20A1--POLR1B
2227,HMMR--MAT2B,ENSG00000038274,ENSG00000072571,Q9NZL9,O75330,chr5,chr5,163505749,163469641,+,+,DANSY_134451,,IPR031794,IPR031794,ACH-000601,MAT2B,HMMR,Pre-existing,MAT2B--HMMR
2228,HMMR--MAT2B,ENSG00000038274,ENSG00000072571,Q9NZL9,O75330,chr5,chr5,163503424,163469641,+,+,DANSY_134452,,IPR031794,IPR031794,ACH-000601,MAT2B,HMMR,Pre-existing,MAT2B--HMMR
2229,EXT1--PCMTD1,ENSG00000182197,ENSG00000168300,Q16394,Q96MG8,chr8,chr8,118110085,51833689,-,-,DANSY_134829,,,,ACH-001857,EXT1,PCMTD1,No Annotation,EXT1--PCMTD1
2230,POLN--ZNF709,ENSG00000242852,ENSG00000130997,Q8N972,Q7Z5Q5,chr19,chr4,12484655,2176334,-,-,DANSY_134847,,IPR001098,IPR001098,ACH-001857,ZNF709,POLN,Pre-existing,ZNF709--POLN
2231,POLN--ZNF709,ENSG00000242852,ENSG00000130997,Q8N972,Q7Z5Q5,chr19,chr4,12484655,2174751,-,-,DANSY_134848,,IPR001098,IPR001098,ACH-001857,ZNF709,POLN,Pre-existing,ZNF709--POLN
2232,CCL22--PLLP,ENSG00000102934,ENSG00000102962,Q9Y342,O00626,chr16,chr16,57284406,57358787,-,+,DANSY_134853,,IPR001811,IPR001811,ACH-001857,PLLP,CCL22,Pre-existing,PLLP--CCL22
2233,MAD1L1--SNX8,ENSG00000106266,ENSG00000002822,Q9Y5X2,Q9Y6D9,chr7,chr7,2278100,1816228,-,-,DANSY_135335,,,,ACH-000657,SNX8,MAD1L1,No Annotation,SNX8--MAD1L1
2234,RFT1--UQCRC2,ENSG00000163933,ENSG00000140740,Q96AA3,P22695,chr3,chr16,53103953,21971525,-,+,DANSY_135410,,,,ACH-000624,RFT1,UQCRC2,No Annotation,RFT1--UQCRC2
2235,CAPN1--POLA2,ENSG00000014138,ENSG00000014216,Q14181,P07384,chr11,chr11,65279626,65208055,+,+,DANSY_135421,IPR013627,IPR002048|IPR002048,IPR013627|IPR002048|IPR002048,ACH-000624,POLA2,CAPN1,Novel,POLA2--CAPN1
2236,LITAF--TXNDC11,ENSG00000153066,ENSG00000189067,Q6PKC3,Q99732,chr16,chr16,11721577,11635953,-,-,DANSY_135427,IPR013766,IPR006629,IPR013766|IPR006629,ACH-000624,TXNDC11,LITAF,Novel,TXNDC11--LITAF
2237,CWC22--WNK1,ENSG00000060237,ENSG00000163510,Q9H4A3,Q9HCG8,chr12,chr2,754324,179988644,+,-,DANSY_135430,,IPR003890|IPR003891,IPR003890|IPR003891,ACH-000624,WNK1,CWC22,Pre-existing,WNK1--CWC22
2238,BABAM2--DPYSL5,ENSG00000158019,ENSG00000157851,Q9NXR7,Q9BPU6,chr2,chr2,28129380,26898496,+,+,DANSY_135446,,IPR006680,IPR006680,ACH-000624,BABAM2,DPYSL5,Pre-existing,BABAM2--DPYSL5
2239,GPR39--NCKAP5,ENSG00000183840,ENSG00000176771,O43194,O14513,chr2,chr2,132417898,132673305,+,-,DANSY_135459,,,,ACH-000624,GPR39,NCKAP5,No Annotation,GPR39--NCKAP5
2240,GPC3--HS6ST2,ENSG00000171004,ENSG00000147257,Q96MM7,P51654,chrX,chrX,132956808,133700028,-,-,DANSY_135479,,,,ACH-000624,HS6ST2,GPC3,No Annotation,HS6ST2--GPC3
2241,CYP39A1--EIF3K,ENSG00000178982,ENSG00000146233,Q9UBQ5,Q9NYL5,chr19,chr6,38632678,46639668,+,-,DANSY_135617,,,,ACH-000699,EIF3K,CYP39A1,No Annotation,EIF3K--CYP39A1
2242,CYP39A1--EIF3K,ENSG00000178982,ENSG00000146233,Q9UBQ5,Q9NYL5,chr19,chr6,38632496,46639668,+,-,DANSY_135618,,,,ACH-000699,EIF3K,CYP39A1,No Annotation,EIF3K--CYP39A1
2243,PLA2R1--RBMS1,ENSG00000153246,ENSG00000153250,Q13018,P29558,chr2,chr2,159976068,160303487,-,-,DANSY_135626,IPR000772|IPR000562|IPR001304|IPR001304|IPR001304|IPR001304,IPR000504,IPR000772|IPR000562|IPR001304|IPR001304|IPR001304|IPR001304|IPR000504,ACH-000699,PLA2R1,RBMS1,Novel,PLA2R1--RBMS1
2244,RAB37--TMEM104,ENSG00000109066,ENSG00000172794,Q8NE00,Q96AX2,chr17,chr17,74795632,74729256,+,+,DANSY_135628,IPR013057,IPR005225,IPR013057|IPR005225,ACH-000699,TMEM104,RAB37,Novel,TMEM104--RAB37
2245,MFSD3--MROH1,ENSG00000167700,ENSG00000179832,Q96ES6,Q8NDA8,chr8,chr8,144510903,144199122,+,+,DANSY_135643,,IPR048465|IPR055406,IPR048465|IPR055406,ACH-000699,MFSD3,MROH1,Pre-existing,MFSD3--MROH1
2246,FOXK2--LMF1,ENSG00000103227,ENSG00000141568,Q96S06,Q01167,chr16,chr17,970788,82601303,-,+,DANSY_135681,,,,ACH-000699,LMF1,FOXK2,No Annotation,LMF1--FOXK2
2247,NUP210--SLC6A6,ENSG00000132182,ENSG00000131389,Q8TEM1,P31641,chr3,chr3,13351879,14477205,-,+,DANSY_136423,IPR055096|IPR055097|IPR055098|IPR056897|IPR056898|IPR055099,,IPR055096|IPR055097|IPR055098|IPR056897|IPR056898|IPR055099,ACH-001416,NUP210,SLC6A6,Pre-existing,NUP210--SLC6A6
2248,CKAP5--MTCH2,ENSG00000175216,ENSG00000109919,Q14008,Q9Y6C9,chr11,chr11,46795594,47635571,-,-,DANSY_136426,IPR034085|IPR034085,,IPR034085|IPR034085,ACH-001416,CKAP5,MTCH2,Pre-existing,CKAP5--MTCH2
2249,IGF2BP2--TMEM41A,ENSG00000163900,ENSG00000073792,Q96HV5,Q9Y6M1,chr3,chr3,185494623,185692762,-,-,DANSY_136440,,IPR004087|IPR004087|IPR004087|IPR004087,IPR004087|IPR004087|IPR004087|IPR004087,ACH-001416,TMEM41A,IGF2BP2,Pre-existing,TMEM41A--IGF2BP2
2250,IGF2BP2--TMEM41A,ENSG00000163900,ENSG00000073792,Q96HV5,Q9Y6M1,chr3,chr3,185494623,185692780,-,-,DANSY_136442,,IPR004087|IPR004087|IPR004087|IPR004087,IPR004087|IPR004087|IPR004087|IPR004087,ACH-001416,TMEM41A,IGF2BP2,Pre-existing,TMEM41A--IGF2BP2
2251,USP34--XPO1,ENSG00000115464,ENSG00000082898,Q70CQ2,O14980,chr2,chr2,61470650,61502310,-,-,DANSY_136612,,IPR013598|IPR014877,IPR013598|IPR014877,ACH-000319,USP34,XPO1,Pre-existing,USP34--XPO1
2252,RANBP17--WWC1,ENSG00000204764,ENSG00000113645,Q9H2T7,Q8IX03,chr5,chr5,170892553,168460650,+,+,DANSY_136618,IPR001494,,IPR001494,ACH-000319,RANBP17,WWC1,Pre-existing,RANBP17--WWC1
2253,NRXN1--PXDN,ENSG00000130508,ENSG00000179915,Q92626,Q9ULB1,chr2,chr2,1673643,50236970,-,-,DANSY_136619,IPR000483|IPR003598,IPR001791|IPR003585,IPR000483|IPR003598|IPR001791|IPR003585,ACH-000319,PXDN,NRXN1,Novel,PXDN--NRXN1
2254,NRXN1--PXDN,ENSG00000130508,ENSG00000179915,Q92626,Q9ULB1,chr2,chr2,1663605,50236970,-,-,DANSY_136620,IPR000483|IPR003598|IPR003598|IPR003598,IPR001791|IPR003585,IPR000483|IPR003598|IPR003598|IPR003598|IPR001791|IPR003585,ACH-000319,PXDN,NRXN1,Novel,PXDN--NRXN1
2255,NRXN1--PXDN,ENSG00000130508,ENSG00000179915,Q92626,Q9ULB1,chr2,chr2,1666214,50236970,-,-,DANSY_136621,IPR000483|IPR003598|IPR003598,IPR001791|IPR003585,IPR000483|IPR003598|IPR003598|IPR001791|IPR003585,ACH-000319,PXDN,NRXN1,Novel,PXDN--NRXN1
2256,NRXN1--PXDN,ENSG00000130508,ENSG00000179915,Q92626,Q9ULB1,chr2,chr2,1664958,50236970,-,-,DANSY_136622,IPR000483|IPR003598|IPR003598,IPR001791|IPR003585,IPR000483|IPR003598|IPR003598|IPR001791|IPR003585,ACH-000319,PXDN,NRXN1,Novel,PXDN--NRXN1
2257,PACRG--QKI,ENSG00000112531,ENSG00000112530,Q96PU8,Q96M98,chr6,chr6,163535125,163062150,+,+,DANSY_136659,IPR032377|IPR004087,,IPR032377|IPR004087,ACH-000319,QKI,PACRG,Pre-existing,QKI--PACRG
2258,FIP1L1--PDGFRA,ENSG00000145216,ENSG00000134853,Q6UN15,P16234,chr4,chr4,53425965,54274925,+,+,DANSY_136781,IPR007854,IPR000719,IPR007854|IPR000719,ACH-000198,FIP1L1,PDGFRA,Novel,FIP1L1--PDGFRA
2259,DUSP22--STMND1,ENSG00000112679,ENSG00000230873,Q9NRW4,H3BQB6,chr6,chr6,311962,17114962,+,+,DANSY_136784,,,,ACH-000198,DUSP22,STMND1,No Annotation,DUSP22--STMND1
2260,MED27--UCK1,ENSG00000130717,ENSG00000160563,Q9HA47,Q6P2C8,chr9,chr9,131530601,131893992,-,-,DANSY_136824,,,,ACH-000280,UCK1,MED27,No Annotation,UCK1--MED27
2261,MED27--UCK1,ENSG00000130717,ENSG00000160563,Q9HA47,Q6P2C8,chr9,chr9,131531067,131893992,-,-,DANSY_136825,,,,ACH-000280,UCK1,MED27,No Annotation,UCK1--MED27
2262,MED27--UCK1,ENSG00000130717,ENSG00000160563,Q9HA47,Q6P2C8,chr9,chr9,131531067,131863140,-,-,DANSY_136826,,,,ACH-000280,UCK1,MED27,No Annotation,UCK1--MED27
2263,ASXL2--WDR43,ENSG00000143970,ENSG00000163811,Q76L83,Q15061,chr2,chr2,25878166,28901987,-,+,DANSY_136829,,IPR007148,IPR007148,ACH-000280,ASXL2,WDR43,Pre-existing,ASXL2--WDR43
2264,GRAMD4--TBC1D22A,ENSG00000054611,ENSG00000075240,Q8WUA7,Q6IC98,chr22,chr22,47037198,46637840,+,+,DANSY_136831,,IPR004182,IPR004182,ACH-000280,TBC1D22A,GRAMD4,Pre-existing,TBC1D22A--GRAMD4
2265,MRPL48--PICK1,ENSG00000175581,ENSG00000100151,Q96GC5,Q9NRD5,chr11,chr22,73844976,38059234,+,+,DANSY_136850,,IPR001478|IPR010504,IPR001478|IPR010504,ACH-000280,MRPL48,PICK1,Pre-existing,MRPL48--PICK1
2266,FGFR2--PHGDH,ENSG00000066468,ENSG00000092621,P21802,O43175,chr10,chr1,121483698,119734634,-,+,DANSY_137055,IPR003598|IPR003598|IPR003598|IPR000719,IPR045626,IPR003598|IPR003598|IPR003598|IPR000719|IPR045626,ACH-001835,FGFR2,PHGDH,Novel,FGFR2--PHGDH
2267,GRIA4--PTBP2,ENSG00000117569,ENSG00000152578,Q9UKA9,P48058,chr1,chr11,96751500,105862024,+,+,DANSY_137056,,IPR001320,IPR001320,ACH-001835,PTBP2,GRIA4,Pre-existing,PTBP2--GRIA4
2268,CDK14--VPS50,ENSG00000058091,ENSG00000004766,O94921,Q96JG6,chr7,chr7,90899353,93305828,+,+,DANSY_137057,,IPR019514,IPR019514,ACH-001835,CDK14,VPS50,Pre-existing,CDK14--VPS50
2269,CDK14--VPS50,ENSG00000058091,ENSG00000004766,O94921,Q96JG6,chr7,chr7,90899353,93308824,+,+,DANSY_137058,,IPR019514,IPR019514,ACH-001835,CDK14,VPS50,Pre-existing,CDK14--VPS50
2270,LRMDA--MAP7D1,ENSG00000116871,ENSG00000148655,Q3KQU3,Q9H2I8,chr1,chr10,36180067,76557209,+,+,DANSY_137081,,,,ACH-001835,MAP7D1,LRMDA,No Annotation,MAP7D1--LRMDA
2271,AKAP13--GOLGA6L4,ENSG00000170776,ENSG00000184206,Q12802,A6NEF3,chr15,chr15,85585823,84237586,+,+,DANSY_137302,IPR018459,IPR043976,IPR018459|IPR043976,ACH-000042,AKAP13,GOLGA6L4,Novel,AKAP13--GOLGA6L4
2272,CCNT2--SLC39A11,ENSG00000082258,ENSG00000133195,O60583,Q8N1S5,chr2,chr17,134942674,72849804,+,-,DANSY_137382,IPR006671,,IPR006671,ACH-002045,CCNT2,SLC39A11,Pre-existing,CCNT2--SLC39A11
2273,CCNT2--SLC39A11,ENSG00000082258,ENSG00000133195,O60583,Q8N1S5,chr2,chr17,134939062,72849804,+,-,DANSY_137383,IPR006671,,IPR006671,ACH-002045,CCNT2,SLC39A11,Pre-existing,CCNT2--SLC39A11
2274,CCNT2--SLC39A11,ENSG00000082258,ENSG00000133195,O60583,Q8N1S5,chr2,chr17,134942674,72736719,+,-,DANSY_137384,IPR006671,,IPR006671,ACH-002045,CCNT2,SLC39A11,Pre-existing,CCNT2--SLC39A11
2275,CCNT2--SLC39A11,ENSG00000082258,ENSG00000133195,O60583,Q8N1S5,chr2,chr17,134939062,72736719,+,-,DANSY_137385,IPR006671,,IPR006671,ACH-002045,CCNT2,SLC39A11,Pre-existing,CCNT2--SLC39A11
2276,MOGS--RTKN,ENSG00000114993,ENSG00000115275,Q9BST9,Q13724,chr2,chr2,74441706,74463386,-,-,DANSY_137413,,IPR031335,IPR031335,ACH-002045,RTKN,MOGS,Pre-existing,RTKN--MOGS
2277,EPHX2--LDLRAD3,ENSG00000179241,ENSG00000120915,Q86YD5,P34913,chr11,chr8,36098461,27540554,+,+,DANSY_137418,,,,ACH-002045,LDLRAD3,EPHX2,No Annotation,LDLRAD3--EPHX2
2278,CPT1A--PCTP,ENSG00000110090,ENSG00000141179,P50416,Q9UKL6,chr11,chr17,68780640,55767335,-,+,DANSY_137424,IPR032476,,IPR032476,ACH-002045,CPT1A,PCTP,Pre-existing,CPT1A--PCTP
2279,PKP1--RGL1,ENSG00000143344,ENSG00000081277,Q9NZL6,Q13835,chr1,chr1,183916701,201313166,+,+,DANSY_137437,IPR000651|IPR001895,,IPR000651|IPR001895,ACH-002045,RGL1,PKP1,Pre-existing,RGL1--PKP1
2280,ARMC8--PSMA8,ENSG00000114098,ENSG00000154611,Q8IUR7,Q8TAA3,chr3,chr18,138245183,26144559,+,+,DANSY_137448,,,,ACH-002045,ARMC8,PSMA8,No Annotation,ARMC8--PSMA8
2281,SNAP91--ZNF680,ENSG00000173041,ENSG00000065609,Q8NEM1,O60641,chr7,chr6,64562925,83617039,-,-,DANSY_137659,,,,ACH-000221,ZNF680,SNAP91,No Annotation,ZNF680--SNAP91
2282,PARD3--PLEKHA2,ENSG00000148498,ENSG00000169499,Q8TEW0,Q9HB19,chr10,chr8,34696318,38968592,-,+,DANSY_137664,,,,ACH-000221,PARD3,PLEKHA2,No Annotation,PARD3--PLEKHA2
2283,PARD3--PLEKHA2,ENSG00000148498,ENSG00000169499,Q8TEW0,Q9HB19,chr10,chr8,34814876,38968592,-,+,DANSY_137665,,,,ACH-000221,PARD3,PLEKHA2,No Annotation,PARD3--PLEKHA2
2284,KDM4C--PARD6G,ENSG00000107077,ENSG00000178184,Q9H3R0,Q9BYG4,chr9,chr18,7015929,80202932,+,-,DANSY_137668,IPR003349|IPR003347|IPR001965,IPR001478,IPR003349|IPR003347|IPR001965|IPR001478,ACH-000221,KDM4C,PARD6G,Novel,KDM4C--PARD6G
2285,NFIC--PIP5K1C,ENSG00000186111,ENSG00000141905,O60331,P08651,chr19,chr19,3638884,3381712,-,+,DANSY_137677,IPR002498,IPR019548|IPR003619,IPR002498|IPR019548|IPR003619,ACH-000221,PIP5K1C,NFIC,Novel,PIP5K1C--NFIC
2286,ANKS3--PARN,ENSG00000140694,ENSG00000168096,O95453,Q6ZW76,chr16,chr16,14552021,4705253,-,-,DANSY_137854,IPR001374,IPR001660,IPR001374|IPR001660,ACH-000477,PARN,ANKS3,Novel,PARN--ANKS3
2287,GNPTAB--NUP37,ENSG00000111670,ENSG00000075188,Q3T906,Q8NFH4,chr12,chr12,101830559,102077503,-,-,DANSY_137908,,,,ACH-000746,GNPTAB,NUP37,No Annotation,GNPTAB--NUP37
2288,DOCK3--ZCCHC14,ENSG00000140948,ENSG00000088538,Q8WYQ9,Q8IZD9,chr16,chr3,87411516,50841675,-,+,DANSY_137913,IPR001660|IPR001878,IPR032376|IPR027007|IPR056372|IPR026800,IPR001660|IPR001878|IPR032376|IPR027007|IPR056372|IPR026800,ACH-000746,ZCCHC14,DOCK3,Novel,ZCCHC14--DOCK3
2289,MDC1--PPP1R10,ENSG00000204569,ENSG00000137337,Q96QC0,Q14676,chr6,chr6,30604588,30708357,-,-,DANSY_137937,IPR003617,IPR001357|IPR001357,IPR003617|IPR001357|IPR001357,ACH-000746,PPP1R10,MDC1,Novel,PPP1R10--MDC1
2290,MDC1--PPP1R10,ENSG00000204569,ENSG00000137337,Q96QC0,Q14676,chr6,chr6,30604588,30707454,-,-,DANSY_137938,IPR003617,IPR001357|IPR001357,IPR003617|IPR001357|IPR001357,ACH-000746,PPP1R10,MDC1,Novel,PPP1R10--MDC1
2291,SLC36A2--TNIP1,ENSG00000145901,ENSG00000186335,Q15025,Q495M3,chr5,chr5,151033608,151333322,-,-,DANSY_137945,IPR060363,,IPR060363,ACH-000746,TNIP1,SLC36A2,Pre-existing,TNIP1--SLC36A2
2292,DEUP1--VAV2,ENSG00000160293,ENSG00000165325,P52735,Q05D60,chr9,chr11,133861374,93355371,-,+,DANSY_138125,IPR001715,IPR031470|IPR057656,IPR001715|IPR031470|IPR057656,ACH-000356,VAV2,DEUP1,Novel,VAV2--DEUP1
2293,CBL--FOXR1,ENSG00000110395,ENSG00000176302,P22681,Q6PIV2,chr11,chr11,119206613,118971915,+,+,DANSY_138126,,IPR001766,IPR001766,ACH-000356,CBL,FOXR1,Pre-existing,CBL--FOXR1
2294,ARID1A--RPS6KA1,ENSG00000117713,ENSG00000117676,O14497,Q15418,chr1,chr1,26732792,26571449,+,+,DANSY_138133,,,,ACH-000356,ARID1A,RPS6KA1,No Annotation,ARID1A--RPS6KA1
2295,FNBP4--NUP160,ENSG00000109920,ENSG00000030066,Q8N3X1,Q12769,chr11,chr11,47750916,47813415,-,-,DANSY_138143,IPR001202,IPR056547|IPR056535|IPR056536,IPR001202|IPR056547|IPR056535|IPR056536,ACH-000356,FNBP4,NUP160,Novel,FNBP4--NUP160
2296,TXNDC11--ZC3H7A,ENSG00000153066,ENSG00000122299,Q6PKC3,Q8IWR0,chr16,chr16,11730645,11752832,-,-,DANSY_138692,IPR013766,IPR000571,IPR013766|IPR000571,ACH-002060,TXNDC11,ZC3H7A,Novel,TXNDC11--ZC3H7A
2297,MED15--TEF,ENSG00000099917,ENSG00000167074,Q96RN5,Q10587,chr22,chr22,20575232,41395745,+,+,DANSY_138696,IPR019087,IPR004827,IPR019087|IPR004827,ACH-002060,MED15,TEF,Novel,MED15--TEF
2298,MED15--TEF,ENSG00000099917,ENSG00000167074,Q96RN5,Q10587,chr22,chr22,20568631,41395745,+,+,DANSY_138697,IPR019087,IPR004827,IPR019087|IPR004827,ACH-002060,MED15,TEF,Novel,MED15--TEF
2299,ABL1--BCR,ENSG00000186716,ENSG00000097007,P11274,P00519,chr22,chr9,23182239,130854801,+,+,DANSY_138698,IPR015123,IPR000980|IPR000719|IPR015015,IPR015123|IPR000980|IPR000719|IPR015015,ACH-002060,BCR,ABL1,Novel,BCR--ABL1
2300,ABL1--BCR,ENSG00000097007,ENSG00000186716,P00519,P11274,chr9,chr22,130835525,23253799,+,+,DANSY_138699,,IPR000219|IPR001849|IPR000008|IPR000198,IPR000219|IPR001849|IPR000008|IPR000198,ACH-002060,ABL1,BCR,Pre-existing,ABL1--BCR
2301,ABL1--BCR,ENSG00000097007,ENSG00000186716,P00519,P11274,chr9,chr22,130714455,23253799,+,+,DANSY_138701,,IPR000219|IPR001849|IPR000008|IPR000198,IPR000219|IPR001849|IPR000008|IPR000198,ACH-002060,ABL1,BCR,Pre-existing,ABL1--BCR
2302,KDM6A--WNK1,ENSG00000147050,ENSG00000060237,O15550,Q9H4A3,chrX,chr12,44974715,813642,+,+,DANSY_138706,,IPR024678|IPR056865,IPR024678|IPR056865,ACH-002060,KDM6A,WNK1,Pre-existing,KDM6A--WNK1
2303,KDM6A--WNK1,ENSG00000060237,ENSG00000147050,Q9H4A3,O15550,chr12,chrX,754324,45034931,+,+,DANSY_138708,,IPR003347|IPR048562|IPR048560,IPR003347|IPR048562|IPR048560,ACH-002060,WNK1,KDM6A,Pre-existing,WNK1--KDM6A
2304,ATP11C--CD99,ENSG00000002586,ENSG00000101974,P14209,Q8NB49,chrX,chrX,2691427,139762106,+,-,DANSY_139227,,IPR032630,IPR032630,ACH-000255,CD99,ATP11C,Pre-existing,CD99--ATP11C
2305,CERS3--DYNC2H1,ENSG00000187240,ENSG00000154227,Q8NCM8,Q8IU89,chr11,chr15,103468705,100402865,+,-,DANSY_139229,IPR013594|IPR013602|IPR003593|IPR003593|IPR049400|IPR003593|IPR054354|IPR024317|IPR024743|IPR035706|IPR004273|IPR041658,,IPR013594|IPR013602|IPR003593|IPR003593|IPR049400|IPR003593|IPR054354|IPR024317|IPR024743|IPR035706|IPR004273|IPR041658,ACH-000255,DYNC2H1,CERS3,Pre-existing,DYNC2H1--CERS3
2306,GRK3--KIAA1671,ENSG00000100077,ENSG00000197077,P35626,Q9BY89,chr22,chr22,25678915,25170820,+,+,DANSY_139236,IPR016137,IPR032764,IPR016137|IPR032764,ACH-000255,GRK3,KIAA1671,Novel,GRK3--KIAA1671
2307,ERG--EWSR1,ENSG00000182944,ENSG00000157554,Q01844,P11308,chr22,chr21,29287134,38391715,+,-,DANSY_139399,,IPR000418,IPR000418,ACH-001038,EWSR1,ERG,Pre-existing,EWSR1--ERG
2308,NGFR--SPAG9,ENSG00000064300,ENSG00000008294,P08138,O60271,chr17,chr17,49506658,50989872,+,-,DANSY_139467,IPR001368|IPR001368|IPR001368|IPR001368,,IPR001368|IPR001368|IPR001368|IPR001368,ACH-000352,NGFR,SPAG9,Pre-existing,NGFR--SPAG9
2309,NGFR--SPAG9,ENSG00000008294,ENSG00000064300,O60271,P08138,chr17,chr17,50990450,49510412,-,+,DANSY_139468,IPR034743|IPR032486|IPR034744,IPR041448|IPR000488,IPR034743|IPR032486|IPR034744|IPR041448|IPR000488,ACH-000352,SPAG9,NGFR,Novel,SPAG9--NGFR
2310,ABCG1--SLC37A1,ENSG00000160190,ENSG00000160179,P57057,P45844,chr21,chr21,42559089,42276895,+,+,DANSY_139471,,IPR013525,IPR013525,ACH-000352,SLC37A1,ABCG1,Pre-existing,SLC37A1--ABCG1
2311,ABCG1--SLC37A1,ENSG00000160190,ENSG00000160179,P57057,P45844,chr21,chr21,42559089,42282274,+,+,DANSY_139472,,IPR013525,IPR013525,ACH-000352,SLC37A1,ABCG1,Pre-existing,SLC37A1--ABCG1
2312,ABCG1--SLC37A1,ENSG00000160190,ENSG00000160179,P57057,P45844,chr21,chr21,42554142,42276895,+,+,DANSY_139473,,IPR013525,IPR013525,ACH-000352,SLC37A1,ABCG1,Pre-existing,SLC37A1--ABCG1
2313,CD151--SIRT3,ENSG00000142082,ENSG00000177697,Q9NTG7,P48509,chr11,chr11,224078,834530,-,+,DANSY_139500,,,,ACH-000352,SIRT3,CD151,No Annotation,SIRT3--CD151
2314,CDK5RAP2--MEGF9,ENSG00000136861,ENSG00000106780,Q96SN8,Q9H1U4,chr9,chr9,120545714,120622755,-,-,DANSY_139502,IPR012943,IPR000742|IPR000742|IPR000742,IPR012943|IPR000742|IPR000742|IPR000742,ACH-000352,CDK5RAP2,MEGF9,Novel,CDK5RAP2--MEGF9
2315,LAMA3--TTC39C,ENSG00000168234,ENSG00000053747,Q8N584,Q16787,chr18,chr18,24064188,23881936,+,+,DANSY_139513,,IPR000742|IPR009254|IPR010307|IPR001791|IPR001791|IPR001791|IPR001791|IPR001791,IPR000742|IPR009254|IPR010307|IPR001791|IPR001791|IPR001791|IPR001791|IPR001791,ACH-000352,TTC39C,LAMA3,Pre-existing,TTC39C--LAMA3
2316,PDE8A--SLC28A1,ENSG00000073417,ENSG00000156222,O60658,O00337,chr15,chr15,85076787,84918524,+,+,DANSY_139514,,IPR011642|IPR011657,IPR011642|IPR011657,ACH-000352,PDE8A,SLC28A1,Pre-existing,PDE8A--SLC28A1
2317,OGDH--PPIA,ENSG00000196262,ENSG00000105953,P62937,Q02218,chr7,chr7,44796793,44693825,+,+,DANSY_139658,,IPR005475|IPR031717,IPR005475|IPR031717,ACH-000416,PPIA,OGDH,Pre-existing,PPIA--OGDH
2318,ACBD6--RABGAP1L,ENSG00000230124,ENSG00000152061,Q9BR61,Q5R372,chr1,chr1,180397516,174957457,-,+,DANSY_139662,IPR000582,,IPR000582,ACH-000416,ACBD6,RABGAP1L,Pre-existing,ACBD6--RABGAP1L
2319,CDH13--DDX19B,ENSG00000140945,ENSG00000157349,P55290,Q9UMR2,chr16,chr16,82627137,70312609,+,+,DANSY_139679,,IPR014014|IPR011545|IPR001650,IPR014014|IPR011545|IPR001650,ACH-000416,CDH13,DDX19B,Pre-existing,CDH13--DDX19B
2320,CDH13--DDX19B,ENSG00000140945,ENSG00000157349,P55290,Q9UMR2,chr16,chr16,82627137,70314902,+,+,DANSY_139682,,IPR014014|IPR011545|IPR001650,IPR014014|IPR011545|IPR001650,ACH-000416,CDH13,DDX19B,Pre-existing,CDH13--DDX19B
2321,GPN1--GTF3C2,ENSG00000198522,ENSG00000115207,Q9HCN4,Q8WUA4,chr2,chr2,27629169,27343578,+,-,DANSY_139898,,,,ACH-000862,GPN1,GTF3C2,No Annotation,GPN1--GTF3C2
2322,ATP8A2--LRP6,ENSG00000070018,ENSG00000132932,O75581,Q9NTI2,chr12,chr13,12181043,25769046,-,+,DANSY_139935,IPR000742,IPR032630,IPR000742|IPR032630,ACH-000862,LRP6,ATP8A2,Novel,LRP6--ATP8A2
2323,CLSTN2--HEG1,ENSG00000173706,ENSG00000158258,Q9ULI3,Q9H4D0,chr3,chr3,124997689,140403629,-,+,DANSY_140057,IPR000742|IPR000742,IPR002126|IPR045588,IPR000742|IPR000742|IPR002126|IPR045588,ACH-000401,HEG1,CLSTN2,Novel,HEG1--CLSTN2
2324,BACE2--TAPT1,ENSG00000182240,ENSG00000169762,Q9Y5Z0,Q6NXT6,chr21,chr4,41168575,16202580,+,-,DANSY_140472,,,,ACH-000442,BACE2,TAPT1,No Annotation,BACE2--TAPT1
2325,BACE2--TAPT1,ENSG00000182240,ENSG00000169762,Q9Y5Z0,Q6NXT6,chr21,chr4,41168575,16191523,+,-,DANSY_140473,,,,ACH-000442,BACE2,TAPT1,No Annotation,BACE2--TAPT1
2326,BICRAL--CNPY3,ENSG00000137161,ENSG00000112624,Q9BT09,Q6AI39,chr6,chr6,42935670,42852092,+,+,DANSY_140474,,IPR015671,IPR015671,ACH-000442,CNPY3,BICRAL,Pre-existing,CNPY3--BICRAL
2327,ARPP19--GNB5,ENSG00000128989,ENSG00000069966,P56211,O14775,chr15,chr15,52557100,52149925,-,-,DANSY_140643,,IPR001632|IPR001632,IPR001632|IPR001632,ACH-000907,ARPP19,GNB5,Pre-existing,ARPP19--GNB5
2328,FAM160B2--XPO7,ENSG00000158863,ENSG00000130227,Q86V87,Q9UIA9,chr8,chr8,22089298,21966857,+,+,DANSY_140760,,IPR001494|IPR057947,IPR001494|IPR057947,ACH-000191,FAM160B2,XPO7,Pre-existing,FAM160B2--XPO7
2329,SLC66A1--SPIDR,ENSG00000164808,ENSG00000040487,Q14159,Q6ZP29,chr8,chr1,47440542,19324633,+,+,DANSY_140762,IPR028026,,IPR028026,ACH-000191,SPIDR,SLC66A1,Pre-existing,SPIDR--SLC66A1
2330,ENPP2--UBR5,ENSG00000104517,ENSG00000136960,O95071,Q13822,chr8,chr8,102278826,119638527,-,-,DANSY_140766,IPR024725|IPR003126,IPR001212|IPR001212|IPR001604,IPR024725|IPR003126|IPR001212|IPR001212|IPR001604,ACH-000191,UBR5,ENPP2,Novel,UBR5--ENPP2
2331,BMPR2--FAM117B,ENSG00000138439,ENSG00000204217,Q6P1L5,Q13873,chr2,chr2,202635788,202542311,+,+,DANSY_141007,,,,ACH-000103,FAM117B,BMPR2,No Annotation,FAM117B--BMPR2
2332,EIF4EBP1--GYS1,ENSG00000104812,ENSG00000187840,P13807,Q13541,chr19,chr8,48974213,38057081,-,+,DANSY_141134,,,,ACH-001558,GYS1,EIF4EBP1,No Annotation,GYS1--EIF4EBP1
2333,KLHL20--RABGAP1L,ENSG00000152061,ENSG00000076321,Q5R372,Q9Y2M5,chr1,chr1,174371072,173733713,+,+,DANSY_141226,IPR006020|IPR022164,IPR000210|IPR011705,IPR006020|IPR022164|IPR000210|IPR011705,ACH-000206,RABGAP1L,KLHL20,Novel,RABGAP1L--KLHL20
2334,KLHL20--RABGAP1L,ENSG00000152061,ENSG00000076321,Q5R372,Q9Y2M5,chr1,chr1,174394145,173751764,+,+,DANSY_141227,IPR006020|IPR022164,,IPR006020|IPR022164,ACH-000206,RABGAP1L,KLHL20,Pre-existing,RABGAP1L--KLHL20
2335,PLAT--POLB,ENSG00000070501,ENSG00000104368,P06746,P00750,chr8,chr8,42338685,42193211,+,-,DANSY_141296,,IPR000083|IPR000742|IPR000001|IPR000001|IPR001254,IPR000083|IPR000742|IPR000001|IPR000001|IPR001254,ACH-000841,POLB,PLAT,Pre-existing,POLB--PLAT
2336,DEFB123--TPX2,ENSG00000088325,ENSG00000180424,Q9ULW0,Q8N688,chr20,chr20,31778984,31450029,+,+,DANSY_141299,IPR015128,IPR025933,IPR015128|IPR025933,ACH-000841,TPX2,DEFB123,Novel,TPX2--DEFB123
2337,PRKD2--ZNF28,ENSG00000105287,ENSG00000198538,Q9BZL6,P17035,chr19,chr19,46681650,52808133,-,-,DANSY_141321,IPR057764|IPR002219|IPR002219|IPR001849,IPR001909|IPR013087|IPR013087|IPR013087|IPR013087|IPR013087|IPR013087|IPR013087|IPR013087|IPR013087|IPR013087|IPR013087|IPR013087|IPR013087|IPR013087|IPR013087|IPR013087|IPR013087|IPR013087,IPR057764|IPR002219|IPR002219|IPR001849|IPR001909|IPR013087|IPR013087|IPR013087|IPR013087|IPR013087|IPR013087|IPR013087|IPR013087|IPR013087|IPR013087|IPR013087|IPR013087|IPR013087|IPR013087|IPR013087|IPR013087|IPR013087|IPR013087,ACH-000841,PRKD2,ZNF28,Novel,PRKD2--ZNF28
2338,KMT2A--MLLT1,ENSG00000118058,ENSG00000130382,Q03164,Q03111,chr11,chr19,118482495,6230713,+,-,DANSY_141546,IPR002857,IPR040930,IPR002857|IPR040930,ACH-001613,KMT2A,MLLT1,Novel,KMT2A--MLLT1
2339,KMT2A--MLLT1,ENSG00000130382,ENSG00000118058,Q03111,Q03164,chr19,chr11,6262228,118484183,-,+,DANSY_141547,,IPR001965|IPR001965|IPR001965|IPR001487|IPR001965|IPR001214|IPR003616,IPR001965|IPR001965|IPR001965|IPR001487|IPR001965|IPR001214|IPR003616,ACH-001613,MLLT1,KMT2A,Pre-existing,MLLT1--KMT2A
2340,SYNC--YARS1,ENSG00000162520,ENSG00000134684,Q9H7C4,P54577,chr1,chr1,32694865,32791254,-,-,DANSY_141654,,IPR002547,IPR002547,ACH-001608,SYNC,YARS1,Pre-existing,SYNC--YARS1
2341,EMC1--UBR4,ENSG00000127463,ENSG00000127481,Q8N766,Q5T4S7,chr1,chr1,19227313,19088977,-,-,DANSY_141657,IPR058545,,IPR058545,ACH-001608,EMC1,UBR4,Pre-existing,EMC1--UBR4
2342,ST3GAL4--STT3A,ENSG00000110080,ENSG00000134910,Q11206,P46977,chr11,chr11,126407349,125618373,+,+,DANSY_141661,,,,ACH-001608,ST3GAL4,STT3A,No Annotation,ST3GAL4--STT3A
2343,CEP43--LPP,ENSG00000145012,ENSG00000213066,Q93052,O95684,chr3,chr6,188484704,167039904,+,+,DANSY_141676,,,,ACH-001608,LPP,CEP43,No Annotation,LPP--CEP43
2344,CEP43--LPP,ENSG00000213066,ENSG00000145012,O95684,Q93052,chr6,chr3,166999514,188609161,+,+,DANSY_141677,,IPR001781|IPR001781|IPR001781,IPR001781|IPR001781|IPR001781,ACH-001608,CEP43,LPP,Pre-existing,CEP43--LPP
2345,CTNND2--FBXL7,ENSG00000183580,ENSG00000169862,Q9UJT9,Q9UQB3,chr5,chr5,15500713,11159759,+,-,DANSY_141705,,,,ACH-001608,FBXL7,CTNND2,No Annotation,FBXL7--CTNND2
2346,ADCY5--KPNA1,ENSG00000114030,ENSG00000173175,P52294,O95622,chr3,chr3,122496437,123303219,-,-,DANSY_141720,,IPR001054,IPR001054,ACH-001608,KPNA1,ADCY5,Pre-existing,KPNA1--ADCY5
2347,ADCY5--KPNA1,ENSG00000114030,ENSG00000173175,P52294,O95622,chr3,chr3,122496437,123304183,-,-,DANSY_141721,,IPR001054,IPR001054,ACH-001608,KPNA1,ADCY5,Pre-existing,KPNA1--ADCY5
2348,SASH1--SASH1,ENSG00000111961,ENSG00000111961,O94885,O94885,chr6,chr6,148532966,148514324,+,+,DANSY_141848,IPR058666|IPR021090,IPR021090|IPR001452|IPR001660|IPR058666|IPR001660,IPR058666|IPR021090|IPR021090|IPR001452|IPR001660|IPR058666|IPR001660,ACH-000801,SASH1,SASH1,Novel,SASH1--SASH1
2349,GSR--WRN,ENSG00000165392,ENSG00000104687,Q14191,P00390,chr8,chr8,31167230,30712088,+,-,DANSY_141956,IPR002562|IPR011545|IPR001650|IPR032284|IPR018982|IPR002121|IPR029491,IPR004099,IPR002562|IPR011545|IPR001650|IPR032284|IPR018982|IPR002121|IPR029491|IPR004099,ACH-000464,WRN,GSR,Novel,WRN--GSR
2350,CDADC1--GORASP2,ENSG00000115806,ENSG00000102543,Q9H8Y8,Q9BWV3,chr2,chr13,170956559,49274291,+,+,DANSY_141999,IPR024958,,IPR024958,ACH-000622,GORASP2,CDADC1,Pre-existing,GORASP2--CDADC1
2351,MYSM1--PTBP2,ENSG00000117569,ENSG00000162601,Q9UKA9,Q5VVJ2,chr1,chr1,96785254,58661511,+,-,DANSY_142008,IPR000504|IPR000504,,IPR000504|IPR000504,ACH-000622,PTBP2,MYSM1,Pre-existing,PTBP2--MYSM1
2352,CFAP54--MPHOSPH9,ENSG00000051825,ENSG00000188596,Q99550,Q96N23,chr12,chr12,123210056,96792371,-,+,DANSY_142010,,,,ACH-000622,MPHOSPH9,CFAP54,No Annotation,MPHOSPH9--CFAP54
2353,CFAP54--MPHOSPH9,ENSG00000051825,ENSG00000188596,Q99550,Q96N23,chr12,chr12,123210056,96792329,-,+,DANSY_142011,,,,ACH-000622,MPHOSPH9,CFAP54,No Annotation,MPHOSPH9--CFAP54
2354,CFAP54--MPHOSPH9,ENSG00000051825,ENSG00000188596,Q99550,Q96N23,chr12,chr12,123210056,96811736,-,+,DANSY_142013,,,,ACH-000622,MPHOSPH9,CFAP54,No Annotation,MPHOSPH9--CFAP54
2355,CCNK--HHIPL1,ENSG00000090061,ENSG00000182218,O75909,Q96JK4,chr14,chr14,99493595,99652224,+,+,DANSY_142021,,IPR012938|IPR001190,IPR012938|IPR001190,ACH-000622,CCNK,HHIPL1,Pre-existing,CCNK--HHIPL1
2356,DSC1--TRAPPC8,ENSG00000153339,ENSG00000134765,Q9Y2L5,Q08554,chr18,chr18,31864627,31159529,-,-,DANSY_142024,,IPR014868|IPR002126|IPR002126|IPR002126|IPR002126|IPR002126,IPR014868|IPR002126|IPR002126|IPR002126|IPR002126|IPR002126,ACH-000622,TRAPPC8,DSC1,Pre-existing,TRAPPC8--DSC1
2357,CYBRD1--FRY,ENSG00000073910,ENSG00000071967,Q5TBA9,Q53TN4,chr13,chr2,32225974,171553346,+,+,DANSY_142038,IPR025614|IPR029473|IPR029473,,IPR025614|IPR029473|IPR029473,ACH-000622,FRY,CYBRD1,Pre-existing,FRY--CYBRD1
2358,ARID2--ITGA5,ENSG00000189079,ENSG00000161638,Q68CP9,P08648,chr12,chr12,45731314,54411964,+,-,DANSY_142040,,IPR013649|IPR048285|IPR048286,IPR013649|IPR048285|IPR048286,ACH-000622,ARID2,ITGA5,Pre-existing,ARID2--ITGA5
2359,CHD6--MLIP,ENSG00000124177,ENSG00000146147,Q8TD26,Q5VWP3,chr20,chr6,41551305,54121447,-,+,DANSY_142127,,,,ACH-000452,CHD6,MLIP,No Annotation,CHD6--MLIP
2360,CRTAC1--EXOSC1,ENSG00000171311,ENSG00000095713,Q9Y3B2,Q9NQ79,chr10,chr10,97437191,97884351,-,-,DANSY_142158,IPR025721|IPR003029,IPR001881,IPR025721|IPR003029|IPR001881,ACH-001390,EXOSC1,CRTAC1,Novel,EXOSC1--CRTAC1
2361,COX17--TMEM131L,ENSG00000121210,ENSG00000138495,A2VDJ0,Q14061,chr4,chr3,153473888,119675233,+,-,DANSY_142162,,,,ACH-001390,TMEM131L,COX17,No Annotation,TMEM131L--COX17
2362,ARID4B--BCL6,ENSG00000054267,ENSG00000113916,Q4LE39,P41182,chr1,chr3,235326914,187722601,-,-,DANSY_142377,,IPR013087,IPR013087,ACH-000365,ARID4B,BCL6,Pre-existing,ARID4B--BCL6
2363,EWSR1--FEV,ENSG00000182944,ENSG00000163497,Q01844,Q99581,chr22,chr2,29287134,218982256,+,-,DANSY_142426,,IPR000418,IPR000418,ACH-001431,EWSR1,FEV,Pre-existing,EWSR1--FEV
2364,ABCB6--PLCD4,ENSG00000115657,ENSG00000115556,Q9NP58,Q9BRC7,chr2,chr2,219217670,218615707,-,+,DANSY_142428,,IPR001849|IPR002048|IPR002048|IPR002048|IPR000909|IPR001711|IPR000008,IPR001849|IPR002048|IPR002048|IPR002048|IPR000909|IPR001711|IPR000008,ACH-001431,ABCB6,PLCD4,Pre-existing,ABCB6--PLCD4
2365,ABCB6--PLCD4,ENSG00000115657,ENSG00000115556,Q9NP58,Q9BRC7,chr2,chr2,219218125,218615707,-,+,DANSY_142429,,IPR001849|IPR002048|IPR002048|IPR002048|IPR000909|IPR001711|IPR000008,IPR001849|IPR002048|IPR002048|IPR002048|IPR000909|IPR001711|IPR000008,ACH-001431,ABCB6,PLCD4,Pre-existing,ABCB6--PLCD4
2366,GPR89A--PHKB,ENSG00000102893,ENSG00000117262,Q93100,B7ZAQ6,chr16,chr1,47515601,145663329,+,+,DANSY_142436,,,,ACH-001431,PHKB,GPR89A,No Annotation,PHKB--GPR89A
2367,GPR89A--PHKB,ENSG00000102893,ENSG00000117262,Q93100,B7ZAQ6,chr16,chr1,47515601,145647175,+,+,DANSY_142437,,IPR025969,IPR025969,ACH-001431,PHKB,GPR89A,Pre-existing,PHKB--GPR89A
2368,DCPS--SPCS2,ENSG00000118363,ENSG00000110063,Q15005,Q96C86,chr11,chr11,74949399,126306570,+,+,DANSY_142439,,,,ACH-001431,SPCS2,DCPS,No Annotation,SPCS2--DCPS
2369,FGFR1--NSD3,ENSG00000077782,ENSG00000147548,P11362,Q9BZ95,chr8,chr8,38457356,38316042,-,-,DANSY_142488,,IPR001965|IPR001965|IPR001965|IPR001965|IPR000313|IPR006560|IPR001214|IPR003616|IPR001965|IPR041306,IPR001965|IPR001965|IPR001965|IPR001965|IPR000313|IPR006560|IPR001214|IPR003616|IPR001965|IPR041306,ACH-000475,FGFR1,NSD3,Pre-existing,FGFR1--NSD3
2370,EMG1--SLC4A8,ENSG00000126749,ENSG00000050438,Q92979,Q2Y0W8,chr12,chr12,6975378,51470392,+,+,DANSY_142494,,,,ACH-000475,EMG1,SLC4A8,No Annotation,EMG1--SLC4A8
2371,EMG1--SLC4A8,ENSG00000126749,ENSG00000050438,Q92979,Q2Y0W8,chr12,chr12,6975148,51470392,+,+,DANSY_142495,,,,ACH-000475,EMG1,SLC4A8,No Annotation,EMG1--SLC4A8
2372,NTN1--SPECC1,ENSG00000128487,ENSG00000065320,Q5M775,O95631,chr17,chr17,20110562,9221168,+,+,DANSY_142505,,IPR001134,IPR001134,ACH-000475,SPECC1,NTN1,Pre-existing,SPECC1--NTN1
2373,CLPTM1L--PLEKHG4B,ENSG00000049656,ENSG00000153404,Q96KA5,Q96PX9,chr5,chr5,1330280,113251,-,+,DANSY_142513,,IPR000219|IPR001849,IPR000219|IPR001849,ACH-000475,CLPTM1L,PLEKHG4B,Pre-existing,CLPTM1L--PLEKHG4B
2374,CACNA1E--PCMTD1,ENSG00000168300,ENSG00000198216,Q96MG8,Q15878,chr8,chr1,51831444,181651338,-,+,DANSY_142517,,IPR005821|IPR005821|IPR005821|IPR002048|IPR014873,IPR005821|IPR005821|IPR005821|IPR002048|IPR014873,ACH-000475,PCMTD1,CACNA1E,Pre-existing,PCMTD1--CACNA1E
2375,FAM214A--GALK2,ENSG00000156958,ENSG00000047346,Q01415,Q32MH5,chr15,chr15,49201250,52613857,+,-,DANSY_142650,,IPR025261|IPR033473,IPR025261|IPR033473,ACH-000860,GALK2,FAM214A,Pre-existing,GALK2--FAM214A
2376,FAM214A--GALK2,ENSG00000156958,ENSG00000047346,Q01415,Q32MH5,chr15,chr15,49201250,52658797,+,-,DANSY_142651,,IPR025261|IPR033473,IPR025261|IPR033473,ACH-000860,GALK2,FAM214A,Pre-existing,GALK2--FAM214A
2377,ABL1--BCR,ENSG00000186716,ENSG00000097007,P11274,P00519,chr22,chr9,23290413,130854064,+,+,DANSY_142765,IPR015123|IPR000219|IPR001849,IPR001452|IPR000980|IPR000719|IPR015015,IPR015123|IPR000219|IPR001849|IPR001452|IPR000980|IPR000719|IPR015015,ACH-000074,BCR,ABL1,Novel,BCR--ABL1
2378,ABL1--BCR,ENSG00000097007,ENSG00000186716,P00519,P11274,chr9,chr22,130714455,23292541,+,+,DANSY_142766,,IPR000198,IPR000198,ACH-000074,ABL1,BCR,Pre-existing,ABL1--BCR
2379,MMP20--SIK3,ENSG00000160584,ENSG00000137674,Q9Y2K2,O60882,chr11,chr11,117098143,102617059,-,-,DANSY_143011,,IPR001818|IPR000585,IPR001818|IPR000585,ACH-001562,SIK3,MMP20,Pre-existing,SIK3--MMP20
2380,ABL1--BCR,ENSG00000097007,ENSG00000186716,P00519,P11274,chr9,chr22,130714455,23290339,+,+,DANSY_143272,,IPR000198,IPR000198,ACH-002475,ABL1,BCR,Pre-existing,ABL1--BCR
2381,ABL1--BCR,ENSG00000097007,ENSG00000186716,P00519,P11274,chr9,chr22,130714455,23292541,+,+,DANSY_143273,,IPR000198,IPR000198,ACH-002475,ABL1,BCR,Pre-existing,ABL1--BCR
2382,ALK--TERT,ENSG00000164362,ENSG00000171094,O14746,Q9UM73,chr5,chr2,1264404,29383859,-,-,DANSY_143389,IPR021891|IPR000477,IPR000998|IPR055163|IPR000719,IPR021891|IPR000477|IPR000998|IPR055163|IPR000719,ACH-000259,TERT,ALK,Novel,TERT--ALK
2383,PPP4R1--VAPA,ENSG00000101558,ENSG00000154845,Q9P0L0,Q8TF05,chr18,chr18,9914335,9595102,+,-,DANSY_143529,,IPR033461,IPR033461,ACH-002801,VAPA,PPP4R1,Pre-existing,VAPA--PPP4R1
2384,PPP4R1--VAPA,ENSG00000101558,ENSG00000154845,Q9P0L0,Q8TF05,chr18,chr18,9914335,9595153,+,-,DANSY_143530,,IPR033461,IPR033461,ACH-002801,VAPA,PPP4R1,Pre-existing,VAPA--PPP4R1
2385,PPP4R1--VAPA,ENSG00000101558,ENSG00000154845,Q9P0L0,Q8TF05,chr18,chr18,9914335,9614270,+,-,DANSY_143531,,IPR033461,IPR033461,ACH-002801,VAPA,PPP4R1,Pre-existing,VAPA--PPP4R1
2386,SERBP1--WLS,ENSG00000116729,ENSG00000142864,Q5T9L3,Q8NC51,chr1,chr1,68232194,67426285,-,-,DANSY_143536,,IPR006861,IPR006861,ACH-002801,WLS,SERBP1,Pre-existing,WLS--SERBP1
2387,ARL15--PDE4D,ENSG00000113448,ENSG00000185305,Q08499,Q9NXU5,chr5,chr5,60185557,54171928,-,-,DANSY_143537,,,,ACH-002801,PDE4D,ARL15,No Annotation,PDE4D--ARL15
2388,ARL15--PDE4D,ENSG00000113448,ENSG00000185305,Q08499,Q9NXU5,chr5,chr5,60147748,54171928,-,-,DANSY_143538,,,,ACH-002801,PDE4D,ARL15,No Annotation,PDE4D--ARL15
2389,ERP44--RIN2,ENSG00000023318,ENSG00000132669,Q9BS26,Q8WYP3,chr9,chr20,100052417,19992168,-,+,DANSY_143605,,IPR000159,IPR000159,ACH-001388,ERP44,RIN2,Pre-existing,ERP44--RIN2
2390,ARMC9--RBMS1,ENSG00000135931,ENSG00000153250,Q7Z3E5,P29558,chr2,chr2,231331897,160367391,+,-,DANSY_143712,IPR056327|IPR048959,IPR000504|IPR000504,IPR056327|IPR048959|IPR000504|IPR000504,ACH-002025,ARMC9,RBMS1,Novel,ARMC9--RBMS1
2391,COPZ1--MKNK2,ENSG00000111481,ENSG00000099875,P61923,Q9HBH9,chr12,chr19,54325181,2043582,+,-,DANSY_143769,,,,ACH-002688,COPZ1,MKNK2,No Annotation,COPZ1--MKNK2
2392,SMAD2--ZNF552,ENSG00000178935,ENSG00000175387,Q9H707,Q15796,chr19,chr18,57813294,47896809,-,-,DANSY_143775,,IPR003619|IPR001132,IPR003619|IPR001132,ACH-002688,ZNF552,SMAD2,Pre-existing,ZNF552--SMAD2
2393,REC114--SYNE2,ENSG00000054654,ENSG00000183324,Q8WXH0,Q7Z4M0,chr14,chr15,64031357,73540485,+,+,DANSY_143780,IPR001715|IPR001715|IPR057057,,IPR001715|IPR001715|IPR057057,ACH-002688,SYNE2,REC114,Pre-existing,SYNE2--REC114
2394,REC114--SYNE2,ENSG00000054654,ENSG00000183324,Q8WXH0,Q7Z4M0,chr14,chr15,64031357,73550938,+,+,DANSY_143781,IPR001715|IPR001715|IPR057057,,IPR001715|IPR001715|IPR057057,ACH-002688,SYNE2,REC114,Pre-existing,SYNE2--REC114
2395,ASPH--SCML2,ENSG00000198363,ENSG00000102098,Q12797,Q9UQR0,chr8,chrX,61714269,18265802,-,-,DANSY_143799,,IPR033763|IPR021987|IPR001660,IPR033763|IPR021987|IPR001660,ACH-002688,ASPH,SCML2,Pre-existing,ASPH--SCML2
2396,ALKBH1--NIN,ENSG00000100503,ENSG00000100601,Q8N4C6,Q13686,chr14,chr14,50759857,77679970,-,-,DANSY_143807,IPR002048,IPR005123,IPR002048|IPR005123,ACH-002688,NIN,ALKBH1,Pre-existing,NIN--ALKBH1
2397,AP3B1--BHMT,ENSG00000132842,ENSG00000145692,O00203,Q93088,chr5,chr5,78267520,79115767,-,+,DANSY_143809,,IPR003726,IPR003726,ACH-002688,AP3B1,BHMT,Pre-existing,AP3B1--BHMT
2398,RAVER1--TRIR,ENSG00000161847,ENSG00000123144,Q8IY67,Q9BQ61,chr19,chr19,10333289,12731421,-,-,DANSY_143811,,,,ACH-002688,RAVER1,TRIR,No Annotation,RAVER1--TRIR
2399,DYM--ZNF641,ENSG00000141627,ENSG00000167528,Q7RTS9,Q96N77,chr18,chr12,49257010,48348115,-,-,DANSY_143816,,IPR001909|IPR013087|IPR013087|IPR013087|IPR013087|IPR013087,IPR001909|IPR013087|IPR013087|IPR013087|IPR013087|IPR013087,ACH-002688,DYM,ZNF641,Pre-existing,DYM--ZNF641
2400,NRXN3--PRKD1,ENSG00000021645,ENSG00000184304,Q9Y4C0,Q15139,chr14,chr14,78243802,29666208,+,-,DANSY_143817,IPR001791|IPR000742,IPR002219|IPR002219|IPR001849|IPR000719,IPR001791|IPR000742|IPR002219|IPR002219|IPR001849|IPR000719,ACH-002688,NRXN3,PRKD1,Novel,NRXN3--PRKD1
2401,AFG1L--FOXO3,ENSG00000118689,ENSG00000135537,O43524,Q8WV93,chr6,chr6,108561829,108510212,+,+,DANSY_143819,,,,ACH-002688,FOXO3,AFG1L,No Annotation,FOXO3--AFG1L
2402,AFG1L--FOXO3,ENSG00000118689,ENSG00000135537,O43524,Q8WV93,chr6,chr6,108561829,108519697,+,+,DANSY_143820,,,,ACH-002688,FOXO3,AFG1L,No Annotation,FOXO3--AFG1L
2403,KIAA0825--WDR76,ENSG00000092470,ENSG00000185261,Q9H967,Q8IV33,chr15,chr5,43835150,94384462,+,-,DANSY_143849,,,,ACH-002688,WDR76,KIAA0825,No Annotation,WDR76--KIAA0825
2404,CERT1--NREP,ENSG00000113163,ENSG00000134986,Q9Y5P4,Q16612,chr5,chr5,75511112,111735507,-,-,DANSY_143852,,,,ACH-002688,CERT1,NREP,No Annotation,CERT1--NREP
2405,SPIDR--STRN4,ENSG00000164808,ENSG00000090372,Q14159,Q9NRL3,chr8,chr19,47294030,46738888,+,-,DANSY_143863,,,,ACH-002688,SPIDR,STRN4,No Annotation,SPIDR--STRN4
2406,ADK--VCL,ENSG00000035403,ENSG00000156110,P18206,P55263,chr10,chr10,74043153,74314667,+,+,DANSY_144215,,,,ACH-001345,VCL,ADK,No Annotation,VCL--ADK
2407,IL34--SNTB2,ENSG00000168807,ENSG00000157368,Q13425,Q6ZMJ4,chr16,chr16,69260260,70656602,+,+,DANSY_144275,IPR001478|IPR001849,,IPR001478|IPR001849,ACH-000558,SNTB2,IL34,Pre-existing,SNTB2--IL34
2408,CLTC--CLTC,ENSG00000141367,ENSG00000141367,Q00610,Q00610,chr17,chr17,59679519,59644276,+,+,DANSY_144280,IPR015348,IPR015348,IPR015348|IPR015348,ACH-000558,CLTC,CLTC,Novel,CLTC--CLTC
2409,SETX--TNRC6A,ENSG00000107290,ENSG00000090905,Q7Z333,Q8NDV7,chr9,chr16,132326324,24797490,-,+,DANSY_144295,,IPR032226|IPR034924,IPR032226|IPR034924,ACH-000558,SETX,TNRC6A,Pre-existing,SETX--TNRC6A
2410,DBF4B--NMT1,ENSG00000161692,ENSG00000136448,Q8NFT6,P30419,chr17,chr17,44709366,45061283,+,+,DANSY_144317,,IPR022676|IPR022677,IPR022676|IPR022677,ACH-000558,DBF4B,NMT1,Pre-existing,DBF4B--NMT1
2411,FAM20C--RAPGEF1,ENSG00000177706,ENSG00000107263,Q8IXL6,Q13905,chr7,chr9,208976,131629254,+,-,DANSY_144330,,IPR000651|IPR001895,IPR000651|IPR001895,ACH-000558,FAM20C,RAPGEF1,Pre-existing,FAM20C--RAPGEF1
2412,ADAMTS2--RNF130,ENSG00000087116,ENSG00000113269,O95450,Q86XS8,chr5,chr5,179158723,180013311,-,-,DANSY_144336,IPR002870,IPR001841,IPR002870|IPR001841,ACH-000558,ADAMTS2,RNF130,Novel,ADAMTS2--RNF130
2413,ITGA8--MINDY3,ENSG00000148481,ENSG00000077943,Q9H8M7,P53708,chr10,chr10,15833630,15688038,-,-,DANSY_144353,,IPR013649|IPR048285|IPR048286,IPR013649|IPR048285|IPR048286,ACH-000558,MINDY3,ITGA8,Pre-existing,MINDY3--ITGA8
2414,CCDC144A--TAOK1,ENSG00000160551,ENSG00000170160,Q7L7X3,A2RUR9,chr17,chr17,29517656,16771977,+,+,DANSY_144354,IPR000719,,IPR000719,ACH-000558,TAOK1,CCDC144A,Pre-existing,TAOK1--CCDC144A
2415,BEND2--SCML2,ENSG00000102098,ENSG00000177324,Q9UQR0,Q8NDZ0,chrX,chrX,18304972,18216733,-,-,DANSY_144358,,IPR018379|IPR018379,IPR018379|IPR018379,ACH-000558,SCML2,BEND2,Pre-existing,SCML2--BEND2
2416,EHMT2--VARS1,ENSG00000204394,ENSG00000204371,P26640,Q96KQ7,chr6,chr6,31791610,31881092,-,-,DANSY_144375,IPR004046,,IPR004046,ACH-000558,VARS1,EHMT2,Pre-existing,VARS1--EHMT2
2417,C7orf50--MICALL2,ENSG00000146540,ENSG00000164877,Q9BRJ6,Q8IY33,chr7,chr7,1127257,1446828,-,-,DANSY_144383,,IPR001781|IPR022735,IPR001781|IPR022735,ACH-000558,C7orf50,MICALL2,Pre-existing,C7orf50--MICALL2
2418,ALK--NPM1,ENSG00000181163,ENSG00000171094,P06748,Q9UM73,chr5,chr2,171391799,29223528,+,-,DANSY_144494,IPR024057,IPR000719,IPR024057|IPR000719,ACH-000664,NPM1,ALK,Novel,NPM1--ALK
2419,DHRSX--TCEANC,ENSG00000169084,ENSG00000176896,Q8N5I4,Q8N8B7,chrX,chrX,2408745,13662501,-,+,DANSY_144529,,IPR017923|IPR003618,IPR017923|IPR003618,ACH-000664,DHRSX,TCEANC,Pre-existing,DHRSX--TCEANC
2420,KCNK9--TRAPPC9,ENSG00000169427,ENSG00000167632,Q9NPC2,Q96Q05,chr8,chr8,139702710,139732202,-,-,DANSY_144534,,IPR058568,IPR058568,ACH-000664,KCNK9,TRAPPC9,Pre-existing,KCNK9--TRAPPC9
2421,ABCD4--ZFYVE1,ENSG00000119688,ENSG00000165861,O14678,Q9HBF4,chr14,chr14,74289483,72993357,-,-,DANSY_144840,IPR011527,IPR000306|IPR000306,IPR011527|IPR000306|IPR000306,ACH-000335,ABCD4,ZFYVE1,Novel,ABCD4--ZFYVE1
2422,ABCD4--ZFYVE1,ENSG00000119688,ENSG00000165861,O14678,Q9HBF4,chr14,chr14,74290291,72993357,-,-,DANSY_144841,IPR011527,IPR000306|IPR000306,IPR011527|IPR000306|IPR000306,ACH-000335,ABCD4,ZFYVE1,Novel,ABCD4--ZFYVE1
2423,MN1--PATZ1,ENSG00000169184,ENSG00000100105,Q10571,Q9HBE1,chr22,chr22,27796763,31344734,-,-,DANSY_145062,,IPR013087|IPR013087|IPR013087|IPR013087|IPR013087|IPR013087|IPR013087|IPR013087,IPR013087|IPR013087|IPR013087|IPR013087|IPR013087|IPR013087|IPR013087|IPR013087,ACH-000631,MN1,PATZ1,Pre-existing,MN1--PATZ1
2424,KDM6A--SRP14,ENSG00000140319,ENSG00000147050,P37108,O15550,chr15,chrX,40036337,45076697,-,+,DANSY_145064,,IPR003347|IPR048562|IPR048560,IPR003347|IPR048562|IPR048560,ACH-000631,SRP14,KDM6A,Pre-existing,SRP14--KDM6A
2425,SPATA19--THYN1,ENSG00000151500,ENSG00000166118,Q9P016,Q7Z5L4,chr11,chr11,134250275,133844640,-,-,DANSY_145078,,,,ACH-000631,THYN1,SPATA19,No Annotation,THYN1--SPATA19
2426,SPATA19--THYN1,ENSG00000151500,ENSG00000166118,Q9P016,Q7Z5L4,chr11,chr11,134250275,133845190,-,-,DANSY_145079,,,,ACH-000631,THYN1,SPATA19,No Annotation,THYN1--SPATA19
2427,TTC28--ZNRF3,ENSG00000183579,ENSG00000100154,Q9ULT6,Q96AY4,chr22,chr22,28884066,28306643,+,-,DANSY_145080,,IPR024983|IPR058900,IPR024983|IPR058900,ACH-000631,ZNRF3,TTC28,Pre-existing,ZNRF3--TTC28
2428,AP3D1--CRKL,ENSG00000099942,ENSG00000065000,P46109,O14617,chr22,chr19,20934244,2138714,+,-,DANSY_145126,IPR000980|IPR001452,IPR002553|IPR010474|IPR058898,IPR000980|IPR001452|IPR002553|IPR010474|IPR058898,ACH-000207,CRKL,AP3D1,Novel,CRKL--AP3D1
2429,AP3D1--CRKL,ENSG00000099942,ENSG00000065000,P46109,O14617,chr22,chr19,20934244,2137091,+,-,DANSY_145127,IPR000980|IPR001452,IPR010474|IPR058898,IPR000980|IPR001452|IPR010474|IPR058898,ACH-000207,CRKL,AP3D1,Novel,CRKL--AP3D1
2430,ASIC2--CCDC91,ENSG00000123106,ENSG00000108684,Q7Z6B0,Q16515,chr12,chr17,28484165,33112067,+,-,DANSY_145205,,,,ACH-000764,CCDC91,ASIC2,No Annotation,CCDC91--ASIC2
2431,MED24--MEIOC,ENSG00000008838,ENSG00000180336,O75448,A2RUB1,chr17,chr17,40053298,44657127,-,+,DANSY_145240,,,,ACH-000764,MED24,MEIOC,No Annotation,MED24--MEIOC
2432,DNMT1--TYK2,ENSG00000130816,ENSG00000105397,P26358,P29597,chr19,chr19,10182041,10358138,-,-,DANSY_145481,,IPR000719,IPR000719,ACH-000373,DNMT1,TYK2,Pre-existing,DNMT1--TYK2
2433,NUP58--SSBP4,ENSG00000130511,ENSG00000139496,Q9BWG4,Q9BVL2,chr19,chr13,18419707,25307806,+,+,DANSY_145485,,,,ACH-000373,SSBP4,NUP58,No Annotation,SSBP4--NUP58
2434,BCL7A--DYRK1A,ENSG00000157540,ENSG00000110987,Q13627,Q4VC05,chr21,chr12,37420384,122054805,+,+,DANSY_145554,,,,ACH-000953,DYRK1A,BCL7A,No Annotation,DYRK1A--BCL7A
2435,BCL7A--DYRK1A,ENSG00000110987,ENSG00000157540,Q4VC05,Q13627,chr12,chr21,122044053,37472684,+,+,DANSY_145555,,IPR000719,IPR000719,ACH-000953,BCL7A,DYRK1A,Pre-existing,BCL7A--DYRK1A
2436,BCL7A--DYRK1A,ENSG00000157540,ENSG00000110987,Q13627,Q4VC05,chr21,chr12,37456308,122054805,+,+,DANSY_145556,,,,ACH-000953,DYRK1A,BCL7A,No Annotation,DYRK1A--BCL7A
2437,CATSPERZ--STIP1,ENSG00000168439,ENSG00000219435,P31948,Q9NTU4,chr11,chr11,64186270,64300657,+,+,DANSY_145566,,,,ACH-000953,STIP1,CATSPERZ,No Annotation,STIP1--CATSPERZ
2438,GPR137--STIP1,ENSG00000168439,ENSG00000173264,P31948,Q96N19,chr11,chr11,64186270,64286510,+,+,DANSY_145570,,,,ACH-000953,STIP1,GPR137,No Annotation,STIP1--GPR137
2439,GPR137--STIP1,ENSG00000168439,ENSG00000173264,P31948,Q96N19,chr11,chr11,64186270,64288340,+,+,DANSY_145571,,,,ACH-000953,STIP1,GPR137,No Annotation,STIP1--GPR137
2440,DIAPH3--ELAPOR2,ENSG00000139734,ENSG00000164659,Q9NSV4,A8MWY0,chr13,chr7,60093628,86965024,-,-,DANSY_145790,,IPR056609|IPR056610|IPR056608|IPR044865|IPR056606,IPR056609|IPR056610|IPR056608|IPR044865|IPR056606,ACH-000846,DIAPH3,ELAPOR2,Pre-existing,DIAPH3--ELAPOR2
2441,CSNK1G2--SCAMP4,ENSG00000133275,ENSG00000227500,P78368,Q969E2,chr19,chr19,1969959,1914979,+,+,DANSY_145801,,,,ACH-000846,CSNK1G2,SCAMP4,No Annotation,CSNK1G2--SCAMP4
2442,CSNK1G2--SCAMP4,ENSG00000133275,ENSG00000227500,P78368,Q969E2,chr19,chr19,1969959,1917694,+,+,DANSY_145802,,,,ACH-000846,CSNK1G2,SCAMP4,No Annotation,CSNK1G2--SCAMP4
2443,EIF3L--MICALL1,ENSG00000100139,ENSG00000100129,Q8N3F8,Q9Y262,chr22,chr22,37927826,37877674,+,+,DANSY_145806,IPR001715|IPR001781,,IPR001715|IPR001781,ACH-000846,MICALL1,EIF3L,Pre-existing,MICALL1--EIF3L
2444,MRPS6--SLC37A1,ENSG00000243927,ENSG00000160190,P82932,P57057,chr21,chr21,34073745,42534698,+,+,DANSY_145813,,,,ACH-000846,MRPS6,SLC37A1,No Annotation,MRPS6--SLC37A1
2445,CHKA--PPM1L,ENSG00000110721,ENSG00000163590,P35790,Q5SGD2,chr11,chr3,68097019,160961736,-,+,DANSY_145836,,,,ACH-000846,CHKA,PPM1L,No Annotation,CHKA--PPM1L
2446,HNRNPUL1--MEF2D,ENSG00000116604,ENSG00000105323,Q14814,Q9BUJ2,chr1,chr19,156475108,41302665,-,+,DANSY_146123,IPR002100|IPR022102,,IPR002100|IPR022102,ACH-002059,MEF2D,HNRNPUL1,Pre-existing,MEF2D--HNRNPUL1
2447,AP2A1--PIK3R3,ENSG00000117461,ENSG00000196961,Q92569,O95782,chr1,chr19,46131847,49781757,-,+,DANSY_146226,,IPR002553|IPR008152|IPR003164,IPR002553|IPR008152|IPR003164,ACH-000929,PIK3R3,AP2A1,Pre-existing,PIK3R3--AP2A1
2448,HNRNPR--TXLNA,ENSG00000125944,ENSG00000084652,O43390,P40222,chr1,chr1,23333518,32187954,-,+,DANSY_146238,IPR041337,,IPR041337,ACH-000929,HNRNPR,TXLNA,Pre-existing,HNRNPR--TXLNA
2449,HNRNPR--TXLNA,ENSG00000125944,ENSG00000084652,O43390,P40222,chr1,chr1,23337754,32187954,-,+,DANSY_146241,IPR041337,,IPR041337,ACH-000929,HNRNPR,TXLNA,Pre-existing,HNRNPR--TXLNA
2450,ARHGAP29--COL24A1,ENSG00000137962,ENSG00000171502,Q52LW3,Q17RW2,chr1,chr1,94188837,86126214,-,-,DANSY_146258,IPR057028|IPR031160,IPR048287|IPR000885,IPR057028|IPR031160|IPR048287|IPR000885,ACH-000929,ARHGAP29,COL24A1,Novel,ARHGAP29--COL24A1
2451,CDC73--RO60,ENSG00000116747,ENSG00000134371,P10155,Q6P1J9,chr1,chr1,193082299,193147867,+,+,DANSY_146264,IPR008858,IPR031336,IPR008858|IPR031336,ACH-000929,RO60,CDC73,Novel,RO60--CDC73
2452,NFIA--SCP2,ENSG00000162599,ENSG00000116171,Q12857,P22307,chr1,chr1,61088680,52974769,+,+,DANSY_146289,IPR019548|IPR003619,IPR055140|IPR003033,IPR019548|IPR003619|IPR055140|IPR003033,ACH-000929,NFIA,SCP2,Novel,NFIA--SCP2
2453,AP2A1--TCEANC2,ENSG00000116205,ENSG00000196961,Q96MN5,O95782,chr1,chr19,54068897,49781757,+,+,DANSY_146298,,IPR002553|IPR008152|IPR003164,IPR002553|IPR008152|IPR003164,ACH-000929,TCEANC2,AP2A1,Pre-existing,TCEANC2--AP2A1
2454,CDCA8--GRIK3,ENSG00000134690,ENSG00000163873,Q53HL2,Q13003,chr1,chr1,37693033,36891096,+,-,DANSY_146849,IPR018851,IPR001828|IPR001320,IPR018851|IPR001828|IPR001320,ACH-000311,CDCA8,GRIK3,Novel,CDCA8--GRIK3
2455,FGFR2--PHGDH,ENSG00000066468,ENSG00000092621,P21802,O43175,chr10,chr1,121483698,119734634,-,+,DANSY_147014,IPR003598|IPR003598|IPR003598|IPR000719,IPR045626,IPR003598|IPR003598|IPR003598|IPR000719|IPR045626,ACH-001834,FGFR2,PHGDH,Novel,FGFR2--PHGDH
2456,CDK14--VPS50,ENSG00000058091,ENSG00000004766,O94921,Q96JG6,chr7,chr7,90899353,93305828,+,+,DANSY_147017,,IPR019514,IPR019514,ACH-001834,CDK14,VPS50,Pre-existing,CDK14--VPS50
2457,CDK14--VPS50,ENSG00000058091,ENSG00000004766,O94921,Q96JG6,chr7,chr7,90899353,93308824,+,+,DANSY_147018,,IPR019514,IPR019514,ACH-001834,CDK14,VPS50,Pre-existing,CDK14--VPS50
2458,CDK14--VPS50,ENSG00000058091,ENSG00000004766,O94921,Q96JG6,chr7,chr7,90899353,93334117,+,+,DANSY_147019,,IPR019514,IPR019514,ACH-001834,CDK14,VPS50,Pre-existing,CDK14--VPS50
2459,NUDCD3--PDE1C,ENSG00000015676,ENSG00000154678,Q8IVD9,Q14123,chr7,chr7,44484968,31880860,-,-,DANSY_147028,IPR025934,IPR013706|IPR002073,IPR025934|IPR013706|IPR002073,ACH-001834,NUDCD3,PDE1C,Novel,NUDCD3--PDE1C
2460,DNAJC6--PDE1C,ENSG00000116675,ENSG00000154678,O75061,Q14123,chr1,chr7,65389627,31775732,+,-,DANSY_147058,IPR000387|IPR014020,,IPR000387|IPR014020,ACH-001834,DNAJC6,PDE1C,Pre-existing,DNAJC6--PDE1C
2461,MAPK12--PLXNB2,ENSG00000196576,ENSG00000188130,O15031,P53778,chr22,chr22,50281360,50261483,-,-,DANSY_147392,IPR001627|IPR016201|IPR041019|IPR016201|IPR016201|IPR002909|IPR002909|IPR002909,,IPR001627|IPR016201|IPR041019|IPR016201|IPR016201|IPR002909|IPR002909|IPR002909,ACH-000855,PLXNB2,MAPK12,Pre-existing,PLXNB2--MAPK12
2462,PDE8A--SND1,ENSG00000073417,ENSG00000197157,O60658,Q7KZF4,chr15,chr7,85076787,127686613,+,+,DANSY_147402,,IPR016071|IPR016071|IPR016071|IPR002999|IPR016071,IPR016071|IPR016071|IPR016071|IPR002999|IPR016071,ACH-000855,PDE8A,SND1,Pre-existing,PDE8A--SND1
2463,SEL1L3--SEL1L3,ENSG00000091490,ENSG00000091490,Q68CR1,Q68CR1,chr4,chr4,25788224,25802462,-,-,DANSY_147577,,,,ACH-001061,SEL1L3,SEL1L3,No Annotation,SEL1L3--SEL1L3
2464,FRK--NT5DC1,ENSG00000111816,ENSG00000178425,P42685,Q5TFE4,chr6,chr6,115967551,116221054,-,+,DANSY_147578,IPR001452|IPR000980,,IPR001452|IPR000980,ACH-001061,FRK,NT5DC1,Pre-existing,FRK--NT5DC1
2465,FRK--NT5DC1,ENSG00000178425,ENSG00000111816,Q5TFE4,P42685,chr6,chr6,116117945,115968739,+,-,DANSY_147579,,IPR000719,IPR000719,ACH-001061,NT5DC1,FRK,Pre-existing,NT5DC1--FRK
2466,EPG5--PSTPIP2,ENSG00000152223,ENSG00000152229,Q9HCE0,Q9H939,chr18,chr18,45922341,46024686,-,-,DANSY_147580,,,,ACH-001061,EPG5,PSTPIP2,No Annotation,EPG5--PSTPIP2
2467,MSRB3--SRGAP1,ENSG00000196935,ENSG00000174099,Q7Z6B7,Q8IXL7,chr12,chr12,63990072,65308529,+,+,DANSY_148055,IPR001060,IPR002579,IPR001060|IPR002579,ACH-000496,SRGAP1,MSRB3,Novel,SRGAP1--MSRB3
2468,CAPRIN2--TMEM117,ENSG00000110888,ENSG00000139173,Q6IMN6,Q9H0C3,chr12,chr12,30728648,44376595,-,+,DANSY_148065,IPR041637,,IPR041637,ACH-000496,CAPRIN2,TMEM117,Pre-existing,CAPRIN2--TMEM117
2469,TRAF2--TSPAN1,ENSG00000127191,ENSG00000117472,Q12933,O60635,chr9,chr1,136900520,46184191,+,+,DANSY_148085,IPR001841|IPR049441,,IPR001841|IPR049441,ACH-000496,TRAF2,TSPAN1,Pre-existing,TRAF2--TSPAN1
2470,DCLK2--DMD,ENSG00000198947,ENSG00000170390,P11532,Q8N568,chrX,chr4,32491277,150220703,-,+,DANSY_148092,IPR001715|IPR001715,IPR000719,IPR001715|IPR001715|IPR000719,ACH-000496,DMD,DCLK2,Novel,DMD--DCLK2
2471,DCLK2--DMD,ENSG00000198947,ENSG00000170390,P11532,Q8N568,chrX,chr4,32491277,150220706,-,+,DANSY_148093,IPR001715|IPR001715,IPR000719,IPR001715|IPR001715|IPR000719,ACH-000496,DMD,DCLK2,Novel,DMD--DCLK2
2472,DARS2--KLHL20,ENSG00000117593,ENSG00000076321,Q6PI48,Q9Y2M5,chr1,chr1,173845291,173751764,+,+,DANSY_148328,IPR004365,,IPR004365,ACH-002464,DARS2,KLHL20,Pre-existing,DARS2--KLHL20
2473,SASH1--UST,ENSG00000111962,ENSG00000111961,Q9Y2C2,O94885,chr6,chr6,148964563,148487614,+,+,DANSY_148946,,IPR021090|IPR001452|IPR001660|IPR058666|IPR001660,IPR021090|IPR001452|IPR001660|IPR058666|IPR001660,ACH-002004,UST,SASH1,Pre-existing,UST--SASH1
2474,SASH1--UST,ENSG00000111962,ENSG00000111961,Q9Y2C2,O94885,chr6,chr6,148964563,148514324,+,+,DANSY_148947,,IPR021090|IPR001452|IPR001660|IPR058666|IPR001660,IPR021090|IPR001452|IPR001660|IPR058666|IPR001660,ACH-002004,UST,SASH1,Pre-existing,UST--SASH1
2475,KRT81--KRT86,ENSG00000205426,ENSG00000170442,Q14533,O43790,chr12,chr12,52287102,52308233,-,+,DANSY_149033,IPR032444|IPR039008,,IPR032444|IPR039008,ACH-000878,KRT81,KRT86,Pre-existing,KRT81--KRT86
2476,PLA2G1B--PXN,ENSG00000089159,ENSG00000170890,P49023,P04054,chr12,chr12,120265617,120326020,-,-,DANSY_149038,,IPR016090,IPR016090,ACH-000878,PXN,PLA2G1B,Pre-existing,PXN--PLA2G1B
2477,CCPG1--RAB27A,ENSG00000069974,ENSG00000260916,P51159,Q9ULG6,chr15,chr15,55223889,55356409,-,-,DANSY_149039,,,,ACH-000878,RAB27A,CCPG1,No Annotation,RAB27A--CCPG1
2478,ELP2--FHOD3,ENSG00000134775,ENSG00000134759,Q2V2M9,Q6IA86,chr18,chr18,36298000,36133238,+,+,DANSY_149042,,,,ACH-000878,FHOD3,ELP2,No Annotation,FHOD3--ELP2
2479,PRKCE--TTC7A,ENSG00000171132,ENSG00000068724,Q02156,Q9ULT0,chr2,chr2,45652448,47005922,+,+,DANSY_149045,IPR000008,,IPR000008,ACH-000878,PRKCE,TTC7A,Pre-existing,PRKCE--TTC7A
2480,EEF1D--ZC3H3,ENSG00000014164,ENSG00000104529,Q8IXZ2,P29692,chr8,chr8,143465717,143590081,-,-,DANSY_149189,IPR000571|IPR000571|IPR000571,IPR018940|IPR014038,IPR000571|IPR000571|IPR000571|IPR018940|IPR014038,ACH-001380,ZC3H3,EEF1D,Novel,ZC3H3--EEF1D
2481,ABL1--BCR,ENSG00000186716,ENSG00000097007,P11274,P00519,chr22,chr9,23290413,130854064,+,+,DANSY_149233,IPR015123|IPR000219|IPR001849,IPR001452|IPR000980|IPR000719|IPR015015,IPR015123|IPR000219|IPR001849|IPR001452|IPR000980|IPR000719|IPR015015,ACH-002061,BCR,ABL1,Novel,BCR--ABL1
2482,CCDC57--GIMAP2,ENSG00000176155,ENSG00000106560,Q2TAC2,Q9UG22,chr17,chr7,82171701,150687052,-,+,DANSY_149247,,IPR006703,IPR006703,ACH-002061,CCDC57,GIMAP2,Pre-existing,CCDC57--GIMAP2
2483,CCDC57--GIMAP2,ENSG00000176155,ENSG00000106560,Q2TAC2,Q9UG22,chr17,chr7,82171701,150692315,-,+,DANSY_149248,,IPR006703,IPR006703,ACH-002061,CCDC57,GIMAP2,Pre-existing,CCDC57--GIMAP2
2484,C16orf87--ORC6,ENSG00000155330,ENSG00000091651,Q6PH81,Q9Y5N6,chr16,chr16,46824386,46696017,-,+,DANSY_149258,IPR018886,,IPR018886,ACH-002061,C16orf87,ORC6,Pre-existing,C16orf87--ORC6
2485,DOCK4--IMMP2L,ENSG00000184903,ENSG00000128512,Q96T52,Q8N1I0,chr7,chr7,111521313,111834686,-,-,DANSY_149262,,IPR027357,IPR027357,ACH-002061,IMMP2L,DOCK4,Pre-existing,IMMP2L--DOCK4
2486,FAM222B--SEZ6,ENSG00000173065,ENSG00000063015,Q8WU58,Q53EL9,chr17,chr17,28758791,28964147,-,-,DANSY_149267,,IPR000436|IPR000859|IPR000436|IPR000859|IPR000436|IPR000436|IPR000436,IPR000436|IPR000859|IPR000436|IPR000859|IPR000436|IPR000436|IPR000436,ACH-002061,FAM222B,SEZ6,Pre-existing,FAM222B--SEZ6
2487,RHPN2--SLC7A9,ENSG00000131941,ENSG00000021488,Q8IUC4,P82251,chr19,chr19,33021571,32833323,-,-,DANSY_149356,IPR011072,,IPR011072,ACH-000385,RHPN2,SLC7A9,Pre-existing,RHPN2--SLC7A9
2488,AFAP1--NAA15,ENSG00000196526,ENSG00000164134,Q8N556,Q9BXJ9,chr4,chr4,7838524,139334174,-,+,DANSY_149362,,,,ACH-000385,AFAP1,NAA15,No Annotation,AFAP1--NAA15
2489,AFAP1--NAA15,ENSG00000196526,ENSG00000164134,Q8N556,Q9BXJ9,chr4,chr4,7843139,139334174,-,+,DANSY_149363,,,,ACH-000385,AFAP1,NAA15,No Annotation,AFAP1--NAA15
2490,ARFGEF2--CSE1L,ENSG00000124207,ENSG00000124198,P55060,Q9Y6D5,chr20,chr20,49091022,49023051,+,+,DANSY_149449,IPR001494|IPR013713,IPR046455,IPR001494|IPR013713|IPR046455,ACH-000637,CSE1L,ARFGEF2,Novel,CSE1L--ARFGEF2
2491,CABIN1--VSTM2A,ENSG00000099991,ENSG00000170419,Q9Y6J0,Q8TAG5,chr22,chr7,24060141,54546947,+,+,DANSY_149451,,,,ACH-000637,CABIN1,VSTM2A,No Annotation,CABIN1--VSTM2A
2492,AKT3--CEP170,ENSG00000117020,ENSG00000143702,Q9Y243,Q5SW79,chr1,chr1,243572926,243136231,-,-,DANSY_149467,IPR001849,,IPR001849,ACH-000637,AKT3,CEP170,Pre-existing,AKT3--CEP170
2493,MTMR4--SEPTIN4,ENSG00000108389,ENSG00000108387,Q9NYA4,O43236,chr17,chr17,58512852,58526313,-,-,DANSY_149469,,,,ACH-000637,MTMR4,SEPTIN4,No Annotation,MTMR4--SEPTIN4
2494,MTMR4--SEPTIN4,ENSG00000108389,ENSG00000108387,Q9NYA4,O43236,chr17,chr17,58512852,58526978,-,-,DANSY_149470,,,,ACH-000637,MTMR4,SEPTIN4,No Annotation,MTMR4--SEPTIN4
2495,PITPNA--SLC43A2,ENSG00000174238,ENSG00000167703,Q00169,Q8N370,chr17,chr17,1558529,1593279,-,-,DANSY_149475,,,,ACH-000637,PITPNA,SLC43A2,No Annotation,PITPNA--SLC43A2
2496,MYH15--SS18L1,ENSG00000184402,ENSG00000144821,O75177,Q9Y2K3,chr20,chr3,62143889,108470847,+,-,DANSY_149480,,IPR002928,IPR002928,ACH-000637,SS18L1,MYH15,Pre-existing,SS18L1--MYH15
2497,MYH15--SS18L1,ENSG00000184402,ENSG00000144821,O75177,Q9Y2K3,chr20,chr3,62143889,108464814,+,-,DANSY_149481,,IPR002928,IPR002928,ACH-000637,SS18L1,MYH15,Pre-existing,SS18L1--MYH15
2498,GBF1--SUFU,ENSG00000107882,ENSG00000107862,Q9UMX1,Q92538,chr10,chr10,102550106,102344051,+,+,DANSY_149714,,IPR032691|IPR000904|IPR056604,IPR032691|IPR000904|IPR056604,ACH-000427,SUFU,GBF1,Pre-existing,SUFU--GBF1
2499,ATP6V0A4--ST7,ENSG00000004866,ENSG00000105929,Q9NRC1,Q9HBG4,chr7,chr7,116953691,138771264,+,-,DANSY_150007,,,,ACH-000325,ST7,ATP6V0A4,No Annotation,ST7--ATP6V0A4
2500,PIEZO2--ZNF236,ENSG00000130856,ENSG00000154864,Q9UL36,Q9H5I5,chr18,chr18,76822662,10979660,+,-,DANSY_150041,,IPR056769|IPR056769|IPR031805|IPR056768|IPR056770|IPR031334,IPR056769|IPR056769|IPR031805|IPR056768|IPR056770|IPR031334,ACH-000325,ZNF236,PIEZO2,Pre-existing,ZNF236--PIEZO2
2501,RLF--UBE2J2,ENSG00000117000,ENSG00000160087,Q13129,Q8N2K1,chr1,chr1,40161636,1267992,+,-,DANSY_150098,,IPR000608,IPR000608,ACH-000515,RLF,UBE2J2,Pre-existing,RLF--UBE2J2
2502,RLF--UBE2J2,ENSG00000117000,ENSG00000160087,Q13129,Q8N2K1,chr1,chr1,40161636,1257310,+,-,DANSY_150100,,,,ACH-000515,RLF,UBE2J2,No Annotation,RLF--UBE2J2
2503,C1QTNF12--RLF,ENSG00000117000,ENSG00000184163,Q13129,Q5T7M4,chr1,chr1,40161636,1244497,+,-,DANSY_150103,,IPR001073,IPR001073,ACH-000515,RLF,C1QTNF12,Pre-existing,RLF--C1QTNF12
2504,TBCB--UBE4B,ENSG00000130939,ENSG00000105254,O95155,Q99426,chr1,chr19,10033694,36120710,+,+,DANSY_150105,,IPR000938,IPR000938,ACH-000515,UBE4B,TBCB,Pre-existing,UBE4B--TBCB
2505,TBCB--UBE4B,ENSG00000130939,ENSG00000105254,O95155,Q99426,chr1,chr19,10033694,36125451,+,+,DANSY_150106,,,,ACH-000515,UBE4B,TBCB,No Annotation,UBE4B--TBCB
2506,SZT2--TUT1,ENSG00000149016,ENSG00000198198,Q9H6E5,Q5T011,chr11,chr1,62589031,43403177,-,+,DANSY_150115,IPR013087,,IPR013087,ACH-000515,TUT1,SZT2,Pre-existing,TUT1--SZT2
2507,MMP11--SMARCB1,ENSG00000099953,ENSG00000099956,P24347,Q12824,chr22,chr22,23772978,23803295,+,+,DANSY_150289,,,,ACH-001033,MMP11,SMARCB1,No Annotation,MMP11--SMARCB1
2508,LRRC49--THSD4,ENSG00000187720,ENSG00000137821,Q6ZMP0,Q8IUZ0,chr15,chr15,71141556,71008379,+,+,DANSY_150335,,,,ACH-000919,THSD4,LRRC49,No Annotation,THSD4--LRRC49
2509,CRMP1--EVC,ENSG00000072840,ENSG00000072832,P57679,Q14194,chr4,chr4,5719373,5866756,+,-,DANSY_150452,,,,ACH-000863,EVC,CRMP1,No Annotation,EVC--CRMP1
2510,CARD8--ZNF415,ENSG00000170954,ENSG00000105483,Q09FC8,Q9Y2G2,chr19,chr19,53122662,48221855,-,-,DANSY_150457,,IPR001315,IPR001315,ACH-000863,ZNF415,CARD8,Pre-existing,ZNF415--CARD8
2511,CARD8--ZNF415,ENSG00000170954,ENSG00000105483,Q09FC8,Q9Y2G2,chr19,chr19,53122404,48221855,-,-,DANSY_150458,,IPR001315,IPR001315,ACH-000863,ZNF415,CARD8,Pre-existing,ZNF415--CARD8
2512,ANO10--RBMS3,ENSG00000144642,ENSG00000160746,Q6XE24,Q9NW15,chr3,chr3,29936196,43366974,+,-,DANSY_150468,IPR000504|IPR000504,,IPR000504|IPR000504,ACH-000863,RBMS3,ANO10,Pre-existing,RBMS3--ANO10
2513,COL14A1--FGFR2,ENSG00000066468,ENSG00000187955,P21802,Q05707,chr10,chr8,121483698,120289608,-,+,DANSY_150473,IPR003598|IPR003598|IPR003598|IPR000719,,IPR003598|IPR003598|IPR003598|IPR000719,ACH-000863,FGFR2,COL14A1,Pre-existing,FGFR2--COL14A1
2514,CMIP--DYNLRB2,ENSG00000153815,ENSG00000168589,Q8IY22,Q8TF09,chr16,chr16,81699801,80543276,+,+,DANSY_150601,IPR056429,IPR004942,IPR056429|IPR004942,ACH-000581,CMIP,DYNLRB2,Novel,CMIP--DYNLRB2
2515,FOXO1--PAX7,ENSG00000009709,ENSG00000150907,P23759,Q12778,chr1,chr13,18703296,40560860,+,-,DANSY_150875,IPR001523|IPR001356|IPR022106,IPR032068|IPR032067,IPR001523|IPR001356|IPR022106|IPR032068|IPR032067,ACH-001050,PAX7,FOXO1,Novel,PAX7--FOXO1
2516,SETMAR--UVRAG,ENSG00000198382,ENSG00000170364,Q9P2Y5,Q53H47,chr11,chr3,75861780,4312898,+,+,DANSY_151107,,IPR001214|IPR003616|IPR041426,IPR001214|IPR003616|IPR041426,ACH-001533,UVRAG,SETMAR,Pre-existing,UVRAG--SETMAR
2517,SETMAR--UVRAG,ENSG00000198382,ENSG00000170364,Q9P2Y5,Q53H47,chr11,chr3,75861780,4313647,+,+,DANSY_151108,,IPR041426,IPR041426,ACH-001533,UVRAG,SETMAR,Pre-existing,UVRAG--SETMAR
2518,MAD1L1--SNX8,ENSG00000002822,ENSG00000106266,Q9Y6D9,Q9Y5X2,chr7,chr7,2229984,2269639,-,-,DANSY_151243,,IPR045734,IPR045734,ACH-000827,MAD1L1,SNX8,Pre-existing,MAD1L1--SNX8
2519,ZNF14--ZNF506,ENSG00000105708,ENSG00000081665,P17017,Q5JVG8,chr19,chr19,19732956,19807068,-,-,DANSY_151377,,IPR001909|IPR013087|IPR013087|IPR013087|IPR013087|IPR013087|IPR013087|IPR013087|IPR013087,IPR001909|IPR013087|IPR013087|IPR013087|IPR013087|IPR013087|IPR013087|IPR013087|IPR013087,ACH-000961,ZNF14,ZNF506,Pre-existing,ZNF14--ZNF506
2520,AMOTL1--MACROD1,ENSG00000166025,ENSG00000133315,Q8IY63,Q9BQ69,chr11,chr11,94795160,64152393,+,-,DANSY_151430,,IPR002589,IPR002589,ACH-000778,AMOTL1,MACROD1,Pre-existing,AMOTL1--MACROD1
2521,ANKRD36B--ZNF479,ENSG00000196912,ENSG00000185177,Q8N2N9,Q96JC4,chr2,chr7,97553168,57121152,-,-,DANSY_151438,,IPR013087|IPR013087|IPR013087|IPR013087|IPR013087|IPR013087|IPR013087|IPR013087|IPR013087|IPR013087|IPR013087|IPR013087,IPR013087|IPR013087|IPR013087|IPR013087|IPR013087|IPR013087|IPR013087|IPR013087|IPR013087|IPR013087|IPR013087|IPR013087,ACH-000778,ANKRD36B,ZNF479,Pre-existing,ANKRD36B--ZNF479
2522,LIPM--PTEN,ENSG00000171862,ENSG00000173239,P60484,Q5VYY2,chr10,chr10,87952259,88802850,+,+,DANSY_151641,IPR000387,IPR000073,IPR000387|IPR000073,ACH-002510,PTEN,LIPM,Novel,PTEN--LIPM
2523,P4HB--SPAG9,ENSG00000008294,ENSG00000185624,O60271,P07237,chr17,chr17,51079584,81859387,-,-,DANSY_151851,IPR034743,IPR005788,IPR034743|IPR005788,ACH-000190,SPAG9,P4HB,Novel,SPAG9--P4HB
2524,QSER1--TCP11L1,ENSG00000176148,ENSG00000060749,Q9NUJ3,Q2KHR3,chr11,chr11,33072653,32953857,+,+,DANSY_151857,,IPR025451,IPR025451,ACH-000190,TCP11L1,QSER1,Pre-existing,TCP11L1--QSER1
2525,NUP155--WDR70,ENSG00000082068,ENSG00000113569,Q9NW82,O75694,chr5,chr5,37381685,37337918,+,-,DANSY_151867,,IPR007187,IPR007187,ACH-000190,WDR70,NUP155,Pre-existing,WDR70--NUP155
2526,TMEM38B--UNC13B,ENSG00000095209,ENSG00000198722,Q9NVV0,O14795,chr9,chr9,105748190,35366947,+,+,DANSY_151868,,,,ACH-000190,TMEM38B,UNC13B,No Annotation,TMEM38B--UNC13B
2527,CRYBG1--RTN4IP1,ENSG00000130347,ENSG00000112297,Q8WWV3,Q9Y4K1,chr6,chr6,106583328,106511430,-,+,DANSY_152016,IPR013154,IPR001064|IPR001064|IPR001064|IPR001064|IPR001064|IPR001064|IPR000772,IPR013154|IPR001064|IPR001064|IPR001064|IPR001064|IPR001064|IPR001064|IPR000772,ACH-001819,RTN4IP1,CRYBG1,Novel,RTN4IP1--CRYBG1
2528,SPECC1--TATDN1,ENSG00000128487,ENSG00000147687,Q5M775,Q6P1N9,chr17,chr8,20156236,124516030,+,-,DANSY_152024,,,,ACH-001819,SPECC1,TATDN1,No Annotation,SPECC1--TATDN1
2529,SPECC1--TATDN1,ENSG00000128487,ENSG00000147687,Q5M775,Q6P1N9,chr17,chr8,20156236,124508688,+,-,DANSY_152025,,,,ACH-001819,SPECC1,TATDN1,No Annotation,SPECC1--TATDN1
2530,ATE1--FGFR2,ENSG00000066468,ENSG00000107669,P21802,O95260,chr10,chr10,121538592,121743858,-,-,DANSY_152047,IPR003598|IPR003598,,IPR003598|IPR003598,ACH-001819,FGFR2,ATE1,Pre-existing,FGFR2--ATE1
2531,FBXO28--IFI16,ENSG00000143756,ENSG00000163565,Q9NVF7,Q16666,chr1,chr1,224114396,159049432,+,+,DANSY_152053,,IPR004021,IPR004021,ACH-001819,FBXO28,IFI16,Pre-existing,FBXO28--IFI16
2532,FBXO28--IFI16,ENSG00000143756,ENSG00000163565,Q9NVF7,Q16666,chr1,chr1,224114396,159051679,+,+,DANSY_152054,,IPR004021,IPR004021,ACH-001819,FBXO28,IFI16,Pre-existing,FBXO28--IFI16
2533,EPHA6--ST3GAL6,ENSG00000064225,ENSG00000080224,Q9Y274,Q9UF33,chr3,chr3,98773983,96987330,+,+,DANSY_152084,,IPR011641|IPR003961|IPR003961|IPR027936|IPR000719|IPR001660,IPR011641|IPR003961|IPR003961|IPR027936|IPR000719|IPR001660,ACH-001819,ST3GAL6,EPHA6,Pre-existing,ST3GAL6--EPHA6
2534,KAT6B--LMAN2,ENSG00000169223,ENSG00000156650,Q12907,Q8WYB5,chr5,chr10,177334284,75020582,-,+,DANSY_152086,IPR005052,,IPR005052,ACH-001819,LMAN2,KAT6B,Pre-existing,LMAN2--KAT6B
2535,ERLIN2--SPIDR,ENSG00000164808,ENSG00000147475,Q14159,O94905,chr8,chr8,47294030,37737908,+,+,DANSY_152112,,IPR001107,IPR001107,ACH-001819,SPIDR,ERLIN2,Pre-existing,SPIDR--ERLIN2
2536,MTMR11--PDE4DIP,ENSG00000014914,ENSG00000178104,A4FU01,Q5VU43,chr1,chr1,149936582,148968836,-,+,DANSY_152127,,IPR056273|IPR010630,IPR056273|IPR010630,ACH-001819,MTMR11,PDE4DIP,Pre-existing,MTMR11--PDE4DIP
2537,GARNL3--SLC2A8,ENSG00000136856,ENSG00000136895,Q9NY64,Q5VVW2,chr9,chr9,127398111,127332274,+,+,DANSY_152396,,IPR001180,IPR001180,ACH-001786,SLC2A8,GARNL3,Pre-existing,SLC2A8--GARNL3
2538,MPZL2--MPZL3,ENSG00000160588,ENSG00000149573,Q6UWV2,O60487,chr11,chr11,118252222,118263097,-,-,DANSY_152610,,IPR003599,IPR003599,ACH-000228,MPZL3,MPZL2,Pre-existing,MPZL3--MPZL2
2539,CCDC134--MCAT,ENSG00000100294,ENSG00000100147,Q8IVS2,Q9H6E4,chr22,chr22,43137081,41825698,-,+,DANSY_152828,,,,ACH-001750,MCAT,CCDC134,No Annotation,MCAT--CCDC134
2540,ARMC2--ZNRF3,ENSG00000183579,ENSG00000118690,Q9ULT6,Q8NEN0,chr22,chr6,28987201,108868824,+,+,DANSY_152831,,,,ACH-001750,ZNRF3,ARMC2,No Annotation,ZNRF3--ARMC2
2541,BATF--LTBP2,ENSG00000119681,ENSG00000156127,Q14767,Q16520,chr14,chr14,74551064,75525084,-,+,DANSY_152899,IPR000742|IPR000742,IPR004827,IPR000742|IPR000742|IPR004827,ACH-000174,LTBP2,BATF,Novel,LTBP2--BATF
2542,FNIP1--MEIKIN,ENSG00000217128,ENSG00000239642,Q8TF40,A0A087WXM9,chr5,chr5,131730904,131818863,-,-,DANSY_152906,,,,ACH-000174,FNIP1,MEIKIN,No Annotation,FNIP1--MEIKIN
2543,VEZF1--ZNRF3,ENSG00000136451,ENSG00000183579,Q14119,Q9ULT6,chr17,chr22,57988079,29046716,-,+,DANSY_152913,,IPR001841,IPR001841,ACH-000174,VEZF1,ZNRF3,Pre-existing,VEZF1--ZNRF3
2544,EVX1--SYNRG,ENSG00000275066,ENSG00000106038,Q9UMZ2,P49640,chr17,chr7,37553115,27245048,-,+,DANSY_153062,IPR000261,IPR001356,IPR000261|IPR001356,ACH-000620,SYNRG,EVX1,Novel,SYNRG--EVX1
2545,CRLF1--TANC1,ENSG00000115183,ENSG00000006016,Q9C0D5,O75462,chr2,chr19,159150556,18594434,+,-,DANSY_153065,,,,ACH-000620,TANC1,CRLF1,No Annotation,TANC1--CRLF1
2546,IQSEC3--WNK1,ENSG00000060237,ENSG00000120645,Q9H4A3,Q9UPP2,chr12,chr12,813814,125633,+,+,DANSY_153081,,IPR000904|IPR033742,IPR000904|IPR033742,ACH-000620,WNK1,IQSEC3,Pre-existing,WNK1--IQSEC3
2547,AGO2--STRN3,ENSG00000123908,ENSG00000196792,Q9UKV8,Q13033,chr8,chr14,140544213,30912182,-,-,DANSY_153091,IPR032474|IPR014811|IPR003100|IPR032472|IPR032473,,IPR032474|IPR014811|IPR003100|IPR032472|IPR032473,ACH-000620,AGO2,STRN3,Pre-existing,AGO2--STRN3
2548,DENND4B--NUP210L,ENSG00000198837,ENSG00000143552,O75064,Q5VU65,chr1,chr1,153938900,154054832,-,-,DANSY_153094,IPR023341|IPR005113|IPR001194|IPR005112,IPR003343|IPR058779|IPR055094|IPR057586|IPR055095,IPR023341|IPR005113|IPR001194|IPR005112|IPR003343|IPR058779|IPR055094|IPR057586|IPR055095,ACH-000620,DENND4B,NUP210L,Novel,DENND4B--NUP210L
2549,BYSL--TAF8,ENSG00000137413,ENSG00000112578,Q7Z7C8,Q13895,chr6,chr6,42056014,41927374,+,+,DANSY_153198,IPR006565,,IPR006565,ACH-001513,TAF8,BYSL,Pre-existing,TAF8--BYSL
2550,FAAH2--UBE2R2,ENSG00000107341,ENSG00000165591,Q712K3,Q6GMR7,chr9,chrX,33817934,57292498,+,+,DANSY_153217,,IPR023631,IPR023631,ACH-001513,UBE2R2,FAAH2,Pre-existing,UBE2R2--FAAH2
2551,KMT2A--MLLT3,ENSG00000118058,ENSG00000171843,Q03164,P42568,chr11,chr9,118484314,20365744,+,-,DANSY_153256,IPR002857,IPR040930,IPR002857|IPR040930,ACH-000168,KMT2A,MLLT3,Novel,KMT2A--MLLT3
2552,BMS1--PARG,ENSG00000227345,ENSG00000165733,Q86W56,Q14692,chr10,chr10,49885203,42791627,-,+,DANSY_153257,,IPR012948|IPR007034,IPR012948|IPR007034,ACH-000168,PARG,BMS1,Pre-existing,PARG--BMS1
2553,BNIP3--MARCHF6,ENSG00000176171,ENSG00000145495,Q12983,O60337,chr10,chr5,131981761,10415488,-,+,DANSY_153298,,IPR056521,IPR056521,ACH-000257,BNIP3,MARCHF6,Pre-existing,BNIP3--MARCHF6
2554,AGBL1--CHD2,ENSG00000173575,ENSG00000273540,O14647,Q96MI9,chr15,chr15,92929091,86224914,+,+,DANSY_153308,,IPR040626|IPR000834,IPR040626|IPR000834,ACH-000257,CHD2,AGBL1,Pre-existing,CHD2--AGBL1
2555,PCGF2--PIP4K2B,ENSG00000277258,ENSG00000276293,P35227,P78356,chr17,chr17,38738353,38786920,-,-,DANSY_153448,IPR001841,,IPR001841,ACH-000211,PCGF2,PIP4K2B,Pre-existing,PCGF2--PIP4K2B
2556,PUS1--SCARB1,ENSG00000073060,ENSG00000177192,Q8WTV0,Q9Y606,chr12,chr12,124800124,131939173,-,+,DANSY_153670,,IPR020097,IPR020097,ACH-002401,SCARB1,PUS1,Pre-existing,SCARB1--PUS1
2557,CNBD1--ZNF140,ENSG00000196387,ENSG00000176571,P52738,Q8NA66,chr12,chr8,133083561,87351685,+,+,DANSY_153706,IPR001909,,IPR001909,ACH-002401,ZNF140,CNBD1,Pre-existing,ZNF140--CNBD1
2558,ECM2--TEX10,ENSG00000136891,ENSG00000106823,Q9NXF1,O94769,chr9,chr9,100340257,92501053,-,-,DANSY_153849,IPR024679,,IPR024679,ACH-002041,TEX10,ECM2,Pre-existing,TEX10--ECM2
2559,CPT1A--FXN,ENSG00000165060,ENSG00000110090,Q16595,P50416,chr9,chr11,69053260,68794911,+,-,DANSY_153853,,,,ACH-002041,FXN,CPT1A,No Annotation,FXN--CPT1A
2560,AUH--NADSYN1,ENSG00000148090,ENSG00000172890,Q13825,Q6IA69,chr9,chr11,91296021,71455110,-,+,DANSY_153857,,IPR022310,IPR022310,ACH-002041,AUH,NADSYN1,Pre-existing,AUH--NADSYN1
2561,PGR--UBE2J2,ENSG00000160087,ENSG00000082175,Q8N2K1,P06401,chr1,chr11,1263346,101091876,-,-,DANSY_153863,,IPR000536,IPR000536,ACH-002041,UBE2J2,PGR,Pre-existing,UBE2J2--PGR
2562,BBS9--TCIRG1,ENSG00000110719,ENSG00000122507,Q13488,Q3SYG4,chr11,chr7,68045102,33177478,+,+,DANSY_153874,,IPR028074|IPR055362|IPR055363|IPR055364,IPR028074|IPR055362|IPR055363|IPR055364,ACH-002041,TCIRG1,BBS9,Pre-existing,TCIRG1--BBS9
2563,PTRH1--ZFP91-CNTF,ENSG00000255073,ENSG00000187024,,Q86Y79,chr11,chr9,58584884,127695141,+,-,DANSY_153882,,,,ACH-002041,ZFP91-CNTF,PTRH1,,ZFP91-CNTF--PTRH1
2564,PTRH1--ZFP91,ENSG00000186660,ENSG00000187024,Q96JP5,Q86Y79,chr11,chr9,58584884,127695141,+,-,DANSY_153884,,,,ACH-002041,ZFP91,PTRH1,No Annotation,ZFP91--PTRH1
2565,PTPN3--TPCN2,ENSG00000162341,ENSG00000070159,Q8NHX9,P26045,chr11,chr9,69049106,109463451,+,-,DANSY_153886,,IPR000299|IPR001478|IPR000242,IPR000299|IPR001478|IPR000242,ACH-002041,TPCN2,PTPN3,Pre-existing,TPCN2--PTPN3
2566,CTR9--SNTG1,ENSG00000198730,ENSG00000147481,Q6PD62,Q9NSN8,chr11,chr8,10773273,50656909,+,+,DANSY_153905,IPR056836,IPR001849|IPR055108,IPR056836|IPR001849|IPR055108,ACH-002041,CTR9,SNTG1,Novel,CTR9--SNTG1
2567,PRKCA--PTPRK,ENSG00000152894,ENSG00000154229,Q15262,P17252,chr6,chr17,128397566,66496201,-,+,DANSY_153909,,IPR002219|IPR000008|IPR000719|IPR000961,IPR002219|IPR000008|IPR000719|IPR000961,ACH-002041,PTPRK,PRKCA,Pre-existing,PTPRK--PRKCA
2568,DNAJC11--NOL9,ENSG00000162408,ENSG00000007923,Q5SY16,Q9NVH1,chr1,chr1,6549571,6667810,-,-,DANSY_154122,IPR057573,IPR055225|IPR024586,IPR057573|IPR055225|IPR024586,ACH-000682,NOL9,DNAJC11,Novel,NOL9--DNAJC11
2569,CD37--FRS2,ENSG00000166225,ENSG00000104894,Q8WU20,P11049,chr12,chr19,69571434,49328828,+,+,DANSY_154282,IPR002404,,IPR002404,ACH-000212,FRS2,CD37,Pre-existing,FRS2--CD37
2570,CDH1--PAGR1,ENSG00000280789,ENSG00000039068,Q9BTK6,P12830,chr16,chr16,29817292,68801670,+,+,DANSY_154283,,IPR002126|IPR002126|IPR002126|IPR002126|IPR002126|IPR000233,IPR002126|IPR002126|IPR002126|IPR002126|IPR002126|IPR000233,ACH-000212,PAGR1,CDH1,Pre-existing,PAGR1--CDH1
2571,NUP133--TBC1D31,ENSG00000156787,ENSG00000069248,Q96DN5,Q8WUM0,chr8,chr1,123093742,229477760,+,-,DANSY_154288,,IPR007187,IPR007187,ACH-000212,TBC1D31,NUP133,Pre-existing,TBC1D31--NUP133
2572,MRPL4--QPCTL,ENSG00000011478,ENSG00000105364,Q9NXS2,Q9BYD3,chr19,chr19,45693556,10252397,+,+,DANSY_154295,,,,ACH-000212,QPCTL,MRPL4,No Annotation,QPCTL--MRPL4
2573,DNAH7--SNED1,ENSG00000162804,ENSG00000118997,Q8TER0,Q8WXX0,chr2,chr2,240999050,195756285,+,-,DANSY_154301,,,,ACH-000212,SNED1,DNAH7,No Annotation,SNED1--DNAH7
2574,LRIG3--MDM2,ENSG00000139263,ENSG00000135679,Q6UXM1,Q00987,chr12,chr12,58920000,68809208,-,+,DANSY_154303,,IPR003121|IPR001876|IPR001841,IPR003121|IPR001876|IPR001841,ACH-000212,LRIG3,MDM2,Pre-existing,LRIG3--MDM2
2575,ARL15--SLC49A3,ENSG00000169026,ENSG00000185305,Q6UXD7,Q9NXU5,chr4,chr5,686532,53886713,-,-,DANSY_154311,,,,ACH-000212,SLC49A3,ARL15,No Annotation,SLC49A3--ARL15
2576,CRYBB1--ZNRF3,ENSG00000183579,ENSG00000100122,Q9ULT6,P53674,chr22,chr22,28884066,26602021,+,-,DANSY_154319,,IPR001064,IPR001064,ACH-000212,ZNRF3,CRYBB1,Pre-existing,ZNRF3--CRYBB1
2577,NUP98--STON2,ENSG00000140022,ENSG00000110713,Q8WXE9,P52948,chr14,chr11,81323530,3782145,-,-,DANSY_154974,,IPR007230|IPR021967,IPR007230|IPR021967,ACH-000694,STON2,NUP98,Pre-existing,STON2--NUP98
2578,NOP53--SHANK2,ENSG00000105373,ENSG00000162105,Q9NZM5,Q9UPX8,chr19,chr11,47756744,70473439,+,-,DANSY_154990,,IPR001660,IPR001660,ACH-000694,NOP53,SHANK2,Pre-existing,NOP53--SHANK2
2579,SMTNL1--TMX2,ENSG00000213593,ENSG00000214872,Q9Y320,A8MU46,chr11,chr11,57737668,57542641,+,+,DANSY_155005,,IPR001715,IPR001715,ACH-000694,TMX2,SMTNL1,Pre-existing,TMX2--SMTNL1
2580,LSM14B--SS18L1,ENSG00000184402,ENSG00000149657,O75177,Q9BX40,chr20,chr20,62164246,62131356,+,+,DANSY_155013,IPR007726,,IPR007726,ACH-000694,SS18L1,LSM14B,Pre-existing,SS18L1--LSM14B
2581,MSH5--NUDT3,ENSG00000204410,ENSG00000272325,O43196,O95989,chr6,chr6,31759177,34341972,+,-,DANSY_155172,,,,ACH-001999,MSH5,NUDT3,No Annotation,MSH5--NUDT3
2582,MSH5-SAPCD1--NUDT3,ENSG00000255152,ENSG00000272325,,O95989,chr6,chr6,31759177,34341972,+,-,DANSY_155174,,,,ACH-001999,MSH5-SAPCD1,NUDT3,,MSH5-SAPCD1--NUDT3
2583,MSH5--RPS10-NUDT3,ENSG00000204410,ENSG00000270800,O43196,,chr6,chr6,31759177,34341972,+,-,DANSY_155176,,,,ACH-001999,MSH5,RPS10-NUDT3,,MSH5--RPS10-NUDT3
2584,MSH5-SAPCD1--RPS10-NUDT3,ENSG00000255152,ENSG00000270800,,,chr6,chr6,31759177,34341972,+,-,DANSY_155178,,,,ACH-001999,MSH5-SAPCD1,RPS10-NUDT3,,MSH5-SAPCD1--RPS10-NUDT3
2585,GNA11--YJU2,ENSG00000088256,ENSG00000105248,P29992,Q9BW85,chr19,chr19,3094787,4268584,+,+,DANSY_155344,,,,ACH-000776,GNA11,YJU2,No Annotation,GNA11--YJU2
2586,MTF2--RPAP2,ENSG00000122484,ENSG00000143033,Q8IXW5,Q9Y483,chr1,chr1,92336427,93110230,+,+,DANSY_155360,IPR007308,IPR002999|IPR001965|IPR001965|IPR025894,IPR007308|IPR002999|IPR001965|IPR001965|IPR025894,ACH-000776,RPAP2,MTF2,Novel,RPAP2--MTF2
2587,CCDC171--CLPX,ENSG00000166855,ENSG00000164989,O76031,Q6TFL3,chr15,chr9,65185075,15777600,-,+,DANSY_155367,,,,ACH-000776,CLPX,CCDC171,No Annotation,CLPX--CCDC171
2588,CARS1--DCHS1,ENSG00000110619,ENSG00000166341,P49589,Q96JQ0,chr11,chr11,3038050,6634306,-,-,DANSY_155474,,IPR002126|IPR002126|IPR002126|IPR002126|IPR002126|IPR002126|IPR002126|IPR002126|IPR002126|IPR002126|IPR002126|IPR002126|IPR002126|IPR002126|IPR002126|IPR002126|IPR002126|IPR002126|IPR002126|IPR002126,IPR002126|IPR002126|IPR002126|IPR002126|IPR002126|IPR002126|IPR002126|IPR002126|IPR002126|IPR002126|IPR002126|IPR002126|IPR002126|IPR002126|IPR002126|IPR002126|IPR002126|IPR002126|IPR002126|IPR002126,ACH-000521,CARS1,DCHS1,Pre-existing,CARS1--DCHS1
2589,PSKH1--ZC3H14,ENSG00000159792,ENSG00000100722,P11801,Q6PJT7,chr16,chr14,67909706,88563651,+,+,DANSY_155478,,IPR000571|IPR000571|IPR000571,IPR000571|IPR000571|IPR000571,ACH-000521,PSKH1,ZC3H14,Pre-existing,PSKH1--ZC3H14
2590,VSIG10--WSB2,ENSG00000176834,ENSG00000176871,Q8N0Z9,Q9NYS7,chr12,chr12,118073699,118052478,-,-,DANSY_155594,IPR003598|IPR003598|IPR007110|IPR003598,IPR001496,IPR003598|IPR003598|IPR007110|IPR003598|IPR001496,ACH-000025,VSIG10,WSB2,Novel,VSIG10--WSB2
2591,ALAS2--APEX2,ENSG00000169188,ENSG00000158578,Q9UBZ4,P22557,chrX,chrX,55003868,55026015,+,-,DANSY_155597,,IPR015118|IPR004839,IPR015118|IPR004839,ACH-000025,APEX2,ALAS2,Pre-existing,APEX2--ALAS2
2592,CCDC57--FASN,ENSG00000169710,ENSG00000176155,P49327,Q2TAC2,chr17,chr17,82096319,82101866,-,-,DANSY_155599,,,,ACH-000025,FASN,CCDC57,No Annotation,FASN--CCDC57
2593,ELP2--GALNT1,ENSG00000134759,ENSG00000141429,Q6IA86,Q10472,chr18,chr18,36170196,35689173,+,+,DANSY_155604,,IPR000772,IPR000772,ACH-000025,ELP2,GALNT1,Pre-existing,ELP2--GALNT1
2594,CNIH3--MIA3,ENSG00000143786,ENSG00000154305,Q8TBE1,Q5JRA6,chr1,chr1,224734706,222658722,+,+,DANSY_155606,,,,ACH-000025,CNIH3,MIA3,No Annotation,CNIH3--MIA3
2595,ADORA2B--PIGL,ENSG00000170425,ENSG00000108474,P29275,Q9Y2B2,chr17,chr17,15945583,16299888,+,+,DANSY_155748,,,,ACH-000591,ADORA2B,PIGL,No Annotation,ADORA2B--PIGL
2596,ATAD1--RNLS,ENSG00000184719,ENSG00000138138,Q5VYX0,Q8NBU5,chr10,chr10,88314466,87792755,-,-,DANSY_155754,,IPR003593|IPR041569,IPR003593|IPR041569,ACH-000591,RNLS,ATAD1,Pre-existing,RNLS--ATAD1
2597,AVIL--MARS1,ENSG00000166986,ENSG00000135407,P56192,O75366,chr12,chr12,57500522,57814226,+,-,DANSY_155934,IPR041598|IPR004046,IPR007123|IPR007123|IPR007123|IPR007123|IPR007123|IPR007123|IPR003128,IPR041598|IPR004046|IPR007123|IPR007123|IPR007123|IPR007123|IPR007123|IPR007123|IPR003128,ACH-000833,MARS1,AVIL,Novel,MARS1--AVIL
2598,HSD17B3--INVS,ENSG00000119509,ENSG00000130948,Q9Y283,P37058,chr9,chr9,100104627,96252910,+,-,DANSY_155948,,,,ACH-000833,INVS,HSD17B3,No Annotation,INVS--HSD17B3
2599,HSD17B3--INVS,ENSG00000119509,ENSG00000130948,Q9Y283,P37058,chr9,chr9,100104627,96251485,+,-,DANSY_155950,,,,ACH-000833,INVS,HSD17B3,No Annotation,INVS--HSD17B3
2600,FOXO1--PAX3,ENSG00000135903,ENSG00000150907,P23760,Q12778,chr2,chr13,222220140,40560860,-,-,DANSY_155960,IPR001523|IPR001356|IPR022106,IPR032068|IPR032067,IPR001523|IPR001356|IPR022106|IPR032068|IPR032067,ACH-000833,PAX3,FOXO1,Novel,PAX3--FOXO1
2601,PTRH2--USP32,ENSG00000170832,ENSG00000141378,Q8NFA0,Q9Y3E5,chr17,chr17,60345481,59697978,-,-,DANSY_155972,,,,ACH-000833,USP32,PTRH2,No Annotation,USP32--PTRH2
2602,C8orf76--XRCC2,ENSG00000196584,ENSG00000189376,O43543,Q96K31,chr7,chr8,152676041,123237941,-,-,DANSY_155976,,,,ACH-000833,XRCC2,C8orf76,No Annotation,XRCC2--C8orf76
2603,XRCC2--ZHX1-C8orf76,ENSG00000196584,ENSG00000259305,O43543,Q96EF9,chr7,chr8,152676041,123237941,-,-,DANSY_155979,,,,ACH-000833,XRCC2,ZHX1-C8orf76,No Annotation,XRCC2--ZHX1-C8orf76
2604,AFF4--HSPA4,ENSG00000072364,ENSG00000170606,Q9UHB7,P34932,chr5,chr5,132892164,133076654,-,+,DANSY_156128,,,,ACH-001628,AFF4,HSPA4,No Annotation,AFF4--HSPA4
2605,PTK2--TRAPPC9,ENSG00000169398,ENSG00000167632,Q05397,Q96Q05,chr8,chr8,140764234,140360193,-,-,DANSY_156131,IPR000299,IPR058565|IPR058567|IPR058568,IPR000299|IPR058565|IPR058567|IPR058568,ACH-001628,PTK2,TRAPPC9,Novel,PTK2--TRAPPC9
2606,AP2A1--PRMT1,ENSG00000196961,ENSG00000126457,O95782,Q99873,chr19,chr19,49767200,49683927,+,+,DANSY_156135,,IPR055135,IPR055135,ACH-001628,AP2A1,PRMT1,Pre-existing,AP2A1--PRMT1
2607,NFX1--SPINK4,ENSG00000086102,ENSG00000122711,Q12986,O60575,chr9,chr9,33301421,33245112,+,+,DANSY_156137,,IPR002350,IPR002350,ACH-001628,NFX1,SPINK4,Pre-existing,NFX1--SPINK4
2608,GPHN--RAD51B,ENSG00000182185,ENSG00000171723,O15315,Q9NQX3,chr14,chr14,68411527,67122256,+,+,DANSY_156145,IPR058766|IPR003593,IPR005111,IPR058766|IPR003593|IPR005111,ACH-001628,RAD51B,GPHN,Novel,RAD51B--GPHN
2609,HIPK2--LUC7L2,ENSG00000146963,ENSG00000064393,Q9Y383,Q9H2X6,chr7,chr7,139417729,139584064,+,-,DANSY_156149,,,,ACH-001628,LUC7L2,HIPK2,No Annotation,LUC7L2--HIPK2
2610,FMC1-LUC7L2--HIPK2,ENSG00000269955,ENSG00000064393,,Q9H2X6,chr7,chr7,139417729,139584064,+,-,DANSY_156150,,,,ACH-001628,FMC1-LUC7L2,HIPK2,,FMC1-LUC7L2--HIPK2
2611,CCDC81--TMEM135,ENSG00000166575,ENSG00000149201,Q86UB9,Q6ZN84,chr11,chr11,87236684,86414789,+,+,DANSY_156297,IPR031926,,IPR031926,ACH-000274,TMEM135,CCDC81,Pre-existing,TMEM135--CCDC81
2612,KLHL7--TPCN2,ENSG00000122550,ENSG00000162341,Q8IXQ5,Q8NHX9,chr7,chr11,23106146,69062884,+,+,DANSY_156322,,IPR005821,IPR005821,ACH-000274,KLHL7,TPCN2,Pre-existing,KLHL7--TPCN2
2613,CHRDL2--PIGG,ENSG00000174227,ENSG00000054938,Q5H8A4,Q6WN34,chr4,chr11,507593,74713479,+,-,DANSY_156341,,IPR001007|IPR001007|IPR045716,IPR001007|IPR001007|IPR045716,ACH-000274,PIGG,CHRDL2,Pre-existing,PIGG--CHRDL2
2614,CHRDL2--PIGG,ENSG00000174227,ENSG00000054938,Q5H8A4,Q6WN34,chr4,chr11,508970,74710991,+,-,DANSY_156343,,IPR001007|IPR001007|IPR045716,IPR001007|IPR001007|IPR045716,ACH-000274,PIGG,CHRDL2,Pre-existing,PIGG--CHRDL2
2615,CHRDL2--PIGG,ENSG00000174227,ENSG00000054938,Q5H8A4,Q6WN34,chr4,chr11,500601,74713479,+,-,DANSY_156344,,IPR001007|IPR001007|IPR045716,IPR001007|IPR001007|IPR045716,ACH-000274,PIGG,CHRDL2,Pre-existing,PIGG--CHRDL2
2616,FGF19--KLHL7,ENSG00000162344,ENSG00000122550,O95750,Q8IXQ5,chr11,chr7,69703261,23123777,-,+,DANSY_156352,,IPR011705,IPR011705,ACH-000274,FGF19,KLHL7,Pre-existing,FGF19--KLHL7
2617,RNF169--SLCO2B1,ENSG00000166439,ENSG00000137491,Q8NCN4,O94956,chr11,chr11,74749382,75162655,+,+,DANSY_156379,IPR001841,IPR002350,IPR001841|IPR002350,ACH-000274,RNF169,SLCO2B1,Novel,RNF169--SLCO2B1
2618,GVQW3--TPCN2,ENSG00000179240,ENSG00000162341,Q3ZCU0,Q8NHX9,chr11,chr11,76382293,69057578,+,+,DANSY_156385,IPR041426,IPR005821,IPR041426|IPR005821,ACH-000274,GVQW3,TPCN2,Novel,GVQW3--TPCN2
2619,NIPA1--RAD51,ENSG00000170113,ENSG00000051180,Q7RTP0,Q06609,chr15,chr15,22786834,40698757,+,+,DANSY_156392,,IPR003593|IPR020587,IPR003593|IPR020587,ACH-000274,NIPA1,RAD51,Pre-existing,NIPA1--RAD51
2620,PHF14--SNX13,ENSG00000071189,ENSG00000106443,Q9Y5W8,O94880,chr7,chr7,17794251,11013747,-,+,DANSY_156394,IPR003114|IPR016137|IPR001683|IPR013937,IPR001965|IPR001965|IPR001965,IPR003114|IPR016137|IPR001683|IPR013937|IPR001965|IPR001965|IPR001965,ACH-000274,SNX13,PHF14,Novel,SNX13--PHF14
2621,DIPK1A--EVI5,ENSG00000154511,ENSG00000067208,Q5T7M9,O60447,chr1,chr1,92850848,92513970,-,-,DANSY_156401,,,,ACH-000274,DIPK1A,EVI5,No Annotation,DIPK1A--EVI5
2622,CCM2--GDPD5,ENSG00000158555,ENSG00000136280,Q8WTR4,Q9BSQ5,chr11,chr7,75436936,45068443,-,+,DANSY_156413,IPR030395,IPR032375,IPR030395|IPR032375,ACH-000274,GDPD5,CCM2,Novel,GDPD5--CCM2
2623,BSPRY--MARK3,ENSG00000075413,ENSG00000119411,P27448,Q5W0U4,chr14,chr9,103428440,113354240,+,+,DANSY_156580,,IPR001870,IPR001870,ACH-001370,MARK3,BSPRY,Pre-existing,MARK3--BSPRY
2624,DNAH6--TCF7L1,ENSG00000152284,ENSG00000115423,Q9HCS4,Q9C0G6,chr2,chr2,85134450,84805665,+,+,DANSY_156586,,IPR041228,IPR041228,ACH-001370,TCF7L1,DNAH6,Pre-existing,TCF7L1--DNAH6
2625,DSG1--MIB1,ENSG00000101752,ENSG00000134760,Q86YT6,Q02413,chr18,chr18,21779685,31338315,+,+,DANSY_156697,IPR010606|IPR000433|IPR010606,IPR000233,IPR010606|IPR000433|IPR010606|IPR000233,ACH-000029,MIB1,DSG1,Novel,MIB1--DSG1
2626,RFX1--ZSWIM4,ENSG00000132003,ENSG00000132005,Q9H7M6,P22670,chr19,chr19,13813164,13983595,+,-,DANSY_156701,IPR007527,IPR007668|IPR003150|IPR057321,IPR007527|IPR007668|IPR003150|IPR057321,ACH-000029,ZSWIM4,RFX1,Novel,ZSWIM4--RFX1
2627,ABCA4--FCHO1,ENSG00000130475,ENSG00000198691,O14526,P78363,chr19,chr1,17766810,94040127,+,-,DANSY_156705,IPR001060,IPR013525|IPR003439|IPR056264,IPR001060|IPR013525|IPR003439|IPR056264,ACH-000029,FCHO1,ABCA4,Novel,FCHO1--ABCA4
2628,LMOD2--TRRAP,ENSG00000196367,ENSG00000170807,Q9Y4A5,Q6P5Q4,chr7,chr7,98956533,123661860,+,+,DANSY_156714,,IPR003124,IPR003124,ACH-000029,TRRAP,LMOD2,Pre-existing,TRRAP--LMOD2
2629,ANO8--ICAM5,ENSG00000105376,ENSG00000074855,Q9UMF0,Q9HCE9,chr19,chr19,10292866,17333800,+,-,DANSY_156717,IPR003987|IPR003987|IPR003599|IPR048679|IPR003599,IPR049452|IPR049452,IPR003987|IPR003987|IPR003599|IPR048679|IPR003599|IPR049452|IPR049452,ACH-000029,ICAM5,ANO8,Novel,ICAM5--ANO8
2630,NOTCH2--SRGAP2C,ENSG00000134250,ENSG00000171943,Q04721,P0DJJ0,chr1,chr1,120069334,121284803,-,+,DANSY_156993,,IPR001060,IPR001060,ACH-000588,NOTCH2,SRGAP2C,Pre-existing,NOTCH2--SRGAP2C
2631,NOTCH2--SRGAP2C,ENSG00000171943,ENSG00000134250,P0DJJ0,Q04721,chr1,chr1,121187513,120029987,+,-,DANSY_156994,,IPR000742|IPR000742|IPR000742|IPR000742|IPR000742|IPR000742|IPR000742|IPR000742|IPR000742|IPR000742|IPR000742|IPR000742|IPR000742|IPR000742|IPR000742|IPR000742|IPR000742|IPR000742|IPR000742|IPR000742|IPR000742|IPR000742|IPR000742|IPR000742|IPR000742|IPR000742|IPR000742|IPR000742|IPR000742|IPR000742|IPR000742|IPR000742|IPR000742|IPR000742|IPR000742|IPR000742|IPR000800|IPR010660|IPR011656|IPR024600,IPR000742|IPR000742|IPR000742|IPR000742|IPR000742|IPR000742|IPR000742|IPR000742|IPR000742|IPR000742|IPR000742|IPR000742|IPR000742|IPR000742|IPR000742|IPR000742|IPR000742|IPR000742|IPR000742|IPR000742|IPR000742|IPR000742|IPR000742|IPR000742|IPR000742|IPR000742|IPR000742|IPR000742|IPR000742|IPR000742|IPR000742|IPR000742|IPR000742|IPR000742|IPR000742|IPR000742|IPR000800|IPR010660|IPR011656|IPR024600,ACH-000588,SRGAP2C,NOTCH2,Pre-existing,SRGAP2C--NOTCH2
2632,NECAB2--TOM1L2,ENSG00000175662,ENSG00000103154,Q6ZVM7,Q7Z6G3,chr17,chr16,17879627,83978444,-,+,DANSY_156999,IPR002014,IPR007138,IPR002014|IPR007138,ACH-000588,TOM1L2,NECAB2,Novel,TOM1L2--NECAB2
2633,NECAB2--TOM1L2,ENSG00000175662,ENSG00000103154,Q6ZVM7,Q7Z6G3,chr17,chr16,17879627,83972151,-,+,DANSY_157000,IPR002014,IPR007138,IPR002014|IPR007138,ACH-000588,TOM1L2,NECAB2,Novel,TOM1L2--NECAB2
2634,DPYSL3--JAKMIP2,ENSG00000176049,ENSG00000113657,Q96AA8,Q14195,chr5,chr5,147660948,147424963,-,-,DANSY_157010,,,,ACH-000588,JAKMIP2,DPYSL3,No Annotation,JAKMIP2--DPYSL3
2635,CLSTN2--PRKCA,ENSG00000158258,ENSG00000154229,Q9H4D0,P17252,chr3,chr17,140176073,66496201,+,+,DANSY_157027,,IPR002219|IPR000008|IPR000719|IPR000961,IPR002219|IPR000008|IPR000719|IPR000961,ACH-000588,CLSTN2,PRKCA,Pre-existing,CLSTN2--PRKCA
2636,ARID1A--MAST2,ENSG00000117713,ENSG00000086015,O14497,Q6P0Q8,chr1,chr1,26697540,45824433,+,+,DANSY_157117,,IPR015022|IPR000719|IPR000961|IPR001478,IPR015022|IPR000719|IPR000961|IPR001478,ACH-000849,ARID1A,MAST2,Pre-existing,ARID1A--MAST2
2637,MAP2K4--TVP23C-CDRT4,ENSG00000065559,ENSG00000259024,P45985,,chr17,chr17,12081530,15440285,+,-,DANSY_157219,,,,ACH-002690,MAP2K4,TVP23C-CDRT4,,MAP2K4--TVP23C-CDRT4
2638,CRYBG1--VIP,ENSG00000146469,ENSG00000112297,P01282,Q9Y4K1,chr6,chr6,152754288,106451694,+,+,DANSY_157239,,IPR001064|IPR001064|IPR001064|IPR001064|IPR001064|IPR001064|IPR000772,IPR001064|IPR001064|IPR001064|IPR001064|IPR001064|IPR001064|IPR000772,ACH-002690,VIP,CRYBG1,Pre-existing,VIP--CRYBG1
2639,DOK5--SHMT1,ENSG00000176974,ENSG00000101134,P34896,Q9P104,chr17,chr20,18347496,54554933,-,+,DANSY_157250,,IPR002404,IPR002404,ACH-002690,SHMT1,DOK5,Pre-existing,SHMT1--DOK5
2640,HNRNPC--OR5AU1,ENSG00000092199,ENSG00000169327,P07910,Q8NGC0,chr14,chr14,21233953,21155886,-,-,DANSY_157345,,IPR017452,IPR017452,ACH-001674,HNRNPC,OR5AU1,Pre-existing,HNRNPC--OR5AU1
2641,ALG8--GAB2,ENSG00000033327,ENSG00000159063,Q9UQC2,Q9BVK2,chr11,chr11,78223412,78109581,-,-,DANSY_157355,IPR001849,,IPR001849,ACH-001674,GAB2,ALG8,Pre-existing,GAB2--ALG8
2642,BLMH--DYNC1LI2,ENSG00000135720,ENSG00000108578,O43237,Q13867,chr16,chr17,66749197,30249168,-,-,DANSY_157487,,,,ACH-000219,DYNC1LI2,BLMH,No Annotation,DYNC1LI2--BLMH
2643,APPBP2--USP32,ENSG00000170832,ENSG00000062725,Q8NFA0,Q92624,chr17,chr17,60252381,60466459,-,-,DANSY_157902,IPR057368|IPR002048,,IPR057368|IPR002048,ACH-001053,USP32,APPBP2,Pre-existing,USP32--APPBP2
2644,DISC1--MAP3K21,ENSG00000143674,ENSG00000162946,Q5TCX8,Q9NRI5,chr1,chr1,233362293,231958828,+,+,DANSY_158059,IPR001452|IPR000719,,IPR001452|IPR000719,ACH-001274,MAP3K21,DISC1,Pre-existing,MAP3K21--DISC1
2645,NUCB1--RUVBL2,ENSG00000104805,ENSG00000183207,Q02818,Q9Y230,chr19,chr19,48913564,49003279,+,+,DANSY_158221,IPR057576,IPR003593|IPR041048,IPR057576|IPR003593|IPR041048,ACH-002014,NUCB1,RUVBL2,Novel,NUCB1--RUVBL2
2646,ALK--EML4,ENSG00000143924,ENSG00000171094,Q9HC35,Q9UM73,chr2,chr2,42295516,29223528,+,-,DANSY_158293,,IPR000719,IPR000719,ACH-002531,EML4,ALK,Pre-existing,EML4--ALK
2647,METRNL--NIBAN2,ENSG00000136830,ENSG00000176845,Q96TA1,Q641Q3,chr9,chr17,127523679,83093167,-,+,DANSY_158336,IPR001849,,IPR001849,ACH-000911,NIBAN2,METRNL,Pre-existing,NIBAN2--METRNL
2648,CLGN--MAML3,ENSG00000196782,ENSG00000153132,Q96JK9,O14967,chr4,chr4,140152860,140413087,-,-,DANSY_158338,IPR019082,,IPR019082,ACH-000911,MAML3,CLGN,Pre-existing,MAML3--CLGN
2649,CCDC192--SLC12A2,ENSG00000064651,ENSG00000230561,P55011,P0DO97,chr5,chr5,128084710,127754268,+,+,DANSY_158341,IPR013612,,IPR013612,ACH-000911,SLC12A2,CCDC192,Pre-existing,SLC12A2--CCDC192
2650,DAP3--SLC25A44,ENSG00000160785,ENSG00000132676,Q96H78,P51398,chr1,chr1,156194247,155717006,+,+,DANSY_158446,,,,ACH-000013,SLC25A44,DAP3,No Annotation,SLC25A44--DAP3
2651,ARID3A--CNN2,ENSG00000064666,ENSG00000116017,Q99439,Q99856,chr19,chr19,1032696,960092,+,+,DANSY_158455,IPR001715,IPR001606|IPR023334,IPR001715|IPR001606|IPR023334,ACH-000013,CNN2,ARID3A,Novel,CNN2--ARID3A
2652,FAM168A--FCHSD2,ENSG00000137478,ENSG00000054965,O94868,Q92567,chr11,chr11,72887470,73468492,-,-,DANSY_158457,IPR001060|IPR034934,,IPR001060|IPR034934,ACH-000013,FCHSD2,FAM168A,Pre-existing,FCHSD2--FAM168A
2653,FAM168A--FCHSD2,ENSG00000137478,ENSG00000054965,O94868,Q92567,chr11,chr11,72889829,73468492,-,-,DANSY_158459,IPR001060|IPR034934,,IPR001060|IPR034934,ACH-000013,FCHSD2,FAM168A,Pre-existing,FCHSD2--FAM168A
2654,FCHSD2--STARD10,ENSG00000214530,ENSG00000137478,Q9Y365,O94868,chr11,chr11,72780975,72902638,-,-,DANSY_158463,,IPR001452|IPR001452,IPR001452|IPR001452,ACH-000013,STARD10,FCHSD2,Pre-existing,STARD10--FCHSD2
2655,FCHSD2--STARD10,ENSG00000214530,ENSG00000137478,Q9Y365,O94868,chr11,chr11,72781062,72902638,-,-,DANSY_158464,,IPR001452|IPR001452,IPR001452|IPR001452,ACH-000013,STARD10,FCHSD2,Pre-existing,STARD10--FCHSD2
2656,FCHSD2--STARD10,ENSG00000214530,ENSG00000137478,Q9Y365,O94868,chr11,chr11,72780975,72889945,-,-,DANSY_158465,,IPR001452|IPR001452,IPR001452|IPR001452,ACH-000013,STARD10,FCHSD2,Pre-existing,STARD10--FCHSD2
2657,HDAC7--VDR,ENSG00000061273,ENSG00000111424,Q8WUI4,P11473,chr12,chr12,47798108,47865177,-,-,DANSY_158488,,IPR000536,IPR000536,ACH-000013,HDAC7,VDR,Pre-existing,HDAC7--VDR
2658,CACHD1--ROR1,ENSG00000158966,ENSG00000185483,Q5VU97,Q01973,chr1,chr1,64679756,64050686,+,+,DANSY_158529,IPR002035,IPR020067|IPR000001|IPR000719,IPR002035|IPR020067|IPR000001|IPR000719,ACH-000013,CACHD1,ROR1,Novel,CACHD1--ROR1
2659,NF1--RAB11FIP4,ENSG00000131242,ENSG00000196712,Q86YS3,P21359,chr17,chr17,31488272,31155983,+,+,DANSY_158562,IPR002048,IPR001936|IPR001251|IPR054071,IPR002048|IPR001936|IPR001251|IPR054071,ACH-000013,RAB11FIP4,NF1,Novel,RAB11FIP4--NF1
2660,UBALD1--UBN1,ENSG00000118900,ENSG00000153443,Q9NPG3,Q8TB05,chr16,chr16,4861102,4610555,+,-,DANSY_158575,IPR014840,,IPR014840,ACH-000013,UBN1,UBALD1,Pre-existing,UBN1--UBALD1
2661,FAR2--MKX,ENSG00000064763,ENSG00000150051,Q96K12,Q8IYA7,chr12,chr10,29311950,27675554,+,-,DANSY_158587,IPR013120,,IPR013120,ACH-000013,FAR2,MKX,Pre-existing,FAR2--MKX
2662,EFNA2--OR7G2,ENSG00000099617,ENSG00000170923,O43921,Q8NG99,chr19,chr19,1286308,9103259,+,-,DANSY_158592,,IPR017452,IPR017452,ACH-000013,EFNA2,OR7G2,Pre-existing,EFNA2--OR7G2
2663,SELL--UCK2,ENSG00000143179,ENSG00000188404,Q9BZX2,P14151,chr1,chr1,165827932,169710517,+,-,DANSY_158914,,IPR001304|IPR000742|IPR000436|IPR000436,IPR001304|IPR000742|IPR000436|IPR000436,ACH-000777,UCK2,SELL,Pre-existing,UCK2--SELL
2664,CRYZ--TYW3,ENSG00000162623,ENSG00000116791,Q6IPR3,Q08257,chr1,chr1,74736622,74707204,+,-,DANSY_158917,,,,ACH-000777,TYW3,CRYZ,No Annotation,TYW3--CRYZ
2665,CRYZ--TYW3,ENSG00000162623,ENSG00000116791,Q6IPR3,Q08257,chr1,chr1,74736622,74706994,+,-,DANSY_158918,,,,ACH-000777,TYW3,CRYZ,No Annotation,TYW3--CRYZ
2666,ERC1--WNK1,ENSG00000060237,ENSG00000082805,Q9H4A3,Q8IUD2,chr12,chr12,862270,1444562,+,+,DANSY_158941,IPR000719|IPR024678,IPR019018,IPR000719|IPR024678|IPR019018,ACH-000777,WNK1,ERC1,Novel,WNK1--ERC1
2667,ERC1--WNK1,ENSG00000060237,ENSG00000082805,Q9H4A3,Q8IUD2,chr12,chr12,871348,1444562,+,+,DANSY_158942,IPR000719|IPR024678,IPR019018,IPR000719|IPR024678|IPR019018,ACH-000777,WNK1,ERC1,Novel,WNK1--ERC1
2668,FAT2--USP10,ENSG00000086570,ENSG00000103194,Q9NYQ8,Q14694,chr5,chr16,151517620,84733435,-,+,DANSY_158950,IPR002126|IPR002126|IPR002126|IPR002126|IPR002126|IPR002126|IPR002126|IPR002126|IPR002126|IPR002126|IPR002126|IPR002126|IPR002126|IPR002126|IPR002126|IPR002126|IPR002126|IPR002126|IPR002126|IPR002126|IPR002126|IPR002126|IPR002126|IPR002126|IPR002126|IPR002126|IPR002126|IPR002126|IPR002126|IPR002126|IPR002126|IPR002126,IPR001394,IPR002126|IPR002126|IPR002126|IPR002126|IPR002126|IPR002126|IPR002126|IPR002126|IPR002126|IPR002126|IPR002126|IPR002126|IPR002126|IPR002126|IPR002126|IPR002126|IPR002126|IPR002126|IPR002126|IPR002126|IPR002126|IPR002126|IPR002126|IPR002126|IPR002126|IPR002126|IPR002126|IPR002126|IPR002126|IPR002126|IPR002126|IPR002126|IPR001394,ACH-000777,FAT2,USP10,Novel,FAT2--USP10
2669,MRPL33--SLC4A1AP,ENSG00000243147,ENSG00000163798,O75394,Q9BWU0,chr2,chr2,27782694,27682248,+,+,DANSY_158955,,,,ACH-000777,MRPL33,SLC4A1AP,No Annotation,MRPL33--SLC4A1AP
2670,CDC42BPA--FLVCR1,ENSG00000162769,ENSG00000143776,Q9Y5Y0,Q5VT25,chr1,chr1,212888594,227081017,+,-,DANSY_158958,,IPR014930|IPR002219|IPR001849|IPR001180|IPR000095,IPR014930|IPR002219|IPR001849|IPR001180|IPR000095,ACH-000777,FLVCR1,CDC42BPA,Pre-existing,FLVCR1--CDC42BPA
2671,FGFR3--TACC3,ENSG00000068078,ENSG00000013810,P22607,Q9Y6A5,chr4,chr4,1806934,1739702,+,+,DANSY_158982,IPR003598|IPR003598|IPR003598|IPR000719,,IPR003598|IPR003598|IPR003598|IPR000719,ACH-000777,FGFR3,TACC3,Pre-existing,FGFR3--TACC3
2672,EEF1B2--NRP2,ENSG00000114942,ENSG00000118257,P24534,O60462,chr2,chr2,206162104,205743203,+,+,DANSY_159145,IPR018940,IPR000421|IPR000998|IPR022579,IPR018940|IPR000421|IPR000998|IPR022579,ACH-001765,EEF1B2,NRP2,Novel,EEF1B2--NRP2
2673,FOXO1--PAX3,ENSG00000135903,ENSG00000150907,P23760,Q12778,chr2,chr13,222220140,40560860,-,-,DANSY_159148,IPR001523|IPR001356|IPR022106,IPR032068|IPR032067,IPR001523|IPR001356|IPR022106|IPR032068|IPR032067,ACH-001765,PAX3,FOXO1,Novel,PAX3--FOXO1
2674,FRY--RXFP2,ENSG00000073910,ENSG00000133105,Q5TBA9,Q8WXD0,chr13,chr13,32031865,31758258,+,+,DANSY_159180,,IPR017452,IPR017452,ACH-001765,FRY,RXFP2,Pre-existing,FRY--RXFP2
2675,FRY--RXFP2,ENSG00000073910,ENSG00000133105,Q5TBA9,Q8WXD0,chr13,chr13,31946181,31758258,+,+,DANSY_159181,,IPR017452,IPR017452,ACH-001765,FRY,RXFP2,Pre-existing,FRY--RXFP2
2676,GPC6--THSD1,ENSG00000136114,ENSG00000183098,Q9NS62,Q9Y625,chr13,chr13,52402543,93545263,-,+,DANSY_159204,,,,ACH-001765,THSD1,GPC6,No Annotation,THSD1--GPC6
2677,MELK--P4HA1,ENSG00000165304,ENSG00000122884,Q14680,P13674,chr9,chr10,36651877,73014289,+,-,DANSY_159320,IPR000719|IPR048637,,IPR000719|IPR048637,ACH-000312,MELK,P4HA1,Pre-existing,MELK--P4HA1
2678,MELK--P4HA1,ENSG00000122884,ENSG00000165304,P13674,Q14680,chr10,chr9,73016846,36657241,-,+,DANSY_159321,IPR013547|IPR059068,IPR001772,IPR013547|IPR059068|IPR001772,ACH-000312,P4HA1,MELK,Novel,P4HA1--MELK
2679,DHX16--FLOT1,ENSG00000204560,ENSG00000137312,O60231,O75955,chr6,chr6,30659472,30728145,-,-,DANSY_159410,IPR011545,,IPR011545,ACH-000085,DHX16,FLOT1,Pre-existing,DHX16--FLOT1
2680,GRIK5--GSK3A,ENSG00000105723,ENSG00000105737,P49840,Q16478,chr19,chr19,42234353,42065820,-,-,DANSY_159706,,IPR001828|IPR001320,IPR001828|IPR001320,ACH-000869,GSK3A,GRIK5,Pre-existing,GSK3A--GRIK5
2681,CHD2--CHD2,ENSG00000173575,ENSG00000173575,O14647,O14647,chr15,chr15,93012444,92972265,+,+,DANSY_159708,IPR000953|IPR000953|IPR000330|IPR001650|IPR040793|IPR056302|IPR025260,IPR001650|IPR040793|IPR056302|IPR025260,IPR000953|IPR000953|IPR000330|IPR001650|IPR040793|IPR056302|IPR025260|IPR001650|IPR040793|IPR056302|IPR025260,ACH-000869,CHD2,CHD2,Novel,CHD2--CHD2
2682,DPY19L4--ESRP1,ENSG00000104413,ENSG00000156162,Q6NXG1,Q7Z388,chr8,chr8,94662555,94756036,+,+,DANSY_159714,,,,ACH-000869,ESRP1,DPY19L4,No Annotation,ESRP1--DPY19L4
2683,GMPR2--IRF9,ENSG00000213928,ENSG00000100938,Q00978,Q9P2T1,chr14,chr14,24164955,24235737,+,+,DANSY_159725,IPR001346,,IPR001346,ACH-000869,IRF9,GMPR2,Pre-existing,IRF9--GMPR2
2684,ALS2--MPP4,ENSG00000003393,ENSG00000082126,Q96Q42,Q96JB8,chr2,chr2,201725356,201675271,-,-,DANSY_159740,IPR000219|IPR057248,IPR008144,IPR000219|IPR057248|IPR008144,ACH-000869,ALS2,MPP4,Novel,ALS2--MPP4
2685,ADK--LRMDA,ENSG00000148655,ENSG00000156110,Q9H2I8,P55263,chr10,chr10,75438494,74224538,+,+,DANSY_159747,,IPR011611,IPR011611,ACH-000869,LRMDA,ADK,Pre-existing,LRMDA--ADK
2686,ASAP1--CYRIB,ENSG00000153310,ENSG00000153317,Q9NUQ9,Q9ULH1,chr8,chr8,129871375,130137038,-,-,DANSY_160248,,IPR001164|IPR001452,IPR001164|IPR001452,ACH-000431,CYRIB,ASAP1,Pre-existing,CYRIB--ASAP1
2687,SCNN1B--UBFD1,ENSG00000103353,ENSG00000168447,O14562,P51168,chr16,chr16,23562730,23348592,+,+,DANSY_160252,IPR000626,,IPR000626,ACH-000431,UBFD1,SCNN1B,Pre-existing,UBFD1--SCNN1B
2688,AKT3--MYCL,ENSG00000117020,ENSG00000116990,Q9Y243,P12524,chr1,chr1,243545510,39901443,-,-,DANSY_160254,IPR001849|IPR000719,IPR012682|IPR012682|IPR012682|IPR011598,IPR001849|IPR000719|IPR012682|IPR012682|IPR012682|IPR011598,ACH-000431,AKT3,MYCL,Novel,AKT3--MYCL
2689,CHD8--PABPN1,ENSG00000100836,ENSG00000100888,Q86U42,Q9HCK8,chr14,chr14,23323066,21428254,+,-,DANSY_160261,,IPR000953|IPR000953|IPR000330|IPR001650|IPR056342|IPR006576|IPR006576,IPR000953|IPR000953|IPR000330|IPR001650|IPR056342|IPR006576|IPR006576,ACH-000431,PABPN1,CHD8,Pre-existing,PABPN1--CHD8
2690,BCL2L2-PABPN1--CHD8,ENSG00000258643,ENSG00000100888,Q92843,Q9HCK8,chr14,chr14,23323066,21428254,+,-,DANSY_160264,IPR003093|IPR046371,IPR000953|IPR000953|IPR000330|IPR001650|IPR056342|IPR006576|IPR006576,IPR003093|IPR046371|IPR000953|IPR000953|IPR000330|IPR001650|IPR056342|IPR006576|IPR006576,ACH-000431,BCL2L2-PABPN1,CHD8,Novel,BCL2L2-PABPN1--CHD8
2691,CCDC88A--PPP4R3B,ENSG00000115355,ENSG00000275052,Q3V6T2,Q5MIZ7,chr2,chr2,55308809,55615506,-,-,DANSY_160275,IPR001715,IPR006887,IPR001715|IPR006887,ACH-000431,CCDC88A,PPP4R3B,Novel,CCDC88A--PPP4R3B
2692,ATL1--CARS1,ENSG00000110619,ENSG00000198513,P49589,Q8WXF7,chr11,chr14,3017106,50613259,-,+,DANSY_160299,IPR032678,,IPR032678,ACH-000431,CARS1,ATL1,Pre-existing,CARS1--ATL1
2693,ANKRD13B--TAOK1,ENSG00000198720,ENSG00000160551,Q86YJ7,Q7L7X3,chr17,chr17,29608240,29478251,+,+,DANSY_160311,,,,ACH-000431,ANKRD13B,TAOK1,No Annotation,ANKRD13B--TAOK1
2694,ALK--EML4,ENSG00000143924,ENSG00000171094,Q9HC35,Q9UM73,chr2,chr2,42295516,29223528,+,-,DANSY_160516,,IPR000719,IPR000719,ACH-000337,EML4,ALK,Pre-existing,EML4--ALK
2695,GOLGB1--MOV10L1,ENSG00000173230,ENSG00000073146,Q14789,Q9BXT6,chr3,chr22,121690670,50158057,-,+,DANSY_160520,IPR003106|IPR003106|IPR003106|IPR003106,,IPR003106|IPR003106|IPR003106|IPR003106,ACH-000337,GOLGB1,MOV10L1,Pre-existing,GOLGB1--MOV10L1
2696,ADCY3--SOS1,ENSG00000115904,ENSG00000138031,Q07889,O60266,chr2,chr2,39051144,24872719,-,-,DANSY_160522,,IPR001054|IPR001054,IPR001054|IPR001054,ACH-000337,SOS1,ADCY3,Pre-existing,SOS1--ADCY3
2697,JARID2--ZNF423,ENSG00000008083,ENSG00000102935,Q92833,Q2M1K9,chr6,chr16,15374252,49789546,+,-,DANSY_160606,,IPR013087|IPR013087|IPR013087|IPR013087|IPR013087|IPR013087|IPR013087|IPR013087|IPR013087|IPR013087|IPR013087|IPR013087|IPR013087|IPR013087|IPR013087|IPR013087|IPR013087|IPR013087|IPR013087|IPR013087|IPR013087|IPR013087|IPR013087|IPR013087|IPR013087|IPR013087|IPR013087|IPR013087|IPR013087|IPR013087,IPR013087|IPR013087|IPR013087|IPR013087|IPR013087|IPR013087|IPR013087|IPR013087|IPR013087|IPR013087|IPR013087|IPR013087|IPR013087|IPR013087|IPR013087|IPR013087|IPR013087|IPR013087|IPR013087|IPR013087|IPR013087|IPR013087|IPR013087|IPR013087|IPR013087|IPR013087|IPR013087|IPR013087|IPR013087|IPR013087,ACH-000152,JARID2,ZNF423,Pre-existing,JARID2--ZNF423
2698,LYZ--MED13L,ENSG00000123066,ENSG00000090382,Q71F56,P61626,chr12,chr12,116237468,69350108,-,+,DANSY_160809,,IPR019799,IPR019799,ACH-000975,MED13L,LYZ,Pre-existing,MED13L--LYZ
2699,LYZ--MED13L,ENSG00000123066,ENSG00000090382,Q71F56,P61626,chr12,chr12,116237468,69352220,-,+,DANSY_160810,,,,ACH-000975,MED13L,LYZ,No Annotation,MED13L--LYZ
2700,EIF2AK3--HNRNPLL,ENSG00000172071,ENSG00000143889,Q9NZJ5,Q8WVV9,chr2,chr2,88613724,38591648,-,-,DANSY_160814,,IPR000504|IPR000504|IPR000504|IPR034987,IPR000504|IPR000504|IPR000504|IPR034987,ACH-000975,EIF2AK3,HNRNPLL,Pre-existing,EIF2AK3--HNRNPLL
2701,FLNB--SLMAP,ENSG00000136068,ENSG00000163681,O75369,Q14BN4,chr3,chr3,58138529,57857733,+,+,DANSY_160818,IPR001715|IPR001715,,IPR001715|IPR001715,ACH-000975,FLNB,SLMAP,Pre-existing,FLNB--SLMAP
2702,GNAQ--PRUNE2,ENSG00000156052,ENSG00000106772,P50148,Q8WUY3,chr9,chr9,77794463,76713721,-,-,DANSY_160823,,IPR001251,IPR001251,ACH-000975,GNAQ,PRUNE2,Pre-existing,GNAQ--PRUNE2
2703,ACAD11--STAG1,ENSG00000118007,ENSG00000240303,Q8WVM7,Q709F0,chr3,chr3,136398749,132605205,-,-,DANSY_160836,IPR013721|IPR020839|IPR056396,IPR006091|IPR009075,IPR013721|IPR020839|IPR056396|IPR006091|IPR009075,ACH-000975,STAG1,ACAD11,Novel,STAG1--ACAD11
2704,BMS1--PARG,ENSG00000227345,ENSG00000165733,Q86W56,Q14692,chr10,chr10,49885203,42791627,-,+,DANSY_161135,,IPR012948|IPR007034,IPR012948|IPR007034,ACH-000460,PARG,BMS1,Pre-existing,PARG--BMS1
2705,ARL16--PRKD3,ENSG00000115825,ENSG00000214087,O94806,Q0P5N6,chr2,chr17,37260223,81682149,-,-,DANSY_161324,IPR057764|IPR002219|IPR002219|IPR001849,,IPR057764|IPR002219|IPR002219|IPR001849,ACH-001570,PRKD3,ARL16,Pre-existing,PRKD3--ARL16
2706,CCZ1B--OCM,ENSG00000146574,ENSG00000122543,P86790,P0CE72,chr7,chr7,6819766,5883890,-,+,DANSY_161390,IPR043987,,IPR043987,ACH-000986,CCZ1B,OCM,Pre-existing,CCZ1B--OCM
2707,MAPKAPK2--RASSF5,ENSG00000162889,ENSG00000266094,P49137,Q8WWW0,chr1,chr1,206685508,206583269,+,+,DANSY_161633,,IPR000159|IPR011524,IPR000159|IPR011524,ACH-001335,MAPKAPK2,RASSF5,Pre-existing,MAPKAPK2--RASSF5
2708,ATXN10--RIBC2,ENSG00000130638,ENSG00000128408,Q9UBB4,Q9H4K1,chr22,chr22,45740538,45430900,+,+,DANSY_161635,,,,ACH-001335,ATXN10,RIBC2,No Annotation,ATXN10--RIBC2
2709,NPC1--TMEM241,ENSG00000134490,ENSG00000141458,Q24JQ0,O15118,chr18,chr18,23309680,23545149,-,-,DANSY_161643,,IPR000731,IPR000731,ACH-001335,TMEM241,NPC1,Pre-existing,TMEM241--NPC1
2710,C19orf44--SMARCA4,ENSG00000127616,ENSG00000105072,P51532,Q9H6X5,chr19,chr19,11041560,16513014,+,+,DANSY_161696,IPR014978|IPR014012|IPR006576|IPR000330|IPR001650|IPR029295,,IPR014978|IPR014012|IPR006576|IPR000330|IPR001650|IPR029295,ACH-000023,SMARCA4,C19orf44,Pre-existing,SMARCA4--C19orf44
2711,AKT3--DNAH14,ENSG00000117020,ENSG00000185842,Q9Y243,Q0VDD8,chr1,chr1,243545510,225079207,-,+,DANSY_161704,IPR001849|IPR000719,IPR035699|IPR035699|IPR041466|IPR024317|IPR024743|IPR035706|IPR035706|IPR041228,IPR001849|IPR000719|IPR035699|IPR035699|IPR041466|IPR024317|IPR024743|IPR035706|IPR035706|IPR041228,ACH-000023,AKT3,DNAH14,Novel,AKT3--DNAH14
2712,NME1--SPAG9,ENSG00000008294,ENSG00000239672,O60271,P15531,chr17,chr17,51120354,51153484,-,+,DANSY_161783,IPR034743,IPR034907,IPR034743|IPR034907,ACH-002062,SPAG9,NME1,Novel,SPAG9--NME1
2713,NME1--SPAG9,ENSG00000008294,ENSG00000239672,O60271,P15531,chr17,chr17,51120354,51159980,-,+,DANSY_161784,IPR034743,,IPR034743,ACH-002062,SPAG9,NME1,Pre-existing,SPAG9--NME1
2714,SS18--SSX1,ENSG00000141380,ENSG00000126752,Q15532,Q16384,chr18,chrX,26032399,48263782,-,+,DANSY_162020,IPR007726,,IPR007726,ACH-001277,SS18,SSX1,Pre-existing,SS18--SSX1
2715,INVS--TGFBR1,ENSG00000119509,ENSG00000106799,Q9Y283,P36897,chr9,chr9,100126549,99149180,+,+,DANSY_162029,,,,ACH-001277,INVS,TGFBR1,No Annotation,INVS--TGFBR1
2716,MEP1A--STK3,ENSG00000104375,ENSG00000112818,Q13188,Q16819,chr8,chr6,98731847,46826354,-,+,DANSY_162041,,IPR000998|IPR002083|IPR000742,IPR000998|IPR002083|IPR000742,ACH-001277,STK3,MEP1A,Pre-existing,STK3--MEP1A
2717,VAT1L--WWOX,ENSG00000186153,ENSG00000171724,Q9NZC7,Q9HCJ6,chr16,chr16,78386948,77816921,+,+,DANSY_162105,IPR001202|IPR001202,,IPR001202|IPR001202,ACH-000607,WWOX,VAT1L,Pre-existing,WWOX--VAT1L
2718,CAPRIN1--CAT,ENSG00000135387,ENSG00000121691,Q14444,P04040,chr11,chr11,34083041,34449192,+,+,DANSY_162106,IPR041637,IPR011614|IPR010582,IPR041637|IPR011614|IPR010582,ACH-000607,CAPRIN1,CAT,Novel,CAPRIN1--CAT
2719,CERT1--POC5,ENSG00000152359,ENSG00000113163,Q8NA72,Q9Y5P4,chr5,chr5,75685207,75426478,-,-,DANSY_162107,,IPR002913,IPR002913,ACH-000607,POC5,CERT1,Pre-existing,POC5--CERT1
2720,CATSPERZ--ESRRA,ENSG00000173153,ENSG00000219435,P11474,Q9NTU4,chr11,chr11,64307504,64303482,+,+,DANSY_162460,,,,ACH-001211,ESRRA,CATSPERZ,No Annotation,ESRRA--CATSPERZ
2721,RERE--VMP1,ENSG00000142599,ENSG00000062716,Q9P2R6,Q96GC9,chr1,chr17,8655973,59731421,-,+,DANSY_162469,,IPR059828,IPR059828,ACH-001211,RERE,VMP1,Pre-existing,RERE--VMP1
2722,GLE1--SPTAN1,ENSG00000197694,ENSG00000119392,Q13813,Q53GS7,chr9,chr9,128566977,128533761,+,+,DANSY_162470,,,,ACH-001211,SPTAN1,GLE1,No Annotation,SPTAN1--GLE1
2723,GLE1--SPTAN1,ENSG00000197694,ENSG00000119392,Q13813,Q53GS7,chr9,chr9,128566977,128533513,+,+,DANSY_162471,,,,ACH-001211,SPTAN1,GLE1,No Annotation,SPTAN1--GLE1
2724,MBNL1--RAF1,ENSG00000152601,ENSG00000132155,Q9NR56,P04049,chr3,chr3,152446757,12608923,+,-,DANSY_162644,IPR000571|IPR000571|IPR000571|IPR000571,IPR002219|IPR000719,IPR000571|IPR000571|IPR000571|IPR000571|IPR002219|IPR000719,ACH-000113,MBNL1,RAF1,Novel,MBNL1--RAF1
2725,MBNL1--RAF1,ENSG00000152601,ENSG00000132155,Q9NR56,P04049,chr3,chr3,152445539,12608923,+,-,DANSY_162645,IPR000571|IPR000571|IPR000571|IPR000571,IPR002219|IPR000719,IPR000571|IPR000571|IPR000571|IPR000571|IPR002219|IPR000719,ACH-000113,MBNL1,RAF1,Novel,MBNL1--RAF1
2726,AFDN--KMT2A,ENSG00000118058,ENSG00000130396,Q03164,P55196,chr11,chr6,118482495,167864551,+,+,DANSY_162655,IPR002857,IPR000159|IPR000159|IPR000253|IPR002710|IPR001478,IPR002857|IPR000159|IPR000159|IPR000253|IPR002710|IPR001478,ACH-000113,KMT2A,AFDN,Novel,KMT2A--AFDN
2727,ALK--EML4,ENSG00000143924,ENSG00000171094,Q9HC35,Q9UM73,chr2,chr2,42295516,29223528,+,-,DANSY_162739,,IPR000719,IPR000719,ACH-000337,EML4,ALK,Pre-existing,EML4--ALK
2728,ADCY3--SOS1,ENSG00000115904,ENSG00000138031,Q07889,O60266,chr2,chr2,39051144,24872719,-,-,DANSY_162742,,IPR001054|IPR001054,IPR001054|IPR001054,ACH-000337,SOS1,ADCY3,Pre-existing,SOS1--ADCY3
2729,GOLGB1--MOV10L1,ENSG00000173230,ENSG00000073146,Q14789,Q9BXT6,chr3,chr22,121690670,50158057,-,+,DANSY_162747,IPR003106|IPR003106|IPR003106|IPR003106,,IPR003106|IPR003106|IPR003106|IPR003106,ACH-000337,GOLGB1,MOV10L1,Pre-existing,GOLGB1--MOV10L1
2730,CA10--SLC25A21,ENSG00000154975,ENSG00000183032,Q9NS85,Q9BQT8,chr17,chr14,52072319,36875004,-,-,DANSY_162750,,,,ACH-000337,CA10,SLC25A21,No Annotation,CA10--SLC25A21
2731,CDK14--TNS3,ENSG00000136205,ENSG00000058091,Q68CZ2,O94921,chr7,chr7,47415094,90863175,-,+,DANSY_163223,IPR000387,,IPR000387,ACH-000985,TNS3,CDK14,Pre-existing,TNS3--CDK14
2732,RNASEH2A--RTBDN,ENSG00000104889,ENSG00000132026,O75792,Q9BSG5,chr19,chr19,12810404,12834846,+,-,DANSY_163682,,IPR018143,IPR018143,ACH-000127,RNASEH2A,RTBDN,Pre-existing,RNASEH2A--RTBDN
2733,ALKBH3--EXT2,ENSG00000151348,ENSG00000166199,Q93063,Q96Q83,chr11,chr11,44130138,43919038,+,+,DANSY_163684,IPR040911,,IPR040911,ACH-000127,EXT2,ALKBH3,Pre-existing,EXT2--ALKBH3
2734,KIF1B--SH2D1B,ENSG00000054523,ENSG00000198574,O60333,O14796,chr1,chr1,10352736,162402802,+,-,DANSY_163788,IPR001752|IPR032405|IPR000253|IPR022140,,IPR001752|IPR032405|IPR000253|IPR022140,ACH-001961,KIF1B,SH2D1B,Pre-existing,KIF1B--SH2D1B
2735,PSMD11--SLC39A11,ENSG00000133195,ENSG00000108671,Q8N1S5,O00231,chr17,chr17,72947731,32446945,-,+,DANSY_163801,,IPR000717|IPR040780,IPR000717|IPR040780,ACH-001961,SLC39A11,PSMD11,Pre-existing,SLC39A11--PSMD11
2736,PSMD11--SLC39A11,ENSG00000133195,ENSG00000108671,Q8N1S5,O00231,chr17,chr17,72947752,32446945,-,+,DANSY_163802,,IPR000717|IPR040780,IPR000717|IPR040780,ACH-001961,SLC39A11,PSMD11,Pre-existing,SLC39A11--PSMD11
2737,CNGA1--TXK,ENSG00000198515,ENSG00000074966,P29973,P42681,chr4,chr4,47942041,48110603,-,-,DANSY_163805,,IPR000980|IPR000719,IPR000980|IPR000719,ACH-001961,CNGA1,TXK,Pre-existing,CNGA1--TXK
2738,ANKRD26--NCKAP1L,ENSG00000107890,ENSG00000123338,Q9UPS8,P55160,chr10,chr12,27092406,54520694,-,+,DANSY_163926,,,,ACH-001796,ANKRD26,NCKAP1L,No Annotation,ANKRD26--NCKAP1L
2739,LEMD3--UPF2,ENSG00000151461,ENSG00000174106,Q9HAU5,Q9Y2U8,chr10,chr12,12004530,65210926,-,+,DANSY_163928,IPR003890,IPR018996|IPR034394,IPR003890|IPR018996|IPR034394,ACH-001796,UPF2,LEMD3,Novel,UPF2--LEMD3
2740,ANKRD26--GNS,ENSG00000135677,ENSG00000107890,P15586,Q9UPS8,chr12,chr10,64728956,27092512,-,-,DANSY_163941,IPR000917,IPR039497|IPR021885,IPR000917|IPR039497|IPR021885,ACH-001796,GNS,ANKRD26,Novel,GNS--ANKRD26
2741,MALRD1--NRP1,ENSG00000099250,ENSG00000204740,O14786,Q5VYJ5,chr10,chr10,33270675,19387528,-,+,DANSY_163952,IPR000859,IPR000998|IPR000998|IPR000742,IPR000859|IPR000998|IPR000998|IPR000742,ACH-001796,NRP1,MALRD1,Novel,NRP1--MALRD1
2742,MALRD1--NRP1,ENSG00000099250,ENSG00000204740,O14786,Q5VYJ5,chr10,chr10,33270675,19389452,-,+,DANSY_163954,IPR000859,IPR000998|IPR000742,IPR000859|IPR000998|IPR000742,ACH-001796,NRP1,MALRD1,Novel,NRP1--MALRD1
2743,LEMD3--MKX,ENSG00000174106,ENSG00000150051,Q9Y2U8,Q8IYA7,chr12,chr10,65171118,27675554,+,-,DANSY_163990,IPR003887,,IPR003887,ACH-001796,LEMD3,MKX,Pre-existing,LEMD3--MKX
2744,ANO6--VDR,ENSG00000177119,ENSG00000111424,Q4KMQ2,P11473,chr12,chr12,45378113,47857676,+,-,DANSY_164012,IPR032394,,IPR032394,ACH-001796,ANO6,VDR,Pre-existing,ANO6--VDR
2745,CCNT1--MLLT10,ENSG00000078403,ENSG00000129315,P55197,O60563,chr10,chr12,21538912,48705896,+,-,DANSY_164015,IPR001965,IPR047320,IPR001965|IPR047320,ACH-001796,MLLT10,CCNT1,Novel,MLLT10--CCNT1
2746,MAP3K3--SMURF2,ENSG00000198909,ENSG00000108854,Q99759,Q9HAU4,chr17,chr17,63685590,64557722,+,-,DANSY_164032,IPR000270,,IPR000270,ACH-001796,MAP3K3,SMURF2,Pre-existing,MAP3K3--SMURF2
2747,MAP3K3--SMURF2,ENSG00000198909,ENSG00000108854,Q99759,Q9HAU4,chr17,chr17,63685578,64557722,+,-,DANSY_164033,IPR000270,,IPR000270,ACH-001796,MAP3K3,SMURF2,Pre-existing,MAP3K3--SMURF2
2748,CRADD--LYZ,ENSG00000169372,ENSG00000090382,P78560,P61626,chr12,chr12,93679072,69350108,+,+,DANSY_164080,IPR001315,IPR019799,IPR001315|IPR019799,ACH-001796,CRADD,LYZ,Novel,CRADD--LYZ
2749,CRADD--LYZ,ENSG00000169372,ENSG00000090382,P78560,P61626,chr12,chr12,93679072,69352220,+,+,DANSY_164081,IPR001315,,IPR001315,ACH-001796,CRADD,LYZ,Pre-existing,CRADD--LYZ
2750,MLLT10--USP15,ENSG00000078403,ENSG00000135655,P55197,Q9Y4E8,chr10,chr12,21651768,62383840,+,+,DANSY_164098,IPR001965|IPR001965,,IPR001965|IPR001965,ACH-001796,MLLT10,USP15,Pre-existing,MLLT10--USP15
2751,ATP11A--CUL4A,ENSG00000139842,ENSG00000068650,Q13619,P98196,chr13,chr13,113246063,112881816,+,+,DANSY_164177,IPR001373,,IPR001373,ACH-001796,CUL4A,ATP11A,Pre-existing,CUL4A--ATP11A
2752,SREBF1--TOM1L2,ENSG00000072310,ENSG00000175662,P36956,Q6ZVM7,chr17,chr17,17836727,17847783,-,-,DANSY_164723,,,,ACH-000307,SREBF1,TOM1L2,No Annotation,SREBF1--TOM1L2
2753,LARP4--PKP2,ENSG00000161813,ENSG00000057294,Q71RC2,Q99959,chr12,chr12,50401028,32850973,+,-,DANSY_164867,,,,ACH-002485,LARP4,PKP2,No Annotation,LARP4--PKP2
2754,PRKDC--PURG,ENSG00000253729,ENSG00000172733,P78527,Q9UJV8,chr8,chr8,47936353,30996697,-,-,DANSY_164872,,,,ACH-002485,PRKDC,PURG,No Annotation,PRKDC--PURG
2755,C16orf70--CBFB,ENSG00000125149,ENSG00000067955,Q9BSU1,Q13951,chr16,chr16,67126042,67098710,+,+,DANSY_164964,,,,ACH-000595,C16orf70,CBFB,No Annotation,C16orf70--CBFB
2756,C16orf70--CBFB,ENSG00000125149,ENSG00000067955,Q9BSU1,Q13951,chr16,chr16,67120194,67098710,+,+,DANSY_164965,,,,ACH-000595,C16orf70,CBFB,No Annotation,C16orf70--CBFB
2757,C19orf54--STRN4,ENSG00000188493,ENSG00000090372,Q5BKX5,Q9NRL3,chr19,chr19,40749481,46733236,-,-,DANSY_165598,,,,ACH-000500,C19orf54,STRN4,No Annotation,C19orf54--STRN4
2758,C19orf54--STRN4,ENSG00000188493,ENSG00000090372,Q5BKX5,Q9NRL3,chr19,chr19,40745130,46733236,-,-,DANSY_165600,,,,ACH-000500,C19orf54,STRN4,No Annotation,C19orf54--STRN4
2759,EXOC4--FAM185A,ENSG00000131558,ENSG00000222011,Q96A65,Q8N0U4,chr7,chr7,133317390,102787335,+,+,DANSY_165610,IPR007191,,IPR007191,ACH-000500,EXOC4,FAM185A,Pre-existing,EXOC4--FAM185A
2760,UBE2G1--ZZEF1,ENSG00000132388,ENSG00000074755,P62253,O43149,chr17,chr17,4307021,4056345,-,-,DANSY_165822,,IPR000433,IPR000433,ACH-000363,UBE2G1,ZZEF1,Pre-existing,UBE2G1--ZZEF1
2761,AKR7A3--EMC1,ENSG00000127463,ENSG00000162482,Q8N766,O95154,chr1,chr1,19222624,19286372,-,-,DANSY_165848,IPR058545,,IPR058545,ACH-000363,EMC1,AKR7A3,Pre-existing,EMC1--AKR7A3
2762,MACROD1--SF1,ENSG00000168066,ENSG00000133315,Q15637,Q9BQ69,chr11,chr11,64776498,64152393,-,-,DANSY_165960,,IPR002589,IPR002589,ACH-000350,SF1,MACROD1,Pre-existing,SF1--MACROD1
2763,ALK--NPM1,ENSG00000181163,ENSG00000171094,P06748,Q9UM73,chr5,chr2,171391799,29223528,+,-,DANSY_166054,IPR024057,IPR000719,IPR024057|IPR000719,ACH-000053,NPM1,ALK,Novel,NPM1--ALK
2764,LIX1L--MSRB2,ENSG00000271601,ENSG00000148450,Q8IVB5,Q9Y3D2,chr1,chr10,145957636,23104144,-,+,DANSY_166062,,IPR002579,IPR002579,ACH-000053,LIX1L,MSRB2,Pre-existing,LIX1L--MSRB2
2765,ARPC1B--KPNA7,ENSG00000130429,ENSG00000185467,O15143,A9QM74,chr7,chr7,99392876,99195338,+,-,DANSY_166064,,,,ACH-000053,ARPC1B,KPNA7,No Annotation,ARPC1B--KPNA7
2766,NEBL--PIP4K2A,ENSG00000150867,ENSG00000078114,P48426,O76041,chr10,chr10,22714183,20828634,-,-,DANSY_166070,,IPR001452,IPR001452,ACH-000053,PIP4K2A,NEBL,Pre-existing,PIP4K2A--NEBL
2767,NEBL--PIP4K2A,ENSG00000150867,ENSG00000078114,P48426,O76041,chr10,chr10,22714183,20826539,-,-,DANSY_166072,,IPR001452,IPR001452,ACH-000053,PIP4K2A,NEBL,Pre-existing,PIP4K2A--NEBL
2768,ATL3--DEFB131B,ENSG00000184743,ENSG00000225805,Q6DD88,A0A096LNP1,chr11,chr11,63671290,71884407,-,+,DANSY_166136,,IPR025933,IPR025933,ACH-001543,ATL3,DEFB131B,Pre-existing,ATL3--DEFB131B
2769,ISOC1--SPOCK1,ENSG00000066583,ENSG00000152377,Q96CN7,Q08629,chr5,chr5,129095075,137267055,+,-,DANSY_166139,,IPR002350|IPR019577|IPR000716,IPR002350|IPR019577|IPR000716,ACH-001543,ISOC1,SPOCK1,Pre-existing,ISOC1--SPOCK1
2770,MFN2--MIIP,ENSG00000116691,ENSG00000116688,Q5JXC2,O95140,chr1,chr1,12022917,12005711,+,+,DANSY_166146,,IPR006884,IPR006884,ACH-001543,MIIP,MFN2,Pre-existing,MIIP--MFN2
2771,LARS1--PCDHA12,ENSG00000133706,ENSG00000251664,Q9P2J5,Q9UN75,chr5,chr5,146171910,140875389,-,+,DANSY_166150,,IPR002126|IPR002126|IPR002126|IPR002126|IPR002126|IPR031904,IPR002126|IPR002126|IPR002126|IPR002126|IPR002126|IPR031904,ACH-001543,LARS1,PCDHA12,Pre-existing,LARS1--PCDHA12
2772,LARS1--PCDHA12,ENSG00000133706,ENSG00000251664,Q9P2J5,Q9UN75,chr5,chr5,146171910,140978949,-,+,DANSY_166151,,IPR031904,IPR031904,ACH-001543,LARS1,PCDHA12,Pre-existing,LARS1--PCDHA12
2773,LARS1--PCDHA4,ENSG00000133706,ENSG00000204967,Q9P2J5,Q9UN74,chr5,chr5,146171910,140978949,-,+,DANSY_166152,,IPR031904,IPR031904,ACH-001543,LARS1,PCDHA4,Pre-existing,LARS1--PCDHA4
2774,LARS1--PCDHA5,ENSG00000133706,ENSG00000204965,Q9P2J5,Q9Y5H7,chr5,chr5,146171910,140978949,-,+,DANSY_166153,,IPR031904,IPR031904,ACH-001543,LARS1,PCDHA5,Pre-existing,LARS1--PCDHA5
2775,LARS1--PCDHA11,ENSG00000133706,ENSG00000249158,Q9P2J5,Q9Y5I1,chr5,chr5,146171910,140978949,-,+,DANSY_166154,,IPR031904,IPR031904,ACH-001543,LARS1,PCDHA11,Pre-existing,LARS1--PCDHA11
2776,LARS1--PCDHA13,ENSG00000133706,ENSG00000239389,Q9P2J5,Q9Y5I0,chr5,chr5,146171910,140978949,-,+,DANSY_166155,,IPR031904,IPR031904,ACH-001543,LARS1,PCDHA13,Pre-existing,LARS1--PCDHA13
2777,LARS1--PCDHAC2,ENSG00000133706,ENSG00000243232,Q9P2J5,Q9Y5I4,chr5,chr5,146171910,140978949,-,+,DANSY_166156,,IPR031904,IPR031904,ACH-001543,LARS1,PCDHAC2,Pre-existing,LARS1--PCDHAC2
2778,LARS1--PCDHA1,ENSG00000133706,ENSG00000204970,Q9P2J5,Q9Y5I3,chr5,chr5,146171910,140978949,-,+,DANSY_166157,,IPR031904,IPR031904,ACH-001543,LARS1,PCDHA1,Pre-existing,LARS1--PCDHA1
2779,LARS1--PCDHA2,ENSG00000133706,ENSG00000204969,Q9P2J5,Q9Y5H9,chr5,chr5,146171910,140978949,-,+,DANSY_166158,,IPR031904,IPR031904,ACH-001543,LARS1,PCDHA2,Pre-existing,LARS1--PCDHA2
2780,LARS1--PCDHA3,ENSG00000133706,ENSG00000255408,Q9P2J5,Q9Y5H8,chr5,chr5,146171910,140978949,-,+,DANSY_166159,,IPR031904,IPR031904,ACH-001543,LARS1,PCDHA3,Pre-existing,LARS1--PCDHA3
2781,LARS1--PCDHA6,ENSG00000133706,ENSG00000081842,Q9P2J5,Q9UN73,chr5,chr5,146171910,140978949,-,+,DANSY_166160,,IPR031904,IPR031904,ACH-001543,LARS1,PCDHA6,Pre-existing,LARS1--PCDHA6
2782,LARS1--PCDHA7,ENSG00000133706,ENSG00000204963,Q9P2J5,Q9UN72,chr5,chr5,146171910,140978949,-,+,DANSY_166161,,IPR031904,IPR031904,ACH-001543,LARS1,PCDHA7,Pre-existing,LARS1--PCDHA7
2783,LARS1--PCDHA8,ENSG00000133706,ENSG00000204962,Q9P2J5,Q9Y5H6,chr5,chr5,146171910,140978949,-,+,DANSY_166162,,IPR031904,IPR031904,ACH-001543,LARS1,PCDHA8,Pre-existing,LARS1--PCDHA8
2784,LARS1--PCDHA9,ENSG00000133706,ENSG00000204961,Q9P2J5,Q9Y5H5,chr5,chr5,146171910,140978949,-,+,DANSY_166163,,IPR031904,IPR031904,ACH-001543,LARS1,PCDHA9,Pre-existing,LARS1--PCDHA9
2785,LARS1--PCDHA10,ENSG00000133706,ENSG00000250120,Q9P2J5,Q9Y5I2,chr5,chr5,146171910,140978949,-,+,DANSY_166164,,IPR031904,IPR031904,ACH-001543,LARS1,PCDHA10,Pre-existing,LARS1--PCDHA10
2786,LARS1--PCDHAC1,ENSG00000133706,ENSG00000248383,Q9P2J5,Q9H158,chr5,chr5,146171910,140978949,-,+,DANSY_166165,,IPR031904,IPR031904,ACH-001543,LARS1,PCDHAC1,Pre-existing,LARS1--PCDHAC1
2787,HIF1A--ICAM3,ENSG00000100644,ENSG00000076662,Q16665,P32942,chr14,chr19,61695839,10338863,+,-,DANSY_166311,,IPR003987|IPR003987|IPR003987|IPR003988|IPR048679|IPR003599|IPR003599,IPR003987|IPR003987|IPR003987|IPR003988|IPR048679|IPR003599|IPR003599,ACH-000663,HIF1A,ICAM3,Pre-existing,HIF1A--ICAM3
2788,CFAP20DC--TKT,ENSG00000163931,ENSG00000163689,P29401,Q6ZVT6,chr3,chr3,53255836,58753863,-,-,DANSY_166315,,,,ACH-000663,TKT,CFAP20DC,No Annotation,TKT--CFAP20DC
2789,ADGRG5--LAMB2,ENSG00000172037,ENSG00000159618,P55268,Q8IZF4,chr3,chr16,49125747,57562384,-,+,DANSY_166335,IPR008211|IPR002049|IPR002049|IPR000742|IPR002049|IPR000742|IPR013015|IPR000742,IPR057244|IPR017981,IPR008211|IPR002049|IPR002049|IPR000742|IPR002049|IPR000742|IPR013015|IPR000742|IPR057244|IPR017981,ACH-000663,LAMB2,ADGRG5,Novel,LAMB2--ADGRG5
2790,DRG2--LLGL1,ENSG00000131899,ENSG00000108591,Q15334,P55039,chr17,chr17,18225763,18101921,+,+,DANSY_166336,,IPR004095,IPR004095,ACH-000663,LLGL1,DRG2,Pre-existing,LLGL1--DRG2
2791,DRG2--LLGL1,ENSG00000131899,ENSG00000108591,Q15334,P55039,chr17,chr17,18225763,18103801,+,+,DANSY_166337,,IPR004095,IPR004095,ACH-000663,LLGL1,DRG2,Pre-existing,LLGL1--DRG2
2792,CDK15--FOLR2,ENSG00000138395,ENSG00000165457,Q96Q40,P14207,chr2,chr11,201823727,72218561,+,+,DANSY_166348,,IPR018143,IPR018143,ACH-000663,CDK15,FOLR2,Pre-existing,CDK15--FOLR2
2793,CDK15--FOLR2,ENSG00000138395,ENSG00000165457,Q96Q40,P14207,chr2,chr11,201823727,72220870,+,+,DANSY_166349,,,,ACH-000663,CDK15,FOLR2,No Annotation,CDK15--FOLR2
2794,AGT--RFC1,ENSG00000035928,ENSG00000135744,P35251,P01019,chr4,chr1,39311445,230710853,-,-,DANSY_166353,IPR001357,IPR023796,IPR001357|IPR023796,ACH-000663,RFC1,AGT,Novel,RFC1--AGT
2795,MAPKAPK2--RASSF5,ENSG00000162889,ENSG00000266094,P49137,Q8WWW0,chr1,chr1,206685508,206583269,+,+,DANSY_166355,,IPR000159|IPR011524,IPR000159|IPR011524,ACH-000663,MAPKAPK2,RASSF5,Pre-existing,MAPKAPK2--RASSF5
2796,DNAH11--PHF14,ENSG00000105877,ENSG00000106443,Q96DT5,O94880,chr7,chr7,21789342,11061791,+,+,DANSY_166440,IPR013594|IPR013602|IPR003593|IPR003593|IPR041466|IPR003593|IPR041589|IPR003593,IPR001965,IPR013594|IPR013602|IPR003593|IPR003593|IPR041466|IPR003593|IPR041589|IPR003593|IPR001965,ACH-000346,DNAH11,PHF14,Novel,DNAH11--PHF14
2797,ARGLU1--EFNB2,ENSG00000134884,ENSG00000125266,Q9NWB6,P52799,chr13,chr13,106567573,106512812,-,-,DANSY_166523,,,,ACH-000970,ARGLU1,EFNB2,No Annotation,ARGLU1--EFNB2
2798,CFAP69--STEAP1,ENSG00000105792,ENSG00000164647,A5D8W1,Q9UHE8,chr7,chr7,90245544,90161914,+,+,DANSY_166629,,,,ACH-001333,CFAP69,STEAP1,No Annotation,CFAP69--STEAP1
2799,ATP2A2--IFT81,ENSG00000174437,ENSG00000122970,P16615,Q8WYA0,chr12,chr12,110282795,110190920,+,+,DANSY_166638,IPR004014,,IPR004014,ACH-001333,ATP2A2,IFT81,Pre-existing,ATP2A2--IFT81
2800,TENM3--WWC2,ENSG00000151718,ENSG00000218336,Q6AWC2,Q9P273,chr4,chr4,183253999,182773472,+,+,DANSY_166644,IPR001202|IPR001202,IPR022385|IPR028916,IPR001202|IPR001202|IPR022385|IPR028916,ACH-001333,WWC2,TENM3,Novel,WWC2--TENM3
2801,IP6K1--PEDS1,ENSG00000176095,ENSG00000240849,Q92551,A5PLL7,chr3,chr20,49732746,50128187,-,-,DANSY_166651,,,,ACH-001333,IP6K1,PEDS1,No Annotation,IP6K1--PEDS1
2802,IP6K1--PEDS1-UBE2V1,ENSG00000176095,ENSG00000124208,Q92551,,chr3,chr20,49732746,50128187,-,-,DANSY_166652,,,,ACH-001333,IP6K1,PEDS1-UBE2V1,,IP6K1--PEDS1-UBE2V1
2803,RPS6KB1--VMP1,ENSG00000108443,ENSG00000062716,P23443,Q96GC9,chr17,chr17,59935300,59808796,+,+,DANSY_166660,,IPR059828,IPR059828,ACH-001333,RPS6KB1,VMP1,Pre-existing,RPS6KB1--VMP1
2804,EWSR1--FLI1,ENSG00000182944,ENSG00000151702,Q01844,Q01543,chr22,chr11,29287134,128805366,+,+,DANSY_166868,,IPR000418,IPR000418,ACH-000039,EWSR1,FLI1,Pre-existing,EWSR1--FLI1
2805,EWSR1--FLI1,ENSG00000182944,ENSG00000151702,Q01844,Q01543,chr22,chr11,29287134,128807180,+,+,DANSY_166870,,IPR000418,IPR000418,ACH-000039,EWSR1,FLI1,Pre-existing,EWSR1--FLI1
2806,CNKSR2--KIF1B,ENSG00000054523,ENSG00000149970,O60333,Q8WXI2,chr1,chrX,10261970,21497787,+,+,DANSY_166878,,IPR010599|IPR001849,IPR010599|IPR001849,ACH-000039,KIF1B,CNKSR2,Pre-existing,KIF1B--CNKSR2
2807,FGFR3--TACC3,ENSG00000068078,ENSG00000013810,P22607,Q9Y6A5,chr4,chr4,1806934,1731172,+,+,DANSY_166886,IPR003598|IPR003598|IPR003598|IPR000719,IPR007707,IPR003598|IPR003598|IPR003598|IPR000719|IPR007707,ACH-000039,FGFR3,TACC3,Novel,FGFR3--TACC3
2808,BPIFB4--SAMM50,ENSG00000100347,ENSG00000186191,Q9Y512,P59827,chr22,chr20,43964553,33100426,+,+,DANSY_166945,,,,ACH-000471,SAMM50,BPIFB4,No Annotation,SAMM50--BPIFB4
2809,RXYLT1--SRGAP1,ENSG00000196935,ENSG00000118600,Q7Z6B7,Q9Y2B1,chr12,chr12,63844883,63781019,+,+,DANSY_166946,,IPR057539|IPR057538,IPR057539|IPR057538,ACH-000471,SRGAP1,RXYLT1,Pre-existing,SRGAP1--RXYLT1
2810,MAP3K13--SENP2,ENSG00000073803,ENSG00000163904,O43283,Q9HC62,chr3,chr3,185466963,185590114,+,+,DANSY_166953,IPR000719,IPR003653,IPR000719|IPR003653,ACH-000471,MAP3K13,SENP2,Novel,MAP3K13--SENP2
2811,C1orf21--ODR4,ENSG00000116667,ENSG00000157181,Q9H246,Q5SWX8,chr1,chr1,184507682,186398313,+,+,DANSY_167264,,,,ACH-000886,C1orf21,ODR4,No Annotation,C1orf21--ODR4
2812,PEX14--PGD,ENSG00000142655,ENSG00000142657,O75381,P52209,chr1,chr1,10495321,10417376,+,+,DANSY_167402,,,,ACH-000888,PEX14,PGD,No Annotation,PEX14--PGD
2813,NFAT5--VPS4A,ENSG00000102908,ENSG00000132612,O94916,Q9UN37,chr16,chr16,69566374,69316225,+,+,DANSY_167406,,IPR003593|IPR041569|IPR015415,IPR003593|IPR041569|IPR015415,ACH-000888,NFAT5,VPS4A,Pre-existing,NFAT5--VPS4A
2814,NFAT5--VPS4A,ENSG00000102908,ENSG00000132612,O94916,Q9UN37,chr16,chr16,69568548,69316225,+,+,DANSY_167407,,IPR003593|IPR041569|IPR015415,IPR003593|IPR041569|IPR015415,ACH-000888,NFAT5,VPS4A,Pre-existing,NFAT5--VPS4A
2815,RFXANK--ZNF486,ENSG00000256229,ENSG00000064490,Q96H40,O14593,chr19,chr19,20197104,19196966,+,+,DANSY_167413,IPR001909,,IPR001909,ACH-000888,ZNF486,RFXANK,Pre-existing,ZNF486--RFXANK
2816,RFXANK--ZNF486,ENSG00000256229,ENSG00000064490,Q96H40,O14593,chr19,chr19,20186082,19196966,+,+,DANSY_167414,IPR001909,,IPR001909,ACH-000888,ZNF486,RFXANK,Pre-existing,ZNF486--RFXANK
2817,RFXANK--ZNF486,ENSG00000256229,ENSG00000064490,Q96H40,O14593,chr19,chr19,20186082,19196963,+,+,DANSY_167415,IPR001909,,IPR001909,ACH-000888,ZNF486,RFXANK,Pre-existing,ZNF486--RFXANK
2818,NUDT7--WWOX,ENSG00000186153,ENSG00000140876,Q9NZC7,P0C024,chr16,chr16,78425055,77725431,+,+,DANSY_167424,IPR001202|IPR001202,IPR000086,IPR001202|IPR001202|IPR000086,ACH-000888,WWOX,NUDT7,Novel,WWOX--NUDT7
2819,TRIP12--TRIP12,ENSG00000153827,ENSG00000153827,Q14669,Q14669,chr2,chr2,229810880,229840927,-,-,DANSY_167431,IPR057948,IPR057948|IPR004170|IPR000569,IPR057948|IPR057948|IPR004170|IPR000569,ACH-000888,TRIP12,TRIP12,Novel,TRIP12--TRIP12
2820,C12orf66--TMEM132B,ENSG00000174206,ENSG00000139364,Q96MD2,Q14DG7,chr12,chr12,64215678,125415531,-,+,DANSY_167438,,IPR031437|IPR055423|IPR055424|IPR031436,IPR031437|IPR055423|IPR055424|IPR031436,ACH-000888,C12orf66,TMEM132B,Pre-existing,C12orf66--TMEM132B
2821,CHRNB1--TXNDC17,ENSG00000170175,ENSG00000129235,P11230,Q9BRA2,chr17,chr17,7448788,6641753,+,+,DANSY_167442,IPR006202,,IPR006202,ACH-000888,CHRNB1,TXNDC17,Pre-existing,CHRNB1--TXNDC17
2822,PTPRR--RUNX1,ENSG00000159216,ENSG00000153233,Q01196,Q15256,chr21,chr12,34880557,70892977,-,-,DANSY_167449,,IPR059011|IPR000242,IPR059011|IPR000242,ACH-000888,RUNX1,PTPRR,Pre-existing,RUNX1--PTPRR
2823,FUT8--GALNT16,ENSG00000033170,ENSG00000100626,Q9BYC5,Q8N428,chr14,chr14,65561766,69341681,+,+,DANSY_167936,,IPR000772,IPR000772,ACH-000030,FUT8,GALNT16,Pre-existing,FUT8--GALNT16
2824,ASAP2--CPSF3,ENSG00000119203,ENSG00000151693,Q9UKF6,O43150,chr2,chr2,9436361,9393482,+,+,DANSY_167943,IPR001279,IPR001452,IPR001279|IPR001452,ACH-000030,CPSF3,ASAP2,Novel,CPSF3--ASAP2
2825,RPN2--TTI1,ENSG00000118705,ENSG00000101407,P04844,O43156,chr20,chr20,37179369,38006397,+,-,DANSY_167945,,,,ACH-000030,RPN2,TTI1,No Annotation,RPN2--TTI1
2826,EFHD1--UBR3,ENSG00000115468,ENSG00000144357,Q9BUP0,Q6ZT12,chr2,chr2,232672443,170061079,+,+,DANSY_167947,IPR002048,,IPR002048,ACH-000030,EFHD1,UBR3,Pre-existing,EFHD1--UBR3
2827,MTSS1--THOC2,ENSG00000125676,ENSG00000170873,Q8NI27,O43312,chrX,chr8,123706858,124704191,-,-,DANSY_168327,,IPR003124,IPR003124,ACH-000271,THOC2,MTSS1,Pre-existing,THOC2--MTSS1
2828,MYLPF--ZNF771,ENSG00000179965,ENSG00000180209,Q7L3S4,Q96A32,chr16,chr16,30408194,30374822,+,+,DANSY_168606,,IPR002048|IPR002048,IPR002048|IPR002048,ACH-000478,ZNF771,MYLPF,Pre-existing,ZNF771--MYLPF
2829,ASAP1--TAFA5,ENSG00000153317,ENSG00000219438,Q9ULH1,Q7Z5A7,chr8,chr22,130236922,48646597,-,+,DANSY_168644,,,,ACH-000775,ASAP1,TAFA5,No Annotation,ASAP1--TAFA5
2830,FBRSL1--STX2,ENSG00000112787,ENSG00000111450,Q9HCM7,P32856,chr12,chr12,132508350,130827267,+,-,DANSY_168647,,IPR006011|IPR000727,IPR006011|IPR000727,ACH-000775,FBRSL1,STX2,Pre-existing,FBRSL1--STX2
2831,SPIDR--ZFAT,ENSG00000164808,ENSG00000066827,Q14159,Q9P243,chr8,chr8,47407961,134509749,+,-,DANSY_168650,,,,ACH-000775,SPIDR,ZFAT,No Annotation,SPIDR--ZFAT
2832,AKAP6--ARHGAP5,ENSG00000100852,ENSG00000151320,Q13017,Q13023,chr14,chr14,32094386,32678311,+,+,DANSY_168663,IPR002713|IPR002713|IPR002713|IPR002713|IPR039007|IPR039006,,IPR002713|IPR002713|IPR002713|IPR002713|IPR039007|IPR039006,ACH-000775,ARHGAP5,AKAP6,Pre-existing,ARHGAP5--AKAP6
2833,SSBP3--ST3GAL3,ENSG00000126091,ENSG00000157216,Q11203,Q9BWW4,chr1,chr1,43838311,54404930,+,-,DANSY_168670,,,,ACH-000775,ST3GAL3,SSBP3,No Annotation,ST3GAL3--SSBP3
2834,PKD1L1--TNS3,ENSG00000136205,ENSG00000158683,Q68CZ2,Q8TDX9,chr7,chr7,47297082,47847071,-,-,DANSY_168676,IPR000387|IPR014020,IPR001024|IPR046791|IPR013122,IPR000387|IPR014020|IPR001024|IPR046791|IPR013122,ACH-000775,TNS3,PKD1L1,Novel,TNS3--PKD1L1
2835,PCSK7--SIK3,ENSG00000160584,ENSG00000160613,Q9Y2K2,Q16549,chr11,chr11,117098143,117219758,-,-,DANSY_168681,,IPR002884,IPR002884,ACH-000775,SIK3,PCSK7,Pre-existing,SIK3--PCSK7
2836,ADSS2--SMYD3,ENSG00000185420,ENSG00000035687,Q9H7B4,P30520,chr1,chr1,246327201,244437768,-,-,DANSY_168832,,,,ACH-002214,SMYD3,ADSS2,No Annotation,SMYD3--ADSS2
2837,CCDC196--GPHN,ENSG00000171723,ENSG00000196553,Q9NQX3,A0A1B0GTZ2,chr14,chr14,66508591,66498109,+,+,DANSY_168984,,,,ACH-001442,GPHN,CCDC196,No Annotation,GPHN--CCDC196
2838,PTPN22--SOX5,ENSG00000134532,ENSG00000134242,P35711,Q9Y2R2,chr12,chr1,23543211,113830029,-,-,DANSY_169060,,,,ACH-000559,SOX5,PTPN22,No Annotation,SOX5--PTPN22
2839,PTPN22--SOX5,ENSG00000134532,ENSG00000134242,P35711,Q9Y2R2,chr12,chr1,23543211,113829707,-,-,DANSY_169061,,,,ACH-000559,SOX5,PTPN22,No Annotation,SOX5--PTPN22
2840,PKN2--SOX5,ENSG00000065243,ENSG00000134532,Q16513,P35711,chr1,chr12,88684628,23543384,+,-,DANSY_169068,,IPR009071,IPR009071,ACH-000559,PKN2,SOX5,Pre-existing,PKN2--SOX5
2841,KIF3C--LEPROT,ENSG00000213625,ENSG00000084731,O15243,O14782,chr1,chr2,65425378,25930063,+,-,DANSY_169075,,,,ACH-000559,LEPROT,KIF3C,No Annotation,LEPROT--KIF3C
2842,KIF3C--LEPROT,ENSG00000213625,ENSG00000084731,O15243,O14782,chr1,chr2,65425378,25930060,+,-,DANSY_169076,,,,ACH-000559,LEPROT,KIF3C,No Annotation,LEPROT--KIF3C
2843,LTBP1--NEGR1,ENSG00000049323,ENSG00000172260,Q14766,Q7Z3B1,chr2,chr1,33134960,71776297,+,-,DANSY_169080,IPR000742,IPR003598|IPR003598,IPR000742|IPR003598|IPR003598,ACH-000559,LTBP1,NEGR1,Pre-existing,LTBP1--NEGR1
2844,LTBP1--NEGR1,ENSG00000049323,ENSG00000172260,Q14766,Q7Z3B1,chr2,chr1,33110751,71776297,+,-,DANSY_169081,IPR000742,IPR003598|IPR003598,IPR000742|IPR003598|IPR003598,ACH-000559,LTBP1,NEGR1,Pre-existing,LTBP1--NEGR1
2845,DTD1--RALGAPA2,ENSG00000125821,ENSG00000188559,Q8TEA8,Q2PPJ7,chr20,chr20,18593821,20412148,+,-,DANSY_169084,,,,ACH-000559,DTD1,RALGAPA2,No Annotation,DTD1--RALGAPA2
2846,CDH1--NFATC3,ENSG00000072736,ENSG00000039068,Q12968,P12830,chr16,chr16,68191775,68801670,+,+,DANSY_169094,IPR011539|IPR002909,IPR002126|IPR002126|IPR002126|IPR002126|IPR002126|IPR000233,IPR011539|IPR002909|IPR002126|IPR002126|IPR002126|IPR002126|IPR002126|IPR000233,ACH-000559,NFATC3,CDH1,Novel,NFATC3--CDH1
2847,BEND5--ZFP69B,ENSG00000162373,ENSG00000187801,Q7L4P6,Q9UJL9,chr1,chr1,48758900,40456945,-,+,DANSY_169097,,IPR001909|IPR013087|IPR013087|IPR013087|IPR013087|IPR013087|IPR013087|IPR013087|IPR013087|IPR013087,IPR001909|IPR013087|IPR013087|IPR013087|IPR013087|IPR013087|IPR013087|IPR013087|IPR013087|IPR013087,ACH-000559,BEND5,ZFP69B,Pre-existing,BEND5--ZFP69B
2848,BEND5--SMAP2,ENSG00000084070,ENSG00000162373,Q8WU79,Q7L4P6,chr1,chr1,40417096,48736452,+,-,DANSY_169110,IPR001164,IPR018379,IPR001164|IPR018379,ACH-000559,SMAP2,BEND5,Novel,SMAP2--BEND5
2849,CLTC--VMP1,ENSG00000141367,ENSG00000062716,Q00610,Q96GC9,chr17,chr17,59685808,59811670,+,+,DANSY_169212,IPR015348,IPR059828,IPR015348|IPR059828,ACH-000510,CLTC,VMP1,Novel,CLTC--VMP1
2850,IPO7--MYH9,ENSG00000205339,ENSG00000100345,O95373,P35579,chr11,chr22,9440661,36297014,+,-,DANSY_169220,IPR001494|IPR013713|IPR058669,,IPR001494|IPR013713|IPR058669,ACH-000510,IPO7,MYH9,Pre-existing,IPO7--MYH9
2851,TCF12--TCF12,ENSG00000140262,ENSG00000140262,Q99081,Q99081,chr15,chr15,57273262,57197773,+,+,DANSY_169221,IPR011598,IPR011598,IPR011598|IPR011598,ACH-000510,TCF12,TCF12,Novel,TCF12--TCF12
2852,FAM171A2--MYL4,ENSG00000161682,ENSG00000198336,A8MVW0,P12829,chr17,chr17,44359579,47219904,-,+,DANSY_169222,,IPR002048,IPR002048,ACH-000510,FAM171A2,MYL4,Pre-existing,FAM171A2--MYL4
2853,FAM171A2--MYL4,ENSG00000161682,ENSG00000198336,A8MVW0,P12829,chr17,chr17,44356430,47219904,-,+,DANSY_169223,,IPR002048,IPR002048,ACH-000510,FAM171A2,MYL4,Pre-existing,FAM171A2--MYL4
2854,FAM171A2--MYL4,ENSG00000161682,ENSG00000198336,A8MVW0,P12829,chr17,chr17,44363597,47219904,-,+,DANSY_169224,,IPR002048,IPR002048,ACH-000510,FAM171A2,MYL4,Pre-existing,FAM171A2--MYL4
2855,CIZ1--SPTAN1,ENSG00000148337,ENSG00000197694,Q9ULV3,Q13813,chr9,chr9,128169052,128576823,-,+,DANSY_169225,IPR003604|IPR056345|IPR003604,IPR001452|IPR002048|IPR014837,IPR003604|IPR056345|IPR003604|IPR001452|IPR002048|IPR014837,ACH-000510,CIZ1,SPTAN1,Novel,CIZ1--SPTAN1
2856,ITPR1--PLCL2,ENSG00000154822,ENSG00000150995,Q9UPR0,Q14643,chr3,chr3,16885366,4710325,+,+,DANSY_169234,,IPR013662|IPR005821,IPR013662|IPR005821,ACH-000510,PLCL2,ITPR1,Pre-existing,PLCL2--ITPR1
2857,CLTC--VMP1,ENSG00000141367,ENSG00000062716,Q00610,Q96GC9,chr17,chr17,59679519,59808796,+,+,DANSY_169566,IPR015348,IPR059828,IPR015348|IPR059828,ACH-000676,CLTC,VMP1,Novel,CLTC--VMP1
2858,CETP--NUP93,ENSG00000102900,ENSG00000087237,Q8N1F7,P11597,chr16,chr16,56839069,56978091,+,+,DANSY_169574,,,,ACH-000676,NUP93,CETP,No Annotation,NUP93--CETP
2859,INSL3--RHPN2,ENSG00000131941,ENSG00000248099,Q8IUC4,P51460,chr19,chr19,33064784,17817059,-,-,DANSY_169579,,,,ACH-000676,RHPN2,INSL3,No Annotation,RHPN2--INSL3
2860,IPO9--NAV1,ENSG00000134369,ENSG00000198700,Q8NEY1,Q96P70,chr1,chr1,201649425,201847279,+,+,DANSY_169582,,IPR056840|IPR058669,IPR056840|IPR058669,ACH-000676,NAV1,IPO9,Pre-existing,NAV1--IPO9
2861,HSH2D--MEGF8,ENSG00000105429,ENSG00000196684,Q7Z7M0,Q96JZ2,chr19,chr19,42337206,16143632,+,+,DANSY_169587,IPR000859|IPR000742|IPR000742,IPR000980,IPR000859|IPR000742|IPR000742|IPR000980,ACH-000676,MEGF8,HSH2D,Novel,MEGF8--HSH2D
2862,ARFGEF2--BCAS1,ENSG00000124198,ENSG00000064787,Q9Y6D5,O75363,chr20,chr20,49010404,54028972,+,-,DANSY_169592,IPR032629|IPR032691|IPR000904|IPR015403,,IPR032629|IPR032691|IPR000904|IPR015403,ACH-000676,ARFGEF2,BCAS1,Pre-existing,ARFGEF2--BCAS1
2863,NFIX--REEP6,ENSG00000008441,ENSG00000115255,Q14938,Q96HR9,chr19,chr19,13025552,1497174,+,+,DANSY_169608,IPR019548|IPR003619,,IPR019548|IPR003619,ACH-000676,NFIX,REEP6,Pre-existing,NFIX--REEP6
2864,LARS2--LIMD1,ENSG00000144791,ENSG00000011376,Q9UGP4,Q15031,chr3,chr3,45636251,45541829,+,+,DANSY_169617,,,,ACH-000676,LIMD1,LARS2,No Annotation,LIMD1--LARS2
2865,NFIC--ZNF14,ENSG00000141905,ENSG00000105708,P08651,P17017,chr19,chr19,3366666,19714487,+,-,DANSY_169626,,IPR001909|IPR013087|IPR013087|IPR013087|IPR013087|IPR013087|IPR013087|IPR013087|IPR013087|IPR013087|IPR013087|IPR013087|IPR013087|IPR013087|IPR013087|IPR013087|IPR013087|IPR013087|IPR013087|IPR013087,IPR001909|IPR013087|IPR013087|IPR013087|IPR013087|IPR013087|IPR013087|IPR013087|IPR013087|IPR013087|IPR013087|IPR013087|IPR013087|IPR013087|IPR013087|IPR013087|IPR013087|IPR013087|IPR013087|IPR013087,ACH-000676,NFIC,ZNF14,Pre-existing,NFIC--ZNF14
2866,NECTIN2--SH2B3,ENSG00000111252,ENSG00000130202,Q9UQQ2,Q92692,chr12,chr19,111447827,44865271,+,+,DANSY_169630,IPR015012|IPR001849|IPR000980,IPR003599|IPR007110|IPR003599,IPR015012|IPR001849|IPR000980|IPR003599|IPR007110|IPR003599,ACH-000676,SH2B3,NECTIN2,Novel,SH2B3--NECTIN2
2867,ADK--VCL,ENSG00000035403,ENSG00000156110,P18206,P55263,chr10,chr10,74109156,74589282,+,+,DANSY_169633,,,,ACH-000676,VCL,ADK,No Annotation,VCL--ADK
2868,CA5A--WWOX,ENSG00000186153,ENSG00000174990,Q9NZC7,P35218,chr16,chr16,78115154,87904904,+,-,DANSY_169634,IPR001202|IPR001202,,IPR001202|IPR001202,ACH-000676,WWOX,CA5A,Pre-existing,WWOX--CA5A
2869,FAM214A--MYO5A,ENSG00000197535,ENSG00000047346,Q9Y4I1,Q32MH5,chr15,chr15,52528780,52593736,-,-,DANSY_169636,,IPR025261|IPR033473,IPR025261|IPR033473,ACH-000676,MYO5A,FAM214A,Pre-existing,MYO5A--FAM214A
2870,GSK3B--GSK3B,ENSG00000082701,ENSG00000082701,P49841,P49841,chr3,chr3,119863419,120002239,-,-,DANSY_169778,IPR000719,IPR000719,IPR000719|IPR000719,ACH-002659,GSK3B,GSK3B,Pre-existing,GSK3B--GSK3B
2871,ASAP3--E2F2,ENSG00000007968,ENSG00000088280,Q14209,Q8TDY4,chr1,chr1,23519016,23456194,-,-,DANSY_169779,IPR003316,IPR004148|IPR001849|IPR001164,IPR003316|IPR004148|IPR001849|IPR001164,ACH-002659,E2F2,ASAP3,Novel,E2F2--ASAP3
2872,MAP3K5--MAP7,ENSG00000197442,ENSG00000135525,Q99683,Q14244,chr6,chr6,136791710,136421799,-,-,DANSY_169789,IPR046872,,IPR046872,ACH-002659,MAP3K5,MAP7,Pre-existing,MAP3K5--MAP7
2873,PAPSS2--PTEN,ENSG00000198682,ENSG00000171862,O95340,P60484,chr10,chr10,87660008,87952118,+,+,DANSY_169790,,IPR014020,IPR014020,ACH-002659,PAPSS2,PTEN,Pre-existing,PAPSS2--PTEN
2874,B4GALT6--LRPPRC,ENSG00000138095,ENSG00000118276,P42704,Q9UBX8,chr2,chr18,43973607,31666372,-,-,DANSY_169798,IPR033443,IPR027995|IPR027791,IPR033443|IPR027995|IPR027791,ACH-002659,LRPPRC,B4GALT6,Novel,LRPPRC--B4GALT6
2875,TCF7L2--VTI1A,ENSG00000151532,ENSG00000148737,Q96AJ9,Q9NQB0,chr10,chr10,112464657,113141184,+,+,DANSY_170810,IPR007705,IPR009071,IPR007705|IPR009071,ACH-000272,VTI1A,TCF7L2,Novel,VTI1A--TCF7L2
2876,SFPQ--ZFP36L1,ENSG00000116560,ENSG00000185650,P23246,Q07352,chr1,chr14,35187001,68790492,-,-,DANSY_171132,IPR000504|IPR000504|IPR012975,IPR000571|IPR000571,IPR000504|IPR000504|IPR012975|IPR000571|IPR000571,ACH-000557,SFPQ,ZFP36L1,Novel,SFPQ--ZFP36L1
2877,COL14A1--FGFR2,ENSG00000066468,ENSG00000187955,P21802,Q05707,chr10,chr8,121483698,120289608,-,+,DANSY_171133,IPR003598|IPR003598|IPR003598|IPR000719,,IPR003598|IPR003598|IPR003598|IPR000719,ACH-000557,FGFR2,COL14A1,Pre-existing,FGFR2--COL14A1
2878,ITFG1--ITFG1,ENSG00000129636,ENSG00000129636,Q8TB96,Q8TB96,chr16,chr16,47161750,47260695,-,-,DANSY_171155,,IPR057089,IPR057089,ACH-002283,ITFG1,ITFG1,Pre-existing,ITFG1--ITFG1
2879,AGBL4--NBAS,ENSG00000151779,ENSG00000186094,A2RRP1,Q5VU57,chr2,chr1,15308216,48867230,-,-,DANSY_171159,IPR029145|IPR013244,,IPR029145|IPR013244,ACH-002283,NBAS,AGBL4,Pre-existing,NBAS--AGBL4
2880,COG6--SPART,ENSG00000133104,ENSG00000133103,Q8N0X7,Q9Y2V7,chr13,chr13,36329362,39719236,-,+,DANSY_171321,IPR007330,,IPR007330,ACH-000169,SPART,COG6,Pre-existing,SPART--COG6
2881,FSD1--LRP11,ENSG00000120256,ENSG00000105255,Q86VZ4,Q9BTV5,chr6,chr19,149853003,4305946,-,+,DANSY_171327,IPR011106,IPR003649|IPR017903|IPR003961|IPR001870,IPR011106|IPR003649|IPR017903|IPR003961|IPR001870,ACH-000169,LRP11,FSD1,Novel,LRP11--FSD1
2882,E2F5--PDE4DIP,ENSG00000133740,ENSG00000178104,Q15329,Q5VU43,chr8,chr1,85177654,148966543,+,+,DANSY_171341,,IPR056273|IPR010630,IPR056273|IPR010630,ACH-000169,E2F5,PDE4DIP,Pre-existing,E2F5--PDE4DIP
2883,MPV17L--NDE1,ENSG00000072864,ENSG00000156968,Q9NXR1,Q2QL34,chr16,chr16,15667439,15407824,+,+,DANSY_171482,,,,ACH-001402,NDE1,MPV17L,No Annotation,NDE1--MPV17L
2884,SCAPER--TSPAN3,ENSG00000140386,ENSG00000140391,Q9BY12,O60637,chr15,chr15,76841734,77056255,-,-,DANSY_171485,,,,ACH-001402,SCAPER,TSPAN3,No Annotation,SCAPER--TSPAN3
2885,LIN54--SEC31A,ENSG00000138674,ENSG00000189308,O94979,Q6MZP7,chr4,chr4,82851431,82946474,-,-,DANSY_171488,IPR024298,IPR005172,IPR024298|IPR005172,ACH-001402,SEC31A,LIN54,Novel,SEC31A--LIN54
2886,ERC1--WNK1,ENSG00000082805,ENSG00000060237,Q8IUD2,Q9H4A3,chr12,chr12,1028572,861013,+,+,DANSY_171497,,IPR056865,IPR056865,ACH-001402,ERC1,WNK1,Pre-existing,ERC1--WNK1
2887,FBXO42--SPATA21,ENSG00000037637,ENSG00000187144,Q6P3S6,Q7Z572,chr1,chr1,16305803,16405104,-,-,DANSY_171502,IPR001810,IPR002048,IPR001810|IPR002048,ACH-001402,FBXO42,SPATA21,Novel,FBXO42--SPATA21
2888,CTNND1--SERPING1,ENSG00000198561,ENSG00000149131,O60716,P05155,chr11,chr11,57804780,57599879,+,+,DANSY_171517,,IPR023796,IPR023796,ACH-001402,CTNND1,SERPING1,Pre-existing,CTNND1--SERPING1
2889,MET--ST7,ENSG00000004866,ENSG00000105976,Q9NRC1,P08581,chr7,chr7,116953691,116699071,+,+,DANSY_171527,,IPR001627|IPR016201|IPR002909|IPR002909|IPR002909|IPR002909|IPR000719,IPR001627|IPR016201|IPR002909|IPR002909|IPR002909|IPR002909|IPR000719,ACH-001402,ST7,MET,Pre-existing,ST7--MET
2890,VTI1B--ZFYVE26,ENSG00000100568,ENSG00000072121,Q9UEU0,Q68DK2,chr14,chr14,67674375,67797755,-,-,DANSY_171530,,IPR000306|IPR057946,IPR000306|IPR057946,ACH-001402,VTI1B,ZFYVE26,Pre-existing,VTI1B--ZFYVE26
2891,VTI1B--ZFYVE26,ENSG00000100568,ENSG00000072121,Q9UEU0,Q68DK2,chr14,chr14,67674375,67794239,-,-,DANSY_171531,,IPR000306|IPR057946,IPR000306|IPR057946,ACH-001402,VTI1B,ZFYVE26,Pre-existing,VTI1B--ZFYVE26
2892,BAIAP2L1--BCAS4,ENSG00000006453,ENSG00000124243,Q9UHR4,Q8TDM0,chr7,chr20,98355042,50876486,-,+,DANSY_171641,,,,ACH-000796,BAIAP2L1,BCAS4,No Annotation,BAIAP2L1--BCAS4
2893,ARFGEF2--SEMA3A,ENSG00000075213,ENSG00000124198,Q14563,Q9Y6D5,chr7,chr20,84005339,48941199,-,+,DANSY_171646,,IPR032691|IPR000904|IPR015403|IPR046455,IPR032691|IPR000904|IPR015403|IPR046455,ACH-000796,SEMA3A,ARFGEF2,Pre-existing,SEMA3A--ARFGEF2
2894,ARFGEF2--SEMA3A,ENSG00000075213,ENSG00000124198,Q14563,Q9Y6D5,chr7,chr20,84005339,48951323,-,+,DANSY_171647,,IPR032691|IPR000904|IPR015403|IPR046455,IPR032691|IPR000904|IPR015403|IPR046455,ACH-000796,SEMA3A,ARFGEF2,Pre-existing,SEMA3A--ARFGEF2
2895,ADAM9--ADNP,ENSG00000101126,ENSG00000168615,Q9H2P0,Q13443,chr20,chr8,50928651,39021643,-,+,DANSY_171663,,IPR001762|IPR006586|IPR000742,IPR001762|IPR006586|IPR000742,ACH-000796,ADNP,ADAM9,Pre-existing,ADNP--ADAM9
2896,ADAM9--SSPN,ENSG00000168615,ENSG00000123096,Q13443,Q14714,chr8,chr12,39042117,26224293,+,+,DANSY_171666,IPR002870|IPR001590,,IPR002870|IPR001590,ACH-000796,ADAM9,SSPN,Pre-existing,ADAM9--SSPN
2897,OSBPL9--TTC34,ENSG00000117859,ENSG00000215912,Q96SU4,A8MYJ7,chr1,chr1,51652041,2645563,+,-,DANSY_171679,,,,ACH-000796,OSBPL9,TTC34,No Annotation,OSBPL9--TTC34
2898,BRD4--NUTM1,ENSG00000141867,ENSG00000184507,O60885,Q86Y26,chr19,chr15,15254152,34347969,-,+,DANSY_171758,IPR001487|IPR001487|IPR027353,IPR024309,IPR001487|IPR001487|IPR027353|IPR024309,ACH-000143,BRD4,NUTM1,Novel,BRD4--NUTM1
2899,AK9--HDAC2,ENSG00000196591,ENSG00000155085,Q92769,Q5TCS8,chr6,chr6,113948979,109662663,-,-,DANSY_171824,,IPR003593|IPR003593,IPR003593|IPR003593,ACH-000067,HDAC2,AK9,Pre-existing,HDAC2--AK9
2900,HNRNPC--OR5AU1,ENSG00000092199,ENSG00000169327,P07910,Q8NGC0,chr14,chr14,21233953,21155886,-,-,DANSY_172075,,IPR017452,IPR017452,ACH-001674,HNRNPC,OR5AU1,Pre-existing,HNRNPC--OR5AU1
2901,ALG8--GAB2,ENSG00000033327,ENSG00000159063,Q9UQC2,Q9BVK2,chr11,chr11,78223412,78109581,-,-,DANSY_172087,IPR001849,,IPR001849,ACH-001674,GAB2,ALG8,Pre-existing,GAB2--ALG8
2902,ALG8--GAB2,ENSG00000033327,ENSG00000159063,Q9UQC2,Q9BVK2,chr11,chr11,78223412,78106912,-,-,DANSY_172088,IPR001849,,IPR001849,ACH-001674,GAB2,ALG8,Pre-existing,GAB2--ALG8
2903,FAM184A--MAN1A1,ENSG00000111879,ENSG00000111885,Q8NB25,P33908,chr6,chr6,119078141,119306992,-,-,DANSY_172122,,,,ACH-001674,FAM184A,MAN1A1,No Annotation,FAM184A--MAN1A1
2904,MTHFD1--SYNE2,ENSG00000100714,ENSG00000054654,P11586,Q8WXH0,chr14,chr14,64448317,64202801,+,+,DANSY_172291,IPR020630|IPR020631,IPR056887|IPR012315,IPR020630|IPR020631|IPR056887|IPR012315,ACH-001698,MTHFD1,SYNE2,Novel,MTHFD1--SYNE2
2905,NEDD4L--NEDD4L,ENSG00000049759,ENSG00000049759,Q96PU5,Q96PU5,chr18,chr18,58357252,58315982,+,+,DANSY_172324,IPR000008|IPR001202|IPR001202|IPR001202|IPR001202,IPR001202|IPR001202|IPR001202|IPR001202|IPR000569,IPR000008|IPR001202|IPR001202|IPR001202|IPR001202|IPR001202|IPR001202|IPR001202|IPR001202|IPR000569,ACH-002002,NEDD4L,NEDD4L,Novel,NEDD4L--NEDD4L
2906,FANCM--TC2N,ENSG00000187790,ENSG00000165929,Q8IYD8,Q8N9U0,chr14,chr14,45151528,91787627,+,-,DANSY_172336,IPR011545,IPR000008,IPR011545|IPR000008,ACH-002002,FANCM,TC2N,Novel,FANCM--TC2N
2907,ATP2B4--REC114,ENSG00000058668,ENSG00000183324,P23634,Q7Z4M0,chr1,chr15,203720740,73540485,+,+,DANSY_172751,IPR004014|IPR059000|IPR044492,,IPR004014|IPR059000|IPR044492,ACH-000469,ATP2B4,REC114,Pre-existing,ATP2B4--REC114
2908,KMT2A--MLLT3,ENSG00000118058,ENSG00000171843,Q03164,P42568,chr11,chr9,118484975,20365744,+,-,DANSY_172814,IPR002857,IPR040930,IPR002857|IPR040930,ACH-001574,KMT2A,MLLT3,Novel,KMT2A--MLLT3
2909,KMT2A--MLLT3,ENSG00000118058,ENSG00000171843,Q03164,P42568,chr11,chr9,118484314,20365744,+,-,DANSY_172815,IPR002857,IPR040930,IPR002857|IPR040930,ACH-001574,KMT2A,MLLT3,Novel,KMT2A--MLLT3
2910,HOMER1--SREK1,ENSG00000153914,ENSG00000152413,Q8WXA9,Q86YM7,chr5,chr5,66164897,79457018,+,-,DANSY_172838,IPR000504,IPR000697,IPR000504|IPR000697,ACH-000097,SREK1,HOMER1,Novel,SREK1--HOMER1
2911,HOMER1--SREK1,ENSG00000152413,ENSG00000153914,Q86YM7,Q8WXA9,chr5,chr5,79512770,66170051,-,+,DANSY_172839,,,,ACH-000097,HOMER1,SREK1,No Annotation,HOMER1--SREK1
2912,ARHGAP10--TMEM184C,ENSG00000164168,ENSG00000071205,Q9NVA4,A1A4S6,chr4,chr4,147629692,148023263,+,+,DANSY_172881,,IPR001452,IPR001452,ACH-000256,TMEM184C,ARHGAP10,Pre-existing,TMEM184C--ARHGAP10
2913,ELOA--WNK1,ENSG00000060237,ENSG00000011007,Q9H4A3,Q14241,chr12,chr1,754324,23749021,+,+,DANSY_172885,,IPR001810,IPR001810,ACH-000256,WNK1,ELOA,Pre-existing,WNK1--ELOA
2914,EPS15L1--PKN1,ENSG00000123143,ENSG00000127527,Q16512,Q9UBC2,chr19,chr19,14433542,16442219,+,-,DANSY_172898,,IPR000261|IPR000261|IPR000261,IPR000261|IPR000261|IPR000261,ACH-000256,PKN1,EPS15L1,Pre-existing,PKN1--EPS15L1
2915,KLHL20--RABGAP1L,ENSG00000152061,ENSG00000076321,Q5R372,Q9Y2M5,chr1,chr1,174371072,173733713,+,+,DANSY_173008,IPR006020|IPR022164,IPR000210|IPR011705,IPR006020|IPR022164|IPR000210|IPR011705,ACH-000206,RABGAP1L,KLHL20,Novel,RABGAP1L--KLHL20
2916,KLHL20--RABGAP1L,ENSG00000152061,ENSG00000076321,Q5R372,Q9Y2M5,chr1,chr1,174394145,173751764,+,+,DANSY_173009,IPR006020|IPR022164,,IPR006020|IPR022164,ACH-000206,RABGAP1L,KLHL20,Pre-existing,RABGAP1L--KLHL20
2917,GRK1--TFDP1,ENSG00000198176,ENSG00000185974,Q14186,Q15835,chr13,chr13,113623286,113669687,+,+,DANSY_173096,,IPR000961,IPR000961,ACH-000977,TFDP1,GRK1,Pre-existing,TFDP1--GRK1
2918,GPS2--MPP2,ENSG00000132522,ENSG00000108852,Q13227,Q14168,chr17,chr17,7314959,43898380,-,-,DANSY_173097,,IPR004172|IPR001478|IPR001452|IPR008144,IPR004172|IPR001478|IPR001452|IPR008144,ACH-000977,GPS2,MPP2,Pre-existing,GPS2--MPP2
2919,HPR--MRPS10,ENSG00000048544,ENSG00000261701,P82664,P00739,chr6,chr16,42208300,72076303,-,+,DANSY_173103,IPR027486,IPR001254,IPR027486|IPR001254,ACH-000977,MRPS10,HPR,Novel,MRPS10--HPR
2920,BMPR2--FAM117B,ENSG00000138439,ENSG00000204217,Q6P1L5,Q13873,chr2,chr2,202635788,202464809,+,+,DANSY_173106,,IPR000472|IPR000719,IPR000472|IPR000719,ACH-000977,FAM117B,BMPR2,Pre-existing,FAM117B--BMPR2
2921,CYP2C19--SNX9,ENSG00000130340,ENSG00000165841,Q9Y5X1,P33261,chr6,chr10,157875176,94820496,+,+,DANSY_173110,IPR001452,,IPR001452,ACH-000977,SNX9,CYP2C19,Pre-existing,SNX9--CYP2C19
2922,ITPKC--PPFIA3,ENSG00000086544,ENSG00000177380,Q96DU7,O75145,chr19,chr19,40717823,49133794,+,+,DANSY_173121,,IPR001660|IPR001660|IPR001660,IPR001660|IPR001660|IPR001660,ACH-000977,ITPKC,PPFIA3,Pre-existing,ITPKC--PPFIA3
2923,AIF1--MSH5,ENSG00000204410,ENSG00000204472,O43196,P55008,chr6,chr6,31743170,31616344,+,+,DANSY_173210,,,,ACH-000466,MSH5,AIF1,No Annotation,MSH5--AIF1
2924,AIF1--MSH5-SAPCD1,ENSG00000255152,ENSG00000204472,,P55008,chr6,chr6,31743170,31616344,+,+,DANSY_173211,,,,ACH-000466,MSH5-SAPCD1,AIF1,,MSH5-SAPCD1--AIF1
2925,ABCC1--MCRIP2,ENSG00000103222,ENSG00000172366,P33527,Q9BUT9,chr16,chr16,16071729,642120,+,+,DANSY_173245,IPR056227|IPR011527,,IPR056227|IPR011527,ACH-000466,ABCC1,MCRIP2,Pre-existing,ABCC1--MCRIP2
2926,CHCHD3--KHDRBS2,ENSG00000106554,ENSG00000112232,Q9NX63,Q5VWX1,chr7,chr6,132975169,61901371,-,-,DANSY_173264,,IPR032335,IPR032335,ACH-000466,CHCHD3,KHDRBS2,Pre-existing,CHCHD3--KHDRBS2
2927,ARL17B--IKZF3,ENSG00000228696,ENSG00000161405,Q8IVW1,Q9UKT9,chr17,chr17,46352820,39832151,-,-,DANSY_173267,,IPR013087|IPR013087|IPR013087|IPR013087|IPR013087|IPR013087,IPR013087|IPR013087|IPR013087|IPR013087|IPR013087|IPR013087,ACH-000466,ARL17B,IKZF3,Pre-existing,ARL17B--IKZF3
2928,MRPS33--TMEM178B,ENSG00000261115,ENSG00000090263,H3BS89,Q9Y291,chr7,chr7,141074692,141010617,+,-,DANSY_173332,,,,ACH-000972,TMEM178B,MRPS33,No Annotation,TMEM178B--MRPS33
2929,DPEP2--SLC12A4,ENSG00000124067,ENSG00000167261,Q9UP95,Q9H4A9,chr16,chr16,67954643,67987760,-,-,DANSY_173335,,,,ACH-000972,SLC12A4,DPEP2,No Annotation,SLC12A4--DPEP2
2930,FRMD4B--UBA3,ENSG00000144744,ENSG00000114541,Q8TBC4,Q9Y2L6,chr3,chr3,69071535,69171981,-,-,DANSY_173403,,,,ACH-001367,UBA3,FRMD4B,No Annotation,UBA3--FRMD4B
2931,GOLGA4--XYLB,ENSG00000093217,ENSG00000144674,O75191,Q13439,chr3,chr3,38376991,37361243,+,+,DANSY_173691,IPR018484,,IPR018484,ACH-000616,XYLB,GOLGA4,Pre-existing,XYLB--GOLGA4
2932,GOLGA4--XYLB,ENSG00000093217,ENSG00000144674,O75191,Q13439,chr3,chr3,38376991,37366080,+,+,DANSY_173692,IPR018484,,IPR018484,ACH-000616,XYLB,GOLGA4,Pre-existing,XYLB--GOLGA4
2933,GPC5--GPC6,ENSG00000183098,ENSG00000179399,Q9Y625,P78333,chr13,chr13,93545421,92866282,+,+,DANSY_173700,,,,ACH-000616,GPC6,GPC5,No Annotation,GPC6--GPC5
2934,PLA2G1B--PXN,ENSG00000089159,ENSG00000170890,P49023,P04054,chr12,chr12,120265617,120326020,-,-,DANSY_173703,,IPR016090,IPR016090,ACH-000616,PXN,PLA2G1B,Pre-existing,PXN--PLA2G1B
2935,BIRC6--ITGA9,ENSG00000115760,ENSG00000144668,Q9NR09,Q13797,chr2,chr3,32448928,37526026,+,+,DANSY_173704,,IPR013649|IPR048285|IPR048286,IPR013649|IPR048285|IPR048286,ACH-000616,BIRC6,ITGA9,Pre-existing,BIRC6--ITGA9
2936,BIRC6--ITGA9,ENSG00000115760,ENSG00000144668,Q9NR09,Q13797,chr2,chr3,32445668,37533314,+,+,DANSY_173707,,IPR013649|IPR048285|IPR048286,IPR013649|IPR048285|IPR048286,ACH-000616,BIRC6,ITGA9,Pre-existing,BIRC6--ITGA9
2937,HIF1A--PRKCH,ENSG00000100644,ENSG00000027075,Q16665,P24723,chr14,chr14,61695839,61445692,+,+,DANSY_173912,,IPR002219|IPR000719|IPR000961,IPR002219|IPR000719|IPR000961,ACH-002035,HIF1A,PRKCH,Pre-existing,HIF1A--PRKCH
2938,NDUFAF6--SPTB,ENSG00000156170,ENSG00000070182,Q330K2,P11277,chr8,chr14,95052230,64782553,+,-,DANSY_173923,,,,ACH-002035,NDUFAF6,SPTB,No Annotation,NDUFAF6--SPTB
2939,MYCL--RLF,ENSG00000117000,ENSG00000116990,Q13129,P12524,chr1,chr1,40161636,39901443,+,-,DANSY_174029,,IPR012682|IPR012682|IPR012682|IPR011598,IPR012682|IPR012682|IPR012682|IPR011598,ACH-000695,RLF,MYCL,Pre-existing,RLF--MYCL
2940,AGBL4--FAF1,ENSG00000185104,ENSG00000186094,Q9UNN5,Q5VU57,chr1,chr1,50959767,49245864,-,-,DANSY_174038,,IPR000834,IPR000834,ACH-000695,FAF1,AGBL4,Pre-existing,FAF1--AGBL4
2941,SLC12A7--SUCO,ENSG00000094975,ENSG00000113504,Q9UBS9,Q9Y666,chr1,chr5,172533497,1053482,+,-,DANSY_174164,,,,ACH-001795,SUCO,SLC12A7,No Annotation,SUCO--SLC12A7
2942,DNM3--FAM174B,ENSG00000197959,ENSG00000185442,Q9UQ16,Q3ZCQ3,chr1,chr15,171841817,92630345,+,-,DANSY_174258,,,,ACH-001795,DNM3,FAM174B,No Annotation,DNM3--FAM174B
2943,BACE2--SLCO3A1,ENSG00000176463,ENSG00000182240,Q9UIG8,Q9Y5Z0,chr15,chr21,91854088,41250752,+,+,DANSY_174277,,,,ACH-001795,SLCO3A1,BACE2,No Annotation,SLCO3A1--BACE2
2944,BACE2--SLCO3A1,ENSG00000176463,ENSG00000182240,Q9UIG8,Q9Y5Z0,chr15,chr21,91854088,41257158,+,+,DANSY_174278,,,,ACH-001795,SLCO3A1,BACE2,No Annotation,SLCO3A1--BACE2
2945,GLIPR1--KRR1,ENSG00000139278,ENSG00000111615,P48060,Q13601,chr12,chr12,75490518,75532847,+,-,DANSY_174289,,IPR041174|IPR004087,IPR041174|IPR004087,ACH-001795,GLIPR1,KRR1,Pre-existing,GLIPR1--KRR1
2946,ASB7--FGD6,ENSG00000183475,ENSG00000180263,Q9H672,Q6ZV73,chr15,chr12,100630042,95211267,+,-,DANSY_174340,,IPR000219|IPR001849|IPR000306|IPR001849,IPR000219|IPR001849|IPR000306|IPR001849,ACH-001795,ASB7,FGD6,Pre-existing,ASB7--FGD6
2947,NR2C1--SDCBP2,ENSG00000125775,ENSG00000120798,Q9H190,P13056,chr20,chr12,1313340,95062738,-,-,DANSY_174346,,IPR001628|IPR000536,IPR001628|IPR000536,ACH-001795,SDCBP2,NR2C1,Pre-existing,SDCBP2--NR2C1
2948,ABCB10--PCNX2,ENSG00000135776,ENSG00000135749,Q9NRK6,A6NKB5,chr1,chr1,229547499,233095863,-,-,DANSY_174372,,IPR007735,IPR007735,ACH-001795,ABCB10,PCNX2,Pre-existing,ABCB10--PCNX2
2949,ABCB10--PCNX2,ENSG00000135776,ENSG00000135749,Q9NRK6,A6NKB5,chr1,chr1,229542237,233095863,-,-,DANSY_174373,,IPR007735,IPR007735,ACH-001795,ABCB10,PCNX2,Pre-existing,ABCB10--PCNX2
2950,PDK1--SENP6,ENSG00000112701,ENSG00000152256,Q9GZR1,Q15118,chr6,chr2,75670720,172586278,+,+,DANSY_174882,,,,ACH-000183,SENP6,PDK1,No Annotation,SENP6--PDK1
2951,OXR1--RIMS2,ENSG00000164830,ENSG00000176406,Q8N573,Q9UQ26,chr8,chr8,106692877,103912053,+,+,DANSY_174967,IPR018392,IPR001478|IPR000008|IPR000008,IPR018392|IPR001478|IPR000008|IPR000008,ACH-000408,OXR1,RIMS2,Novel,OXR1--RIMS2
2952,PHTF2--PTPN12,ENSG00000127947,ENSG00000006576,Q05209,Q8N3S3,chr7,chr7,77600806,77920279,+,+,DANSY_174974,,,,ACH-000408,PTPN12,PHTF2,No Annotation,PTPN12--PHTF2
2953,MKRN2--TSEN2,ENSG00000075975,ENSG00000154743,Q9H000,Q8NCE0,chr3,chr3,12557176,12529762,+,+,DANSY_174993,,,,ACH-000408,MKRN2,TSEN2,No Annotation,MKRN2--TSEN2
2954,CPNE4--MRPL3,ENSG00000114686,ENSG00000196353,P09001,Q96A23,chr3,chr3,131471171,131587582,-,-,DANSY_175160,,IPR002035,IPR002035,ACH-001496,MRPL3,CPNE4,Pre-existing,MRPL3--CPNE4
2955,RARA--ZPBP2,ENSG00000131759,ENSG00000186075,P10276,Q6X784,chr17,chr17,40331396,39871464,+,+,DANSY_175172,,IPR048805,IPR048805,ACH-001496,RARA,ZPBP2,Pre-existing,RARA--ZPBP2
2956,RARA--ZPBP2,ENSG00000131759,ENSG00000186075,P10276,Q6X784,chr17,chr17,40331396,39870694,+,+,DANSY_175173,,IPR048805,IPR048805,ACH-001496,RARA,ZPBP2,Pre-existing,RARA--ZPBP2
2957,RARA--ZPBP2,ENSG00000131759,ENSG00000186075,P10276,Q6X784,chr17,chr17,40331396,39873044,+,+,DANSY_175174,,IPR048805,IPR048805,ACH-001496,RARA,ZPBP2,Pre-existing,RARA--ZPBP2
2958,RARA--ZPBP2,ENSG00000131759,ENSG00000186075,P10276,Q6X784,chr17,chr17,40331396,39872270,+,+,DANSY_175175,,IPR048805,IPR048805,ACH-001496,RARA,ZPBP2,Pre-existing,RARA--ZPBP2
2959,AP1G1--TEPP,ENSG00000166747,ENSG00000159648,O43747,Q6URK8,chr16,chr16,71756019,57985909,-,+,DANSY_175516,,,,ACH-001622,AP1G1,TEPP,No Annotation,AP1G1--TEPP
2960,AIF1--MSH5,ENSG00000204410,ENSG00000204472,O43196,P55008,chr6,chr6,31743170,31616344,+,+,DANSY_175621,,,,ACH-000466,MSH5,AIF1,No Annotation,MSH5--AIF1
2961,AIF1--MSH5-SAPCD1,ENSG00000255152,ENSG00000204472,,P55008,chr6,chr6,31743170,31616344,+,+,DANSY_175622,,,,ACH-000466,MSH5-SAPCD1,AIF1,,MSH5-SAPCD1--AIF1
2962,ABCC1--MCRIP2,ENSG00000103222,ENSG00000172366,P33527,Q9BUT9,chr16,chr16,16071729,642120,+,+,DANSY_175656,IPR056227|IPR011527,,IPR056227|IPR011527,ACH-000466,ABCC1,MCRIP2,Pre-existing,ABCC1--MCRIP2
2963,CHCHD3--KHDRBS2,ENSG00000106554,ENSG00000112232,Q9NX63,Q5VWX1,chr7,chr6,132975169,61901371,-,-,DANSY_175675,,IPR032335,IPR032335,ACH-000466,CHCHD3,KHDRBS2,Pre-existing,CHCHD3--KHDRBS2
2964,ARL17B--IKZF3,ENSG00000228696,ENSG00000161405,Q8IVW1,Q9UKT9,chr17,chr17,46352820,39832151,-,-,DANSY_175678,,IPR013087|IPR013087|IPR013087|IPR013087|IPR013087|IPR013087,IPR013087|IPR013087|IPR013087|IPR013087|IPR013087|IPR013087,ACH-000466,ARL17B,IKZF3,Pre-existing,ARL17B--IKZF3
2965,GALNT2--URB2,ENSG00000135763,ENSG00000143641,Q14146,Q10471,chr1,chr1,229627759,230178218,+,+,DANSY_175769,,IPR001173|IPR000772,IPR001173|IPR000772,ACH-001560,URB2,GALNT2,Pre-existing,URB2--GALNT2
2966,CDC37--IL27RA,ENSG00000105401,ENSG00000104998,Q16543,Q6UWB1,chr19,chr19,10395021,14042453,-,+,DANSY_175949,IPR013855,IPR003961|IPR003961,IPR013855|IPR003961|IPR003961,ACH-000005,CDC37,IL27RA,Novel,CDC37--IL27RA
2967,ACSBG2--TRPC4AP,ENSG00000100991,ENSG00000130377,Q8TEL6,Q5FVE4,chr20,chr19,35035123,6190584,-,+,DANSY_175951,,,,ACH-000005,TRPC4AP,ACSBG2,No Annotation,TRPC4AP--ACSBG2
2968,CBFA2T3--GALNS,ENSG00000129993,ENSG00000141012,O75081,P34059,chr16,chr16,88898078,88832101,-,-,DANSY_175966,,,,ACH-000005,CBFA2T3,GALNS,No Annotation,CBFA2T3--GALNS
2969,PLEKHO1--VPS45,ENSG00000136631,ENSG00000023902,Q9NRW7,Q53GL0,chr1,chr1,150081997,150156066,+,+,DANSY_176465,,,,ACH-001685,VPS45,PLEKHO1,No Annotation,VPS45--PLEKHO1
2970,RPAIN--RPAIN,ENSG00000129197,ENSG00000129197,Q86UA6,Q86UA6,chr17,chr17,5428211,5422769,+,+,DANSY_176468,IPR028158|IPR028155,IPR028159,IPR028158|IPR028155|IPR028159,ACH-001685,RPAIN,RPAIN,Pre-existing,RPAIN--RPAIN
2971,ARID1A--ZDHHC18,ENSG00000117713,ENSG00000204160,O14497,Q9NUE0,chr1,chr1,26697540,26852753,+,+,DANSY_176474,,,,ACH-001685,ARID1A,ZDHHC18,No Annotation,ARID1A--ZDHHC18
2972,NDUFB6--TOPORS,ENSG00000197579,ENSG00000165264,Q9NS56,O95139,chr9,chr9,32550774,32558954,-,-,DANSY_176484,,,,ACH-001685,TOPORS,NDUFB6,No Annotation,TOPORS--NDUFB6
2973,NDUFB6--TOPORS,ENSG00000197579,ENSG00000165264,Q9NS56,O95139,chr9,chr9,32550774,32553944,-,-,DANSY_176485,,,,ACH-001685,TOPORS,NDUFB6,No Annotation,TOPORS--NDUFB6
2974,ALK--NPM1,ENSG00000181163,ENSG00000171094,P06748,Q9UM73,chr5,chr2,171391799,29223528,+,-,DANSY_176940,IPR024057,IPR000719,IPR024057|IPR000719,ACH-001111,NPM1,ALK,Novel,NPM1--ALK
2975,ANKS3--SEPTIN12,ENSG00000168096,ENSG00000140623,Q6ZW76,Q8IYM1,chr16,chr16,4729980,4784068,-,-,DANSY_177022,,,,ACH-000487,ANKS3,SEPTIN12,No Annotation,ANKS3--SEPTIN12
2976,ARL15--GABRB2,ENSG00000185305,ENSG00000145864,Q9NXU5,P47870,chr5,chr5,54113202,161459844,-,-,DANSY_177063,,IPR006029,IPR006029,ACH-000487,ARL15,GABRB2,Pre-existing,ARL15--GABRB2
2977,ARIH2--SOS1,ENSG00000177479,ENSG00000115904,O95376,Q07889,chr3,chr2,48945181,38989314,+,-,DANSY_177388,,,,ACH-000288,ARIH2,SOS1,No Annotation,ARIH2--SOS1
2978,ARIH2--SOS1,ENSG00000177479,ENSG00000115904,O95376,Q07889,chr3,chr2,48945181,38987591,+,-,DANSY_177392,,,,ACH-000288,ARIH2,SOS1,No Annotation,ARIH2--SOS1
2979,CCDC138--RANBP2,ENSG00000153201,ENSG00000163006,P49792,Q96M89,chr2,chr2,108740681,108839185,+,+,DANSY_177453,,,,ACH-001820,RANBP2,CCDC138,No Annotation,RANBP2--CCDC138
2980,SEC22B--WARS2,ENSG00000265808,ENSG00000116874,O75396,Q9UGM6,chr1,chr1,120176307,119076607,-,-,DANSY_177459,,,,ACH-001820,SEC22B,WARS2,No Annotation,SEC22B--WARS2
2981,ADIPOR2--LYPD6B,ENSG00000006831,ENSG00000150556,Q86V24,Q8NI32,chr12,chr2,1754514,149130883,+,+,DANSY_177465,,,,ACH-001820,ADIPOR2,LYPD6B,No Annotation,ADIPOR2--LYPD6B
2982,CLSTN2--MKLN1,ENSG00000128585,ENSG00000158258,Q9UL63,Q9H4D0,chr7,chr3,131414710,140175951,+,+,DANSY_177470,IPR010565|IPR006595,IPR002126|IPR002126|IPR045588,IPR010565|IPR006595|IPR002126|IPR002126|IPR045588,ACH-001820,MKLN1,CLSTN2,Novel,MKLN1--CLSTN2
2983,GORAB--OBI1,ENSG00000120370,ENSG00000152193,Q5T7V8,Q5W0B1,chr1,chr13,170533651,78635198,+,-,DANSY_177472,,,,ACH-001820,GORAB,OBI1,No Annotation,GORAB--OBI1
2984,AGAP1--COPS8,ENSG00000198612,ENSG00000157985,Q99627,Q9UPQ3,chr2,chr2,237086042,235908738,+,+,DANSY_177475,,IPR001164,IPR001164,ACH-001820,COPS8,AGAP1,Pre-existing,COPS8--AGAP1
2985,PRSS22--ZSCAN10,ENSG00000005001,ENSG00000130182,Q9GZN4,Q96SZ4,chr16,chr16,2858023,3090646,-,-,DANSY_177517,,IPR013087|IPR013087|IPR013087|IPR013087|IPR013087|IPR013087|IPR013087|IPR013087|IPR013087|IPR013087|IPR013087|IPR013087|IPR013087|IPR013087,IPR013087|IPR013087|IPR013087|IPR013087|IPR013087|IPR013087|IPR013087|IPR013087|IPR013087|IPR013087|IPR013087|IPR013087|IPR013087|IPR013087,ACH-001820,PRSS22,ZSCAN10,Pre-existing,PRSS22--ZSCAN10
2986,AFF1--KMT2A,ENSG00000118058,ENSG00000172493,Q03164,P51825,chr11,chr4,118482495,87084120,+,+,DANSY_177649,IPR002857,IPR043640,IPR002857|IPR043640,ACH-000782,KMT2A,AFF1,Novel,KMT2A--AFF1
2987,AFF1--KMT2A,ENSG00000172493,ENSG00000118058,P51825,Q03164,chr4,chr11,87047594,118484862,+,+,DANSY_177650,,IPR001965|IPR001965|IPR001965|IPR001487|IPR001965|IPR001214|IPR003616,IPR001965|IPR001965|IPR001965|IPR001487|IPR001965|IPR001214|IPR003616,ACH-000782,AFF1,KMT2A,Pre-existing,AFF1--KMT2A
2988,AFF1--KMT2A,ENSG00000172493,ENSG00000118058,P51825,Q03164,chr4,chr11,87047594,118488614,+,+,DANSY_177651,,IPR001965|IPR001965|IPR001487|IPR001965|IPR001214|IPR003616,IPR001965|IPR001965|IPR001487|IPR001965|IPR001214|IPR003616,ACH-000782,AFF1,KMT2A,Pre-existing,AFF1--KMT2A
2989,AFF1--KMT2A,ENSG00000118058,ENSG00000172493,Q03164,P51825,chr11,chr4,118482495,87084123,+,+,DANSY_177652,IPR002857,IPR043640,IPR002857|IPR043640,ACH-000782,KMT2A,AFF1,Novel,KMT2A--AFF1
2990,HDAC5--HOXB7,ENSG00000108840,ENSG00000260027,Q9UQL6,P09629,chr17,chr17,44110729,48608095,-,-,DANSY_177693,,IPR001356,IPR001356,ACH-001632,HDAC5,HOXB7,Pre-existing,HDAC5--HOXB7
2991,SBNO2--SLC2A13,ENSG00000064932,ENSG00000151229,Q9Y2G9,Q96QE2,chr19,chr12,1123534,40048210,-,-,DANSY_177716,,,,ACH-002399,SBNO2,SLC2A13,No Annotation,SBNO2--SLC2A13
2992,PUS1--SCARB1,ENSG00000073060,ENSG00000177192,Q8WTV0,Q9Y606,chr12,chr12,124800124,131939173,-,+,DANSY_177725,,IPR020097,IPR020097,ACH-002399,SCARB1,PUS1,Pre-existing,SCARB1--PUS1
2993,PUS1--SCARB1,ENSG00000073060,ENSG00000177192,Q8WTV0,Q9Y606,chr12,chr12,124811870,131939173,-,+,DANSY_177726,,IPR020097,IPR020097,ACH-002399,SCARB1,PUS1,Pre-existing,SCARB1--PUS1
2994,SRBD1--WWOX,ENSG00000186153,ENSG00000068784,Q9NZC7,Q8N5C6,chr16,chr2,78115154,45389599,+,-,DANSY_177729,IPR001202|IPR001202,IPR003029,IPR001202|IPR001202|IPR003029,ACH-002399,WWOX,SRBD1,Novel,WWOX--SRBD1
2995,ABCC11--PHKB,ENSG00000102893,ENSG00000121270,Q93100,Q96J66,chr16,chr16,47515601,48178686,+,-,DANSY_177771,,IPR003439,IPR003439,ACH-002399,PHKB,ABCC11,Pre-existing,PHKB--ABCC11
2996,MAP2K6--SLC16A6,ENSG00000108932,ENSG00000108984,O15403,P52564,chr17,chr17,68269102,69541676,-,+,DANSY_177782,,,,ACH-002399,SLC16A6,MAP2K6,No Annotation,SLC16A6--MAP2K6
2997,PSMB7--SCAI,ENSG00000173611,ENSG00000136930,Q8N9R8,Q99436,chr9,chr9,125018799,124356915,-,-,DANSY_178288,,IPR024689,IPR024689,ACH-001048,SCAI,PSMB7,Pre-existing,SCAI--PSMB7
2998,C10orf105--POLR3H,ENSG00000100413,ENSG00000214688,Q9Y535,Q8TEF2,chr22,chr10,41540699,71716342,-,-,DANSY_178293,IPR005576,,IPR005576,ACH-001048,POLR3H,C10orf105,Pre-existing,POLR3H--C10orf105
2999,RPS18--VPS52,ENSG00000231500,ENSG00000223501,P62269,Q8N1B4,chr6,chr6,33272726,33270283,+,-,DANSY_178645,,IPR048319|IPR048361,IPR048319|IPR048361,ACH-000791,RPS18,VPS52,Pre-existing,RPS18--VPS52
3000,IGF1R--IGF1R,ENSG00000140443,ENSG00000140443,P08069,P08069,chr15,chr15,98924684,98891325,+,+,DANSY_178928,IPR000494|IPR006211|IPR000494|IPR003961|IPR003961|IPR003961,IPR000494|IPR003961|IPR003961|IPR003961|IPR000719,IPR000494|IPR006211|IPR000494|IPR003961|IPR003961|IPR003961|IPR000494|IPR003961|IPR003961|IPR003961|IPR000719,ACH-001075,IGF1R,IGF1R,Novel,IGF1R--IGF1R
3001,CRTC1--MAML2,ENSG00000105662,ENSG00000184384,Q6UUV9,Q8IZL2,chr19,chr11,18683828,96093517,+,-,DANSY_178933,,IPR048452,IPR048452,ACH-001075,CRTC1,MAML2,Pre-existing,CRTC1--MAML2
3002,SFPQ--ZFP36L1,ENSG00000116560,ENSG00000185650,P23246,Q07352,chr1,chr14,35187001,68790492,-,-,DANSY_179078,IPR000504|IPR000504|IPR012975,IPR000571|IPR000571,IPR000504|IPR000504|IPR012975|IPR000571|IPR000571,ACH-000557,SFPQ,ZFP36L1,Novel,SFPQ--ZFP36L1
3003,COL14A1--FGFR2,ENSG00000066468,ENSG00000187955,P21802,Q05707,chr10,chr8,121483698,120289608,-,+,DANSY_179079,IPR003598|IPR003598|IPR003598|IPR000719,,IPR003598|IPR003598|IPR003598|IPR000719,ACH-000557,FGFR2,COL14A1,Pre-existing,FGFR2--COL14A1
3004,DDX60--DDX60L,ENSG00000137628,ENSG00000181381,Q8IY21,Q5H9U9,chr4,chr4,168302300,168458008,-,-,DANSY_179231,IPR055124,IPR011545|IPR001650|IPR059032,IPR055124|IPR011545|IPR001650|IPR059032,ACH-001844,DDX60,DDX60L,Pre-existing,DDX60--DDX60L
3005,KDM2A--TP53BP1,ENSG00000067369,ENSG00000173120,Q12888,Q9Y2K7,chr15,chr11,43469858,67243009,-,+,DANSY_179281,,IPR002857|IPR001965|IPR001810,IPR002857|IPR001965|IPR001810,ACH-001346,TP53BP1,KDM2A,Pre-existing,TP53BP1--KDM2A
3006,BAG6--NELFE,ENSG00000204463,ENSG00000204356,P46379,P18615,chr6,chr6,31651656,31957010,-,-,DANSY_179433,,IPR000504,IPR000504,ACH-000900,BAG6,NELFE,Pre-existing,BAG6--NELFE
3007,C7orf50--MAD1L1,ENSG00000146540,ENSG00000002822,Q9BRJ6,Q9Y6D9,chr7,chr7,1127257,1980541,-,-,DANSY_179559,,,,ACH-000666,C7orf50,MAD1L1,No Annotation,C7orf50--MAD1L1
3008,LMOD2--TRRAP,ENSG00000196367,ENSG00000170807,Q9Y4A5,Q6P5Q4,chr7,chr7,98956533,123661860,+,+,DANSY_179642,,IPR003124,IPR003124,ACH-000029,TRRAP,LMOD2,Pre-existing,TRRAP--LMOD2
3009,RFX1--ZSWIM4,ENSG00000132003,ENSG00000132005,Q9H7M6,P22670,chr19,chr19,13813164,13983595,+,-,DANSY_179655,IPR007527,IPR007668|IPR003150|IPR057321,IPR007527|IPR007668|IPR003150|IPR057321,ACH-000029,ZSWIM4,RFX1,Novel,ZSWIM4--RFX1
3010,DSG1--MIB1,ENSG00000101752,ENSG00000134760,Q86YT6,Q02413,chr18,chr18,21779685,31338315,+,+,DANSY_179660,IPR010606|IPR000433|IPR010606,IPR000233,IPR010606|IPR000433|IPR010606|IPR000233,ACH-000029,MIB1,DSG1,Novel,MIB1--DSG1
3011,ABCA4--FCHO1,ENSG00000130475,ENSG00000198691,O14526,P78363,chr19,chr1,17766810,94040127,+,-,DANSY_179672,IPR001060,IPR013525|IPR003439|IPR056264,IPR001060|IPR013525|IPR003439|IPR056264,ACH-000029,FCHO1,ABCA4,Novel,FCHO1--ABCA4
3012,ANO8--ICAM5,ENSG00000105376,ENSG00000074855,Q9UMF0,Q9HCE9,chr19,chr19,10292866,17333800,+,-,DANSY_179678,IPR003987|IPR003987|IPR003599|IPR048679|IPR003599,IPR049452|IPR049452,IPR003987|IPR003987|IPR003599|IPR048679|IPR003599|IPR049452|IPR049452,ACH-000029,ICAM5,ANO8,Novel,ICAM5--ANO8
3013,SRPK1--STK38,ENSG00000096063,ENSG00000112079,Q96SB4,Q15208,chr6,chr6,35888024,36521817,-,-,DANSY_179918,,IPR000961,IPR000961,ACH-000217,SRPK1,STK38,Pre-existing,SRPK1--STK38
3014,AP1M2--USP54,ENSG00000129354,ENSG00000166348,Q9Y6Q5,Q70EL1,chr19,chr10,10574417,73505426,-,-,DANSY_179920,IPR022775,,IPR022775,ACH-000217,AP1M2,USP54,Pre-existing,AP1M2--USP54
3015,MIDEAS--NVL,ENSG00000156030,ENSG00000143748,Q6PJG2,O15381,chr14,chr1,73725272,224268133,-,-,DANSY_180022,IPR000949,IPR041569,IPR000949|IPR041569,ACH-000872,MIDEAS,NVL,Novel,MIDEAS--NVL
3016,ASCC1--MICU1,ENSG00000138303,ENSG00000107745,Q8N9N2,Q9BPX6,chr10,chr10,72133057,72375872,-,-,DANSY_180029,IPR004088,IPR002048,IPR004088|IPR002048,ACH-000872,ASCC1,MICU1,Novel,ASCC1--MICU1
3017,CEP128--GTF2A1,ENSG00000100629,ENSG00000165417,Q6ZU80,P52655,chr14,chr14,80895718,81197484,-,-,DANSY_180034,,,,ACH-000872,CEP128,GTF2A1,No Annotation,CEP128--GTF2A1
3018,PCMT1--ULBP1,ENSG00000111981,ENSG00000120265,Q9BZM6,P22061,chr6,chr6,149964134,149771162,+,+,DANSY_180469,,,,ACH-001228,ULBP1,PCMT1,No Annotation,ULBP1--PCMT1
3019,HPN--ZNRF1,ENSG00000186187,ENSG00000105707,Q8ND25,P05981,chr16,chr19,75000095,35059673,+,+,DANSY_180486,,IPR001190|IPR001254,IPR001190|IPR001254,ACH-001228,ZNRF1,HPN,Pre-existing,ZNRF1--HPN
3020,GNE--KIF24,ENSG00000186638,ENSG00000159921,Q5T7B8,Q9Y223,chr9,chr9,34306252,36249397,-,-,DANSY_180561,IPR001660,IPR003331,IPR001660|IPR003331,ACH-000181,KIF24,GNE,Novel,KIF24--GNE
3021,MYH11--NBR1,ENSG00000188554,ENSG00000133392,Q14596,P35749,chr17,chr16,43203786,15721634,+,-,DANSY_180565,IPR000270|IPR000433|IPR032350,,IPR000270|IPR000433|IPR032350,ACH-000181,NBR1,MYH11,Pre-existing,NBR1--MYH11
3022,PRKCH--VWA2,ENSG00000165816,ENSG00000027075,Q5GFL6,P24723,chr10,chr14,114248765,61443111,+,+,DANSY_180672,,IPR002219|IPR002219|IPR000719|IPR000961,IPR002219|IPR002219|IPR000719|IPR000961,ACH-000115,VWA2,PRKCH,Pre-existing,VWA2--PRKCH
3023,EIF4E2--HJURP,ENSG00000123485,ENSG00000135930,Q8NCD3,O60573,chr2,chr2,233840609,232556416,-,+,DANSY_180675,IPR021052|IPR022102|IPR022102,,IPR021052|IPR022102|IPR022102,ACH-000115,HJURP,EIF4E2,Pre-existing,HJURP--EIF4E2
3024,SLC49A4--TIA1,ENSG00000116001,ENSG00000138463,P31483,Q96SL1,chr2,chr3,70248405,122845763,-,+,DANSY_180682,,,,ACH-000115,TIA1,SLC49A4,No Annotation,TIA1--SLC49A4
3025,C16orf70--ENKD1,ENSG00000125149,ENSG00000124074,Q9BSU1,Q9H0I2,chr16,chr16,67110239,67666265,+,-,DANSY_180691,,IPR027012,IPR027012,ACH-000115,C16orf70,ENKD1,Pre-existing,C16orf70--ENKD1
3026,ABCB9--ZDHHC7,ENSG00000153786,ENSG00000150967,Q9NXF8,Q9NP78,chr16,chr12,84990304,122960322,-,-,DANSY_180695,,IPR011527|IPR003439,IPR011527|IPR003439,ACH-000115,ZDHHC7,ABCB9,Pre-existing,ZDHHC7--ABCB9
3027,ZNF577--ZNF841,ENSG00000161551,ENSG00000197608,Q9BSK1,Q6ZN19,chr19,chr19,51877282,52067610,-,-,DANSY_180703,IPR001909,IPR013087|IPR013087|IPR013087|IPR013087|IPR013087|IPR013087|IPR013087|IPR013087|IPR013087|IPR013087|IPR013087|IPR013087|IPR013087|IPR013087|IPR013087|IPR013087|IPR013087|IPR013087|IPR013087|IPR013087|IPR013087|IPR013087|IPR013087,IPR001909|IPR013087|IPR013087|IPR013087|IPR013087|IPR013087|IPR013087|IPR013087|IPR013087|IPR013087|IPR013087|IPR013087|IPR013087|IPR013087|IPR013087|IPR013087|IPR013087|IPR013087|IPR013087|IPR013087|IPR013087|IPR013087|IPR013087|IPR013087,ACH-000115,ZNF577,ZNF841,Pre-existing,ZNF577--ZNF841
3028,ZNF577--ZNF841,ENSG00000161551,ENSG00000197608,Q9BSK1,Q6ZN19,chr19,chr19,51878389,52067610,-,-,DANSY_180705,,IPR013087|IPR013087|IPR013087|IPR013087|IPR013087|IPR013087|IPR013087|IPR013087|IPR013087|IPR013087|IPR013087|IPR013087|IPR013087|IPR013087|IPR013087|IPR013087|IPR013087|IPR013087|IPR013087|IPR013087|IPR013087|IPR013087|IPR013087,IPR013087|IPR013087|IPR013087|IPR013087|IPR013087|IPR013087|IPR013087|IPR013087|IPR013087|IPR013087|IPR013087|IPR013087|IPR013087|IPR013087|IPR013087|IPR013087|IPR013087|IPR013087|IPR013087|IPR013087|IPR013087|IPR013087|IPR013087,ACH-000115,ZNF577,ZNF841,Pre-existing,ZNF577--ZNF841
3029,C5orf47--PDE4D,ENSG00000113448,ENSG00000185056,Q08499,Q569G3,chr5,chr5,59180595,173998153,-,+,DANSY_180707,,,,ACH-000115,PDE4D,C5orf47,No Annotation,PDE4D--C5orf47
3030,HJURP--INPP4A,ENSG00000040933,ENSG00000123485,Q96PE3,Q8NCD3,chr2,chr2,98577143,233837652,+,-,DANSY_180709,IPR000008,,IPR000008,ACH-000115,INPP4A,HJURP,Pre-existing,INPP4A--HJURP
3031,PLPPR2--ZNF57,ENSG00000171970,ENSG00000105520,Q68EA5,Q96GM1,chr19,chr19,2901048,11359607,+,+,DANSY_180711,,IPR000326,IPR000326,ACH-000115,ZNF57,PLPPR2,Pre-existing,ZNF57--PLPPR2
3032,PLPPR2--ZNF57,ENSG00000171970,ENSG00000105520,Q68EA5,Q96GM1,chr19,chr19,2901048,11359532,+,+,DANSY_180712,,IPR000326,IPR000326,ACH-000115,ZNF57,PLPPR2,Pre-existing,ZNF57--PLPPR2
3033,MAST4--NDUFAF2,ENSG00000164182,ENSG00000069020,Q8N183,O15021,chr5,chr5,60945382,66788670,+,+,DANSY_180730,,IPR015022|IPR000719|IPR000961|IPR001478,IPR015022|IPR000719|IPR000961|IPR001478,ACH-000115,NDUFAF2,MAST4,Pre-existing,NDUFAF2--MAST4
3034,CNOT6--S100Z,ENSG00000113300,ENSG00000171643,Q9ULM6,Q8WXG8,chr5,chr5,180553471,76875304,+,+,DANSY_180743,,IPR013787|IPR002048,IPR013787|IPR002048,ACH-000115,CNOT6,S100Z,Pre-existing,CNOT6--S100Z
3035,DOCK2--RANBP17,ENSG00000204764,ENSG00000134516,Q9H2T7,Q92608,chr5,chr5,171293981,169840757,+,+,DANSY_180751,IPR001494|IPR057947,IPR026799,IPR001494|IPR057947|IPR026799,ACH-000115,RANBP17,DOCK2,Novel,RANBP17--DOCK2
3036,DMGDH--JMY,ENSG00000152409,ENSG00000132837,Q8N9B5,Q9UI17,chr5,chr5,79278083,79033408,+,-,DANSY_180753,IPR031808|IPR031808,IPR032503|IPR006222|IPR013977,IPR031808|IPR031808|IPR032503|IPR006222|IPR013977,ACH-000115,JMY,DMGDH,Novel,JMY--DMGDH
3037,CNNM4--PARD3B,ENSG00000158158,ENSG00000116117,Q6P4Q7,Q8TEW8,chr2,chr2,96808742,204965152,+,+,DANSY_180774,IPR057492|IPR002550|IPR044751|IPR000644|IPR000595,IPR001478|IPR001478|IPR001478,IPR057492|IPR002550|IPR044751|IPR000644|IPR000595|IPR001478|IPR001478|IPR001478,ACH-000115,CNNM4,PARD3B,Novel,CNNM4--PARD3B
3038,ABCB9--USP10,ENSG00000103194,ENSG00000150967,Q14694,Q9NP78,chr16,chr12,84700111,122960322,+,-,DANSY_180778,,IPR011527|IPR003439,IPR011527|IPR003439,ACH-000115,USP10,ABCB9,Pre-existing,USP10--ABCB9
3039,ADGRV1--EBF1,ENSG00000164330,ENSG00000164199,Q9UH73,Q8WXG9,chr5,chr5,159096974,90965415,-,+,DANSY_180781,,,,ACH-000115,EBF1,ADGRV1,No Annotation,EBF1--ADGRV1
3040,NUGGC--SCARA5,ENSG00000168079,ENSG00000189233,Q6ZMJ2,Q68CJ6,chr8,chr8,27966414,28045660,-,-,DANSY_181084,,,,ACH-001711,SCARA5,NUGGC,No Annotation,SCARA5--NUGGC
3041,CDK12--TMEM104,ENSG00000109066,ENSG00000167258,Q8NE00,Q9NYV4,chr17,chr17,74790296,39530631,+,+,DANSY_181148,IPR013057,,IPR013057,ACH-000934,TMEM104,CDK12,Pre-existing,TMEM104--CDK12
3042,CDK12--TMEM104,ENSG00000109066,ENSG00000167258,Q8NE00,Q9NYV4,chr17,chr17,74790296,39530604,+,+,DANSY_181149,IPR013057,,IPR013057,ACH-000934,TMEM104,CDK12,Pre-existing,TMEM104--CDK12
3043,MAP1LC3B--ZNF821,ENSG00000140941,ENSG00000102984,Q9GZQ8,O75541,chr16,chr16,87392467,71868037,+,-,DANSY_181156,,IPR013087|IPR013087,IPR013087|IPR013087,ACH-000934,MAP1LC3B,ZNF821,Pre-existing,MAP1LC3B--ZNF821
3044,PHACTR3--RAB22A,ENSG00000124209,ENSG00000087495,Q9UL26,Q96KR7,chr20,chr20,58354265,59743107,+,+,DANSY_181178,IPR005225,,IPR005225,ACH-000934,RAB22A,PHACTR3,Pre-existing,RAB22A--PHACTR3
3045,SLC25A47--YY1,ENSG00000100811,ENSG00000140107,P25490,Q6Q0C1,chr14,chr14,100239923,100325788,+,+,DANSY_181248,,,,ACH-000996,YY1,SLC25A47,No Annotation,YY1--SLC25A47
3046,EOGT--TMF1,ENSG00000144747,ENSG00000163378,P82094,Q5NDL2,chr3,chr3,69038564,68989017,-,-,DANSY_181257,,IPR049625,IPR049625,ACH-000996,TMF1,EOGT,Pre-existing,TMF1--EOGT
3047,ATP6AP1--FLNA,ENSG00000196924,ENSG00000071553,P21333,Q15904,chrX,chrX,154361308,154431830,-,+,DANSY_181353,IPR001715|IPR001715,IPR046755|IPR046756,IPR001715|IPR001715|IPR046755|IPR046756,ACH-001529,FLNA,ATP6AP1,Novel,FLNA--ATP6AP1
3048,DMXL1--TNFAIP8,ENSG00000172869,ENSG00000145779,Q9Y485,O95379,chr5,chr5,119121139,119392816,+,+,DANSY_181385,,,,ACH-001529,DMXL1,TNFAIP8,No Annotation,DMXL1--TNFAIP8
3049,ARHGAP26--HAVCR1,ENSG00000113249,ENSG00000145819,Q96D42,Q9UNA1,chr5,chr5,157037247,143037196,-,+,DANSY_181405,IPR003599,IPR000198|IPR001452,IPR003599|IPR000198|IPR001452,ACH-001529,HAVCR1,ARHGAP26,Novel,HAVCR1--ARHGAP26
3050,GBF1--PRDX3,ENSG00000107862,ENSG00000165672,Q92538,P30048,chr10,chr10,102260116,119174592,+,-,DANSY_181595,,IPR000866|IPR019479,IPR000866|IPR019479,ACH-000320,GBF1,PRDX3,Pre-existing,GBF1--PRDX3
3051,SLC4A7--SUMF1,ENSG00000033867,ENSG00000144455,Q9Y6M7,Q8NBK3,chr3,chr3,27400764,4410978,-,-,DANSY_181596,IPR013769|IPR013769,,IPR013769|IPR013769,ACH-000320,SLC4A7,SUMF1,Pre-existing,SLC4A7--SUMF1
3052,LRRC27--PRDX3,ENSG00000165672,ENSG00000148814,P30048,Q9C0I9,chr10,chr10,119177021,132344498,-,+,DANSY_181599,,,,ACH-000320,PRDX3,LRRC27,No Annotation,PRDX3--LRRC27
3053,GNA11--NCLN,ENSG00000125912,ENSG00000088256,Q969V3,P29992,chr19,chr19,3193428,3110149,+,+,DANSY_181711,,,,ACH-000505,NCLN,GNA11,No Annotation,NCLN--GNA11
3054,GNA11--NCLN,ENSG00000125912,ENSG00000088256,Q969V3,P29992,chr19,chr19,3186214,3110149,+,+,DANSY_181712,,,,ACH-000505,NCLN,GNA11,No Annotation,NCLN--GNA11
3055,PPP3CC--SLC39A14,ENSG00000120910,ENSG00000104635,P48454,Q15043,chr8,chr8,22475624,22404696,+,+,DANSY_181718,,,,ACH-000505,PPP3CC,SLC39A14,No Annotation,PPP3CC--SLC39A14
3056,CLDN16--PTP4A2,ENSG00000184007,ENSG00000113946,Q12974,Q9Y5I7,chr1,chr3,31915895,190402337,-,+,DANSY_181721,,,,ACH-000505,PTP4A2,CLDN16,No Annotation,PTP4A2--CLDN16
3057,BCAT1--TSPAN11,ENSG00000060982,ENSG00000110900,P54687,A1L157,chr12,chr12,24842082,30953981,-,+,DANSY_181734,,,,ACH-000505,BCAT1,TSPAN11,No Annotation,BCAT1--TSPAN11
3058,ARHGEF12--POU2F3,ENSG00000196914,ENSG00000137709,Q9NZN5,Q9UKI9,chr11,chr11,120407823,120246449,+,+,DANSY_181736,,IPR000327|IPR001356,IPR000327|IPR001356,ACH-000505,ARHGEF12,POU2F3,Pre-existing,ARHGEF12--POU2F3
3059,ARHGEF12--POU2F3,ENSG00000196914,ENSG00000137709,Q9NZN5,Q9UKI9,chr11,chr11,120409450,120246449,+,+,DANSY_181737,,IPR000327|IPR001356,IPR000327|IPR001356,ACH-000505,ARHGEF12,POU2F3,Pre-existing,ARHGEF12--POU2F3
3060,HK1--TSPAN15,ENSG00000099282,ENSG00000156515,O95858,P19367,chr10,chr10,69485215,69364783,+,+,DANSY_181758,,IPR022673|IPR022672|IPR022673,IPR022673|IPR022672|IPR022673,ACH-000505,TSPAN15,HK1,Pre-existing,TSPAN15--HK1
3061,GRB14--IFIH1,ENSG00000115290,ENSG00000115267,Q14449,Q9BYX4,chr2,chr2,164521980,162310933,-,-,DANSY_181859,IPR000159,IPR006935|IPR041204|IPR001650|IPR021673,IPR000159|IPR006935|IPR041204|IPR001650|IPR021673,ACH-000781,GRB14,IFIH1,Novel,GRB14--IFIH1
3062,MED29--PLEKHG2,ENSG00000090924,ENSG00000063322,Q9H7P9,Q9NX70,chr19,chr19,39417000,39397457,+,+,DANSY_181861,,,,ACH-000781,PLEKHG2,MED29,No Annotation,PLEKHG2--MED29
3063,NRG1--SCARA5,ENSG00000157168,ENSG00000168079,Q02297,Q6ZMJ2,chr8,chr8,31640729,27879766,+,-,DANSY_181877,,IPR001190,IPR001190,ACH-000781,NRG1,SCARA5,Pre-existing,NRG1--SCARA5
3064,ABL1--BCR,ENSG00000186716,ENSG00000097007,P11274,P00519,chr22,chr9,23289621,130854064,+,+,DANSY_182046,IPR015123|IPR000219|IPR001849,IPR001452|IPR000980|IPR000719|IPR015015,IPR015123|IPR000219|IPR001849|IPR001452|IPR000980|IPR000719|IPR015015,ACH-000920,BCR,ABL1,Novel,BCR--ABL1
3065,PML--RARA,ENSG00000131759,ENSG00000140464,P10276,P29590,chr17,chr15,40331396,74034478,+,+,DANSY_182162,,IPR057617,IPR057617,ACH-000294,RARA,PML,Pre-existing,RARA--PML
3066,PML--RARA,ENSG00000140464,ENSG00000131759,P29590,P10276,chr15,chr17,74033414,40348316,+,+,DANSY_182163,IPR001841|IPR000315|IPR000315,IPR001628|IPR000536,IPR001841|IPR000315|IPR000315|IPR001628|IPR000536,ACH-000294,PML,RARA,Novel,PML--RARA
3067,AK4--DNAJC6,ENSG00000162433,ENSG00000116675,P27144,O75061,chr1,chr1,65148552,65364635,+,+,DANSY_182244,,IPR000387|IPR014020|IPR001623,IPR000387|IPR014020|IPR001623,ACH-000422,AK4,DNAJC6,Pre-existing,AK4--DNAJC6
3068,CDKN2A--MTAP,ENSG00000147889,ENSG00000099810,P42771,Q13126,chr9,chr9,21974678,21861976,-,+,DANSY_182309,,,,ACH-000200,CDKN2A,MTAP,No Annotation,CDKN2A--MTAP
3069,EYS--PHF3,ENSG00000118482,ENSG00000188107,Q92576,Q5T1H1,chr6,chr6,63646795,63806372,+,-,DANSY_182311,,IPR001791|IPR000742|IPR000742|IPR001791|IPR000742|IPR000742|IPR001791,IPR001791|IPR000742|IPR000742|IPR001791|IPR000742|IPR000742|IPR001791,ACH-000200,PHF3,EYS,Pre-existing,PHF3--EYS
3070,ATG4A--VSIG1,ENSG00000101844,ENSG00000101842,Q8WYN0,Q86XK7,chrX,chrX,108091836,108076077,+,+,DANSY_182317,,,,ACH-000200,ATG4A,VSIG1,No Annotation,ATG4A--VSIG1
3071,IL17RC--TTLL3,ENSG00000163702,ENSG00000214021,Q8NAC3,Q9Y4R7,chr3,chr3,9918598,9820546,+,+,DANSY_182401,,,,ACH-000968,IL17RC,TTLL3,No Annotation,IL17RC--TTLL3
3072,ARPC4-TTLL3--IL17RC,ENSG00000163702,ENSG00000250151,Q8NAC3,,chr3,chr3,9918598,9820546,+,+,DANSY_182406,,,,ACH-000968,IL17RC,ARPC4-TTLL3,,IL17RC--ARPC4-TTLL3
3073,CPNE8--RHPN2,ENSG00000131941,ENSG00000139117,Q8IUC4,Q86YQ8,chr19,chr12,33044249,38677554,-,-,DANSY_182565,,,,ACH-000114,RHPN2,CPNE8,No Annotation,RHPN2--CPNE8
3074,CLIP2--EIF4H,ENSG00000106665,ENSG00000106682,Q9UDT6,Q15056,chr7,chr7,74317667,74195169,+,+,DANSY_183077,,,,ACH-000036,CLIP2,EIF4H,No Annotation,CLIP2--EIF4H
3075,TMEM35B--ZMYM6,ENSG00000243749,ENSG00000163867,Q8NCS4,O95789,chr1,chr1,34985198,34992387,-,-,DANSY_183082,,,,ACH-000036,TMEM35B,ZMYM6,No Annotation,TMEM35B--ZMYM6
3076,GAREM2--RAB10,ENSG00000157833,ENSG00000084733,Q75VX8,P61026,chr2,chr2,26176484,26098662,+,+,DANSY_183249,,,,ACH-000973,GAREM2,RAB10,No Annotation,GAREM2--RAB10
3077,CLTC--VMP1,ENSG00000141367,ENSG00000062716,Q00610,Q96GC9,chr17,chr17,59620173,59839768,+,+,DANSY_183250,,IPR059828,IPR059828,ACH-000973,CLTC,VMP1,Pre-existing,CLTC--VMP1
3078,KIF2C--PLK3,ENSG00000173846,ENSG00000142945,Q9H4B4,Q99661,chr1,chr1,44800947,44747384,+,+,DANSY_183317,,IPR001752,IPR001752,ACH-001128,PLK3,KIF2C,Pre-existing,PLK3--KIF2C
3079,PATJ--TBCK,ENSG00000132849,ENSG00000145348,Q8NI35,Q8TEA7,chr1,chr4,61827583,106046680,+,-,DANSY_183602,IPR004172|IPR001478|IPR001478|IPR001478|IPR001478,,IPR004172|IPR001478|IPR001478|IPR001478|IPR001478,ACH-002669,PATJ,TBCK,Pre-existing,PATJ--TBCK
3080,SLC4A10--TANC1,ENSG00000115183,ENSG00000144290,Q9C0D5,Q6U841,chr2,chr2,159097834,161839789,+,+,DANSY_183606,,IPR013769|IPR011531,IPR013769|IPR011531,ACH-002669,TANC1,SLC4A10,Pre-existing,TANC1--SLC4A10
3081,ABLIM1--ACOT11,ENSG00000162390,ENSG00000099204,Q8WXI4,O14639,chr1,chr10,54597415,114436311,+,-,DANSY_183630,IPR006683,,IPR006683,ACH-002669,ACOT11,ABLIM1,Pre-existing,ACOT11--ABLIM1
3082,ETV1--PDS5A,ENSG00000121892,ENSG00000006468,Q29RF7,P50549,chr4,chr7,39920319,13896087,-,-,DANSY_183737,,,,ACH-001858,PDS5A,ETV1,No Annotation,PDS5A--ETV1
3083,EWSR1--FLI1,ENSG00000182944,ENSG00000151702,Q01844,Q01543,chr22,chr11,29287134,128805366,+,+,DANSY_184129,,IPR000418,IPR000418,ACH-000052,EWSR1,FLI1,Pre-existing,EWSR1--FLI1
