,mean_length,aa_buffer
IPR001017,295.5,5
IPR008211,243.6875,5
IPR002049,52.78846153846154,5
IPR001134,128.56521739130434,5
IPR040460,235.0,5
IPR041263,161.4,5
IPR011611,297.0,5
IPR041611,101.0,5
IPR012852,381.0,5
IPR041641,26.5,2
IPR001090,181.5,5
IPR011641,42.89473684210526,2
IPR003961,97.81695331695332,5
IPR027936,75.0,5
IPR000719,276.0991902834008,5
IPR001660,66.56140350877193,5
IPR031925,108.0,5
IPR006599,36.1,2
IPR001841,45.137071651090345,2
IPR016137,122.84210526315789,5
IPR000961,69.18181818181819,5
IPR001849,112.0873786407767,5
IPR031628,173.0,5
IPR032365,113.5,5
IPR020089,58.5,5
IPR020090,61.5,5
IPR017452,255.74555403556772,5
IPR001356,64.12367491166077,5
IPR003654,16.625,2
IPR000086,142.77777777777777,5
IPR001506,197.16666666666666,5
IPR000859,111.81645569620254,5
IPR000742,37.25298013245033,2
IPR003893,17.0,2
IPR002219,50.773809523809526,5
IPR001206,140.86666666666667,5
IPR000756,162.7,5
IPR001909,72.36103896103896,5
IPR013087,26.731345244351026,2
IPR033122,288.0,5
IPR014044,146.86666666666667,5
IPR005135,276.2352941176471,5
IPR001304,125.66666666666667,5
IPR025766,133.25,5
IPR000330,313.5,5
IPR001650,166.26605504587155,5
IPR058901,100.0,5
IPR013106,108.52,5
IPR010033,127.0,5
IPR008197,49.17391304347826,2
IPR045371,87.56,5
IPR010294,111.16,5
IPR000331,218.45454545454547,5
IPR001683,121.8125,5
IPR000595,118.23913043478261,5
IPR000591,77.57692307692308,5
IPR000651,131.625,5
IPR001895,253.73333333333332,5
IPR027486,95.0,5
IPR001839,118.80555555555556,5
IPR003112,256.9230769230769,5
IPR003599,94.81687242798354,5
IPR003598,66.77909270216962,5
IPR055236,95.66666666666667,5
IPR006887,515.0,5
IPR013520,176.07142857142858,5
IPR032628,278.75,5
IPR001054,216.17241379310346,5
IPR041933,46.0,2
IPR001315,88.44827586206897,5
IPR013787,42.535714285714285,2
IPR002048,53.203647416413375,5
IPR054521,78.0,5
IPR002125,122.61904761904762,5
IPR011072,82.27777777777777,5
IPR000008,125.57723577235772,5
IPR000210,107.83333333333333,5
IPR006796,51.5,5
IPR047304,82.0,5
IPR040723,108.0,5
IPR002642,568.3333333333334,5
IPR002087,93.5,5
IPR002687,233.66666666666666,5
IPR019175,127.0,5
IPR011545,164.94444444444446,5
IPR010716,202.0,5
IPR013257,74.5,5
IPR003597,81.69369369369369,5
IPR007110,92.93388429752066,5
IPR001828,344.35135135135135,5
IPR019011,34.0,2
IPR002123,131.23529411764707,5
IPR032098,72.0,5
IPR001878,15.932432432432432,2
IPR004910,97.25,5
IPR019103,111.5,5
IPR011705,101.4,5
IPR000315,42.43956043956044,2
IPR001870,196.36274509803923,5
IPR019082,59.333333333333336,5
IPR048455,668.0,5
IPR007320,102.0,5
IPR017942,193.07142857142858,5
IPR001124,208.2,5
IPR020598,187.33333333333334,5
IPR007582,135.0,5
IPR000261,96.0,5
IPR026590,263.7142857142857,5
IPR006642,28.4,2
IPR003593,154.27868852459017,5
IPR032423,89.0,5
IPR021886,150.0,5
IPR056268,69.0,5
IPR056269,91.0,5
IPR056266,107.5,5
IPR056965,87.0,5
IPR001715,109.37719298245614,5
IPR057057,173.66666666666666,5
IPR056887,88.5,5
IPR012315,58.25,5
IPR000504,77.52392947103274,5
IPR000571,27.251908396946565,2
IPR011500,51.38461538461539,5
IPR017978,266.72727272727275,5
IPR019588,50.0,5
IPR002126,116.77866666666667,5
IPR048528,148.83333333333334,5
IPR048524,30.5,2
IPR053891,49.27272727272727,2
IPR013524,129.0,5
IPR013711,93.33333333333333,5
IPR010560,300.0,5
IPR053896,85.57142857142857,5
IPR027350,287.0,5
IPR001452,61.814332247557005,5
IPR002035,183.952,5
IPR000436,60.16814159292036,5
IPR003410,82.75,5
IPR001759,200.15384615384616,5
IPR027450,143.5,5
IPR002404,105.91666666666667,5
IPR011019,182.33333333333334,5
IPR000299,307.38,5
IPR001478,84.04428044280442,5
IPR022772,114.0,5
IPR007527,37.25,2
IPR057945,196.0,5
IPR048370,172.75,5
IPR039497,237.93548387096774,5
IPR021885,106.2,5
IPR001214,156.1153846153846,5
IPR000159,89.0,5
IPR000253,69.96969696969697,5
IPR002710,272.1666666666667,5
IPR003380,100.57142857142857,5
IPR006598,335.0,5
IPR001111,201.85714285714286,5
IPR029104,153.0625,5
IPR000328,171.33333333333334,5
IPR013079,219.0,5
IPR023569,110.5,5
IPR006083,191.33333333333334,5
IPR000836,148.45454545454547,5
IPR011489,73.625,5
IPR000782,135.04545454545453,5
IPR055438,195.0,5
IPR007036,80.5,5
IPR001190,100.16304347826087,5
IPR000182,157.2,5
IPR006085,98.4,5
IPR006086,86.0,5
IPR032734,224.0,5
IPR047319,212.0,5
IPR002870,82.02941176470588,5
IPR001590,204.825,5
IPR001762,83.04545454545455,5
IPR006586,117.28571428571429,5
IPR032069,104.66666666666667,5
IPR001394,400.9178082191781,5
IPR000198,193.07575757575756,5
IPR002913,201.8,5
IPR056513,45.0,2
IPR012604,44.0,2
IPR012313,34.4,2
IPR048841,300.0,5
IPR028881,381.0,5
IPR006671,113.26470588235294,5
IPR013763,94.0,5
IPR000494,113.21428571428571,5
IPR006211,154.0,5
IPR032778,131.0,5
IPR049328,34.666666666666664,2
IPR039064,50.5,5
IPR000980,97.98319327731092,5
IPR003123,149.7,5
IPR000313,85.2,5
IPR055231,218.33333333333334,5
IPR054573,78.0,5
IPR059073,171.0,5
IPR000241,150.0,5
IPR012981,149.66666666666666,5
IPR041442,83.5,5
IPR023796,360.5,5
IPR001194,187.47058823529412,5
IPR005112,81.3125,5
IPR057977,111.0,5
IPR000262,340.0,5
IPR006703,206.1,5
IPR023340,47.8,2
IPR005225,149.57051282051282,5
IPR031435,62.0,5
IPR055422,123.2,5
IPR055421,147.0,5
IPR031437,97.0,5
IPR055423,136.6,5
IPR055424,114.6,5
IPR031436,79.6,5
IPR001300,348.53333333333336,5
IPR054093,125.0,5
IPR057249,205.0,5
IPR054094,107.0,5
IPR054095,274.0,5
IPR008883,143.0,5
IPR017916,74.0,5
IPR015898,67.44444444444444,5
IPR007889,51.642857142857146,5
IPR006600,72.46153846153847,5
IPR004875,161.66666666666666,5
IPR041573,77.0,5
IPR003108,76.14285714285714,5
IPR005123,108.85714285714286,5
IPR053872,159.0,5
IPR053871,442.0,5
IPR053874,126.0,5
IPR053873,201.0,5
IPR041645,67.0,5
IPR010909,38.22222222222222,2
IPR001164,121.89655172413794,5
IPR003877,185.0,5
IPR000566,133.8421052631579,5
IPR009581,213.33333333333334,5
IPR014800,149.33333333333334,5
IPR014799,285.75,5
IPR018993,72.0,5
IPR031794,127.5,5
IPR008753,392.125,5
IPR018497,210.25,5
IPR003309,108.43333333333334,5
IPR020067,122.79166666666667,5
IPR000539,326.3636363636364,5
IPR029205,73.5,5
IPR040885,150.5,5
IPR003121,80.16666666666667,5
IPR001876,28.522727272727273,2
IPR001163,75.55,5
IPR003604,34.0,2
IPR001064,82.19047619047619,5
IPR000772,127.11538461538461,5
IPR031904,125.86486486486487,5
IPR005612,169.66666666666666,5
IPR008154,164.66666666666666,5
IPR002223,54.074074074074076,5
IPR024329,198.0,5
IPR013803,38.0,2
IPR019543,50.333333333333336,5
IPR040994,57.5,5
IPR012919,157.0,5
IPR000073,180.0,5
IPR002130,156.875,5
IPR048723,67.0,5
IPR041569,39.206896551724135,2
IPR011650,130.2,5
IPR000922,90.33333333333333,5
IPR039500,140.66666666666666,5
IPR005176,188.0,5
IPR019466,46.25,2
IPR000569,363.2857142857143,5
IPR001766,94.3529411764706,5
IPR013057,337.9,5
IPR032549,92.4,5
IPR041577,97.0,5
IPR046879,147.5,5
IPR042052,380.0,5
IPR046937,41.25,2
IPR008145,181.6,5
IPR001251,160.4814814814815,5
IPR056466,77.0,5
IPR000219,185.70833333333334,5
IPR006052,141.5,5
IPR019010,133.0,5
IPR000717,181.5,5
IPR055414,97.11111111111111,5
IPR041859,119.0,5
IPR041858,101.0,5
IPR041860,119.0,5
IPR043838,184.5,5
IPR001879,83.22222222222223,5
IPR032471,116.5,5
IPR057244,162.91176470588235,5
IPR017981,252.58333333333334,5
IPR039551,578.4285714285714,5
IPR011546,90.5,5
IPR000642,179.33333333333334,5
IPR000483,50.52,5
IPR048739,119.0,5
IPR034085,237.23529411764707,5
IPR048738,110.0,5
IPR000270,82.35714285714286,5
IPR002073,343.1904761904762,5
IPR011987,115.0,5
IPR000095,44.94444444444444,2
IPR023412,117.86666666666666,5
IPR045818,314.0,5
IPR041470,304.4,5
IPR040457,319.2,5
IPR013810,64.5,5
IPR005324,70.0,5
IPR021151,89.25,5
IPR056783,51.0,5
IPR028097,223.33333333333334,5
IPR013099,67.88888888888889,5
IPR029903,292.0,5
IPR003890,208.0,5
IPR003113,95.75,5
IPR000341,105.28571428571429,5
IPR002420,168.71428571428572,5
IPR001263,197.6,5
IPR000403,311.10526315789474,5
IPR013649,151.625,5
IPR048285,144.77777777777777,5
IPR043976,131.625,5
IPR040778,54.666666666666664,5
IPR027795,64.8,5
IPR049479,82.5,5
IPR059105,85.875,5
IPR001752,354.68888888888887,5
IPR032405,124.83333333333333,5
IPR022140,43.6,2
IPR022164,104.57142857142857,5
IPR001368,38.72463768115942,2
IPR006202,198.7173913043478,5
IPR006029,179.28571428571428,5
IPR000953,63.095238095238095,5
IPR003653,223.85714285714286,5
IPR023410,240.57142857142858,5
IPR041336,293.0,5
IPR001098,388.3333333333333,5
IPR056795,34.0,2
IPR021072,91.625,5
IPR002190,196.66666666666666,5
IPR000679,52.80952380952381,5
IPR031320,110.17857142857143,5
IPR006011,152.4,5
IPR000727,75.87096774193549,5
IPR006821,83.42857142857143,5
IPR039008,314.5810810810811,5
IPR016179,107.3,5
IPR057073,41.285714285714285,2
IPR013111,30.5,2
IPR001875,80.6,5
IPR013151,73.0,5
IPR007604,241.16666666666666,5
IPR037599,66.0,5
IPR057520,76.5,5
IPR008144,155.5,5
IPR035998,100.0,5
IPR003595,145.8,5
IPR001079,131.77272727272728,5
IPR004020,87.875,5
IPR007111,219.625,5
IPR041075,53.583333333333336,5
IPR041267,121.23529411764706,5
IPR049317,141.0,5
IPR049318,101.0,5
IPR004021,199.2,5
IPR006782,72.5,5
IPR000072,98.55555555555556,5
IPR016071,124.0,5
IPR002999,90.96666666666667,5
IPR013092,212.86363636363637,5
IPR001487,106.74137931034483,5
IPR007803,144.66666666666666,5
IPR022082,96.66666666666667,5
IPR020575,36.0,2
IPR019542,144.0,5
IPR009607,241.5,5
IPR028030,108.66666666666667,5
IPR009771,158.0,5
IPR001810,47.52238805970149,2
IPR001623,71.91836734693878,5
IPR002939,164.4,5
IPR006571,169.28571428571428,5
IPR011645,142.66666666666666,5
IPR025933,29.12,2
IPR019464,221.66666666666666,5
IPR010844,109.83333333333333,5
IPR007529,32.833333333333336,2
IPR057721,146.0,5
IPR006911,213.63636363636363,5
IPR001030,356.25,5
IPR000573,126.33333333333333,5
IPR002867,65.81818181818181,5
IPR015353,126.66666666666667,5
IPR000488,87.94285714285714,5
IPR000157,152.92307692307693,5
IPR006020,150.28571428571428,5
IPR055093,148.5,5
IPR041418,60.0,5
IPR020828,148.0,5
IPR020829,157.0,5
IPR001926,294.0,5
IPR001604,224.33333333333334,5
IPR001003,80.66666666666667,5
IPR057400,59.0,5
IPR056274,90.0,5
IPR020846,425.2674418604651,5
IPR005645,212.0,5
IPR019402,216.33333333333334,5
IPR032070,62.5,5
IPR002083,143.33333333333334,5
IPR002014,140.11111111111111,5
IPR004152,108.16666666666667,5
IPR008152,117.11111111111111,5
IPR037862,131.0,5
IPR046969,150.0,5
IPR000909,151.33333333333334,5
IPR001711,115.73333333333333,5
IPR014815,264.25,5
IPR032444,97.32,5
IPR054134,105.0,5
IPR018484,241.28571428571428,5
IPR002100,60.0,5
IPR003323,149.46666666666667,5
IPR002653,32.76923076923077,2
IPR017920,70.3,5
IPR003395,967.0,5
IPR029273,79.16666666666667,5
IPR005018,115.4,5
IPR000323,120.25,5
IPR024548,148.5,5
IPR040598,82.0,5
IPR002478,76.2,5
IPR009071,70.08695652173913,5
IPR001667,152.0,5
IPR004097,144.0,5
IPR001357,89.91111111111111,5
IPR002054,333.75,5
IPR022207,141.0,5
IPR018955,160.2,5
IPR003594,134.07692307692307,5
IPR033699,113.0,5
IPR033698,114.0,5
IPR000959,80.25,5
IPR006715,343.0,5
IPR000418,85.93103448275862,5
IPR024675,117.0,5
IPR003175,48.333333333333336,2
IPR002938,101.33333333333333,5
IPR057494,129.0,5
IPR001781,60.037267080745345,5
IPR022735,150.0,5
IPR056177,124.0,5
IPR056178,122.0,5
IPR042371,67.0,5
IPR045807,107.0,5
IPR045806,137.0,5
IPR001254,230.664,5
IPR000082,120.36585365853658,5
IPR006561,362.6,5
IPR046903,177.4,5
IPR046906,80.45454545454545,5
IPR024041,377.4,5
IPR004087,72.58241758241758,5
IPR013154,105.375,5
IPR001670,172.0,5
IPR056798,190.0,5
IPR010473,204.22222222222223,5
IPR010472,210.77777777777777,5
IPR015425,469.6923076923077,5
IPR014767,31.857142857142858,2
IPR000747,17.0,2
IPR020479,15.0,2
IPR001202,33.354838709677416,2
IPR022035,175.0,5
IPR018972,72.0,5
IPR006809,89.07142857142857,5
IPR005818,81.8,5
IPR028055,202.5,5
IPR004045,81.34782608695652,5
IPR004046,81.72727272727273,5
IPR000519,49.357142857142854,2
IPR025887,168.42857142857142,5
IPR000322,319.9166666666667,5
IPR048395,87.72727272727273,5
IPR012682,160.66666666666666,5
IPR011598,58.99122807017544,5
IPR001627,476.51612903225805,5
IPR016201,50.76470588235294,5
IPR056994,60.0,5
IPR009349,45.0,2
IPR056993,53.0,5
IPR007374,110.0,5
IPR016054,81.42105263157895,5
IPR023339,53.0,5
IPR034353,103.0,5
IPR015042,45.333333333333336,2
IPR004843,208.78571428571428,5
IPR000467,47.08571428571429,2
IPR006575,111.36363636363636,5
IPR002483,82.0,5
IPR000608,148.55,5
IPR048287,183.94444444444446,5
IPR000885,223.54545454545453,5
IPR000866,132.8,5
IPR019479,34.0,2
IPR008011,55.666666666666664,5
IPR000007,218.2,5
IPR000232,109.0,5
IPR025259,179.0,5
IPR000327,76.8125,5
IPR040445,140.8125,5
IPR041647,169.25,5
IPR000242,261.22,5
IPR019515,219.5,5
IPR012501,129.0,5
IPR002818,166.0,5
IPR056282,185.5,5
IPR055408,424.8333333333333,5
IPR048465,212.75,5
IPR055406,255.57142857142858,5
IPR001025,141.07692307692307,5
IPR000949,96.6923076923077,5
IPR001005,55.09722222222222,5
IPR035170,76.33333333333333,5
IPR002018,514.6666666666666,5
IPR058766,53.0,5
IPR013923,190.0,5
IPR031775,99.66666666666667,5
IPR046810,119.0,5
IPR011259,75.25,5
IPR032455,84.90243902439025,5
IPR046755,121.5,5
IPR046756,35.0,2
IPR010625,33.0,2
IPR001853,203.0,5
IPR004827,62.333333333333336,5
IPR015134,34.0,2
IPR024448,180.0,5
IPR006692,249.5,5
IPR056176,168.0,5
IPR003886,195.2,5
IPR032629,174.5,5
IPR032691,159.5,5
IPR000904,191.25,5
IPR015403,75.75,5
IPR046455,173.66666666666666,5
IPR003008,240.91666666666666,5
IPR018316,140.8181818181818,5
IPR001322,117.2,5
IPR058914,105.0,5
IPR022682,134.35714285714286,5
IPR046859,123.0,5
IPR006711,182.5,5
IPR012336,98.5,5
IPR041185,273.5,5
IPR022007,37.0,2
IPR001516,50.0,5
IPR001750,277.0,5
IPR010934,180.0,5
IPR021935,166.5,5
IPR000195,225.27777777777777,5
IPR058533,230.1,5
IPR027470,73.5,5
IPR044069,42.0,2
IPR041491,258.25,5
IPR057366,195.8,5
IPR005821,248.125,5
IPR032415,55.0,5
IPR004166,226.16666666666666,5
IPR000731,142.69230769230768,5
IPR003131,81.66666666666667,5
IPR056921,85.0,5
IPR001537,162.0,5
IPR007148,102.66666666666667,5
IPR046364,364.0,5
IPR033133,351.6666666666667,5
IPR012959,139.0,5
IPR013694,131.4,5
IPR013170,46.333333333333336,2
IPR024945,127.5,5
IPR000834,336.76,5
IPR012466,156.0,5
IPR002181,181.75,5
IPR013217,100.25,5
IPR057248,98.5,5
IPR030379,272.3076923076923,5
IPR001936,339.2,5
IPR018392,44.666666666666664,2
IPR041510,248.0,5
IPR028928,170.0,5
IPR056290,108.75,5
IPR056288,127.33333333333333,5
IPR000372,33.52307692307692,2
IPR025986,90.66666666666667,5
IPR053936,178.0,5
IPR047843,261.5,5
IPR011074,33.083333333333336,2
IPR009038,159.44444444444446,5
IPR012848,24.714285714285715,2
IPR033121,321.8,5
IPR004850,126.0,5
IPR003645,22.785714285714285,2
IPR002350,54.493506493506494,5
IPR001791,178.23728813559322,5
IPR010569,443.8333333333333,5
IPR001041,91.83333333333333,5
IPR017896,37.6,2
IPR053879,94.4,5
IPR033768,198.0,5
IPR041010,25.0,2
IPR014898,27.0,2
IPR058719,72.0,5
IPR006076,360.75,5
IPR004841,320.61538461538464,5
IPR018491,189.64285714285714,5
IPR001747,628.5,5
IPR015255,313.0,5
IPR009454,111.0,5
IPR022176,55.0,5
IPR031912,111.0,5
IPR057468,41.0,2
IPR000089,74.81818181818181,5
IPR004167,37.333333333333336,2
IPR001078,228.0,5
IPR011106,91.8,5
IPR029344,69.0,5
IPR011128,167.0,5
IPR006109,145.5,5
IPR024462,304.0,5
IPR006775,365.0,5
IPR029479,169.0,5
IPR002004,77.0,5
IPR003034,34.47826086956522,2
IPR009269,97.5,5
IPR004853,269.0,5
IPR049630,42.0,2
IPR003124,23.458333333333332,2
IPR056582,514.0,5
IPR056583,391.0,5
IPR057873,137.0,5
IPR003959,116.0,5
IPR004147,240.0,5
IPR057855,323.0,5
IPR039468,274.0,5
IPR056168,343.0,5
IPR056170,43.5,2
IPR004367,121.76470588235294,5
IPR007379,148.5,5
IPR007052,91.58823529411765,5
IPR046371,100.1,5
IPR041670,41.0,2
IPR007235,119.0,5
IPR008253,151.74193548387098,5
IPR007667,89.6,5
IPR020859,238.0,5
IPR013602,407.8666666666667,5
IPR041466,119.93333333333334,5
IPR041589,89.5,5
IPR024743,325.06666666666666,5
IPR035706,202.2,5
IPR004273,114.46666666666667,5
IPR041658,139.42857142857142,5
IPR041228,308.125,5
IPR012502,543.0,5
IPR000463,19.28,2
IPR022575,122.75,5
IPR057950,126.5,5
IPR000306,70.33333333333333,5
IPR057860,244.0,5
IPR012978,273.0,5
IPR015248,73.5,5
IPR004192,65.0,5
IPR005805,11.666666666666666,2
IPR058981,159.0,5
IPR001881,42.57142857142857,2
IPR055088,99.0,5
IPR000555,134.16666666666666,5
IPR056263,79.0,5
IPR031330,313.25,5
IPR048912,105.5,5
IPR048913,59.0,5
IPR019486,124.33333333333333,5
IPR032226,283.6666666666667,5
IPR034924,91.0,5
IPR055347,82.0,5
IPR056907,270.0,5
IPR029400,181.0,5
IPR029425,705.0,5
IPR029424,375.0,5
IPR057038,29.0,2
IPR006757,204.0,5
IPR004009,50.1578947368421,5
IPR001609,712.3076923076923,5
IPR002928,909.3157894736842,5
IPR001846,185.98305084745763,5
IPR014853,73.0925925925926,5
IPR002919,54.15151515151515,5
IPR001007,63.53191489361702,5
IPR058753,55.142857142857146,5
IPR025155,87.0,5
IPR006207,84.23809523809524,5
IPR044064,48.0,2
IPR029197,201.66666666666666,5
IPR056807,26.75,2
IPR032498,168.0,5
IPR004274,164.75,5
IPR014847,45.76923076923077,2
IPR013594,440.27272727272725,5
IPR003439,232.9,5
IPR013525,273.25925925925924,5
IPR007051,60.25,5
IPR001305,79.4,5
IPR010504,233.6,5
IPR006723,225.0,5
IPR022247,41.75,2
IPR023341,152.8,5
IPR005113,94.6,5
IPR007848,89.0,5
IPR055135,158.88888888888889,5
IPR019316,126.33333333333333,5
IPR039473,164.5,5
IPR055401,175.6,5
IPR055400,182.5,5
IPR039477,86.33333333333333,5
IPR025605,73.53846153846153,5
IPR040504,97.0,5
IPR040450,64.0,5
IPR000156,134.55,5
IPR057326,194.8,5
IPR014720,67.36585365853658,5
IPR046360,192.76470588235293,5
IPR032385,241.5,5
IPR035587,261.0,5
IPR001799,135.875,5
IPR011722,116.5,5
IPR007474,127.5,5
IPR001628,75.19565217391305,5
IPR000536,238.9375,5
IPR055355,86.5,5
IPR022778,167.0,5
IPR000387,59.470588235294116,5
IPR002477,55.666666666666664,5
IPR001818,146.44,5
IPR000585,198.95833333333334,5
IPR000421,149.43333333333334,5
IPR028124,72.66666666666667,5
IPR007275,134.0,5
IPR006862,125.2,5
IPR014940,206.8,5
IPR011607,148.0,5
IPR025714,143.125,5
IPR054109,44.166666666666664,2
IPR006577,131.0,5
IPR001012,80.84615384615384,5
IPR019180,31.0,2
IPR057323,88.0,5
IPR015940,42.38297872340426,2
IPR007872,55.666666666666664,5
IPR002937,364.0,5
IPR021859,103.0,5
IPR053813,327.0,5
IPR055451,119.0,5
IPR053814,207.0,5
IPR057351,157.5,5
IPR007282,124.5,5
IPR004172,65.66666666666667,5
IPR000998,162.97297297297297,5
IPR003887,43.625,2
IPR018996,222.0,5
IPR034394,91.0,5
IPR045801,1218.0,5
IPR007708,145.0,5
IPR048414,17.0,2
IPR004148,234.9655172413793,5
IPR007759,74.66666666666667,5
IPR028020,122.0,5
IPR026905,46.0,2
IPR003347,168.63636363636363,5
IPR009851,161.0,5
IPR005804,241.5,5
IPR022644,233.5,5
IPR003609,85.16666666666667,5
IPR029332,130.33333333333334,5
IPR006581,611.6,5
IPR000601,76.84,5
IPR022761,278.3333333333333,5
IPR019468,84.0,5
IPR013724,30.0,2
IPR032352,64.0,5
IPR022018,112.0,5
IPR000626,75.84931506849315,5
IPR006630,90.71428571428571,5
IPR034880,108.0,5
IPR024642,42.0,2
IPR000687,235.66666666666666,5
IPR000192,374.0,5
IPR004170,80.17647058823529,5
IPR001606,92.33333333333333,5
IPR023334,93.33333333333333,5
IPR019590,83.75,5
IPR019583,67.25,5
IPR056963,81.0,5
IPR056961,73.0,5
IPR011760,216.5,5
IPR013085,35.0,2
IPR003607,136.33333333333334,5
IPR022145,155.0,5
IPR053966,334.0,5
IPR053964,157.0,5
IPR053965,101.0,5
IPR032501,54.4,5
IPR006155,178.5,5
IPR025283,181.0,5
IPR023801,299.5,5
IPR001607,106.92857142857143,5
IPR013818,319.0,5
IPR040637,69.0,5
IPR001180,302.6666666666667,5
IPR016180,117.66666666666667,5
IPR045814,147.0,5
IPR046471,107.0,5
IPR019025,91.0,5
IPR003316,72.76923076923077,5
IPR032198,101.0,5
IPR032781,75.5,5
IPR006634,204.625,5
IPR056240,80.0,5
IPR041861,115.0,5
IPR055285,302.75,5
IPR047822,77.0,5
IPR001104,143.8,5
IPR000233,57.77272727272727,5
IPR013136,106.0,5
IPR018501,63.8,5
IPR028942,41.5,2
IPR028941,144.0,5
IPR027833,131.5,5
IPR026116,573.5,5
IPR029341,126.0,5
IPR057946,122.0,5
IPR007652,125.0,5
IPR013162,86.0,5
IPR013786,110.81818181818181,5
IPR006091,99.64285714285714,5
IPR009075,146.8181818181818,5
IPR013854,193.8,5
IPR031450,107.66666666666667,5
IPR007421,120.85714285714286,5
IPR048729,136.0,5
IPR003137,82.57894736842105,5
IPR007484,184.08333333333334,5
IPR001199,82.13333333333334,5
IPR006694,131.16666666666666,5
IPR021816,108.66666666666667,5
IPR027007,188.0909090909091,5
IPR027357,431.55555555555554,5
IPR059005,65.0,5
IPR024574,158.0,5
IPR006816,183.0,5
IPR055189,135.0,5
IPR057465,107.0,5
IPR045363,224.5,5
IPR019523,150.0,5
IPR007084,95.5,5
IPR033388,255.0,5
IPR006554,374.8333333333333,5
IPR006555,180.33333333333334,5
IPR002931,95.54545454545455,5
IPR056564,112.5,5
IPR046791,174.16666666666666,5
IPR013122,190.36363636363637,5
IPR015076,49.0,2
IPR023416,122.0,5
IPR040849,32.5,2
IPR001275,53.0,5
IPR031847,72.0,5
IPR007109,203.8,5
IPR000906,146.33333333333334,5
IPR040745,128.66666666666666,5
IPR007934,95.5,5
IPR058755,66.5,5
IPR001594,130.7391304347826,5
IPR004739,185.0,5
IPR001674,463.0,5
IPR001632,15.538461538461538,2
IPR000738,61.142857142857146,5
IPR006195,355.5,5
IPR004154,89.0,5
IPR040659,89.0,5
IPR005146,169.0,5
IPR005147,77.0,5
IPR041616,211.0,5
IPR024309,644.5,5
IPR000917,345.11764705882354,5
IPR024609,113.33333333333333,5
IPR006612,90.33333333333333,5
IPR013706,60.0,5
IPR000477,203.33333333333334,5
IPR010661,64.44444444444444,5
IPR002156,132.72727272727272,5
IPR003308,41.888888888888886,2
IPR001584,158.46153846153845,5
IPR001037,48.0,2
IPR057480,201.5,5
IPR057367,111.0,5
IPR010630,115.6108108108108,5
IPR031542,218.0,5
IPR045852,350.0,5
IPR046460,1087.0,5
IPR028193,144.25,5
IPR054602,82.0,5
IPR003114,175.25,5
IPR013937,106.0,5
IPR012966,151.33333333333334,5
IPR006565,77.33333333333333,5
IPR021789,80.0,5
IPR007053,118.375,5
IPR040447,68.0,5
IPR034890,100.0,5
IPR024326,110.0,5
IPR021126,108.0,5
IPR040566,93.0,5
IPR015321,95.5,5
IPR006115,160.66666666666666,5
IPR006114,290.0,5
IPR005173,35.666666666666664,2
IPR004217,61.166666666666664,5
IPR054708,119.75,5
IPR002058,53.333333333333336,5
IPR013606,247.0,5
IPR012886,127.0,5
IPR003953,394.0,5
IPR015939,151.0,5
IPR058754,29.0,2
IPR058030,129.5,5
IPR001060,91.1304347826087,5
IPR047854,60.8,5
IPR013725,153.0,5
IPR018647,113.5,5
IPR001346,113.33333333333333,5
IPR019471,177.42857142857142,5
IPR002068,103.4,5
IPR001156,338.0,5
IPR013094,112.84615384615384,5
IPR032399,84.0,5
IPR011539,182.9,5
IPR002909,91.65384615384616,5
IPR032400,176.0,5
IPR014878,153.0,5
IPR007854,42.0,2
IPR013194,116.0,5
IPR031693,300.0,5
IPR016090,108.76923076923077,5
IPR024324,163.0,5
IPR032682,164.0,5
IPR005000,228.0,5
IPR015590,433.7368421052632,5
IPR032387,56.75,5
IPR000873,373.8484848484849,5
IPR025110,81.05,5
IPR007477,46.25,2
IPR008379,99.25,5
IPR023611,127.0,5
IPR007125,81.44680851063829,5
IPR032454,33.294117647058826,2
IPR044866,31.0,2
IPR001387,43.5,2
IPR003169,57.333333333333336,5
IPR058191,53.0,5
IPR001496,47.86842105263158,2
IPR006560,52.0,5
IPR003616,16.0,2
IPR001965,48.68840579710145,2
IPR040467,151.0,5
IPR006683,70.45454545454545,5
IPR039478,206.5,5
IPR023184,63.0,5
IPR022158,104.66666666666667,5
IPR031938,46.0,2
IPR045789,452.0,5
IPR031624,119.07142857142857,5
IPR010750,141.0,5
IPR000697,111.81818181818181,5
IPR040801,121.0,5
IPR048392,64.5,5
IPR025696,204.5,5
IPR012961,176.5,5
IPR001523,126.77777777777777,5
IPR022130,108.33333333333333,5
IPR003334,261.75,5
IPR017932,241.8,5
IPR022742,108.25,5
IPR002579,123.0,5
IPR024983,322.0,5
IPR058900,115.0,5
IPR019381,915.5,5
IPR029489,540.0,5
IPR040700,105.5,5
IPR006116,146.0,5
IPR018952,182.57142857142858,5
IPR002934,76.0,5
IPR057126,105.33333333333333,5
IPR057568,98.0,5
IPR003617,73.125,5
IPR055410,211.0,5
IPR011494,198.0,5
IPR024678,60.833333333333336,5
IPR056865,72.5,5
IPR054559,215.0,5
IPR040896,31.0,2
IPR026966,86.5,5
IPR003585,18.0,2
IPR013821,173.2,5
IPR022672,196.11111111111111,5
IPR022673,233.33333333333334,5
IPR002890,90.55555555555556,5
IPR041555,79.2,5
IPR040839,88.77777777777777,5
IPR011625,144.4,5
IPR001599,90.45454545454545,5
IPR011626,282.1818181818182,5
IPR009048,89.1,5
IPR013543,127.0,5
IPR005475,184.875,5
IPR031717,144.0,5
IPR058542,30.727272727272727,2
IPR032437,367.0,5
IPR012532,40.0,2
IPR032439,222.0,5
IPR032284,70.5,5
IPR018982,115.5,5
IPR002121,79.66666666666667,5
IPR041545,62.5,5
IPR001494,69.41176470588235,5
IPR013598,153.0,5
IPR002075,123.0,5
IPR002791,352.5,5
IPR044822,84.0,5
IPR006573,168.58333333333334,5
IPR013235,80.0,5
IPR049166,495.0,5
IPR049167,88.0,5
IPR057836,93.0,5
IPR001148,247.72222222222223,5
IPR006104,121.0,5
IPR006102,101.0,5
IPR006103,232.5,5
IPR006797,174.16666666666666,5
IPR021139,137.0,5
IPR002013,416.0,5
IPR024061,277.0,5
IPR030392,108.5,5
IPR026932,35.0,2
IPR025719,136.5,5
IPR018628,46.0,2
IPR041084,174.0,5
IPR015152,97.66666666666667,5
IPR019327,61.0,5
IPR010606,74.42857142857143,5
IPR021097,74.0,5
IPR000433,57.26315789473684,5
IPR004939,179.57142857142858,5
IPR058923,312.05882352941177,5
IPR028565,274.4,5
IPR019783,86.0,5
IPR018978,61.0,5
IPR046928,67.0,5
IPR049588,67.0,5
IPR003029,74.04545454545455,5
IPR007502,93.16666666666667,5
IPR011709,83.76470588235294,5
IPR015938,199.8,5
IPR013652,87.8,5
IPR045821,79.0,5
IPR001811,59.25,5
IPR049083,68.0,5
IPR048300,160.0,5
IPR027970,87.53846153846153,5
IPR039509,289.1333333333333,5
IPR011613,884.0,5
IPR045583,132.33333333333334,5
IPR048840,193.0,5
IPR007012,144.0,5
IPR007010,66.66666666666667,5
IPR057986,220.33333333333334,5
IPR034257,86.0,5
IPR005849,173.0,5
IPR005850,165.0,5
IPR057130,48.0,2
IPR000857,162.76923076923077,5
IPR057434,164.0,5
IPR057433,140.5,5
IPR022775,131.75,5
IPR015212,186.0,5
IPR027353,82.0,5
IPR031354,42.5,2
IPR019511,48.666666666666664,2
IPR004012,145.71428571428572,5
IPR004826,88.23076923076923,5
IPR018142,15.0,2
IPR055356,84.5,5
IPR031780,347.6666666666667,5
IPR054085,121.0,5
IPR054086,153.0,5
IPR054089,98.0,5
IPR054090,117.0,5
IPR054091,175.0,5
IPR054092,101.0,5
IPR054087,123.0,5
IPR054088,98.0,5
IPR005481,112.4,5
IPR005479,199.11111111111111,5
IPR005482,107.4,5
IPR041265,128.0,5
IPR040843,99.0,5
IPR000971,143.58333333333334,5
IPR032343,69.125,5
IPR025884,90.0,5
IPR003533,85.4,5
IPR057510,83.5,5
IPR000300,323.9,5
IPR057509,105.5,5
IPR045815,113.0,5
IPR002072,112.0,5
IPR000905,344.0,5
IPR013555,62.0,5
IPR032705,187.0,5
IPR002569,161.0,5
IPR048334,254.66666666666666,5
IPR048335,143.0,5
IPR001039,20.0,2
IPR027995,127.0,5
IPR027791,76.57142857142857,5
IPR059027,50.0,5
IPR012562,94.5,5
IPR032449,147.0,5
IPR007965,200.0,5
IPR002466,403.5,5
IPR032571,50.666666666666664,5
IPR032335,52.333333333333336,5
IPR034919,76.0,5
IPR000593,127.0,5
IPR019008,111.0,5
IPR027377,97.875,5
IPR024610,93.6,5
IPR031701,109.0,5
IPR021721,28.0,2
IPR022776,27.0,2
IPR007871,304.0,5
IPR000010,107.0,5
IPR000294,64.78571428571429,5
IPR014821,213.83333333333334,5
IPR016093,170.0909090909091,5
IPR000699,186.25,5
IPR013662,110.66666666666667,5
IPR002369,421.57142857142856,5
IPR040622,28.6,2
IPR012896,84.0,5
IPR014836,46.0,2
IPR025121,88.0,5
IPR032305,77.0,5
IPR006073,71.76923076923077,5
IPR022764,142.33333333333334,5
IPR057774,83.25,5
IPR001507,261.42857142857144,5
IPR009263,46.8,2
IPR000938,66.58823529411765,5
IPR047317,168.0,5
IPR033771,80.0,5
IPR041505,69.33333333333333,5
IPR001900,347.75,5
IPR033770,77.5,5
IPR010996,69.0,5
IPR047417,89.0,5
IPR006166,183.0,5
IPR008580,154.0,5
IPR041019,87.0,5
IPR041362,94.33333333333333,5
IPR013548,543.2222222222222,5
IPR001763,117.70370370370371,5
IPR000340,126.8529411764706,5
IPR009471,334.75,5
IPR057629,126.25,5
IPR056820,85.0,5
IPR057627,84.5,5
IPR056822,359.75,5
IPR056823,882.5,5
IPR022385,77.0,5
IPR028916,77.0,5
IPR000023,294.3333333333333,5
IPR011524,47.0,2
IPR022052,68.33333333333333,5
IPR056737,243.08333333333334,5
IPR000863,248.47058823529412,5
IPR031953,40.0,2
IPR048670,62.0,5
IPR020189,67.0,5
IPR008858,403.0,5
IPR045804,202.0,5
IPR025139,108.0,5
IPR056829,254.0,5
IPR056828,72.0,5
IPR020282,73.5,5
IPR042131,242.0,5
IPR001173,173.48,5
IPR055129,140.5,5
IPR040930,60.0,5
IPR004133,103.8,5
IPR011021,145.0,5
IPR011022,141.1,5
IPR020864,282.0,5
IPR048831,28.0,2
IPR003511,195.0,5
IPR032376,341.6,5
IPR056372,533.2,5
IPR007330,77.08333333333333,5
IPR032460,223.0,5
IPR022075,181.0,5
IPR031572,40.6,2
IPR047571,22.0,2
IPR025754,496.5,5
IPR026854,1455.5,5
IPR056747,695.25,5
IPR009543,412.75,5
IPR056748,110.0,5
IPR055439,260.6363636363636,5
IPR055442,267.45454545454544,5
IPR004038,90.45454545454545,5
IPR045540,95.0,5
IPR034736,22.5,2
IPR004821,141.125,5
IPR046944,139.0,5
IPR024736,43.0,2
IPR010714,409.0,5
IPR027882,52.666666666666664,5
IPR004181,83.0,5
IPR001179,90.6,5
IPR004182,109.17391304347827,5
IPR022168,66.77777777777777,5
IPR000800,64.83333333333333,5
IPR010660,55.5,5
IPR011656,62.5,5
IPR024600,61.666666666666664,5
IPR013769,229.45454545454547,5
IPR011531,455.3333333333333,5
IPR039187,297.5,5
IPR026937,277.0,5
IPR057332,113.0,5
IPR045545,219.0,5
IPR000001,83.33333333333333,5
IPR014886,117.0,5
IPR011016,64.28571428571429,5
IPR023451,281.0,5
IPR021567,99.0,5
IPR006935,144.75,5
IPR041204,141.66666666666666,5
IPR021673,129.33333333333334,5
IPR013137,40.666666666666664,2
IPR013150,89.0,5
IPR011665,96.0,5
IPR014889,146.33333333333334,5
IPR055143,79.0,5
IPR000209,282.45454545454544,5
IPR057060,131.0,5
IPR057032,263.0,5
IPR055163,234.5,5
IPR013021,113.0,5
IPR046452,274.0,5
IPR046451,154.0,5
IPR022579,78.5,5
IPR040957,81.0,5
IPR006164,197.0,5
IPR005160,87.5,5
IPR014893,112.0,5
IPR025486,134.0,5
IPR023337,52.333333333333336,5
IPR006137,109.0,5
IPR002889,93.57142857142857,5
IPR022750,51.0,5
IPR058682,122.33333333333333,5
IPR057414,71.0,5
IPR022102,59.0,5
IPR029135,143.0,5
IPR004043,95.375,5
IPR006977,153.0,5
IPR022413,86.5,5
IPR022414,242.0,5
IPR041388,62.0,5
IPR006549,144.0,5
IPR010600,181.0,5
IPR007365,117.6,5
IPR007829,47.5,2
IPR031557,77.33333333333333,5
IPR024969,111.66666666666667,5
IPR007123,73.88888888888889,5
IPR002547,102.5,5
IPR019533,120.0,5
IPR002300,391.22222222222223,5
IPR013155,135.5,5
IPR011651,153.8,5
IPR006895,38.0,2
IPR006896,248.83333333333334,5
IPR012990,90.0,5
IPR006900,99.0,5
IPR023321,163.5,5
IPR029244,158.66666666666666,5
IPR022049,195.0,5
IPR055419,91.66666666666667,5
IPR004014,72.27777777777777,5
IPR059000,106.7,5
IPR044492,450.52777777777777,5
IPR006068,194.6,5
IPR019343,101.0,5
IPR019348,250.0,5
IPR049372,155.0,5
IPR031570,329.0,5
IPR006769,202.0,5
IPR056264,74.27272727272727,5
IPR021645,24.5,2
IPR024587,81.66666666666667,5
IPR058584,183.75,5
IPR054697,206.0,5
IPR010376,77.5,5
IPR003819,247.5,5
IPR014882,116.0,5
IPR000668,226.76923076923077,5
IPR045787,127.5,5
IPR005542,194.25,5
IPR049439,40.0,2
IPR025913,176.5,5
IPR024957,71.5,5
IPR017893,134.5,5
IPR010926,186.125,5
IPR006643,25.0,2
IPR014014,28.09090909090909,2
IPR004839,363.4117647058824,5
IPR003032,87.75,5
IPR009460,274.6666666666667,5
IPR045299,74.0,5
IPR047166,79.0,5
IPR024084,352.4,5
IPR055105,242.0,5
IPR007074,37.0,2
IPR032354,68.0,5
IPR053898,116.0,5
IPR005532,270.0,5
IPR032023,64.0,5
IPR000237,49.54545454545455,2
IPR019018,62.0,5
IPR005120,157.0,5
IPR019799,18.0,2
IPR000562,49.27272727272727,2
IPR000083,43.86666666666667,2
IPR045577,329.5,5
IPR057909,93.0,5
IPR002154,377.5,5
IPR031331,150.0,5
IPR006738,26.5,2
IPR006737,54.0,5
IPR020097,109.75,5
IPR029526,360.5,5
IPR057318,251.0,5
IPR056780,75.0,5
IPR049176,123.0,5
IPR048485,205.0,5
IPR013766,124.94285714285714,5
IPR002059,65.375,5
IPR017878,51.2,5
IPR013130,137.91666666666666,5
IPR013112,103.0,5
IPR013121,151.14285714285714,5
IPR006602,116.71428571428571,5
IPR034907,132.3846153846154,5
IPR055065,129.0,5
IPR015408,45.0,2
IPR015411,350.0,5
IPR005835,182.0,5
IPR056764,96.5,5
IPR002109,63.625,5
IPR023753,274.1666666666667,5
IPR004099,110.2,5
IPR022768,108.1,5
IPR043601,100.0,5
IPR011547,396.1818181818182,5
IPR002645,176.8181818181818,5
IPR021818,245.66666666666666,5
IPR000867,78.0,5
IPR043973,43.0,2
IPR010439,320.0,5
IPR005052,224.25,5
IPR001608,211.0,5
IPR032756,115.5,5
IPR028199,88.5,5
IPR031950,106.0,5
IPR000795,234.1,5
IPR004161,69.73333333333333,5
IPR041095,62.0,5
IPR005517,119.75,5
IPR000640,88.0,5
IPR041179,511.0,5
IPR029299,126.33333333333333,5
IPR035618,63.0,5
IPR010579,24.6,2
IPR021786,250.0,5
IPR040892,298.0,5
IPR041433,53.0,5
IPR013507,130.5,5
IPR014790,162.5,5
IPR001293,59.0,5
IPR027907,43.0,2
IPR031649,53.0,5
IPR014873,86.14285714285714,5
IPR031688,160.66666666666666,5
IPR002553,534.5714285714286,5
IPR029390,146.5,5
IPR056314,111.0,5
IPR013732,111.6,5
IPR013733,158.6,5
IPR013530,381.2,5
IPR032394,211.75,5
IPR049452,504.27272727272725,5
IPR003650,42.833333333333336,2
IPR002893,37.5625,2
IPR002859,322.2,5
IPR001024,117.51428571428572,5
IPR003093,26.0,2
IPR017874,92.0,5
IPR047500,64.0,5
IPR020811,146.5,5
IPR020810,293.0,5
IPR011161,178.0,5
IPR003150,76.55555555555556,5
IPR033745,114.0,5
IPR054425,57.0,5
IPR015163,91.0,5
IPR002225,269.8333333333333,5
IPR003349,42.54545454545455,2
IPR022699,339.0,5
IPR012320,133.0,5
IPR032815,77.42857142857143,5
IPR002884,136.28571428571428,5
IPR022005,37.0,2
IPR024654,155.0,5
IPR032406,69.5,5
IPR029421,268.0,5
IPR029420,338.0,5
IPR029418,258.0,5
IPR033763,53.0,5
IPR021987,111.0,5
IPR003117,34.857142857142854,2
IPR031790,74.0,5
IPR003649,126.93333333333334,5
IPR017903,57.833333333333336,5
IPR003126,71.0,5
IPR003769,77.5,5
IPR055194,98.0,5
IPR044046,429.0,5
IPR010542,276.5,5
IPR056611,94.5,5
IPR001739,77.27272727272727,5
IPR056342,100.5,5
IPR006576,44.77777777777778,2
IPR002921,134.0,5
IPR019489,91.5,5
IPR048271,90.36363636363636,5
IPR048270,161.2,5
IPR019328,69.0,5
IPR029305,52.0,5
IPR029308,216.0,5
IPR029310,86.0,5
IPR029315,163.0,5
IPR029312,230.0,5
IPR029313,228.0,5
IPR029314,249.0,5
IPR014906,51.0,5
IPR004098,141.0,5
IPR018851,55.0,5
IPR046466,111.0,5
IPR015800,86.0,5
IPR015802,99.0,5
IPR015798,403.6666666666667,5
IPR001158,82.42857142857143,5
IPR003351,155.75,5
IPR024580,195.25,5
IPR022084,105.0,5
IPR039430,179.5,5
IPR046852,143.0,5
IPR010508,171.5,5
IPR023362,115.0,5
IPR000409,290.8888888888889,5
IPR046851,290.0,5
IPR015370,85.0,5
IPR059182,69.0,5
IPR014892,82.0,5
IPR048625,108.0,5
IPR048627,549.0,5
IPR013040,146.0,5
IPR032154,112.0,5
IPR029354,105.0,5
IPR056161,330.0,5
IPR056162,338.5,5
IPR056364,103.0,5
IPR027841,320.3333333333333,5
IPR023210,279.44444444444446,5
IPR032732,130.5,5
IPR034746,80.0,5
IPR000184,317.0,5
IPR002906,45.0,2
IPR006121,65.53333333333333,5
IPR001424,144.0,5
IPR015128,67.0,5
IPR027330,124.0,5
IPR027329,59.5,5
IPR032171,138.5,5
IPR057263,208.0,5
IPR058029,66.0,5
IPR009852,30.25,2
IPR045658,218.0,5
IPR003644,106.0925925925926,5
IPR034591,91.0,5
IPR008598,56.666666666666664,5
IPR006145,188.25,5
IPR034821,557.5,5
IPR010987,153.25,5
IPR000197,83.5,5
IPR003101,80.0,5
IPR010303,86.0,5
IPR056484,38.0,2
IPR031162,376.5,5
IPR014744,102.5,5
IPR007138,88.66666666666667,5
IPR000620,134.64285714285714,5
IPR053954,183.0,5
IPR004869,156.0,5
IPR032503,54.333333333333336,5
IPR006222,280.5,5
IPR013977,81.75,5
IPR003675,103.0,5
IPR006169,144.5,5
IPR025252,117.5,5
IPR025232,125.4,5
IPR056609,150.5,5
IPR056610,39.5,2
IPR056608,163.5,5
IPR044865,148.8235294117647,5
IPR056606,35.5,2
IPR028797,64.0,5
IPR032270,76.5,5
IPR044461,80.0,5
IPR001509,199.5,5
IPR022151,74.0,5
IPR005329,76.5,5
IPR015404,204.0,5
IPR032755,110.33333333333333,5
IPR024626,87.0,5
IPR041366,85.33333333333333,5
IPR001651,62.0,5
IPR031926,133.0,5
IPR013585,217.8,5
IPR009464,251.0,5
IPR012591,151.0,5
IPR012592,405.0,5
IPR019582,90.0,5
IPR019581,135.0,5
IPR019580,158.0,5
IPR021983,256.0,5
IPR012984,120.0,5
IPR001320,399.55555555555554,5
IPR045627,590.0,5
IPR007714,137.33333333333334,5
IPR057327,39.0,2
IPR058599,113.66666666666667,5
IPR015048,64.625,5
IPR015049,51.0,5
IPR042579,49.0,2
IPR022542,224.0,5
IPR021392,588.0,5
IPR001578,253.5,5
IPR041507,45.0,2
IPR031952,107.6,5
IPR018884,448.0,5
IPR024989,515.5,5
IPR019452,102.0,5
IPR019453,37.5,2
IPR048633,178.66666666666666,5
IPR000353,74.11111111111111,5
IPR022125,116.0,5
IPR056473,221.0,5
IPR012954,154.0,5
IPR029426,68.0,5
IPR056591,69.0,5
IPR006638,224.42857142857142,5
IPR032432,80.0,5
IPR045561,66.0,5
IPR056845,117.0,5
IPR055142,353.6666666666667,5
IPR001126,238.0,5
IPR017961,108.0,5
IPR057926,106.75,5
IPR021893,163.2,5
IPR001678,286.77777777777777,5
IPR042028,98.0,5
IPR018992,46.0,2
IPR003185,59.0,5
IPR003186,141.33333333333334,5
IPR001567,446.3333333333333,5
IPR007865,141.5,5
IPR000994,219.44444444444446,5
IPR008424,76.33333333333333,5
IPR021963,47.0,2
IPR019162,86.0,5
IPR043898,89.0,5
IPR044037,94.0,5
IPR026850,67.0,5
IPR004865,111.8,5
IPR000770,83.625,5
IPR048589,76.0,5
IPR056983,74.0,5
IPR027859,234.5,5
IPR013842,106.0,5
IPR029279,105.5,5
IPR022643,347.0,5
IPR018866,97.5,5
IPR003894,95.8,5
IPR007900,244.5,5
IPR056151,379.3333333333333,5
IPR057437,114.5,5
IPR003892,42.72727272727273,2
IPR012290,144.33333333333334,5
IPR008334,171.0,5
IPR001932,335.95,5
IPR015091,92.0,5
IPR011527,286.8837209302326,5
IPR048349,108.0,5
IPR048348,469.0,5
IPR015310,162.5,5
IPR013538,85.0,5
IPR048875,52.0,5
IPR010506,112.66666666666667,5
IPR032140,114.0,5
IPR027876,93.0,5
IPR018276,62.0,5
IPR024161,54.0,5
IPR016103,94.0,5
IPR040850,153.0,5
IPR057948,193.0,5
IPR013098,68.0,5
IPR042700,524.0,5
IPR033979,251.0,5
IPR032631,60.857142857142854,5
IPR032630,246.71428571428572,5
IPR025281,62.333333333333336,5
IPR022708,83.0,5
IPR048941,72.5,5
IPR054724,280.0,5
IPR002474,139.0,5
IPR017926,201.0,5
IPR005483,14.0,2
IPR005480,123.0,5
IPR058047,111.0,5
IPR032757,283.0,5
IPR018961,68.0,5
IPR041192,117.0,5
IPR041048,65.0,5
IPR045357,172.25,5
IPR014782,211.23076923076923,5
IPR024571,319.625,5
IPR000587,133.0,5
IPR032416,62.5,5
IPR029318,24.0,2
IPR041691,126.0,5
IPR040455,180.5,5
IPR049521,104.0,5
IPR015116,60.5,5
IPR031656,125.0,5
IPR057847,123.0,5
IPR012858,187.75,5
IPR002589,180.71428571428572,5
IPR032816,117.66666666666667,5
IPR007209,31.0,2
IPR002108,137.83333333333334,5
IPR008400,100.33333333333333,5
IPR008399,88.5,5
IPR020616,253.5,5
IPR020617,124.2,5
IPR025750,70.0,5
IPR016040,264.3333333333333,5
IPR010622,69.5,5
IPR013579,79.66666666666667,5
IPR013584,59.5,5
IPR013642,262.3333333333333,5
IPR041070,77.2,5
IPR055261,247.4,5
IPR040907,73.5,5
IPR001236,138.875,5
IPR022383,161.77777777777777,5
IPR006615,117.77777777777777,5
IPR002641,173.0,5
IPR058770,72.0,5
IPR015366,144.0,5
IPR025243,179.0,5
IPR057618,41.0,2
IPR019512,409.0,5
IPR004837,151.88888888888889,5
IPR006153,389.73333333333335,5
IPR032103,100.33333333333333,5
IPR032108,16.5,2
IPR018947,29.0,2
IPR017454,171.0,5
IPR005824,30.466666666666665,2
IPR041988,63.0,5
IPR057264,63.0,5
IPR027952,70.0,5
IPR023798,155.0,5
IPR055047,43.0,2
IPR006910,104.0,5
IPR049589,79.5,5
IPR006909,52.333333333333336,5
IPR037598,66.0,5
IPR015022,273.5,5
IPR024670,35.5,2
IPR031481,109.75,5
IPR055270,165.25,5
IPR009626,147.0,5
IPR056749,231.0,5
IPR032263,176.0,5
IPR003781,102.5,5
IPR005811,122.0,5
IPR057724,111.33333333333333,5
IPR011677,168.5,5
IPR045332,96.0,5
IPR019345,42.0,2
IPR048362,118.0,5
IPR046372,202.0,5
IPR031644,66.25,5
IPR029385,188.5,5
IPR029384,145.5,5
IPR031549,97.0,5
IPR020587,63.0,5
IPR015894,252.8181818181818,5
IPR003191,256.44444444444446,5
IPR040793,87.0,5
IPR056302,81.5,5
IPR025260,103.66666666666667,5
IPR012429,122.0,5
IPR015877,197.0,5
IPR057657,50.0,5
IPR007728,112.71428571428571,5
IPR001107,192.72727272727272,5
IPR032200,227.0,5
IPR032201,43.0,2
IPR045703,282.0,5
IPR046884,62.0,5
IPR046885,80.0,5
IPR021854,268.4,5
IPR031691,95.0,5
IPR057848,126.0,5
IPR049625,103.0,5
IPR019448,151.5,5
IPR035076,77.0,5
IPR015914,92.0,5
IPR025733,61.0,5
IPR034743,87.0,5
IPR021563,65.33333333333333,5
IPR041245,88.33333333333333,5
IPR031943,290.6666666666667,5
IPR019539,48.0,2
IPR006204,83.75,5
IPR013750,70.0,5
IPR018379,101.07692307692308,5
IPR055096,88.5,5
IPR055097,108.0,5
IPR055098,104.0,5
IPR056897,77.5,5
IPR056898,87.5,5
IPR055099,101.5,5
IPR056899,78.0,5
IPR003343,75.0,5
IPR058779,115.5,5
IPR055094,103.0,5
IPR057586,70.5,5
IPR055095,150.5,5
IPR013212,174.5,5
IPR060420,96.0,5
IPR055453,364.0,5
IPR055452,209.0,5
IPR021918,92.0,5
IPR056585,310.4,5
IPR001135,270.0,5
IPR048674,30.0,2
IPR013718,71.0,5
IPR037520,142.5,5
IPR014896,65.66666666666667,5
IPR029445,222.0,5
IPR029444,709.0,5
IPR003891,120.42857142857143,5
IPR003307,169.85714285714286,5
IPR000538,97.41666666666667,5
IPR040131,422.0,5
IPR049312,94.0,5
IPR026904,56.0,5
IPR038990,79.66666666666667,5
IPR002366,51.8,5
IPR006080,28.0,2
IPR015351,134.5,5
IPR015350,150.5,5
IPR038007,96.0,5
IPR006926,416.0,5
IPR006925,209.5,5
IPR040900,96.0,5
IPR030374,237.5,5
IPR041386,53.0,5
IPR048676,74.0,5
IPR037516,383.0,5
IPR015399,98.66666666666667,5
IPR001373,421.14285714285717,5
IPR016158,240.11111111111111,5
IPR019559,70.5,5
IPR031968,171.0,5
IPR034987,84.0,5
IPR027953,58.0,5
IPR000928,56.5,5
IPR033118,137.85714285714286,5
IPR001774,64.66666666666667,5
IPR041076,216.0,5
IPR010733,161.0,5
IPR004227,323.0,5
IPR007044,180.0,5
IPR056327,126.0,5
IPR015878,161.0,5
IPR001279,180.66666666666666,5
IPR047845,76.0,5
IPR014768,399.0,5
IPR003350,87.07692307692308,5
IPR021780,109.0,5
IPR043597,339.0,5
IPR006558,145.66666666666666,5
IPR008754,197.0,5
IPR058897,164.5,5
IPR022136,173.0,5
IPR003111,220.83333333333334,5
IPR001223,359.85714285714283,5
IPR002557,49.0,2
IPR000061,53.0,5
IPR006569,135.375,5
IPR001073,139.2058823529412,5
IPR029212,477.0,5
IPR001772,49.0,2
IPR028939,90.85714285714286,5
IPR001662,162.0,5
IPR057987,195.0,5
IPR046439,71.5,5
IPR010526,212.8,5
IPR044564,52.0,5
IPR011124,54.142857142857146,5
IPR021040,344.4,5
IPR049629,39.0,2
IPR000690,30.875,2
IPR031379,29.0,2
IPR048422,101.0,5
IPR035175,108.0,5
IPR014009,583.0,5
IPR003152,32.0,2
IPR002715,65.0,5
IPR030395,267.85714285714283,5
IPR012317,211.7058823529412,5
IPR015127,41.0,2
IPR053937,193.2,5
IPR056549,94.0,5
IPR041637,115.0,5
IPR022070,320.5,5
IPR013149,127.26666666666667,5
IPR043588,241.0,5
IPR014876,55.25,5
IPR001605,18.4,2
IPR008336,214.0,5
IPR013499,377.0,5
IPR013632,222.33333333333334,5
IPR044004,52.470588235294116,5
IPR056991,39.0,2
IPR013894,103.0,5
IPR000594,375.3636363636364,5
IPR014929,88.0,5
IPR021715,272.0,5
IPR000320,161.0,5
IPR001767,225.0,5
IPR049016,147.0,5
IPR032412,90.0,5
IPR007222,266.0,5
IPR013822,81.5,5
IPR000897,207.0,5
IPR028171,114.0,5
IPR053919,194.0,5
IPR032746,145.0,5
IPR053920,153.0,5
IPR047844,42.0,2
IPR057439,103.0,5
IPR008331,135.6,5
IPR003582,33.0,2
IPR054696,99.0,5
IPR049455,52.0,5
IPR053835,107.0,5
IPR059004,77.5,5
IPR003128,66.625,5
IPR027881,91.83333333333333,5
IPR012923,80.0,5
IPR012462,192.66666666666666,5
IPR039504,138.0,5
IPR002717,274.6,5
IPR048863,66.0,5
IPR041094,108.0,5
IPR057842,76.8,5
IPR004179,350.1666666666667,5
IPR022030,239.0,5
IPR056769,343.75,5
IPR031805,328.0,5
IPR056768,121.0,5
IPR056770,237.0,5
IPR031334,286.0,5
IPR048585,91.0,5
IPR033461,46.25,2
IPR004100,65.0,5
IPR000194,223.8,5
IPR055190,94.75,5
IPR028135,83.8,5
IPR057455,111.0,5
IPR043987,116.5,5
IPR043989,108.75,5
IPR027838,66.33333333333333,5
IPR049258,284.0,5
IPR057461,96.0,5
IPR013918,85.0,5
IPR019548,38.0,2
IPR003619,111.5,5
IPR018143,160.75,5
IPR012938,285.0,5
IPR018514,321.5,5
IPR015390,255.0,5
IPR013024,108.66666666666667,5
IPR003618,114.875,5
IPR012921,150.0,5
IPR057207,150.0,5
IPR001374,76.0,5
IPR012987,42.0,2
IPR044448,79.0,5
IPR023584,162.0,5
IPR000014,96.0,5
IPR027925,98.5,5
IPR033762,129.375,5
IPR001208,219.625,5
IPR041562,83.55555555555556,5
IPR059098,74.0,5
IPR021852,101.83333333333333,5
IPR031964,88.6,5
IPR031314,223.0,5
IPR032752,102.0,5
IPR031554,496.25,5
IPR055066,97.0,5
IPR008278,116.0,5
IPR021896,71.0,5
IPR048365,135.0,5
IPR048366,118.0,5
IPR048367,33.0,2
IPR055035,185.0,5
IPR011761,202.66666666666666,5
IPR001309,119.42857142857143,5
IPR046926,149.5,5
IPR048659,298.5,5
IPR048657,701.5,5
IPR049100,227.0,5
IPR046927,161.0,5
IPR049337,56.0,5
IPR032440,68.0,5
IPR013086,41.0,2
IPR001855,33.4,2
IPR024977,61.333333333333336,5
IPR024790,198.0,5
IPR056358,170.0,5
IPR012932,148.0,5
IPR056793,217.0,5
IPR021930,204.0,5
IPR002319,165.33333333333334,5
IPR005121,93.0,5
IPR006176,179.25,5
IPR006108,92.33333333333333,5
IPR001048,188.0,5
IPR010507,36.78947368421053,2
IPR011017,36.5,2
IPR014830,203.0,5
IPR002379,60.142857142857146,5
IPR018940,27.0,2
IPR014038,88.0,5
IPR002562,183.4,5
IPR002782,103.0,5
IPR019458,109.0,5
IPR018834,270.3333333333333,5
IPR002716,125.66666666666667,5
IPR005036,119.14285714285714,5
IPR013621,42.25,2
IPR048992,411.0,5
IPR042146,85.0,5
IPR032769,304.0,5
IPR024395,198.0,5
IPR012308,179.33333333333334,5
IPR012310,239.0,5
IPR012309,110.66666666666667,5
IPR021536,33.0,2
IPR032443,69.625,5
IPR040797,98.0,5
IPR013146,48.0,2
IPR021623,232.0,5
IPR009764,82.0,5
IPR001212,43.666666666666664,2
IPR057103,100.0,5
IPR057365,294.0,5
IPR030383,436.0,5
IPR058641,108.0,5
IPR029304,172.66666666666666,5
IPR001132,192.875,5
IPR006097,127.0,5
IPR006096,291.0,5
IPR032078,64.0,5
IPR041706,278.0,5
IPR004095,70.71428571428571,5
IPR045520,388.3333333333333,5
IPR012577,98.33333333333333,5
IPR020630,112.0,5
IPR020631,155.25,5
IPR006913,112.75,5
IPR003508,77.0,5
IPR013612,62.666666666666664,5
IPR014788,33.5,2
IPR025852,75.5,5
IPR009604,68.5,5
IPR032486,70.0,5
IPR034744,72.5,5
IPR019564,120.33333333333333,5
IPR033468,62.5,5
IPR018846,367.6666666666667,5
IPR058543,369.3333333333333,5
IPR004871,321.3333333333333,5
IPR032446,93.0,5
IPR032373,414.0,5
IPR035425,94.0,5
IPR029307,61.69230769230769,5
IPR022666,87.5,5
IPR022669,128.0,5
IPR031870,208.5,5
IPR002616,377.5,5
IPR059249,115.0,5
IPR021966,26.0,2
IPR031774,49.0,2
IPR025086,75.0,5
IPR013592,33.25,2
IPR022141,43.2,2
IPR039505,99.5,5
IPR025313,63.5,5
IPR014881,72.0,5
IPR013608,118.75,5
IPR013680,426.5,5
IPR024729,245.0,5
IPR029346,211.0,5
IPR013022,240.0,5
IPR008893,94.66666666666667,5
IPR004102,132.0,5
IPR015016,122.0,5
IPR057672,152.5,5
IPR003993,282.5,5
IPR057448,27.0,2
IPR040514,48.0,2
IPR002652,88.11111111111111,5
IPR054151,53.0,5
IPR049470,236.0,5
IPR021887,537.3333333333334,5
IPR015883,259.3333333333333,5
IPR003322,81.0,5
IPR045345,76.54545454545455,5
IPR058190,79.0,5
IPR056150,291.6666666666667,5
IPR048368,112.0,5
IPR048369,451.0,5
IPR001736,26.666666666666668,2
IPR031658,98.0,5
IPR014891,72.0,5
IPR027974,106.0,5
IPR028235,288.0,5
IPR031733,67.0,5
IPR055215,61.0,5
IPR041991,82.0,5
IPR041541,82.0,5
IPR009938,73.0,5
IPR009909,88.0,5
IPR003119,39.2,2
IPR007856,36.333333333333336,2
IPR008139,94.2,5
IPR008138,32.22222222222222,2
IPR031405,303.0,5
IPR031406,326.0,5
IPR031408,310.0,5
IPR013201,54.875,5
IPR012952,78.0,5
IPR041416,128.0,5
IPR023421,103.0,5
IPR025939,147.0,5
IPR045785,133.0,5
IPR002469,385.1666666666667,5
IPR001375,206.33333333333334,5
IPR006964,171.0,5
IPR046365,232.5,5
IPR014885,34.0,2
IPR046872,36.666666666666664,2
IPR025136,378.6666666666667,5
IPR043969,96.0,5
IPR046873,130.33333333333334,5
IPR031896,147.0,5
IPR048869,107.5,5
IPR003018,164.14285714285714,5
IPR056382,24.0,2
IPR015115,99.0,5
IPR003378,202.33333333333334,5
IPR059023,58.75,5
IPR013848,114.0,5
IPR002792,68.5,5
IPR055109,172.0,5
IPR058611,130.0,5
IPR058612,96.0,5
IPR058613,102.0,5
IPR058614,106.0,5
IPR058615,113.0,5
IPR058617,102.0,5
IPR058616,125.0,5
IPR010935,127.0,5
IPR025721,35.0,2
IPR048565,91.0,5
IPR004088,45.333333333333336,2
IPR022674,178.5,5
IPR022675,290.5,5
IPR005900,234.5,5
IPR031368,174.0,5
IPR025755,73.0,5
IPR056499,319.5,5
IPR056445,379.0,5
IPR029329,109.0,5
IPR054101,138.5,5
IPR015123,72.0,5
IPR040557,89.0,5
IPR004143,194.66666666666666,5
IPR003142,47.0,2
IPR015373,94.4,5
IPR029485,50.0,5
IPR000187,37.75,2
IPR055075,84.0,5
IPR055074,83.0,5
IPR056189,99.0,5
IPR056190,89.0,5
IPR056319,72.0,5
IPR056187,52.0,5
IPR055073,74.0,5
IPR041033,81.0,5
IPR056191,93.0,5
IPR039542,89.0,5
IPR012936,182.66666666666666,5
IPR049097,192.0,5
IPR031844,47.0,2
IPR006171,132.75,5
IPR003601,96.5,5
IPR003602,255.0,5
IPR056452,39.0,2
IPR031358,27.0,2
IPR041536,87.0,5
IPR021520,106.0,5
IPR031357,48.0,2
IPR031356,56.0,5
IPR048855,59.0,5
IPR041534,84.66666666666667,5
IPR002912,76.0,5
IPR019774,346.0,5
IPR041006,121.0,5
IPR056360,63.0,5
IPR057965,100.0,5
IPR021662,37.25,2
IPR018951,52.0,5
IPR001995,75.42857142857143,5
IPR001693,40.75,2
IPR027817,77.0,5
IPR021901,193.75,5
IPR031692,31.8,2
IPR030381,237.57142857142858,5
IPR010663,23.0,2
IPR057397,239.0,5
IPR032356,146.0,5
IPR013568,149.33333333333334,5
IPR031994,193.0,5
IPR004177,222.66666666666666,5
IPR031315,131.0,5
IPR022628,97.0,5
IPR022629,120.5,5
IPR022630,136.0,5
IPR015381,112.0,5
IPR053829,47.0,2
IPR029157,123.0,5
IPR000582,87.0,5
IPR033391,185.0,5
IPR044015,129.0,5
IPR025609,91.0,5
IPR019050,105.33333333333333,5
IPR007397,183.16666666666666,5
IPR007668,139.0,5
IPR057321,281.0,5
IPR019481,94.0,5
IPR045716,93.0,5
IPR057452,82.66666666666667,5
IPR057451,171.33333333333334,5
IPR039396,133.4,5
IPR003033,96.4,5
IPR029091,225.0,5
IPR021644,138.0,5
IPR022043,71.0,5
IPR029105,289.0,5
IPR057947,235.5,5
IPR024783,55.666666666666664,5
IPR024784,153.0,5
IPR024785,75.33333333333333,5
IPR059036,90.0,5
IPR017455,52.0,5
IPR012496,111.0,5
IPR031468,204.4,5
IPR029145,281.0,5
IPR013244,340.0,5
IPR054751,124.0,5
IPR057971,137.25,5
IPR031446,626.0,5
IPR012967,79.5,5
IPR001077,210.5,5
IPR010457,92.0,5
IPR014020,129.11111111111111,5
IPR047562,52.0,5
IPR008174,19.5,2
IPR018997,78.33333333333333,5
IPR025239,67.0,5
IPR049441,18.0,2
IPR009398,98.33333333333333,5
IPR000683,109.75,5
IPR055170,124.33333333333333,5
IPR041083,36.0,2
IPR057255,71.0,5
IPR030387,163.0,5
IPR012948,83.5,5
IPR007034,290.5,5
IPR048994,85.0,5
IPR006196,77.33333333333333,5
IPR019380,77.0,5
IPR049134,185.0,5
IPR022194,65.0,5
IPR056901,197.0,5
IPR055350,417.0,5
IPR045810,193.0,5
IPR021025,261.0,5
IPR002731,271.0,5
IPR042128,79.0,5
IPR032378,72.5,5
IPR054714,95.0,5
IPR014928,155.0,5
IPR001709,8.380952380952381,2
IPR001433,110.58333333333333,5
IPR057285,96.0,5
IPR057286,85.0,5
IPR056235,203.0,5
IPR057412,137.0,5
IPR029316,223.0,5
IPR003656,57.7,5
IPR015382,31.0,2
IPR001330,317.6666666666667,5
IPR021996,64.0,5
IPR059124,344.5,5
IPR040233,174.0,5
IPR040693,180.0,5
IPR040694,129.0,5
IPR040692,248.0,5
IPR040525,222.5,5
IPR040497,267.0,5
IPR032768,114.0,5
IPR005720,302.0,5
IPR004160,94.0,5
IPR001303,185.5,5
IPR057639,103.0,5
IPR057642,119.0,5
IPR057645,90.0,5
IPR034116,393.0,5
IPR046792,302.0,5
IPR001229,135.0,5
IPR000602,311.4,5
IPR015341,99.0,5
IPR048534,36.0,2
IPR011682,208.8,5
IPR041147,88.0,5
IPR006595,57.8,5
IPR013144,97.0,5
IPR001401,292.57142857142856,5
IPR045817,343.0,5
IPR041066,90.0,5
IPR027954,77.0,5
IPR010003,74.0,5
IPR024317,242.08333333333334,5
IPR048286,194.72727272727272,5
IPR049080,81.0,5
IPR041677,140.16666666666666,5
IPR041679,198.0,5
IPR032773,189.0,5
IPR004108,289.5,5
IPR003149,56.0,5
IPR018121,95.33333333333333,5
IPR048701,543.0,5
IPR029360,58.0,5
IPR032348,118.5,5
IPR040524,65.0,5
IPR012968,71.4,5
IPR012560,65.66666666666667,5
IPR012561,74.2,5
IPR006614,46.375,2
IPR055072,88.4,5
IPR032362,92.6,5
IPR058768,100.0,5
IPR057049,65.5,5
IPR010643,142.0,5
IPR056833,222.0,5
IPR056832,270.5,5
IPR056836,155.66666666666666,5
IPR056835,116.0,5
IPR056834,208.0,5
IPR029036,104.0,5
IPR032375,104.5,5
IPR013791,102.5,5
IPR048805,49.0,2
IPR032839,424.0,5
IPR029257,600.0,5
IPR012916,226.0,5
IPR012492,105.0,5
IPR055089,231.0,5
IPR024643,91.33333333333333,5
IPR041015,32.0,2
IPR031738,212.33333333333334,5
IPR059122,290.5,5
IPR012975,51.0,5
IPR027799,45.0,2
IPR053961,96.0,5
IPR053962,77.0,5
IPR053963,111.0,5
IPR035078,227.5,5
IPR035077,358.0,5
IPR059393,99.0,5
IPR048722,20.0,2
IPR045100,137.0,5
IPR006098,521.0,5
IPR006158,133.5,5
IPR040463,132.0,5
IPR041672,55.5,5
IPR021849,99.33333333333333,5
IPR049899,29.0,2
IPR001466,369.5,5
IPR013010,60.0,5
IPR004823,64.66666666666667,5
IPR011442,214.5,5
IPR028269,103.0,5
IPR014837,66.66666666666667,5
IPR022800,97.0,5
IPR032476,46.0,2
IPR005303,118.33333333333333,5
IPR005302,151.66666666666666,5
IPR003502,105.0,5
IPR057605,99.0,5
IPR057604,105.0,5
IPR056732,116.0,5
IPR000196,148.0,5
IPR037452,233.0,5
IPR001296,149.71428571428572,5
IPR031736,92.0,5
IPR057106,169.83333333333334,5
IPR012419,479.0,5
IPR019610,45.0,2
IPR018967,37.5,2
IPR058643,186.0,5
IPR058642,143.5,5
IPR057892,248.25,5
IPR000472,69.11111111111111,5
IPR015012,55.333333333333336,5
IPR004360,120.75,5
IPR013547,129.0,5
IPR059068,91.66666666666667,5
IPR002646,140.0,5
IPR032828,50.0,5
IPR015096,18.25,2
IPR056617,197.5,5
IPR024298,221.0,5
IPR021656,138.0,5
IPR041091,163.5,5
IPR010666,44.44444444444444,2
IPR027831,85.0,5
IPR013015,217.33333333333334,5
IPR056558,108.75,5
IPR031951,120.0,5
IPR025739,65.0,5
IPR025741,109.25,5
IPR029905,120.0,5
IPR005844,110.66666666666667,5
IPR049023,105.0,5
IPR049022,137.0,5
IPR005843,48.0,2
IPR056521,173.0,5
IPR048320,142.0,5
IPR048685,347.0,5
IPR053950,158.0,5
IPR053823,88.66666666666667,5
IPR007651,106.0,5
IPR031703,92.66666666666667,5
IPR013209,225.0,5
IPR023631,457.6666666666667,5
IPR002227,230.0,5
IPR003146,74.25,5
IPR049407,333.0,5
IPR035684,336.0,5
IPR008909,127.0,5
IPR031946,72.0,5
IPR040844,115.5,5
IPR022782,77.0,5
IPR015153,118.33333333333333,5
IPR015154,90.0,5
IPR004971,338.0,5
IPR057951,101.5,5
IPR056383,116.0,5
IPR026685,466.0,5
IPR014771,36.0,2
IPR015040,30.0,2
IPR057460,76.0,5
IPR032679,110.0,5
IPR031567,128.0,5
IPR057339,66.0,5
IPR031313,105.0,5
IPR057932,107.0,5
IPR057933,82.0,5
IPR003118,85.36363636363636,5
IPR011430,623.0,5
IPR046523,216.0,5
IPR057525,381.0,5
IPR011707,97.0909090909091,5
IPR011706,95.4,5
IPR019497,208.0,5
IPR039474,147.0,5
IPR025286,250.0,5
IPR007835,112.0,5
IPR041630,38.0,2
IPR000716,76.86666666666666,5
IPR049420,111.5,5
IPR054554,94.0,5
IPR032296,60.75,5
IPR041499,107.0,5
IPR019136,154.0,5
IPR006888,112.0,5
IPR001950,73.0,5
IPR019547,176.0,5
IPR013681,178.75,5
IPR029155,248.0,5
IPR059235,232.0,5
IPR035494,251.0,5
IPR001732,185.0,5
IPR014026,94.0,5
IPR014027,115.0,5
IPR057589,242.33333333333334,5
IPR021090,151.33333333333334,5
IPR056804,109.0,5
IPR005539,20.75,2
IPR019528,79.0,5
IPR054125,58.0,5
IPR053940,268.0,5
IPR053939,184.0,5
IPR057464,29.0,2
IPR021148,124.0,5
IPR018983,147.0,5
IPR041298,34.0,2
IPR028021,154.0,5
IPR039587,153.5,5
IPR041363,39.0,2
IPR057347,297.0,5
IPR057407,274.0,5
IPR019451,111.0,5
IPR019414,32.0,2
IPR007249,288.0,5
IPR056458,182.5,5
IPR056459,373.5,5
IPR056457,489.5,5
IPR001442,224.0,5
IPR002138,82.75,5
IPR043972,131.75,5
IPR043971,120.25,5
IPR043970,119.75,5
IPR045464,97.0,5
IPR003148,145.0,5
IPR003929,90.5,5
IPR028933,191.5,5
IPR006751,178.5,5
IPR056332,298.0,5
IPR056334,109.0,5
IPR056333,102.0,5
IPR056335,113.0,5
IPR041195,59.0,5
IPR019024,133.0,5
IPR042855,73.6,5
IPR032067,39.75,2
IPR027300,40.5,2
IPR032777,195.0,5
IPR002872,273.0,5
IPR003987,15.444444444444445,2
IPR003988,16.0,2
IPR048679,89.0,5
IPR025894,42.333333333333336,2
IPR028149,57.0,5
IPR029154,123.0,5
IPR055391,126.0,5
IPR032735,671.0,5
IPR055392,399.0,5
IPR040878,85.33333333333333,5
IPR048569,210.0,5
IPR025258,202.0,5
IPR046931,96.0,5
IPR048960,149.5,5
IPR054549,232.0,5
IPR055412,155.0,5
IPR043988,123.66666666666667,5
IPR019577,110.5,5
IPR043640,260.0,5
IPR029225,51.0,5
IPR014854,89.0,5
IPR003106,41.0,2
IPR000375,285.8333333333333,5
IPR003130,88.28571428571429,5
IPR040594,39.0,2
IPR025712,138.0,5
IPR040985,38.0,2
IPR013618,67.25,5
IPR000644,60.5,5
IPR039431,142.0,5
IPR041212,37.0,2
IPR045460,79.0,5
IPR045400,103.0,5
IPR045461,119.0,5
IPR011765,134.14285714285714,5
IPR007863,184.375,5
IPR032880,140.66666666666666,5
IPR027815,180.66666666666666,5
IPR003864,265.3333333333333,5
IPR024303,105.0,5
IPR008664,47.0,2
IPR002502,142.16666666666666,5
IPR032450,133.0,5
IPR007526,96.0,5
IPR032448,65.5,5
IPR032451,81.0,5
IPR020839,85.0,5
IPR032346,42.0,2
IPR005617,113.4,5
IPR056426,121.0,5
IPR048859,104.0,5
IPR047260,127.0,5
IPR031984,70.0,5
IPR006047,372.875,5
IPR048358,52.0,5
IPR026489,102.0,5
IPR032324,91.0,5
IPR032319,159.0,5
IPR010655,110.0,5
IPR003958,63.0,5
IPR002550,183.5,5
IPR044751,128.0,5
IPR056622,219.0,5
IPR013549,46.0,2
IPR001222,41.666666666666664,2
IPR013577,103.5,5
IPR004030,360.0,5
IPR001094,13.258064516129032,2
IPR015097,45.0,2
IPR025874,48.0,2
IPR012461,276.25,5
IPR013588,1128.0,5
IPR046775,78.0,5
IPR000326,136.83333333333334,5
IPR056759,112.33333333333333,5
IPR000878,238.0,5
IPR048765,94.0,5
IPR035504,88.66666666666667,5
IPR048795,139.66666666666666,5
IPR055213,85.0,5
IPR048255,281.0,5
IPR045838,307.0,5
IPR054294,66.33333333333333,5
IPR054504,95.0,5
IPR054503,68.66666666666667,5
IPR059499,21.0,2
IPR005788,99.6,5
IPR041868,105.0,5
IPR048371,57.0,5
IPR003102,59.0,5
IPR033467,42.0,2
IPR057450,33.0,2
IPR057671,449.6666666666667,5
IPR025927,59.25,5
IPR022188,149.0,5
IPR056243,94.5,5
IPR056242,140.0,5
IPR056252,289.0,5
IPR035781,155.0,5
IPR012911,78.0,5
IPR055417,98.0,5
IPR055418,74.0,5
IPR012974,64.5,5
IPR025307,285.0,5
IPR058906,50.0,5
IPR058738,92.0,5
IPR057776,19.0,2
IPR003726,305.3333333333333,5
IPR057750,273.0,5
IPR034824,437.0,5
IPR048847,111.0,5
IPR000020,65.5,5
IPR032197,310.0,5
IPR032076,111.0,5
IPR055108,94.4,5
IPR013636,236.0,5
IPR041560,48.0,2
IPR008395,54.333333333333336,5
IPR040472,84.0,5
IPR022034,106.0,5
IPR032196,83.0,5
IPR019098,36.0,2
IPR024372,506.0,5
IPR055444,214.0,5
IPR055443,159.0,5
IPR006820,150.33333333333334,5
IPR048995,86.0,5
IPR037523,137.2,5
IPR043866,109.5,5
IPR056871,121.0,5
IPR056872,210.33333333333334,5
IPR056870,54.5,5
IPR003090,49.75,2
IPR014039,151.0,5
IPR025946,250.5,5
IPR006588,200.0,5
IPR057852,303.0,5
IPR057853,340.0,5
IPR057854,188.0,5
IPR017580,155.0,5
IPR048232,100.0,5
IPR002713,57.107142857142854,5
IPR039007,174.0,5
IPR039006,164.5,5
IPR040655,97.0,5
IPR003116,71.55555555555556,5
IPR002668,71.66666666666667,5
IPR011642,97.33333333333333,5
IPR011657,221.33333333333334,5
IPR006768,114.0,5
IPR006767,93.0,5
IPR011762,295.75,5
IPR011763,279.25,5
IPR032478,83.0,5
IPR006693,63.0,5
IPR059017,174.5,5
IPR046846,48.666666666666664,2
IPR015671,99.5,5
IPR012989,89.25,5
IPR058033,236.0,5
IPR022577,186.0,5
IPR033248,120.6,5
IPR046824,186.0,5
IPR037518,145.0,5
IPR014868,86.75,5
IPR041698,91.85714285714286,5
IPR043225,120.0,5
IPR037315,76.0,5
IPR043628,23.02127659574468,2
IPR013729,69.0,5
IPR039496,51.75,5
IPR056603,61.0,5
IPR056182,144.0,5
IPR056183,106.5,5
IPR056181,109.0,5
IPR056456,288.0,5
IPR056157,121.33333333333333,5
IPR011615,189.33333333333334,5
IPR010991,39.0,2
IPR007234,410.0,5
IPR031745,84.0,5
IPR029130,60.5,5
IPR029132,185.0,5
IPR054082,126.4,5
IPR002654,183.66666666666666,5
IPR004178,76.0,5
IPR030378,212.66666666666666,5
IPR059029,68.66666666666667,5
IPR040714,56.0,5
IPR056800,164.0,5
IPR006899,163.0,5
IPR006897,247.0,5
IPR006898,88.0,5
IPR000967,20.192307692307693,2
IPR006132,141.0,5
IPR006131,150.5,5
IPR000845,248.25,5
IPR031662,104.5,5
IPR008721,86.0,5
IPR054113,86.0,5
IPR057973,59.0,5
IPR033772,131.6,5
IPR013197,59.0,5
IPR008806,199.0,5
IPR055207,76.0,5
IPR002376,159.75,5
IPR005793,103.66666666666667,5
IPR059081,280.5,5
IPR007287,86.0,5
IPR058866,163.0,5
IPR058865,139.0,5
IPR025977,300.0,5
IPR006208,102.0,5
IPR015415,42.714285714285715,2
IPR015151,111.25,5
IPR035400,126.0,5
IPR035085,223.0,5
IPR035401,206.0,5
IPR056519,101.0,5
IPR014772,107.5,5
IPR046457,148.0,5
IPR046458,87.0,5
IPR046456,44.0,2
IPR001102,110.22222222222223,5
IPR008958,98.5625,5
IPR028107,292.0,5
IPR048575,86.0,5
IPR041523,55.0,5
IPR049144,244.5,5
IPR049146,230.5,5
IPR032418,68.0,5
IPR032420,68.5,5
IPR018965,126.66666666666667,5
IPR057021,79.0,5
IPR048889,88.0,5
IPR032281,93.0,5
IPR007513,36.0,2
IPR012947,51.166666666666664,5
IPR057348,98.0,5
IPR019337,108.0,5
IPR010442,103.0,5
IPR048530,251.33333333333334,5
IPR049175,382.6666666666667,5
IPR045550,412.0,5
IPR014813,73.0,5
IPR022535,65.0,5
IPR025969,169.0,5
IPR012486,302.0,5
IPR021819,368.0,5
IPR028083,90.0,5
IPR028088,115.0,5
IPR006641,107.0,5
IPR032706,103.0,5
IPR041692,79.5,5
IPR035018,91.0,5
IPR019383,100.5,5
IPR013180,482.0,5
IPR008147,88.0,5
IPR008146,295.5,5
IPR010911,109.41666666666667,5
IPR006788,381.0,5
IPR010652,36.0,2
IPR028163,225.0,5
IPR007726,59.333333333333336,5
IPR006667,137.33333333333334,5
IPR029347,153.0,5
IPR027012,100.0,5
IPR006680,342.8181818181818,5
IPR055260,145.0,5
IPR040967,72.0,5
IPR057091,232.0,5
IPR003338,82.0,5
IPR004201,69.0,5
IPR004443,212.0,5
IPR056415,103.0,5
IPR057424,94.0,5
IPR056306,182.0,5
IPR056307,112.0,5
IPR056310,94.0,5
IPR032764,171.5,5
IPR031840,35.0,2
IPR000034,179.5,5
IPR009254,257.8,5
IPR010307,130.2,5
IPR013567,85.0,5
IPR013566,71.0,5
IPR020860,163.66666666666666,5
IPR000965,409.0,5
IPR013216,91.85714285714286,5
IPR028258,91.33333333333333,5
IPR002877,192.0,5
IPR031908,289.0,5
IPR034265,71.0,5
IPR031910,70.0,5
IPR031907,714.0,5
IPR020058,305.6666666666667,5
IPR020059,95.0,5
IPR002314,179.75,5
IPR016061,82.0,5
IPR058889,77.0,5
IPR007751,193.5,5
IPR021805,67.25,5
IPR053945,69.0,5
IPR056597,632.0,5
IPR056593,129.0,5
IPR056602,357.0,5
IPR027898,148.0,5
IPR055264,95.0,5
IPR008859,213.2,5
IPR057983,66.5,5
IPR057982,384.0,5
IPR009738,177.66666666666666,5
IPR015155,119.0,5
IPR013535,261.0,5
IPR032715,143.0,5
IPR055192,65.0,5
IPR056343,125.0,5
IPR058952,141.0,5
IPR055257,198.0,5
IPR054474,119.66666666666667,5
IPR013932,162.0,5
IPR032038,51.0,5
IPR009234,338.0,5
IPR009232,173.0,5
IPR057373,105.0,5
IPR032337,145.5,5
IPR013713,282.6666666666667,5
IPR058669,283.5,5
IPR027958,291.0,5
IPR013638,131.0,5
IPR018533,68.5,5
IPR045478,851.0,5
IPR014043,313.5,5
IPR013673,44.0,2
IPR009067,61.0,5
IPR022591,462.0,5
IPR024583,156.66666666666666,5
IPR056598,222.0,5
IPR019167,190.5,5
IPR013809,128.0,5
IPR001498,107.0,5
IPR003603,18.0,2
IPR040646,126.0,5
IPR041663,48.0,2
IPR040990,105.75,5
IPR056801,109.0,5
IPR056159,329.5,5
IPR000058,47.72727272727273,2
IPR057357,39.0,2
IPR031575,495.5,5
IPR001247,131.5,5
IPR015847,64.16666666666667,5
IPR006593,202.83333333333334,5
IPR027900,75.0,5
IPR024336,66.0,5
IPR054071,94.0,5
IPR048970,72.0,5
IPR013913,508.0,5
IPR032754,58.21052631578947,5
IPR029423,129.4,5
IPR049387,219.0,5
IPR058536,93.0,5
IPR000535,116.66666666666667,5
IPR057467,112.0,5
IPR056344,181.0,5
IPR056305,119.0,5
IPR045696,211.0,5
IPR003613,74.14285714285714,5
IPR057566,332.0,5
IPR057567,284.0,5
IPR005140,132.5,5
IPR005141,132.0,5
IPR005142,117.5,5
IPR055104,197.0,5
IPR032194,156.0,5
IPR032193,187.0,5
IPR032191,223.0,5
IPR024557,147.0,5
IPR055454,204.0,5
IPR007196,359.0,5
IPR005533,147.25,5
IPR046448,179.0,5
IPR029342,125.0,5
IPR024057,100.33333333333333,5
IPR056184,159.0,5
IPR012934,86.0,5
IPR010565,195.0,5
IPR011146,107.8,5
IPR037719,44.0,2
IPR053818,88.0,5
IPR053817,85.0,5
IPR053816,349.0,5
IPR053815,110.0,5
IPR022656,51.0,5
IPR031966,38.0,2
IPR010465,14.0,2
IPR032022,176.0,5
IPR056485,146.0,5
IPR015194,98.0,5
IPR041085,114.5,5
IPR058765,234.0,5
IPR058764,68.0,5
IPR058687,150.0,5
IPR058688,97.0,5
IPR058686,83.0,5
IPR058685,95.0,5
IPR025256,199.0,5
IPR035714,279.0,5
IPR019485,29.0,2
IPR023336,70.0,5
IPR058552,58.0,5
IPR058553,73.0,5
IPR058554,130.0,5
IPR058555,62.0,5
IPR058556,162.0,5
IPR058557,53.0,5
IPR027830,69.0,5
IPR053899,137.0,5
IPR053900,85.0,5
IPR027865,89.0,5
IPR000489,261.0,5
IPR003759,97.0,5
IPR004223,342.0,5
IPR040817,110.0,5
IPR048497,79.0,5
IPR009730,208.0,5
IPR019474,631.0,5
IPR023082,156.5,5
IPR025715,78.5,5
IPR013851,89.0,5
IPR047819,132.0,5
IPR029430,106.0,5
IPR029429,107.0,5
IPR029333,86.0,5
IPR055379,89.0,5
IPR055380,97.0,5
IPR055381,26.0,2
IPR002706,148.5,5
IPR045473,128.66666666666666,5
IPR041406,41.0,2
IPR014890,93.5,5
IPR058762,74.0,5
IPR012792,178.5,5
IPR012791,205.5,5
IPR010555,244.0,5
IPR009505,118.0,5
IPR002744,68.5,5
IPR028005,39.0,2
IPR028009,68.0,5
IPR034737,147.66666666666666,5
IPR009066,112.0,5
IPR010483,211.0,5
IPR029477,94.75,5
IPR006636,37.95,2
IPR015249,110.0,5
IPR025228,105.0,5
IPR056721,106.0,5
IPR057539,143.0,5
IPR057538,189.0,5
IPR008899,57.25,5
IPR021911,190.33333333333334,5
IPR055071,67.0,5
IPR004094,26.5,2
IPR045813,129.0,5
IPR039433,191.5,5
IPR057731,342.0,5
IPR057655,28.0,2
IPR003010,269.7142857142857,5
IPR022310,264.0,5
IPR034649,40.333333333333336,2
IPR007695,113.66666666666667,5
IPR007860,145.0,5
IPR007696,343.4,5
IPR000432,195.4,5
IPR009378,117.0,5
IPR031719,70.0,5
IPR031737,128.0,5
IPR025223,51.0,5
IPR018485,191.16666666666666,5
IPR013578,248.0,5
IPR055130,145.0,5
IPR018593,99.0,5
IPR014912,74.0,5
IPR057031,81.0,5
IPR012983,149.0,5
IPR045575,543.0,5
IPR045574,121.0,5
IPR040685,92.0,5
IPR040510,46.0,2
IPR034089,70.0,5
IPR011040,286.25,5
IPR003680,206.5,5
IPR019518,119.0,5
IPR032794,349.0,5
IPR029415,34.0,2
IPR001365,320.3333333333333,5
IPR012958,52.0,5
IPR009463,64.0,5
IPR009462,157.33333333333334,5
IPR012957,145.0,5
IPR031675,47.0,2
IPR031474,851.0,5
IPR009288,119.0,5
IPR048584,119.0,5
IPR007862,35.0,2
IPR017927,136.0,5
IPR047856,47.0,2
IPR047855,53.0,5
IPR032013,189.5,5
IPR031165,90.0,5
IPR007699,83.0,5
IPR012599,37.0,2
IPR049361,94.0,5
IPR000572,176.0,5
IPR005066,124.0,5
IPR058842,46.0,2
IPR040772,64.0,5
IPR041477,288.0,5
IPR045667,343.0,5
IPR045663,230.0,5
IPR040855,112.0,5
IPR028073,362.0,5
IPR028074,90.0,5
IPR055362,107.0,5
IPR055363,103.0,5
IPR055364,75.0,5
IPR010675,106.5,5
IPR025903,82.5,5
IPR025907,124.5,5
IPR028060,48.0,2
IPR024682,78.0,5
IPR007716,139.0,5
IPR007717,341.0,5
IPR025952,136.0,5
IPR025398,166.5,5
IPR008906,79.33333333333333,5
IPR029362,93.0,5
IPR015649,229.0,5
IPR056556,195.0,5
IPR058666,56.333333333333336,5
IPR057310,57.0,5
IPR048814,124.33333333333333,5
IPR022728,156.0,5
IPR015276,46.0,2
IPR024576,168.0,5
IPR012920,199.0,5
IPR015865,130.0,5
IPR002857,45.142857142857146,2
IPR045495,489.3333333333333,5
IPR005845,105.5,5
IPR005846,119.75,5
IPR013872,24.0,2
IPR040926,24.0,2
IPR047273,167.0,5
IPR058042,132.66666666666666,5
IPR014797,135.0,5
IPR041190,100.0,5
IPR040848,100.5,5
IPR048617,72.0,5
IPR054727,70.0,5
IPR055060,160.75,5
IPR002655,159.25,5
IPR053974,221.0,5
IPR053973,221.0,5
IPR003495,186.0,5
IPR011629,101.8,5
IPR011759,90.0,5
IPR002429,133.0,5
IPR056277,125.0,5
IPR048615,54.0,5
IPR004198,51.6,5
IPR013637,328.75,5
IPR013498,37.0,2
IPR024665,42.666666666666664,2
IPR011320,36.5,2
IPR043470,126.0,5
IPR036004,174.0,5
IPR055141,73.0,5
IPR018556,134.0,5
IPR054476,309.0,5
IPR056241,156.0,5
IPR054477,235.0,5
IPR054478,84.0,5
IPR015169,111.0,5
IPR022067,97.25,5
IPR048839,158.5,5
IPR032678,366.5,5
IPR041428,60.5,5
IPR018459,17.666666666666668,2
IPR032232,37.0,2
IPR032117,59.0,5
IPR013698,271.0,5
IPR022135,81.66666666666667,5
IPR057650,94.0,5
IPR013068,60.0,5
IPR012606,59.0,5
IPR057835,78.0,5
IPR032393,100.0,5
IPR004953,70.0,5
IPR014030,242.5,5
IPR014031,115.5,5
IPR003583,19.0,2
IPR035699,254.2,5
IPR015362,26.0,2
IPR019191,38.0,2
IPR003100,143.33333333333334,5
IPR003165,297.375,5
IPR028084,119.0,5
IPR028085,232.0,5
IPR028086,184.5,5
IPR055221,56.0,5
IPR000352,111.0,5
IPR002861,164.25,5
IPR009465,212.0,5
IPR058772,124.0,5
IPR058857,58.0,5
IPR015793,332.0,5
IPR015795,117.5,5
IPR048668,88.0,5
IPR055409,465.5,5
IPR041360,58.0,5
IPR057602,46.5,2
IPR058018,91.0,5
IPR058056,142.66666666666666,5
IPR030385,185.66666666666666,5
IPR028002,77.2,5
IPR004887,97.0,5
IPR015245,79.0,5
IPR057125,114.25,5
IPR056520,72.0,5
IPR005031,128.5,5
IPR012996,35.0,2
IPR019510,184.66666666666666,5
IPR049040,118.0,5
IPR009755,248.0,5
IPR019460,110.0,5
IPR058903,118.0,5
IPR010908,119.6,5
IPR047320,108.0,5
IPR007707,197.33333333333334,5
IPR019387,70.0,5
IPR029334,56.0,5
IPR032172,73.5,5
IPR032177,66.0,5
IPR058896,58.0,5
IPR029403,72.66666666666667,5
IPR021613,87.5,5
IPR022150,96.0,5
IPR002546,95.0,5
IPR022032,69.5,5
IPR048377,42.0,2
IPR018998,273.0,5
IPR010309,276.0,5
IPR010314,384.0,5
IPR048382,478.0,5
IPR022175,41.0,2
IPR011501,94.0,5
IPR005576,54.666666666666664,5
IPR032059,91.0,5
IPR031633,58.0,5
IPR001510,88.66666666666667,5
IPR049296,59.0,5
IPR012982,40.0,2
IPR025593,198.0,5
IPR047066,54.0,5
IPR057954,173.0,5
IPR037454,257.0,5
IPR022252,47.0,2
IPR010723,65.0,5
IPR012301,181.0,5
IPR012302,253.0,5
IPR029099,113.6,5
IPR049542,95.0,5
IPR049936,80.0,5
IPR041087,85.5,5
IPR041309,250.0,5
IPR057598,133.25,5
IPR032410,249.0,5
IPR053856,82.0,5
IPR060643,65.0,5
IPR057479,84.0,5
IPR003306,138.5,5
IPR055103,93.0,5
IPR045688,134.5,5
IPR058771,68.0,5
IPR040645,63.0,5
IPR055441,290.0,5
IPR055440,308.0,5
IPR056880,135.0,5
IPR001796,181.0,5
IPR035871,263.0,5
IPR049472,101.0,5
IPR029422,113.0,5
IPR025883,82.0,5
IPR039517,41.0,2
IPR032350,109.5,5
IPR006070,197.0,5
IPR026480,223.0,5
IPR034464,68.0,5
IPR010407,124.0,5
IPR007735,207.0,5
IPR055124,221.5,5
IPR059032,82.0,5
IPR011666,84.0,5
IPR022106,41.5,2
IPR059240,76.0,5
IPR005607,55.25,5
IPR041453,117.0,5
IPR044774,145.0,5
IPR041082,40.0,2
IPR022192,46.0,2
IPR029311,123.0,5
IPR014003,332.0,5
IPR034817,83.0,5
IPR046757,209.0,5
IPR013272,29.0,2
IPR018886,24.0,2
IPR005043,435.0,5
IPR019498,170.5,5
IPR009025,72.25,5
IPR037524,163.0,5
IPR039448,131.33333333333334,5
IPR033443,137.5,5
IPR059067,38.0,2
IPR059008,138.0,5
IPR012956,72.5,5
IPR008013,201.0,5
IPR025254,173.5,5
IPR019467,162.0,5
IPR048776,51.0,5
IPR057887,134.0,5
IPR007701,297.0,5
IPR006921,53.0,5
IPR047762,129.5,5
IPR029281,203.0,5
IPR057881,192.0,5
IPR031686,88.0,5
IPR032425,76.0,5
IPR015224,161.0,5
IPR002558,212.4,5
IPR049108,124.5,5
IPR054060,153.25,5
IPR037438,171.5,5
IPR015009,124.0,5
IPR054420,128.0,5
IPR014877,213.0,5
IPR058856,103.0,5
IPR011538,169.0,5
IPR054765,82.0,5
IPR019575,84.0,5
IPR021394,147.0,5
IPR008333,99.0,5
IPR004328,395.3333333333333,5
IPR020997,299.5,5
IPR003652,134.66666666666666,5
IPR035997,113.0,5
IPR031597,73.33333333333333,5
IPR014930,59.25,5
IPR021977,39.0,2
IPR048511,81.33333333333333,5
IPR048509,138.66666666666666,5
IPR005559,125.0,5
IPR003140,213.66666666666666,5
IPR039482,383.3333333333333,5
IPR029353,202.33333333333334,5
IPR024253,205.5,5
IPR048359,169.0,5
IPR046361,348.5,5
IPR001529,52.0,5
IPR049074,119.0,5
IPR013537,738.0,5
IPR021980,145.5,5
IPR008121,11.666666666666666,2
IPR000818,78.0,5
IPR041086,210.75,5
IPR021537,29.0,2
IPR022783,231.33333333333334,5
IPR032106,36.0,2
IPR049398,95.0,5
IPR007859,103.0,5
IPR027996,86.5,5
IPR056227,133.0,5
IPR015285,82.0,5
IPR003172,129.75,5
IPR058662,136.5,5
IPR048886,266.0,5
IPR041481,49.0,2
IPR021773,258.0,5
IPR025876,59.0,5
IPR003228,73.0,5
IPR057588,110.5,5
IPR056534,331.0,5
IPR013980,85.0,5
IPR022409,87.8,5
IPR056502,93.0,5
IPR041694,106.0,5
IPR032136,47.0,2
IPR015039,32.0,2
IPR041425,100.0,5
IPR048843,56.0,5
IPR049396,80.0,5
IPR049395,125.0,5
IPR008519,60.2,5
IPR023577,196.0,5
IPR040880,57.0,5
IPR015211,145.0,5
IPR028400,150.0,5
IPR005122,165.0,5
IPR040790,85.33333333333333,5
IPR019748,104.4,5
IPR045302,363.0,5
IPR059093,98.0,5
IPR032302,409.0,5
IPR021726,75.0,5
IPR021418,300.0,5
IPR059117,151.5,5
IPR025980,152.0,5
IPR024951,222.5,5
IPR031417,240.0,5
IPR031416,179.0,5
IPR014016,178.5,5
IPR056497,192.0,5
IPR022006,35.0,2
IPR005635,56.0,5
IPR025670,91.66666666666667,5
IPR025995,40.0,2
IPR026541,258.0,5
IPR040546,40.75,2
IPR021869,153.0,5
IPR040757,41.0,2
IPR053880,108.5,5
IPR019336,224.0,5
IPR054419,67.0,5
IPR000426,22.0,2
IPR009449,84.5,5
IPR042091,113.0,5
IPR032474,132.0,5
IPR014811,50.833333333333336,5
IPR032472,46.5,2
IPR032473,80.75,5
IPR047857,183.0,5
IPR057992,253.5,5
IPR040675,26.0,2
IPR026679,631.0,5
IPR037671,305.0,5
IPR017852,454.0,5
IPR040647,59.333333333333336,5
IPR015121,164.0,5
IPR044868,113.0,5
IPR032368,113.0,5
IPR057350,60.0,5
IPR021063,67.0,5
IPR032419,93.0,5
IPR034735,30.666666666666668,2
IPR056272,39.0,2
IPR059022,73.0,5
IPR025257,342.6666666666667,5
IPR049011,162.0,5
IPR046408,32.5,2
IPR057307,347.0,5
IPR024763,44.0,2
IPR048767,59.0,5
IPR037836,119.0,5
IPR011417,262.75,5
IPR059114,86.0,5
IPR018974,74.0,5
IPR055179,171.0,5
IPR006094,126.0,5
IPR004113,249.66666666666666,5
IPR056524,137.0,5
IPR014025,13.0,2
IPR055217,109.0,5
IPR004331,176.0,5
IPR004342,374.0,5
IPR015927,87.5,5
IPR029023,169.5,5
IPR002575,225.66666666666666,5
IPR003605,30.0,2
IPR045791,194.0,5
IPR013120,269.5,5
IPR033640,93.0,5
IPR000532,27.5,2
IPR005398,131.75,5
IPR056522,141.0,5
IPR031972,218.66666666666666,5
IPR047476,60.0,5
IPR012603,92.0,5
IPR013528,173.0,5
IPR013746,281.5,5
IPR057825,82.5,5
IPR045840,111.0,5
IPR015007,62.0,5
IPR009917,145.0,5
IPR055343,164.5,5
IPR045587,277.0,5
IPR008669,18.0,2
IPR046815,192.0,5
IPR048452,72.0,5
IPR013843,36.0,2
IPR002942,66.5,5
IPR013845,74.0,5
IPR032277,46.666666666666664,2
IPR029269,40.0,2
IPR057537,143.0,5
IPR022011,59.5,5
IPR008015,151.33333333333334,5
IPR004114,110.66666666666667,5
IPR006019,170.5,5
IPR005326,92.33333333333333,5
IPR032843,88.0,5
IPR019391,78.0,5
IPR006794,240.0,5
IPR040635,147.0,5
IPR015172,144.0,5
IPR015174,274.0,5
IPR009022,75.0,5
IPR028036,45.0,2
IPR054711,392.0,5
IPR055117,94.0,5
IPR019496,51.0,5
IPR033392,46.0,2
IPR021934,124.33333333333333,5
IPR054473,53.0,5
IPR034906,92.0,5
IPR009081,76.6,5
IPR001117,135.0,5
IPR049320,44.0,2
IPR057299,48.5,2
IPR055111,52.0,5
IPR054354,95.0,5
IPR046823,384.0,5
IPR046822,372.0,5
IPR003827,183.0,5
IPR017459,61.0,5
IPR000312,230.0,5
IPR013102,74.0,5
IPR056814,66.0,5
IPR055349,89.0,5
IPR040727,127.0,5
IPR041619,107.0,5
IPR018999,157.0,5
IPR040812,101.0,5
IPR049161,294.0,5
IPR035394,115.0,5
IPR049162,174.0,5
IPR032698,172.0,5
IPR042050,377.0,5
IPR000172,297.0,5
IPR007867,134.0,5
IPR057810,78.0,5
IPR057811,71.0,5
IPR025901,137.0,5
IPR056913,312.0,5
IPR056917,93.0,5
IPR022233,226.0,5
IPR054179,215.0,5
IPR022241,188.5,5
IPR059154,120.0,5
IPR010598,191.0,5
IPR022582,79.5,5
IPR048387,110.0,5
IPR057054,52.0,5
IPR027911,146.0,5
IPR032409,82.0,5
IPR056154,404.0,5
IPR056155,318.0,5
IPR056156,123.0,5
IPR057508,233.0,5
IPR002784,73.0,5
IPR004125,105.0,5
IPR015008,68.0,5
IPR014012,72.0,5
IPR057089,101.0,5
IPR057763,87.0,5
IPR020850,95.0,5
IPR003812,135.0,5
IPR010599,164.33333333333334,5
IPR031722,130.0,5
IPR056398,92.0,5
IPR041972,227.0,5
IPR013748,84.66666666666667,5
IPR029054,108.0,5
IPR005491,84.0,5
IPR020040,76.0,5
IPR007642,185.66666666666666,5
IPR007645,64.33333333333333,5
IPR009674,58.0,5
IPR007120,368.6666666666667,5
IPR007641,91.33333333333333,5
IPR041012,60.0,5
IPR028564,193.5,5
IPR022648,123.0,5
IPR022649,127.0,5
IPR029002,184.0,5
IPR002498,365.77777777777777,5
IPR006644,104.25,5
IPR041631,122.0,5
IPR008465,288.0,5
IPR019102,111.0,5
IPR049351,53.0,5
IPR014887,35.5,2
IPR042735,260.0,5
IPR018808,264.0,5
IPR041322,175.5,5
IPR040560,111.0,5
IPR040535,110.0,5
IPR006620,198.0,5
IPR025749,72.66666666666667,5
IPR025261,58.0,5
IPR033473,56.5,5
IPR017456,270.0,5
IPR001268,120.0,5
IPR023573,123.0,5
IPR048959,119.0,5
IPR048525,176.0,5
IPR019568,79.0,5
IPR049587,61.0,5
IPR021619,62.0,5
IPR030220,44.0,2
IPR032632,280.5,5
IPR009828,255.25,5
IPR056551,363.0,5
IPR056550,48.0,2
IPR012580,27.0,2
IPR021665,287.0,5
IPR048616,188.0,5
IPR048339,56.0,5
IPR015359,78.85714285714286,5
IPR035590,210.0,5
IPR006608,57.625,5
IPR035372,95.0,5
IPR007956,263.0,5
IPR056164,352.0,5
IPR056165,305.0,5
IPR056167,202.0,5
IPR056166,163.0,5
IPR056169,170.0,5
IPR007177,126.0,5
IPR014935,79.66666666666667,5
IPR014920,47.666666666666664,2
IPR010011,56.5,5
IPR032374,59.0,5
IPR031814,206.0,5
IPR055486,79.0,5
IPR056405,168.0,5
IPR039686,115.0,5
IPR031879,115.0,5
IPR019156,90.0,5
IPR054734,98.0,5
IPR035888,93.0,5
IPR046352,316.0,5
IPR007085,71.5,5
IPR018941,94.0,5
IPR048236,172.0,5
IPR057747,133.33333333333334,5
IPR000891,272.0,5
IPR057302,72.0,5
IPR008847,365.0,5
IPR053912,139.0,5
IPR053911,178.0,5
IPR057315,231.0,5
IPR018902,38.5,2
IPR025607,53.0,5
IPR013799,120.71428571428571,5
IPR013800,153.42857142857142,5
IPR013801,134.85714285714286,5
IPR048988,78.71428571428571,5
IPR042934,579.0,5
IPR013506,160.0,5
IPR031660,138.0,5
IPR002205,479.5,5
IPR012542,94.5,5
IPR049125,82.0,5
IPR049138,63.0,5
IPR049126,153.0,5
IPR014883,115.0,5
IPR007943,47.0,2
IPR048686,94.0,5
IPR048695,214.0,5
IPR031889,43.0,2
IPR041503,90.0,5
IPR018864,449.0,5
IPR048883,410.0,5
IPR032052,69.0,5
IPR003734,177.0,5
IPR056225,128.0,5
IPR034934,259.0,5
IPR021131,113.0,5
IPR025954,127.0,5
IPR045353,62.0,5
IPR041870,90.0,5
IPR041862,110.0,5
IPR016073,63.5,5
IPR016072,47.0,2
IPR049773,63.0,5
IPR041529,106.0,5
IPR041525,277.0,5
IPR029436,84.0,5
IPR032792,478.0,5
IPR032788,277.0,5
IPR032790,454.0,5
IPR031478,149.0,5
IPR012584,331.0,5
IPR048897,320.0,5
IPR009688,86.5,5
IPR041200,65.0,5
IPR011516,44.0,2
IPR011515,21.0,2
IPR056864,31.0,2
IPR020070,44.0,2
IPR054302,85.0,5
IPR041210,94.0,5
IPR037827,101.0,5
IPR031577,121.5,5
IPR015260,98.0,5
IPR015375,121.5,5
IPR015376,29.0,2
IPR057279,272.5,5
IPR056576,133.66666666666666,5
IPR045546,642.0,5
IPR021625,131.5,5
IPR045588,349.0,5
IPR057890,128.5,5
IPR038729,202.0,5
IPR013134,99.0,5
IPR005139,178.0,5
IPR024739,25.0,2
IPR012579,62.0,5
IPR021991,169.0,5
IPR003105,172.5,5
IPR059157,265.0,5
IPR059156,334.0,5
IPR007319,202.0,5
IPR022157,278.0,5
IPR032031,125.0,5
IPR043936,121.0,5
IPR055373,234.0,5
IPR055375,98.0,5
IPR055374,126.0,5
IPR056790,98.0,5
IPR041269,106.5,5
IPR040986,102.0,5
IPR017905,106.33333333333333,5
IPR005637,63.5,5
IPR011644,121.33333333333333,5
IPR049482,45.0,2
IPR001912,104.0,5
IPR013659,84.0,5
IPR039481,781.0,5
IPR031940,102.0,5
IPR048257,112.0,5
IPR040662,67.0,5
IPR055184,89.0,5
IPR048761,129.0,5
IPR010912,174.33333333333334,5
IPR001962,295.0,5
IPR057358,71.0,5
IPR013847,17.0,2
IPR024567,222.0,5
IPR004942,88.66666666666667,5
IPR056217,98.0,5
IPR056218,106.0,5
IPR056219,97.0,5
IPR004015,160.0,5
IPR057635,58.0,5
IPR057726,135.0,5
IPR031731,44.0,2
IPR011658,149.0,5
IPR048943,59.0,5
IPR006933,320.6666666666667,5
IPR040759,99.5,5
IPR019607,19.0,2
IPR013876,80.0,5
IPR003153,126.66666666666667,5
IPR014741,83.0,5
IPR014742,96.0,5
IPR057220,65.0,5
IPR007741,73.0,5
IPR005189,130.5,5
IPR032341,148.0,5
IPR036003,102.0,5
IPR008030,284.0,5
IPR055127,95.0,5
IPR001573,26.75,2
IPR027951,190.0,5
IPR023379,112.5,5
IPR004365,82.28571428571429,5
IPR004364,351.4,5
IPR048611,67.5,5
IPR022723,41.0,2
IPR057573,122.0,5
IPR057570,102.0,5
IPR021569,62.0,5
IPR059238,81.0,5
IPR013625,127.0,5
IPR016017,86.75,5
IPR024599,136.66666666666666,5
IPR002720,195.0,5
IPR002719,152.66666666666666,5
IPR015030,131.0,5
IPR045796,105.0,5
IPR032403,205.0,5
IPR041421,46.0,2
IPR006139,313.25,5
IPR005172,113.0,5
IPR032453,101.14285714285714,5
IPR012913,74.0,5
IPR004859,239.5,5
IPR041412,392.5,5
IPR004595,43.0,2
IPR044462,77.0,5
IPR032733,252.0,5
IPR048581,464.0,5
IPR048562,54.666666666666664,5
IPR048560,59.666666666666664,5
IPR056431,99.66666666666667,5
IPR056430,93.0,5
IPR057815,93.0,5
IPR012935,126.0,5
IPR013909,222.0,5
IPR013957,55.0,5
IPR044063,67.0,5
IPR027904,67.5,5
IPR048307,399.5,5
IPR054479,68.0,5
IPR059828,30.0,2
IPR031995,99.0,5
IPR010795,364.5,5
IPR029240,261.0,5
IPR024687,427.0,5
IPR054532,29.0,2
IPR057090,80.5,5
IPR025723,301.0,5
IPR001915,215.0,5
IPR024367,291.0,5
IPR024366,168.0,5
IPR002501,136.0,5
IPR012897,73.0,5
IPR010505,134.0,5
IPR002820,135.0,5
IPR025244,89.0,5
IPR025451,126.33333333333333,5
IPR058808,103.5,5
IPR002044,112.0,5
IPR057506,168.0,5
IPR019339,36.0,2
IPR057476,102.0,5
IPR012955,216.0,5
IPR024689,36.0,2
IPR014810,93.0,5
IPR057028,106.0,5
IPR054713,257.0,5
IPR024578,48.0,2
IPR012642,45.5,2
IPR015395,152.33333333333334,5
IPR044276,360.5,5
IPR029148,163.0,5
IPR013953,160.0,5
IPR056595,126.0,5
IPR013719,90.0,5
IPR048969,77.0,5
IPR007846,83.0,5
IPR007758,107.5,5
IPR019571,68.0,5
IPR041003,48.0,2
IPR032830,125.0,5
IPR028034,85.0,5
IPR040673,74.0,5
IPR040951,91.0,5
IPR033742,137.0,5
IPR040626,93.66666666666667,5
IPR007471,70.0,5
IPR007472,139.0,5
IPR028144,33.0,2
IPR056498,196.0,5
IPR058844,279.0,5
IPR058843,204.0,5
IPR057478,209.0,5
IPR056414,65.0,5
IPR003884,70.0,5
IPR054069,69.0,5
IPR040648,124.0,5
IPR044034,38.0,2
IPR012887,422.5,5
IPR057288,114.66666666666667,5
IPR024584,415.0,5
IPR018515,347.0,5
IPR056149,79.0,5
IPR013243,70.0,5
IPR048347,119.0,5
IPR018292,271.6,5
IPR056850,322.2,5
IPR021905,271.6666666666667,5
IPR013699,56.0,5
IPR014905,94.0,5
IPR032435,60.0,5
IPR049270,305.0,5
IPR010432,159.0,5
IPR007635,121.0,5
IPR032422,98.0,5
IPR039549,110.0,5
IPR013238,118.0,5
IPR056453,67.0,5
IPR029004,114.0,5
IPR021933,109.0,5
IPR007042,205.0,5
IPR008426,199.0,5
IPR056579,277.0,5
IPR056580,117.0,5
IPR056761,121.0,5
IPR021720,160.0,5
IPR033659,161.0,5
IPR033644,137.0,5
IPR007207,228.0,5
IPR013961,335.0,5
IPR013124,78.0,5
IPR015118,113.0,5
IPR023115,101.0,5
IPR029459,91.0,5
IPR041182,104.0,5
IPR011234,225.0,5
IPR054414,83.0,5
IPR021774,133.75,5
IPR032803,178.66666666666666,5
IPR001453,154.33333333333334,5
IPR056596,76.0,5
IPR002500,154.0,5
IPR013979,195.0,5
IPR001347,156.66666666666666,5
IPR002733,194.0,5
IPR006640,163.5,5
IPR013857,173.0,5
IPR014789,77.0,5
IPR056755,75.0,5
IPR003327,30.0,2
IPR040663,127.0,5
IPR007185,208.0,5
IPR011704,156.0,5
IPR044867,117.0,5
IPR025220,99.0,5
IPR057748,139.0,5
IPR056986,111.0,5
IPR047061,78.0,5
IPR019831,81.0,5
IPR019832,103.0,5
IPR045816,106.0,5
IPR015135,31.0,2
IPR015136,25.0,2
IPR015137,26.0,2
IPR006884,158.5,5
IPR022154,160.5,5
IPR057261,125.0,5
IPR057337,23.0,2
IPR029325,158.0,5
IPR029326,128.5,5
IPR057980,488.0,5
IPR057577,78.0,5
IPR057974,97.0,5
IPR012929,127.0,5
IPR029267,55.5,5
IPR029495,72.0,5
IPR029419,67.0,5
IPR007718,72.0,5
IPR011646,439.0,5
IPR031981,190.0,5
IPR056396,204.0,5
IPR006050,154.0,5
IPR005101,198.0,5
IPR037453,257.0,5
IPR014840,50.5,5
IPR026947,217.0,5
IPR048288,54.5,5
IPR044541,32.0,2
IPR057492,157.33333333333334,5
IPR031588,196.0,5
IPR011262,123.0,5
IPR029174,172.0,5
IPR040969,47.0,2
IPR037957,232.0,5
IPR010513,130.0,5
IPR058570,83.0,5
IPR045463,48.0,2
IPR010515,170.0,5
IPR015015,123.5,5
IPR006678,44.0,2
IPR006677,89.5,5
IPR056841,57.0,5
IPR048924,66.0,5
IPR021802,134.25,5
IPR024956,129.0,5
IPR025845,116.0,5
IPR021752,32.0,2
IPR048540,49.0,2
IPR048538,190.0,5
IPR032353,54.0,5
IPR057563,63.5,5
IPR025812,177.0,5
IPR025209,80.0,5
IPR015384,35.5,2
IPR024581,52.666666666666664,5
IPR010285,198.0,5
IPR049163,46.0,2
IPR039525,30.0,2
IPR042026,140.5,5
IPR024779,599.6666666666666,5
IPR057755,102.33333333333333,5
IPR007886,134.5,5
IPR007698,217.0,5
IPR024605,85.0,5
IPR034300,457.0,5
IPR019535,210.0,5
IPR031769,64.0,5
IPR032392,101.0,5
IPR032355,73.0,5
IPR045734,247.0,5
IPR023485,149.0,5
IPR031442,669.0,5
IPR047270,120.0,5
IPR020546,81.0,5
IPR048937,41.0,2
IPR015010,59.0,5
IPR021661,75.0,5
IPR047890,83.0,5
IPR047889,101.0,5
IPR032770,132.5,5
IPR047441,53.0,5
IPR041306,47.666666666666664,2
IPR045740,121.0,5
IPR029491,94.0,5
IPR006590,121.5,5
IPR032292,306.0,5
IPR010491,156.0,5
IPR055176,86.0,5
IPR056767,29.0,2
IPR019447,126.0,5
IPR041330,52.0,5
IPR041995,56.0,5
IPR049341,56.0,5
IPR029437,476.0,5
IPR029438,503.0,5
IPR029306,216.0,5
IPR029264,101.5,5
IPR012314,199.5,5
IPR022238,75.0,5
IPR021150,135.0,5
IPR017941,104.5,5
IPR053858,288.0,5
IPR032563,78.0,5
IPR008468,158.0,5
IPR032456,184.0,5
IPR031470,265.5,5
IPR057656,34.5,2
IPR019194,96.5,5
IPR005097,126.5,5
IPR032095,314.0,5
IPR013558,221.0,5
IPR019401,36.0,2
IPR057749,69.0,5
IPR030237,78.0,5
IPR031687,61.0,5
IPR031801,260.0,5
IPR019385,83.0,5
IPR057428,73.0,5
IPR013819,563.1666666666666,5
IPR048821,110.0,5
IPR019087,69.0,5
IPR048385,119.0,5
IPR048386,108.0,5
IPR022707,465.0,5
IPR035247,253.0,5
IPR035075,167.0,5
IPR035248,168.0,5
IPR045744,136.0,5
IPR048733,717.0,5
IPR056226,64.0,5
IPR028052,285.0,5
IPR028931,255.0,5
IPR025974,84.0,5
IPR055272,224.0,5
IPR010468,307.0,5
IPR040909,154.0,5
IPR001928,24.5,2
IPR028783,64.0,5
IPR009723,85.0,5
IPR012590,91.0,5
IPR055079,169.0,5
IPR032447,112.5,5
IPR044059,87.0,5
IPR026533,113.0,5
IPR006148,216.0,5
IPR056843,281.0,5
IPR019442,300.0,5
IPR056842,163.0,5
IPR019680,366.0,5
IPR024666,29.0,2
IPR031643,656.0,5
IPR028319,84.0,5
IPR022417,211.0,5
IPR022418,72.0,5
IPR048408,37.0,2
IPR013177,33.0,2
IPR056784,61.0,5
IPR007281,167.0,5
IPR015872,48.0,2
IPR015871,45.0,2
IPR022023,91.0,5
IPR006880,79.0,5
IPR041348,34.0,2
IPR019331,101.0,5
IPR055102,105.0,5
IPR054517,133.0,5
IPR056199,195.0,5
IPR041992,542.0,5
IPR057041,196.0,5
IPR057042,500.0,5
IPR004193,85.0,5
IPR006048,85.5,5
IPR040847,64.25,5
IPR025709,59.0,5
IPR040554,44.0,2
IPR049087,136.0,5
IPR049090,209.0,5
IPR049089,80.0,5
IPR001339,213.0,5
IPR013846,93.0,5
IPR007794,133.33333333333334,5
IPR031970,80.0,5
IPR007671,224.0,5
IPR007672,130.0,5
IPR029320,117.0,5
IPR057606,58.0,5
IPR013855,126.0,5
IPR013874,159.5,5
IPR013873,92.0,5
IPR034734,31.75,2
IPR009428,75.5,5
IPR027928,49.0,2
IPR005474,219.0,5
IPR046754,217.5,5
IPR046753,230.5,5
IPR049393,131.0,5
IPR049394,125.0,5
IPR008215,10.0,2
IPR002888,73.5,5
IPR002346,177.0,5
IPR005107,104.0,5
IPR000674,106.5,5
IPR008274,239.5,5
IPR003103,77.625,5
IPR049590,43.0,2
IPR020784,57.0,5
IPR020783,70.0,5
IPR057496,167.0,5
IPR056890,54.0,5
IPR056328,77.0,5
IPR059237,60.0,5
IPR016047,88.0,5
IPR059049,66.0,5
IPR049431,104.0,5
IPR019035,60.0,5
IPR021990,459.0,5
IPR021989,210.0,5
IPR047316,180.0,5
IPR021419,213.0,5
IPR021397,149.0,5
IPR013883,63.0,5
IPR001943,35.0,2
IPR027884,175.0,5
IPR010449,81.5,5
IPR035624,53.0,5
IPR048786,119.0,5
IPR048788,347.0,5
IPR053903,177.0,5
IPR053904,104.0,5
IPR048789,257.0,5
IPR058745,75.0,5
IPR029123,88.0,5
IPR025592,168.0,5
IPR057764,83.66666666666667,5
IPR012942,158.0,5
IPR022170,153.0,5
IPR049127,75.0,5
IPR024240,86.0,5
IPR024733,335.0,5
IPR024732,259.0,5
IPR008913,72.0,5
IPR017921,62.0,5
IPR039512,57.0,5
IPR008376,15.181818181818182,2
IPR032190,247.0,5
IPR053956,220.0,5
IPR007214,129.0,5
IPR032282,84.5,5
IPR057092,83.0,5
IPR054000,142.0,5
IPR001093,329.0,5
IPR034652,188.0,5
IPR039429,399.0,5
IPR032402,273.8,5
IPR012849,73.0,5
IPR044145,94.0,5
IPR007193,124.0,5
IPR041865,111.0,5
IPR053882,55.0,5
IPR056267,67.0,5
IPR021978,220.0,5
IPR057617,75.0,5
IPR020807,170.0,5
IPR013968,178.0,5
IPR001031,241.0,5
IPR004680,433.0,5
IPR040679,133.0,5
IPR040950,47.0,2
IPR002925,213.0,5
IPR010536,74.0,5
IPR009496,237.33333333333334,5
IPR041689,38.0,2
IPR040682,26.0,2
IPR009073,72.0,5
IPR014760,192.36363636363637,5
IPR015247,64.0,5
IPR019349,88.0,5
IPR039475,169.66666666666666,5
IPR048978,69.0,5
IPR048979,364.0,5
IPR048980,69.0,5
IPR048981,92.0,5
IPR007180,125.0,5
IPR006568,55.0,5
IPR014939,184.0,5
IPR032054,122.0,5
IPR049048,63.666666666666664,5
IPR003902,155.0,5
IPR003829,96.0,5
IPR008778,106.0,5
IPR031595,236.0,5
IPR043957,147.33333333333334,5
IPR000177,87.375,5
IPR019333,407.0,5
IPR056518,391.0,5
IPR035543,214.0,5
IPR045579,213.0,5
IPR019561,34.0,2
IPR005568,59.0,5
IPR041997,152.0,5
IPR017923,77.5,5
IPR012541,60.0,5
IPR029298,218.0,5
IPR025164,129.0,5
IPR028098,163.0,5
IPR003265,166.0,5
IPR048319,172.0,5
IPR048361,311.0,5
IPR049467,37.0,2
IPR057576,134.5,5
IPR024602,73.0,5
IPR024603,321.0,5
IPR006572,48.666666666666664,2
IPR042049,376.0,5
IPR015098,114.0,5
IPR032817,774.0,5
IPR019131,162.0,5
IPR025934,54.0,5
IPR057413,138.0,5
IPR007080,341.6666666666667,5
IPR000722,170.0,5
IPR007066,175.33333333333334,5
IPR007083,105.66666666666667,5
IPR007081,591.5,5
IPR028146,153.0,5
IPR036607,137.0,5
IPR049255,97.0,5
IPR046794,319.0,5
IPR048971,85.0,5
IPR041221,159.0,5
IPR048968,138.0,5
IPR026000,65.5,5
IPR059024,187.0,5
IPR049363,48.0,2
IPR032199,135.0,5
IPR013721,108.5,5
IPR005636,211.5,5
IPR022726,31.0,2
IPR022113,82.5,5
IPR056311,89.0,5
IPR045695,102.5,5
IPR055435,99.0,5
IPR055436,133.5,5
IPR055437,64.0,5
IPR014978,36.0,2
IPR029295,68.0,5
IPR006633,140.28571428571428,5
IPR056985,65.0,5
IPR055377,72.0,5
IPR055378,70.0,5
IPR035234,288.0,5
IPR041661,57.0,5
IPR003115,95.0,5
IPR041448,37.0,2
IPR031786,25.0,2
IPR031784,26.0,2
IPR057896,102.0,5
IPR047411,68.0,5
IPR022096,223.0,5
IPR033120,125.0,5
IPR041400,77.0,5
IPR057884,101.0,5
IPR049507,135.0,5
IPR053944,66.0,5
IPR031589,163.0,5
IPR011421,81.0,5
IPR010895,118.25,5
IPR057304,143.0,5
IPR018612,118.0,5
IPR046850,177.0,5
IPR049733,133.0,5
IPR000381,106.0,5
IPR010541,110.66666666666667,5
IPR000260,108.0,5
IPR020562,100.0,5
IPR020560,93.0,5
IPR016188,105.0,5
IPR010918,159.2,5
IPR032396,137.0,5
IPR041513,25.0,2
IPR048501,120.0,5
IPR013255,68.0,5
IPR024340,97.5,5
IPR048517,36.0,2
IPR015158,69.0,5
IPR010357,113.0,5
IPR008905,674.5,5
IPR032485,212.0,5
IPR056840,249.0,5
IPR040940,218.0,5
IPR047302,83.0,5
IPR055255,191.0,5
IPR001975,51.0,5
IPR022581,97.0,5
IPR005100,86.0,5
IPR041973,123.0,5
IPR057936,46.0,2
IPR041980,54.0,5
IPR056629,63.666666666666664,5
IPR056630,118.66666666666667,5
IPR041588,55.0,5
IPR000305,100.5,5
IPR007461,122.0,5
IPR032377,52.0,5
IPR032367,29.0,2
IPR032452,128.0,5
IPR013147,148.0,5
IPR055106,82.0,5
IPR029260,140.0,5
IPR025162,77.0,5
IPR056729,122.5,5
IPR024767,82.0,5
IPR015256,94.0,5
IPR048680,94.0,5
IPR013167,310.0,5
IPR048684,223.0,5
IPR022056,236.0,5
IPR047299,93.0,5
IPR056803,546.0,5
IPR012993,106.0,5
IPR056802,227.0,5
IPR003151,381.2,5
IPR057564,94.5,5
IPR040911,277.5,5
IPR015338,246.0,5
IPR018307,319.5,5
IPR056533,88.5,5
IPR056532,158.5,5
IPR029300,527.6666666666666,5
IPR048735,119.0,5
IPR031920,344.0,5
IPR057273,64.5,5
IPR007646,61.5,5
IPR007647,39.5,2
IPR024771,71.0,5
IPR057856,40.5,2
IPR054723,132.0,5
IPR003331,338.0,5
IPR028031,109.0,5
IPR027989,302.0,5
IPR028089,466.0,5
IPR027914,203.0,5
IPR018785,95.0,5
IPR028182,248.0,5
IPR000976,320.0,5
IPR055110,49.0,2
IPR056978,53.5,5
IPR056979,138.0,5
IPR056976,48.0,2
IPR056977,39.0,2
IPR055134,36.0,2
IPR018586,52.0,5
IPR041432,62.5,5
IPR056604,178.0,5
IPR059071,113.0,5
IPR057739,337.5,5
IPR031919,86.5,5
IPR020838,131.0,5
IPR048747,106.0,5
IPR019159,450.0,5
IPR012312,130.0,5
IPR037600,66.0,5
IPR019473,53.0,5
IPR041907,43.0,2
IPR032151,250.0,5
IPR056299,118.0,5
IPR056523,139.0,5
IPR015063,104.33333333333333,5
IPR048498,32.0,2
IPR048724,147.0,5
IPR048726,58.0,5
IPR011020,259.0,5
IPR053935,145.0,5
IPR035373,84.5,5
IPR013740,143.0,5
IPR029019,122.0,5
IPR029405,219.5,5
IPR025994,163.0,5
IPR012319,137.33333333333334,5
IPR015886,83.66666666666667,5
IPR000214,35.0,2
IPR031862,100.0,5
IPR045557,108.0,5
IPR048965,61.0,5
IPR040814,81.0,5
IPR040724,58.0,5
IPR040725,56.0,5
IPR040586,31.0,2
IPR006133,222.0,5
IPR055191,177.0,5
IPR013697,400.0,5
IPR054475,55.0,5
IPR024646,203.66666666666666,5
IPR057471,68.0,5
IPR041575,65.0,5
IPR018545,108.0,5
IPR056447,54.0,5
IPR056435,77.5,5
IPR006134,444.6666666666667,5
IPR025687,68.5,5
IPR021841,178.0,5
IPR019441,132.0,5
IPR045336,241.0,5
IPR045337,172.0,5
IPR021785,59.0,5
IPR013955,117.0,5
IPR013258,128.33333333333334,5
IPR053848,52.0,5
IPR046861,49.0,2
IPR056578,46.5,2
IPR041866,106.0,5
IPR045819,389.5,5
IPR041472,80.0,5
IPR046799,97.0,5
IPR032035,222.0,5
IPR028010,107.0,5
IPR006787,131.0,5
IPR006786,124.0,5
IPR049904,119.0,5
IPR056255,70.5,5
IPR056256,87.0,5
IPR056257,167.0,5
IPR056258,198.5,5
IPR040618,83.0,5
IPR004126,80.0,5
IPR037449,252.0,5
IPR048749,62.0,5
IPR040954,27.0,2
IPR024635,67.0,5
IPR034048,85.0,5
IPR041384,65.0,5
IPR049121,96.0,5
IPR045063,221.0,5
IPR045769,104.0,5
IPR004084,42.0,2
IPR013049,61.0,5
IPR034136,172.0,5
IPR010400,171.0,5
IPR008493,122.0,5
IPR048364,60.0,5
IPR048999,56.0,5
IPR059034,122.0,5
IPR037940,84.0,5
IPR011600,213.0,5
IPR041077,136.0,5
IPR041429,91.0,5
IPR010578,380.5,5
IPR059060,169.33333333333334,5
IPR015337,37.0,2
IPR011084,96.33333333333333,5
IPR018164,584.0,5
IPR057456,62.0,5
IPR019482,90.0,5
IPR055140,116.0,5
IPR014824,87.0,5
IPR001075,66.0,5
IPR016082,49.666666666666664,2
IPR007371,113.0,5
IPR007373,68.0,5
IPR045742,110.0,5
IPR025717,69.0,5
IPR025718,52.0,5
IPR060175,178.0,5
IPR060173,201.0,5
IPR028923,248.0,5
IPR000031,154.0,5
IPR013749,180.0,5
IPR026987,47.0,2
IPR055457,253.0,5
IPR055459,137.0,5
IPR031782,87.0,5
IPR057292,121.0,5
IPR057676,155.0,5
IPR035476,163.0,5
IPR035482,191.0,5
IPR048316,91.0,5
IPR049246,94.0,5
IPR049247,74.0,5
IPR027868,154.0,5
IPR032697,241.0,5
IPR032696,336.0,5
IPR006845,220.33333333333334,5
IPR041493,37.0,2
IPR005148,88.0,5
IPR003127,78.66666666666667,5
IPR006545,269.5,5
IPR013600,119.0,5
IPR012908,218.0,5
IPR056824,324.0,5
IPR049546,333.0,5
IPR047325,234.0,5
IPR047824,82.0,5
IPR047575,68.0,5
IPR019181,87.0,5
IPR012588,89.0,5
IPR013830,158.5,5
IPR026870,22.0,2
IPR041134,53.0,5
IPR041139,41.5,2
IPR041136,58.0,5
IPR040989,61.0,5
IPR021870,161.0,5
IPR014017,65.0,5
IPR012988,70.5,5
IPR045841,1581.0,5
IPR056530,124.0,5
IPR025704,796.0,5
IPR009095,110.0,5
IPR006580,83.0,5
IPR048325,101.0,5
IPR048324,122.5,5
IPR048326,122.0,5
IPR006564,27.0,2
IPR045563,43.0,2
IPR031826,200.0,5
IPR022110,167.0,5
IPR048742,174.0,5
IPR048741,231.0,5
IPR015908,167.5,5
IPR025504,310.0,5
IPR012001,113.5,5
IPR012000,128.5,5
IPR011766,153.5,5
IPR040815,79.0,5
IPR046468,141.66666666666666,5
IPR056575,70.0,5
IPR045802,827.0,5
IPR025640,50.0,5
IPR032027,43.0,2
IPR020602,176.0,5
IPR015413,377.5,5
IPR041872,163.0,5
IPR022676,153.0,5
IPR022677,179.5,5
IPR049481,28.0,2
IPR047313,28.0,2
IPR011945,211.0,5
IPR013867,193.5,5
IPR032765,181.0,5
IPR011710,139.0,5
IPR029446,131.0,5
IPR039456,46.0,2
IPR013882,31.0,2
IPR013930,42.0,2
IPR013929,65.0,5
IPR057989,220.0,5
IPR014001,188.0,5
IPR042786,76.0,5
IPR054076,107.5,5
IPR013905,167.0,5
IPR013717,112.0,5
IPR041285,350.5,5
IPR009401,403.0,5
IPR040992,188.0,5
IPR041106,225.0,5
IPR041385,69.0,5
IPR015348,23.0,2
IPR058767,107.0,5
IPR056875,79.0,5
IPR048337,140.0,5
IPR013650,206.0,5
IPR022712,123.0,5
IPR011108,59.666666666666664,5
IPR025069,171.0,5
IPR024679,103.0,5
IPR057949,368.0,5
IPR042053,379.0,5
IPR057652,109.0,5
IPR027474,208.0,5
IPR040919,104.0,5
IPR013123,74.5,5
IPR019544,32.0,2
IPR032430,498.0,5
IPR055455,284.0,5
IPR021843,86.0,5
IPR049763,88.0,5
IPR029262,303.0,5
IPR046950,374.0,5
IPR035300,62.333333333333336,5
IPR043636,96.0,5
IPR024970,196.0,5
IPR008636,513.6666666666666,5
IPR053894,148.0,5
IPR053897,65.0,5
IPR003388,190.5,5
IPR045669,92.0,5
IPR002735,115.5,5
IPR054593,174.0,5
IPR041447,94.0,5
IPR041625,78.0,5
IPR056289,59.0,5
IPR028926,157.0,5
IPR048962,40.0,2
IPR014808,207.0,5
IPR048459,97.0,5
IPR026851,203.0,5
IPR030397,95.0,5
IPR046472,83.0,5
IPR059011,98.0,5
IPR007705,89.5,5
IPR003754,252.0,5
IPR059983,33.0,2
IPR059984,31.0,2
IPR042581,67.0,5
IPR012972,62.0,5
IPR057498,184.0,5
IPR049909,92.5,5
IPR008283,132.0,5
IPR000819,307.0,5
IPR049761,75.0,5
IPR042782,82.0,5
IPR044039,58.0,5
IPR039508,67.0,5
IPR028168,190.0,5
IPR004044,73.0,5
IPR001351,82.0,5
IPR021757,96.0,5
IPR033650,139.0,5
IPR049448,119.0,5
IPR028202,71.0,5
IPR060287,565.0,5
IPR015848,78.0,5
IPR057430,39.0,2
IPR031824,117.0,5
IPR045827,164.0,5
IPR048857,74.0,5
IPR015386,111.0,5
IPR011988,67.0,5
IPR013132,238.0,5
IPR006190,59.0,5
IPR053984,79.0,5
IPR053985,100.0,5
IPR053986,118.0,5
IPR028889,273.0,5
IPR029388,518.0,5
IPR029256,23.0,2
IPR057931,65.0,5
IPR041137,154.0,5
IPR049406,111.0,5
IPR008332,75.0,5
IPR014048,79.0,5
IPR054132,51.0,5
IPR028129,110.0,5
IPR024585,170.0,5
IPR009076,98.0,5
IPR032565,86.0,5
IPR003164,109.0,5
IPR060363,47.0,2
IPR031996,69.0,5
IPR057633,71.0,5
IPR033904,280.0,5
IPR048664,98.0,5
IPR024657,145.5,5
IPR000361,99.0,5
IPR000631,293.0,5
IPR031867,149.66666666666666,5
IPR007187,514.0,5
IPR007064,229.0,5
IPR048899,46.0,2
IPR048898,93.0,5
IPR021891,135.0,5
IPR049139,129.0,5
IPR009686,191.0,5
IPR015336,29.0,2
IPR033647,133.0,5
IPR033648,158.0,5
IPR004457,194.5,5
IPR032570,112.0,5
IPR021643,210.0,5
IPR032189,254.0,5
IPR058249,98.0,5
IPR049897,229.5,5
IPR042013,112.0,5
IPR059104,292.0,5
IPR008932,50.0,5
IPR013823,67.0,5
IPR000298,257.0,5
IPR008200,24.0,2
IPR058899,154.33333333333334,5
IPR059001,99.0,5
IPR029394,114.0,5
IPR041337,69.0,5
IPR049217,122.0,5
IPR048315,169.0,5
IPR049218,116.0,5
IPR026800,391.0,5
IPR015036,178.0,5
IPR015311,223.0,5
IPR041417,118.0,5
IPR006988,76.5,5
IPR006989,126.5,5
IPR006986,164.0,5
IPR005797,208.0,5
IPR005798,170.0,5
IPR049092,229.0,5
IPR031488,122.0,5
IPR048660,70.0,5
IPR056173,90.0,5
IPR041686,49.0,2
IPR029381,288.0,5
IPR045626,79.0,5
IPR047472,57.0,5
IPR013658,247.0,5
IPR042701,574.0,5
IPR032100,53.0,5
IPR002775,62.0,5
IPR018325,124.0,5
IPR018326,52.0,5
IPR018327,60.0,5
IPR018328,74.0,5
IPR032718,45.0,2
IPR015125,121.0,5
IPR032714,120.0,5
IPR058883,72.5,5
IPR049043,128.0,5
IPR007308,83.0,5
IPR039803,116.0,5
IPR032174,390.0,5
IPR048966,166.0,5
IPR048967,87.0,5
IPR005549,141.0,5
IPR031444,108.0,5
IPR034154,76.0,5
IPR007694,251.0,5
IPR029369,141.0,5
IPR003342,254.5,5
IPR032421,202.5,5
IPR015252,185.0,5
IPR015187,125.0,5
IPR015205,41.0,2
IPR015188,133.0,5
IPR055077,74.0,5
IPR058732,104.0,5
IPR045462,128.0,5
IPR005181,187.0,5
IPR032101,69.0,5
IPR014936,33.5,2
IPR056516,511.0,5
IPR056517,180.0,5
IPR054519,113.0,5
IPR003171,289.0,5
IPR053806,300.0,5
IPR054077,110.0,5
IPR032738,121.0,5
IPR013341,103.0,5
IPR013342,95.0,5
IPR029065,216.0,5
IPR004006,327.0,5
IPR004007,199.0,5
IPR031802,53.5,5
IPR057368,85.0,5
IPR055416,73.0,5
IPR054509,111.0,5
IPR049400,95.0,5
IPR022590,77.0,5
IPR049321,68.0,5
IPR056857,278.0,5
IPR055450,117.0,5
IPR056856,348.0,5
IPR015319,93.0,5
IPR054323,117.0,5
IPR056158,330.0,5
IPR057979,99.0,5
IPR057560,49.0,2
IPR037674,273.0,5
IPR045687,317.0,5
IPR006953,281.0,5
IPR006955,166.0,5
IPR040665,21.0,2
IPR015095,36.0,2
IPR029144,74.5,5
IPR057944,70.0,5
IPR040503,94.0,5
IPR022111,63.0,5
IPR040872,35.333333333333336,2
IPR013583,114.0,5
IPR012953,258.0,5
IPR019160,131.0,5
IPR048628,294.0,5
IPR019315,75.0,5
IPR053922,27.0,2
IPR053921,154.0,5
IPR024639,71.0,5
IPR048383,112.0,5
IPR048384,87.0,5
IPR022229,186.0,5
IPR022232,60.0,5
IPR006629,79.33333333333333,5
IPR019514,234.0,5
IPR022746,27.0,2
IPR056153,349.0,5
IPR056152,253.0,5
IPR057411,379.0,5
IPR056838,44.0,2
IPR033393,82.0,5
IPR015056,195.0,5
IPR057882,127.0,5
IPR032745,108.33333333333333,5
IPR041175,147.0,5
IPR041540,41.0,2
IPR027806,152.0,5
IPR047502,38.0,2
IPR057632,193.0,5
IPR056810,133.0,5
IPR057546,182.0,5
IPR035417,91.0,5
IPR024954,64.0,5
IPR048993,129.0,5
IPR048985,48.0,2
IPR049131,222.0,5
IPR006075,284.0,5
IPR018027,149.0,5
IPR015104,84.0,5
IPR006605,231.0,5
IPR049038,55.0,5
IPR011496,282.0,5
IPR014851,168.0,5
IPR057495,57.0,5
IPR057051,76.0,5
IPR057050,79.0,5
IPR034517,74.0,5
IPR057044,80.0,5
IPR057043,68.0,5
IPR057045,60.0,5
IPR057046,64.0,5
IPR057047,69.0,5
IPR057048,67.0,5
IPR022416,81.66666666666667,5
IPR028091,304.0,5
IPR041178,161.0,5
IPR054357,128.0,5
IPR002539,110.0,5
IPR032572,60.0,5
IPR058847,157.8,5
IPR032321,127.0,5
IPR013593,44.0,2
IPR013531,31.666666666666668,2
IPR003173,51.0,5
IPR027370,39.0,2
IPR024641,95.0,5
IPR022008,32.5,2
IPR010259,72.0,5
IPR041254,81.0,5
IPR041052,65.0,5
IPR041051,80.0,5
IPR054594,52.5,5
IPR008269,210.0,5
IPR032640,81.5,5
IPR006828,90.0,5
IPR049095,330.0,5
IPR049093,238.0,5
IPR049094,109.0,5
IPR048952,89.0,5
IPR054518,149.0,5
IPR002740,162.0,5
IPR018711,192.0,5
IPR031963,352.0,5
IPR058545,426.0,5
IPR011678,205.0,5
IPR007192,238.0,5
IPR041249,138.0,5
IPR048637,42.0,2
IPR040961,78.0,5
IPR058832,98.0,5
IPR045578,239.0,5
IPR018463,306.0,5
IPR019513,140.0,5
IPR018302,43.0,2
IPR032429,109.0,5
IPR013908,64.0,5
IPR055427,158.0,5
IPR055429,129.0,5
IPR055428,94.0,5
IPR027918,87.0,5
IPR059089,175.0,5
IPR048763,87.0,5
IPR040842,110.0,5
IPR025742,78.0,5
IPR026896,40.0,2
IPR025614,532.0,5
IPR029473,101.85714285714286,5
IPR025481,252.0,5
IPR045842,710.5,5
IPR041426,46.5,2
IPR021648,137.0,5
IPR031491,104.0,5
IPR031490,36.0,2
IPR006906,260.0,5
IPR007725,86.0,5
IPR057975,109.0,5
IPR014786,60.0,5
IPR056884,124.5,5
IPR056752,85.0,5
IPR057732,83.0,5
IPR057735,144.0,5
IPR057733,69.0,5
IPR057734,69.0,5
IPR015120,71.0,5
IPR049257,64.0,5
IPR058777,139.0,5
IPR032029,62.0,5
IPR007009,184.0,5
IPR054078,137.0,5
IPR011614,385.0,5
IPR010582,59.0,5
IPR045704,311.0,5
IPR045790,100.0,5
IPR002853,147.0,5
IPR021600,85.0,5
IPR032028,52.0,5
IPR054537,97.0,5
IPR031947,193.0,5
IPR029198,131.5,5
IPR055433,158.0,5
IPR056350,204.0,5
IPR055430,274.3333333333333,5
IPR010363,179.0,5
IPR008532,110.5,5
IPR041664,146.0,5
IPR048866,67.0,5
IPR047088,129.0,5
IPR000868,147.0,5
IPR007722,84.0,5
IPR018731,106.0,5
IPR047499,40.0,2
IPR015021,314.0,5
IPR048939,93.0,5
IPR048940,55.0,5
IPR048318,85.0,5
IPR031813,127.0,5
IPR049449,82.0,5
IPR049450,117.0,5
IPR056750,137.0,5
IPR013576,54.0,5
IPR056861,164.0,5
IPR056475,93.0,5
IPR048513,98.0,5
IPR005034,92.0,5
IPR048512,125.0,5
IPR000999,211.0,5
IPR032041,296.0,5
IPR031336,163.0,5
IPR048777,232.0,5
IPR047501,38.0,2
IPR019525,207.0,5
IPR032840,152.0,5
IPR027794,59.0,5
IPR032728,253.0,5
IPR056419,101.0,5
IPR031865,123.66666666666667,5
IPR000988,64.5,5
IPR056987,63.0,5
IPR056886,159.0,5
IPR056883,159.0,5
IPR056885,238.0,5
IPR054552,89.0,5
IPR022174,116.5,5
IPR049231,168.0,5
IPR049075,65.0,5
IPR049077,127.0,5
IPR049079,66.0,5
IPR026122,235.0,5
IPR041042,31.0,2
IPR018617,125.0,5
IPR018861,197.0,5
IPR005643,246.0,5
IPR056432,157.0,5
IPR056424,310.0,5
IPR056421,208.0,5
IPR056420,338.0,5
IPR021668,165.0,5
IPR047300,86.0,5
IPR032040,488.0,5
IPR025151,222.0,5
IPR007230,147.0,5
IPR021967,291.0,5
IPR040997,95.0,5
IPR057637,72.0,5
IPR057638,125.0,5
IPR057636,92.0,5
IPR059141,473.0,5
IPR056547,230.0,5
IPR056535,264.0,5
IPR056536,257.0,5
IPR032381,123.0,5
IPR006861,115.0,5
IPR040459,74.0,5
IPR023302,366.5,5
IPR041105,73.0,5
IPR049124,109.0,5
IPR023616,510.0,5
IPR055445,280.5,5
IPR055164,138.0,5
IPR021846,91.0,5
IPR048541,79.0,5
IPR037319,85.0,5
IPR025789,314.0,5
IPR058731,45.0,2
IPR058730,70.0,5
IPR059099,110.0,5
IPR056860,62.0,5
IPR018958,136.5,5
IPR056527,336.0,5
IPR022189,45.333333333333336,2
IPR019536,64.0,5
IPR029435,175.0,5
IPR025304,286.0,5
IPR005571,90.0,5
IPR000783,72.0,5
IPR038726,133.0,5
IPR031831,34.0,2
IPR056745,76.0,5
IPR030382,289.5,5
IPR032049,52.0,5
IPR022033,335.75,5
IPR029190,199.0,5
IPR025561,62.0,5
IPR049109,123.5,5
IPR045763,148.0,5
IPR031329,506.0,5
IPR019406,24.5,2
IPR058859,88.0,5
IPR057333,113.0,5
IPR015371,38.0,2
IPR011564,130.0,5
IPR032042,143.0,5
IPR048953,141.0,5
IPR017898,107.0,5
IPR017899,96.0,5
IPR049581,252.0,5
IPR000793,129.0,5
IPR032068,79.5,5
IPR022041,135.0,5
IPR014730,186.5,5
IPR014731,80.0,5
IPR048418,61.0,5
IPR048409,122.5,5
IPR048595,96.0,5
IPR032361,78.0,5
IPR057316,123.0,5
IPR013915,66.0,5
IPR002182,174.0,5
IPR048975,67.0,5
IPR041452,134.0,5
IPR041093,88.0,5
IPR005633,50.0,5
IPR021777,101.0,5
IPR047056,75.0,5
IPR033028,80.0,5
IPR019605,112.0,5
IPR029209,189.0,5
IPR048662,91.0,5
IPR024660,151.0,5
IPR041623,159.0,5
IPR012973,51.0,5
IPR056229,102.0,5
IPR056230,166.0,5
IPR025837,210.0,5
IPR057778,66.0,5
IPR013881,213.0,5
IPR002761,234.0,5
IPR015343,81.0,5
IPR015342,75.0,5
IPR003736,108.0,5
IPR057659,50.0,5
IPR013934,134.0,5
IPR055258,191.0,5
IPR057540,67.0,5
IPR019135,119.0,5
IPR031808,104.33333333333333,5
IPR012943,70.0,5
IPR056273,109.0,5
IPR000118,52.0,5
IPR019814,67.0,5
IPR056619,48.0,2
IPR032060,41.0,2
IPR048570,267.0,5
IPR040623,135.0,5
IPR056392,78.0,5
IPR055167,166.33333333333334,5
IPR057658,95.0,5
IPR041024,104.0,5
IPR048308,113.0,5
IPR049903,120.0,5
IPR040707,72.0,5
IPR041609,48.0,2
IPR055181,153.0,5
IPR024761,444.0,5
IPR045803,77.0,5
IPR024764,51.0,5
IPR019147,128.0,5
IPR042732,283.0,5
IPR057282,156.0,5
IPR031161,346.5,5
IPR033453,349.0,5
IPR033452,62.0,5
IPR056855,266.0,5
IPR031333,96.0,5
IPR046378,204.0,5
IPR002711,39.0,2
IPR042694,239.0,5
IPR055402,375.0,5
IPR055403,245.0,5
IPR055404,164.0,5
IPR055405,210.0,5
IPR019527,548.0,5
IPR022752,23.0,2
IPR031622,25.0,2
IPR031625,45.0,2
IPR013886,71.0,5
IPR057885,102.0,5
IPR058727,85.0,5
IPR058028,104.0,5
IPR031651,109.0,5
IPR031711,88.0,5
IPR049390,523.0,5
IPR034925,82.0,5
IPR048267,163.0,5
IPR048268,223.0,5
IPR026147,153.0,5
IPR045698,201.0,5
IPR008040,201.0,5
IPR002821,299.0,5
IPR049517,164.0,5
IPR003692,522.0,5
IPR056981,209.0,5
IPR040640,51.0,5
IPR031971,50.0,5
IPR041797,88.0,5
IPR058563,73.0,5
IPR058564,147.0,5
IPR058565,128.0,5
IPR058567,114.0,5
IPR058568,125.0,5
IPR059041,85.0,5
IPR040641,61.0,5
IPR047543,41.0,2
IPR057426,53.0,5
IPR047541,53.0,5
IPR041031,91.0,5
IPR011519,54.0,5
IPR035301,42.0,2
IPR041174,80.0,5
IPR041252,68.0,5
IPR000297,102.5,5
IPR016014,207.5,5
IPR016015,218.5,5
IPR057883,108.0,5
IPR028026,358.0,5
IPR028032,384.0,5
IPR011576,119.0,5
IPR019576,55.0,5
IPR018119,87.0,5
IPR035617,59.0,5
IPR018849,194.0,5
IPR031615,53.0,5
IPR009056,101.0,5
IPR047550,48.0,2
IPR040886,147.0,5
IPR005195,203.0,5
IPR007639,155.0,5
IPR007638,89.0,5
IPR049437,75.0,5
IPR007205,174.0,5
IPR007206,53.0,5
IPR021922,82.0,5
IPR031160,266.5,5
IPR055122,187.0,5
IPR055113,79.0,5
IPR056879,107.0,5
IPR056878,85.0,5
IPR055114,66.0,5
IPR055107,70.0,5
IPR056877,143.0,5
IPR056574,75.0,5
IPR057469,89.0,5
IPR013627,66.0,5
IPR054300,105.0,5
IPR057990,256.0,5
IPR046857,85.0,5
IPR046856,79.0,5
IPR056237,104.0,5
IPR005161,218.0,5
IPR021925,114.0,5
IPR048926,52.0,5
IPR056772,160.0,5
IPR056773,59.0,5
IPR041715,320.0,5
IPR024435,247.0,5
IPR048830,37.0,2
IPR048832,171.0,5
IPR021605,39.0,2
IPR054127,39.0,2
IPR031310,53.0,5
IPR031309,98.0,5
IPR056787,87.0,5
IPR033931,106.0,5
IPR003166,80.0,5
IPR040501,58.0,5
IPR058938,131.0,5
IPR056515,47.0,2
IPR009361,92.0,5
IPR048344,238.0,5
IPR048343,130.0,5
IPR055148,154.0,5
IPR015377,103.0,5
IPR013866,38.0,2
IPR020897,100.66666666666667,5
IPR020898,202.0,5
IPR018816,187.0,5
IPR019134,124.0,5
IPR014908,429.0,5
IPR032147,97.0,5
IPR058606,54.0,5
IPR054533,73.0,5
IPR021064,113.0,5
IPR019371,85.0,5
IPR053821,74.0,5
IPR053822,95.0,5
IPR035547,283.0,5
IPR028191,571.0,5
IPR028282,343.0,5
IPR028283,169.0,5
IPR041565,72.0,5
IPR041170,90.0,5
IPR010533,331.0,5
IPR021565,40.0,2
IPR057644,323.0,5
IPR017913,39.0,2
IPR017914,43.0,2
IPR028187,192.0,5
IPR021052,114.0,5
IPR007853,97.0,5
IPR021538,19.0,2
IPR006785,43.0,2
IPR046804,810.0,5
IPR046803,803.0,5
IPR012582,397.0,5
IPR045581,685.0,5
IPR022031,339.0,5
IPR028261,109.0,5
IPR049388,19.0,2
IPR056719,42.0,2
IPR056720,43.0,2
IPR056718,70.0,5
IPR013899,65.0,5
IPR002625,82.0,5
IPR028011,90.0,5
IPR007588,58.0,5
IPR015216,86.0,5
IPR019356,406.5,5
IPR005151,198.25,5
IPR034264,99.0,5
IPR010933,54.0,5
IPR039462,363.0,5
IPR041553,61.0,5
IPR053859,169.0,5
IPR041431,185.0,5
IPR013562,192.0,5
IPR007807,206.0,5
IPR027992,212.0,5
IPR046465,99.0,5
IPR049315,423.0,5
IPR001597,143.0,5
IPR049316,121.0,5
IPR024725,51.0,5
IPR049905,119.0,5
IPR056557,145.0,5
IPR037517,159.0,5
IPR002372,329.0,5
IPR008915,340.0,5
IPR001792,90.0,5
IPR026859,288.0,5
IPR004343,131.0,5
IPR041294,95.0,5
IPR004879,161.0,5
IPR058839,108.0,5
IPR007850,95.0,5
IPR045576,265.0,5
IPR012583,162.0,5
IPR012980,67.0,5
IPR012960,58.0,5
IPR032819,66.0,5
IPR058586,110.0,5
IPR042708,382.0,5
IPR023370,138.0,5
IPR041282,59.0,5
IPR022226,136.0,5
IPR058541,227.0,5
IPR058538,140.0,5
IPR058540,192.0,5
IPR057651,102.0,5
IPR003615,39.0,2
IPR032003,88.0,5
IPR040773,117.0,5
IPR040780,26.0,2
IPR026799,420.0,5
IPR034903,76.0,5
IPR005106,110.0,5
IPR002811,88.0,5
IPR019477,35.0,2
IPR040758,72.0,5
IPR034052,135.0,5
IPR056762,73.0,5
IPR031600,103.0,5
IPR011422,96.0,5
IPR028158,39.0,2
IPR028155,66.0,5
IPR028159,80.0,5
IPR056291,282.0,5
IPR056292,107.0,5
IPR041591,50.0,5
IPR029440,59.0,5
IPR041959,104.0,5
IPR032680,228.0,5
IPR058769,99.0,5
IPR058560,169.0,5
IPR057403,349.0,5
IPR002871,147.0,5
IPR058796,22.0,2
IPR037822,61.0,5
IPR042055,82.0,5
IPR019529,92.0,5
IPR032763,151.0,5
IPR019273,49.0,2
IPR053905,82.0,5
IPR037970,97.0,5
IPR025423,97.0,5
IPR031729,354.0,5
IPR055386,81.0,5
IPR055387,232.0,5
IPR055277,206.0,5
IPR028077,86.0,5
IPR032426,82.0,5
IPR049760,46.0,2
IPR039432,68.0,5
IPR057033,86.5,5
IPR037451,252.0,5
IPR025160,153.0,5
IPR012617,84.0,5
IPR012971,131.0,5
IPR024929,156.0,5
IPR045799,225.0,5
IPR041516,47.0,2
IPR024958,189.0,5
IPR019574,45.0,2
IPR054351,66.0,5
IPR006963,56.0,5
IPR006656,327.0,5
IPR015405,52.0,5
IPR031991,81.0,5
IPR029249,96.0,5
IPR003379,200.0,5
IPR025892,49.333333333333336,2
IPR025891,66.5,5
IPR025999,197.0,5
IPR058828,132.0,5
IPR056371,78.0,5
IPR038922,40.0,2
IPR045135,177.0,5
IPR048624,27.0,2
IPR023572,136.0,5
IPR005144,91.0,5
IPR013509,70.0,5
IPR000788,522.0,5
IPR057345,118.0,5
IPR057991,358.0,5
IPR056862,220.0,5
IPR057613,117.0,5
IPR057615,102.0,5
IPR057714,153.0,5
IPR012883,122.0,5
IPR011679,95.0,5
IPR057534,61.0,5
IPR058905,113.0,5
IPR058904,146.0,5
IPR058758,154.0,5
IPR047544,82.0,5
IPR058750,205.0,5
IPR059030,387.0,5
IPR022412,71.0,5
IPR002638,170.0,5
IPR057780,329.0,5
IPR056483,122.0,5
IPR021718,206.0,5
IPR001754,214.0,5
IPR021761,73.0,5
IPR056631,43.0,2
IPR059102,59.0,5
IPR006907,84.0,5
IPR049549,22.0,2
IPR015253,165.0,5
IPR058951,66.0,5
IPR045811,292.0,5
IPR019601,276.0,5
IPR006799,364.0,5
IPR022756,55.0,5
IPR007810,349.0,5
IPR058919,106.0,5
IPR031419,38.0,2
IPR041312,83.0,5
IPR021043,39.0,2
IPR022159,89.0,5
IPR029324,129.0,5
IPR032506,53.0,5
IPR007191,98.0,5
IPR048630,232.0,5
IPR032699,87.0,5
IPR015033,70.0,5
IPR048751,58.0,5
IPR048750,289.0,5
IPR040749,80.0,5
IPR018838,70.0,5
IPR058210,239.66666666666666,5
IPR007842,121.0,5
IPR024647,61.0,5
IPR015088,189.0,5
IPR012904,115.0,5
IPR033776,100.0,5
IPR037430,243.0,5
IPR057953,74.0,5
IPR019446,168.0,5
IPR056989,113.0,5
IPR000257,345.0,5
IPR012977,362.0,5
IPR007949,135.0,5
IPR048292,46.0,2
IPR007075,183.0,5
IPR007073,135.0,5
IPR048439,42.0,2
IPR041598,73.0,5
IPR031902,41.0,2
IPR047492,76.0,5
IPR023128,177.0,5
IPR047558,64.0,5
IPR047557,72.0,5
IPR007197,276.0,5
IPR053902,154.0,5
IPR011063,183.0,5
IPR032442,30.0,2
IPR019155,147.0,5
IPR045820,776.0,5
IPR056428,69.0,5
IPR007309,75.0,5
IPR035625,96.0,5
IPR026805,228.0,5
IPR048900,61.0,5
IPR055458,245.0,5
IPR055460,80.0,5
IPR048643,51.0,5
IPR040453,59.0,5
IPR040661,54.5,5
IPR024608,38.0,2
IPR022557,350.0,5
IPR056853,87.0,5
IPR041163,124.0,5
IPR040667,114.0,5
IPR041317,101.0,5
IPR055162,102.0,5
IPR025871,301.0,5
IPR025941,182.0,5
IPR029129,139.0,5
IPR041994,50.0,5
IPR040468,111.0,5
IPR041476,153.0,5
IPR056345,29.0,2
IPR028275,72.0,5
IPR025697,242.0,5
IPR033646,181.0,5
IPR022091,110.0,5
IPR048622,53.0,5
IPR024668,82.0,5
IPR057603,66.0,5
IPR057305,118.0,5
IPR034900,76.0,5
IPR056363,188.0,5
IPR056160,379.0,5
IPR044553,44.0,2
IPR055225,212.0,5
IPR024586,127.0,5
IPR007967,100.0,5
IPR058785,94.0,5
IPR015388,245.0,5
IPR032569,48.0,2
IPR016030,169.0,5
IPR003382,175.0,5
IPR033471,106.0,5
IPR045831,273.0,5
IPR056586,74.0,5
IPR057061,70.0,5
IPR021714,315.0,5
IPR059018,100.0,5
IPR032436,189.0,5
IPR005110,164.0,5
IPR005111,74.0,5
IPR042139,114.0,5
IPR003156,104.0,5
IPR007223,137.0,5
IPR056437,53.0,5
IPR057634,78.0,5
IPR055434,107.0,5
IPR047191,183.0,5
IPR057985,296.0,5
IPR013586,66.0,5
IPR025860,27.0,2
IPR019437,147.0,5
IPR031631,150.0,5
IPR031335,481.0,5
IPR045004,329.0,5
IPR031781,94.0,5
IPR035082,140.0,5
IPR035367,138.0,5
IPR035368,159.0,5
IPR035369,204.0,5
IPR035370,155.0,5
IPR035371,132.0,5
IPR022701,165.0,5
IPR018948,117.0,5
IPR037675,279.0,5
IPR028267,382.0,5
IPR029451,219.0,5
IPR029453,105.0,5
IPR029452,72.0,5
IPR049041,47.0,2
IPR022255,104.0,5
IPR055212,79.0,5
IPR007199,99.0,5
IPR031657,97.0,5
IPR019007,80.0,5
IPR047104,1115.0,5
IPR056741,1460.0,5
IPR056742,1927.0,5
IPR019566,64.0,5
IPR020941,176.0,5
IPR024314,220.0,5
IPR019494,134.0,5
IPR041332,137.0,5
IPR046795,112.0,5
IPR033701,75.0,5
IPR009109,174.0,5
IPR015013,108.0,5
IPR057646,290.0,5
IPR022100,283.0,5
IPR048591,99.0,5
IPR022702,133.0,5
IPR032384,101.0,5
IPR041146,123.0,5
IPR015866,74.0,5
IPR009087,100.0,5
IPR057429,81.0,5
IPR059039,81.0,5
IPR059169,93.0,5
IPR024986,180.0,5
IPR010474,147.0,5
IPR058898,105.0,5
IPR041207,76.0,5
IPR056429,118.0,5
IPR013234,89.0,5
IPR010776,61.0,5
IPR032401,327.0,5
IPR049404,120.0,5
