,fusion_protein,dansy_impact,domain_architecture,MDDS,Lineage,N,FPR,q,log_q
2425,NEDD4L--NEDD4L,Reinforcement,IPR000008|IPR001202|IPR001202|IPR001202|IPR001202|IPR001202|IPR001202|IPR001202|IPR001202|IPR000569,3.116599452434713,Bladder/Urinary Tract,1,0.0001,0.0066449275362318845,2.1775097507312156
2426,NEDD4L--NEDD4L,Reinforcement,IPR000008|IPR001202|IPR001202|IPR001202|IPR001202|IPR001202|IPR001202|IPR001202|IPR001202|IPR000569,1.7384965421405318,Biliary Tract,1,0.0001,0.0066449275362318845,2.1775097507312156
1836,JUP--PIP4K2B,No Annotation,,1.7188579032934046,Esophagus/Stomach,1,0.0001,0.0066449275362318845,2.1775097507312156
2427,NEDD4L--NEDD4L,Reinforcement,IPR000008|IPR001202|IPR001202|IPR001202|IPR001202|IPR001202|IPR001202|IPR001202|IPR001202|IPR000569,1.67786351505576,Skin,1,0.0001,0.0066449275362318845,2.1775097507312156
1221,EWSR1--CREM,No Change,IPR004827,1.4170892595203433,Skin,1,0.0001,0.0066449275362318845,2.1775097507312156
2520,NRBP1--GPN1,No Annotation,,1.4043902287828764,Peripheral Nervous System,1,0.0001,0.0066449275362318845,2.1775097507312156
418,BCR--ABL1,Reinforcement,IPR015123|IPR000219|IPR001849|IPR001452|IPR000980|IPR000719|IPR015015,1.3607681175944246,Myeloid,9,0.0001,0.0066449275362318845,2.1775097507312156
2379,NBAS--NBAS,Reinforcement,IPR029145|IPR029145|IPR013244|IPR054751,1.3415023882410728,Peripheral Nervous System,1,0.0001,0.0066449275362318845,2.1775097507312156
130,ALK--ALK,Reinforcement,IPR000998|IPR000998|IPR000998|IPR055163|IPR000719,1.3406569486942006,Peripheral Nervous System,1,0.0001,0.0066449275362318845,2.1775097507312156
1595,GSK3B--GSK3B,No Change,IPR000719|IPR000719,1.3275869211657894,Bowel,1,0.0001,0.0066449275362318845,2.1775097507312156
227,AR--AR,No Change,IPR000536,1.3087434060072163,Prostate,1,0.0001,0.0066449275362318845,2.1775097507312156
1405,FOXO1--PAX3,No Annotation,,1.2999908362310943,Soft Tissue,1,0.0001,0.0066449275362318845,2.1775097507312156
2952,PTDSS1--PTDSS1,No Annotation,,1.203890815409392,Thyroid,1,0.0001,0.0066449275362318845,2.1775097507312156
1377,FLI1--EWSR1,Bridges,IPR003118|IPR000504|IPR001876,1.156640633564547,CNS/Brain,1,0.0001,0.0066449275362318845,2.1775097507312156
1225,EWSR1--FLI1,No Change,IPR000418,1.156640633564547,CNS/Brain,1,0.0001,0.0066449275362318845,2.1775097507312156
4422,ZDHHC17--OARD1,No Annotation,,1.1489754597701738,Soft Tissue,1,0.0001,0.0066449275362318845,2.1775097507312156
1936,KRT73--AVIL,Bridges,IPR032444|IPR007123|IPR007123|IPR007123|IPR003128,1.1260269634829918,Soft Tissue,1,0.0001,0.0066449275362318845,2.1775097507312156
451,BRD4--NUTM1,Bridges,IPR001487|IPR001487|IPR027353|IPR024309,1.0705757316221085,Head and Neck,2,0.0001,0.0066449275362318845,2.1775097507312156
19,ABL1--BCR,No Change,IPR000198,1.0663243728583682,Myeloid,6,0.0001,0.0066449275362318845,2.1775097507312156
3310,RTN4IP1--CRYBG1,Reinforcement,IPR013154|IPR001064|IPR001064|IPR001064|IPR001064|IPR001064|IPR001064|IPR000772,1.060632796473665,Breast,1,0.001,0.04585,1.3386606599939601
1918,KMT2A--MLLT1,Bridges,IPR002857|IPR040930,1.0537586360964766,Lymphoid,1,0.0001,0.0066449275362318845,2.1775097507312156
743,CLVS1--MYC,No Change,IPR012682|IPR011598|IPR003327,1.0451092882999142,Lung,1,0.0001,0.0066449275362318845,2.1775097507312156
2659,PAX3--FOXO1,Reinforcement,IPR001523|IPR001356|IPR022106|IPR032068|IPR032067,1.0442968426160764,Soft Tissue,7,0.0001,0.0066449275362318845,2.1775097507312156
485,C2CD5--KRAS,Reinforcement,IPR000008|IPR056431|IPR056431|IPR056431|IPR056430|IPR005225,1.0436297824237069,Biliary Tract,1,0.0001,0.0066449275362318845,2.1775097507312156
4376,YAP1--MAML2,Bridges,IPR001202|IPR001202|IPR048452,1.0386618282265119,Ovary/Fallopian Tube,1,0.0001,0.0066449275362318845,2.1775097507312156
1220,EWSR1--ATF1,No Change,IPR004827,1.0281298830113963,Soft Tissue,1,0.0001,0.0066449275362318845,2.1775097507312156
2128,MBNL1--RAF1,Reinforcement,IPR000571|IPR000571|IPR000571|IPR000571|IPR000719,0.999875626443232,Myeloid,1,0.0001,0.0066449275362318845,2.1775097507312156
2660,PAX7--FOXO1,Reinforcement,IPR001523|IPR001356|IPR022106|IPR032068|IPR032067,0.9970819983329032,Soft Tissue,1,0.0001,0.0066449275362318845,2.1775097507312156
2803,PML--RARA,Bridges,IPR001841|IPR000315|IPR000315|IPR001628|IPR000536,0.9959499546462325,Myeloid,1,0.0001,0.0066449275362318845,2.1775097507312156
3117,RARA--PML,Reintroduction,IPR057617,0.9959499546462325,Myeloid,1,0.0001,0.0066449275362318845,2.1775097507312156
1900,KIF5A--STK24,No Change,IPR048288,0.9904706443672938,Bone,1,0.0001,0.0066449275362318845,2.1775097507312156
472,C17orf75--NR1D1,No Change,IPR001628|IPR000536,0.9767000429784889,Breast,1,0.001,0.04585,1.3386606599939601
1498,GDPD5--CCM2,Reinforcement,IPR030395|IPR032375,0.9667083729099812,Skin,1,0.0001,0.0066449275362318845,2.1775097507312156
4085,TRHDE--KIF5A,Bridges,IPR045357|IPR059182,0.9580834376793406,Soft Tissue,1,0.001,0.04585,1.3386606599939601
2661,PAX8--PAX8,Reinforcement,IPR001523|IPR001523|IPR022130,0.9486780708357996,Kidney,1,0.0001,0.0066449275362318845,2.1775097507312156
183,ANKS1B--KRT76,No Annotation,,0.9079705772832036,Bone,1,0.0001,0.0066449275362318845,2.1775097507312156
781,COG5--COG5,No Change,IPR049176|IPR048485,0.8671414164271465,Skin,1,0.001,0.04585,1.3386606599939601
1092,ECH1--NUMBL,Reintroduction,IPR010449,0.8636729778054805,Pancreas,1,0.0001,0.0066449275362318845,2.1775097507312156
828,CPSF6--LSAMP,Reinforcement,IPR000504|IPR057951|IPR003598|IPR003598,0.8633760855494049,Soft Tissue,1,0.001,0.04585,1.3386606599939601
2689,PDGFRA--FGFR1,No Change,IPR003598|IPR003599|IPR003598|IPR003598,0.8567084643038602,Peripheral Nervous System,1,0.0001,0.0066449275362318845,2.1775097507312156
1339,FGFR1--PDGFRA,No Change,IPR003598|IPR003598|IPR003598,0.8567084643038602,Peripheral Nervous System,1,0.0001,0.0066449275362318845,2.1775097507312156
3998,TMPRSS2--ERG,No Change,IPR003118|IPR000418,0.8544219724612385,Prostate,1,0.0001,0.0066449275362318845,2.1775097507312156
3121,RARA--TMEM94,No Annotation,,0.8510352489973398,Breast,1,0.0001,0.0066449275362318845,2.1775097507312156
2260,MRPL33--GPN1,No Annotation,,0.8424440962518258,Uterus,1,0.0001,0.0066449275362318845,2.1775097507312156
855,CRTC1--MAML2,Reintroduction,IPR048452,0.8410598962857049,Lung,1,0.0001,0.0066449275362318845,2.1775097507312156
4375,YAP1--MAML2,Bridges,IPR001202|IPR001202|IPR048452,0.8368140027754764,CNS/Brain,1,0.001,0.04585,1.3386606599939601
2078,MAML2--YAP1,No Change,IPR019082,0.8368140027754764,CNS/Brain,1,0.0001,0.0066449275362318845,2.1775097507312156
1253,FAM107B--CDNF,Reintroduction,IPR019345,0.8338535632505384,Soft Tissue,1,0.0001,0.0066449275362318845,2.1775097507312156
3442,SLC16A7--CCDC3,No Annotation,,0.8263375515518778,Soft Tissue,1,0.0001,0.0066449275362318845,2.1775097507312156
3878,TENM4--IGHMBP2,Reintroduction,IPR041679|IPR001374|IPR000058,0.81082522823401,Skin,1,0.0001,0.0066449275362318845,2.1775097507312156
3038,R3HDM2--KRT76,No Annotation,,0.8057481218844155,Bone,1,0.0001,0.0066449275362318845,2.1775097507312156
3126,RASSF8--ALG10,No Annotation,,0.7942529225707238,Biliary Tract,1,0.0001,0.0066449275362318845,2.1775097507312156
635,CDKAL1--E2F3,No Change,IPR003316|IPR032198,0.7656648642269219,Lung,1,0.001,0.04585,1.3386606599939601
3137,RBM25--PAPLN,No Change,IPR010909,0.7613656329437144,Lung,1,0.002,0.0797391304347826,1.0983285046835907
3209,RHOF--ATP23,No Annotation,,0.7585230117105751,Peripheral Nervous System,1,0.0001,0.0066449275362318845,2.1775097507312156
1741,IGHMBP2--EEF1AKMT3,Reintroduction,IPR048761,0.7473812580873433,CNS/Brain,1,0.001,0.04585,1.3386606599939601
1913,KMT2A--AFDN,Reinforcement,IPR002857|IPR000159|IPR000159|IPR000253|IPR002710|IPR001478,0.7408705833405516,Myeloid,2,0.0001,0.0066449275362318845,2.1775097507312156
1337,FGF19--KLHL7,No Change,IPR011705,0.7204618395549262,Skin,1,0.0001,0.0066449275362318845,2.1775097507312156
4486,ZNF277--LMO3,No Change,IPR001781|IPR001781,0.71205351486668,Lymphoid,1,0.001,0.04585,1.3386606599939601
3138,RBM25--PSEN1,No Annotation,,0.7115643475100369,Lung,1,0.001,0.04585,1.3386606599939601
1101,EEF1AKMT3--ODAD2,No Annotation,,0.711559681786623,Soft Tissue,1,0.0001,0.0066449275362318845,2.1775097507312156
2627,PAFAH1B2--FOXR1,No Change,IPR001766,0.7078772927693282,Bone,1,0.0001,0.0066449275362318845,2.1775097507312156
824,CPSF6--CPM,No Change,IPR000834,0.706487548316646,Peripheral Nervous System,1,0.0001,0.0066449275362318845,2.1775097507312156
4541,ZNF644--ZNF644,No Change,IPR013087|IPR013087|IPR013087|IPR013087|IPR013087|IPR013087|IPR013087|IPR013087|IPR013087,0.6997761275414144,Soft Tissue,1,0.001,0.04585,1.3386606599939601
373,BACH2--BCL2L1,No Change,IPR003093|IPR046371,0.6929053220748626,Lymphoid,1,0.001,0.04585,1.3386606599939601
3319,RUNX1--RUNX1T1,Bridges,IPR013524|IPR003894|IPR014896|IPR002893,0.6879740367129408,Myeloid,2,0.0001,0.0066449275362318845,2.1775097507312156
2608,OXR1--ZNF346,No Change,IPR003604|IPR003604,0.6859813522121339,Breast,1,0.003,0.0975531914893617,1.0107585179296776
4081,TRAPPC8--DSC1,No Change,IPR014868|IPR002126|IPR002126|IPR002126|IPR002126|IPR002126,0.6801627893107183,CNS/Brain,1,0.001,0.04585,1.3386606599939601
2699,PDSS2--CRYBG1,No Change,IPR001064|IPR001064|IPR001064|IPR001064|IPR001064|IPR001064|IPR000772,0.6771342008533967,Lung,1,0.0001,0.0066449275362318845,2.1775097507312156
3367,SDCBP2--NR2C1,No Change,IPR001628|IPR000536,0.6667364965794818,Soft Tissue,1,0.002,0.0797391304347826,1.0983285046835907
4502,ZNF473--SPTBN4,Reintroduction,IPR001715|IPR001605|IPR001605|IPR001605,0.6585707077873701,Pancreas,1,0.001,0.04585,1.3386606599939601
2962,PTK2--AGO2,No Change,IPR032474|IPR014811|IPR003100|IPR032472|IPR032473|IPR003165,0.6534142494057839,Breast,1,0.003,0.0975531914893617,1.0107585179296776
2963,PTK2--AGO2,Reintroduction,IPR014811|IPR003100|IPR032472|IPR032473|IPR003165,0.6534142494057839,Breast,1,0.002,0.0797391304347826,1.0983285046835907
528,CAPZB--CAPZB,No Annotation,,0.6499979938026499,Esophagus/Stomach,1,0.0001,0.0066449275362318845,2.1775097507312156
450,BRD4--NUTM1,Bridges,IPR001487|IPR001487|IPR027353|IPR024309,0.6449627593622831,Lung,1,0.0001,0.0066449275362318845,2.1775097507312156
1929,KPNA5--RNF217,No Annotation,,0.6366133039308601,Head and Neck,1,0.001,0.04585,1.3386606599939601
703,CIITA--EBF1,Reinforcement,IPR007111|IPR002909|IPR032201,0.6358304265982029,Lymphoid,1,0.001,0.04585,1.3386606599939601
826,CPSF6--KBTBD11,Reinforcement,IPR000504|IPR057951|IPR000210,0.6220171210501864,Peripheral Nervous System,1,0.001,0.04585,1.3386606599939601
1747,IKZF3--WIPF2,No Annotation,,0.6189858359269532,Lung,1,0.0001,0.0066449275362318845,2.1775097507312156
380,BAIAP2--PSMD12,Reintroduction,IPR040896,0.6154005445615052,Breast,1,0.003,0.0975531914893617,1.0107585179296776
2331,MYH9--MYH9,No Change,IPR004009|IPR001609|IPR002928,0.6153182279230128,Lung,1,0.003,0.0975531914893617,1.0107585179296776
33,ACO2--PI4KA,No Change,IPR001263|IPR000403,0.6074418691415957,Breast,1,0.006,0.14403141361256547,0.8415427768580439
3587,SOX5--ST8SIA1,No Annotation,,0.600482908545535,Esophagus/Stomach,1,0.002,0.0797391304347826,1.0983285046835907
1494,GBF1--WBP1L,No Annotation,,0.6003923882009723,Esophagus/Stomach,1,0.002,0.0797391304347826,1.0983285046835907
999,DHX8--DHX8,No Change,IPR049588|IPR003029|IPR011545|IPR001650|IPR007502|IPR011709,0.5946994362569467,Bowel,1,0.005,0.13251445086705202,0.8777367587867367
3836,TBL1XR1--TP63,No Change,IPR011615|IPR010991|IPR001660,0.5879924089630755,Lymphoid,1,0.0001,0.0066449275362318845,2.1775097507312156
1224,EWSR1--FLI1,No Change,IPR000418,0.5872333964080575,Bone,13,0.0001,0.0066449275362318845,2.1775097507312156
2257,MRPL33--ALK,Reintroduction,IPR000998|IPR055163|IPR000719,0.5826181616771914,Peripheral Nervous System,1,0.0001,0.0066449275362318845,2.1775097507312156
544,CBFA2T3--GLIS2,Reinforcement,IPR003894|IPR014896|IPR013087|IPR013087|IPR013087|IPR013087,0.5791066374512652,Myeloid,1,0.001,0.04585,1.3386606599939601
545,CBFA2T3--GLIS2,Reinforcement,IPR003894|IPR014896|IPR013087|IPR013087|IPR013087|IPR013087|IPR013087,0.5791066374512652,Myeloid,1,0.0001,0.0066449275362318845,2.1775097507312156
1119,EHF--LMO2,No Change,IPR001781|IPR001781,0.569908266341764,Head and Neck,1,0.0001,0.0066449275362318845,2.1775097507312156
1914,KMT2A--AFF1,Bridges,IPR002857|IPR043640,0.5682387149681378,Myeloid,1,0.002,0.0797391304347826,1.0983285046835907
93,AFF1--KMT2A,Reintroduction,IPR001965|IPR001965|IPR001965|IPR001487|IPR001965|IPR001214|IPR003616,0.5682387149681378,Myeloid,1,0.0001,0.0066449275362318845,2.1775097507312156
4155,TXNRD1--CIT,Reinforcement,IPR002109|IPR000961|IPR002219|IPR001849|IPR001180,0.5569681128287272,CNS/Brain,1,0.0001,0.0066449275362318845,2.1775097507312156
4130,TTC27--BIRC6,No Annotation,,0.5524811589731656,Ovary/Fallopian Tube,1,0.003,0.0975531914893617,1.0107585179296776
1249,FADD--LRP5,Reinforcement,IPR001875|IPR000742|IPR000742|IPR000742,0.5517042142174311,Peripheral Nervous System,1,0.004,0.114625,0.9407206513219225
3699,STRN3--FMNL2,No Change,IPR015425|IPR014767,0.5510469002747284,Soft Tissue,1,0.002,0.0797391304347826,1.0983285046835907
1830,JMJD1C--CABCOCO1,No Annotation,,0.5502296711868456,Esophagus/Stomach,1,0.003,0.0975531914893617,1.0107585179296776
2407,NCOA6--SPDEF,No Change,IPR003118|IPR000418,0.5501236370403941,Lymphoid,1,0.002,0.0797391304347826,1.0983285046835907
1866,KDM2B--TMTC3,No Change,IPR003347|IPR041070,0.5448738126731336,Soft Tissue,1,0.003,0.0975531914893617,1.0107585179296776
4310,VTI1A--UBE2D1,No Annotation,,0.5438784348846223,Esophagus/Stomach,1,0.001,0.04585,1.3386606599939601
3583,SOX1--RBCK1,No Change,IPR009071,0.5433400202616823,Soft Tissue,2,0.0001,0.0066449275362318845,2.1775097507312156
917,CYRIA--CYRIA,No Change,IPR009828,0.5392228468740898,Peripheral Nervous System,1,0.004,0.114625,0.9407206513219225
2802,PMEPA1--PMEPA1,No Annotation,,0.538124666807712,Bowel,1,0.007,0.1543028846153846,0.8116259549424648
1342,FGFR2--ACADSB,Bridges,IPR003598|IPR013786|IPR006091|IPR009075,0.5288529741656457,Breast,1,0.003,0.0975531914893617,1.0107585179296776
268,ARID4B--BCL6,No Change,IPR013087,0.5267219244251691,Lymphoid,1,0.007,0.1543028846153846,0.8116259549424648
3326,SAE1--BBC3,No Annotation,,0.5228728466314766,Head and Neck,1,0.002,0.0797391304347826,1.0983285046835907
3794,TANC2--PSMD12,Reintroduction,IPR000717|IPR040896,0.5193309693251079,Breast,1,0.005,0.13251445086705202,0.8777367587867367
3084,RAD9A--CIC,No Change,IPR032147|IPR009071|IPR058606,0.5184078042334875,Ovary/Fallopian Tube,1,0.003,0.0975531914893617,1.0107585179296776
2550,NUCB1--RUVBL2,Reinforcement,IPR057576|IPR003593|IPR041048,0.5183097359267854,Eye,1,0.0001,0.0066449275362318845,2.1775097507312156
1997,LIMA1--CCDC3,No Annotation,,0.5107604828317491,Soft Tissue,1,0.001,0.04585,1.3386606599939601
1677,HM13--BCL2L1,No Annotation,,0.5104238729064023,Lung,1,0.001,0.04585,1.3386606599939601
1639,HCN1--HCN1,No Change,IPR005821|IPR000595,0.5090601911109294,Esophagus/Stomach,1,0.004,0.114625,0.9407206513219225
2566,NUP107--NR2C1,No Change,IPR001628|IPR000536,0.5083466574396764,Soft Tissue,1,0.001,0.04585,1.3386606599939601
967,DDX42--PITPNC1,No Annotation,,0.5065192509773871,Breast,1,0.006,0.14403141361256547,0.8415427768580439
3639,SRSF7--SOS1,No Change,IPR000504|IPR001878,0.504541867785619,Lung,1,0.003,0.0975531914893617,1.0107585179296776
4023,TOGARAM1--FANCM,Bridges,IPR034085|IPR031879|IPR006166,0.5029607095931452,Breast,1,0.006,0.14403141361256547,0.8415427768580439
838,CRADD--LYZ,Bridges,IPR001315|IPR019799,0.5029395142406192,Soft Tissue,1,0.004,0.114625,0.9407206513219225
839,CRADD--LYZ,No Change,IPR001315,0.5029395142406192,Soft Tissue,1,0.003,0.0975531914893617,1.0107585179296776
1475,GART--DONSON,Reintroduction,IPR020562|IPR011761|IPR020560,0.5028662949178258,Peripheral Nervous System,1,0.001,0.04585,1.3386606599939601
4171,UBA2--GPI,Reintroduction,IPR035482,0.49701352620066197,Bowel,1,0.003,0.0975531914893617,1.0107585179296776
517,CAND1--ACSS3,No Change,IPR000873|IPR025110,0.49642532793451843,Lymphoid,1,0.001,0.04585,1.3386606599939601
1369,FIP1L1--PDGFRA,Bridges,IPR007854|IPR000719,0.49583888415959165,Myeloid,1,0.004,0.114625,0.9407206513219225
2512,NPLOC4--NPLOC4,Reinforcement,IPR024682|IPR007716|IPR007716|IPR007717|IPR001876,0.4956266614640914,Liver,1,0.002,0.0797391304347826,1.0983285046835907
2909,PRKRIP1--GRB2,No Change,IPR000980|IPR001452,0.4952000618927592,Uterus,1,0.001,0.04585,1.3386606599939601
2571,NUP214--ABL1,Bridges,IPR039462|IPR041553|IPR001452|IPR000980|IPR000719|IPR015015,0.4943064129450688,Lymphoid,1,0.004,0.114625,0.9407206513219225
3902,THADA--MTA3,Reintroduction,IPR001005|IPR000679|IPR035170,0.49336339231243787,Lung,1,0.001,0.04585,1.3386606599939601
1989,LEMD3--RILPL1,No Change,IPR003887,0.493106068191504,Skin,1,0.004,0.114625,0.9407206513219225
3973,TMEM248--TMEM248,Reinforcement,IPR039587|IPR039587,0.49056096686180006,Bladder/Urinary Tract,1,0.001,0.04585,1.3386606599939601
496,CA10--CYRIA,No Change,IPR009828,0.4880959442845612,Peripheral Nervous System,1,0.002,0.0797391304347826,1.0983285046835907
309,ATF3--HHAT,No Annotation,,0.4856972590570464,Soft Tissue,1,0.001,0.04585,1.3386606599939601
4210,UIMC1--BRD4,Reinforcement,IPR040714|IPR001487|IPR001487|IPR027353|IPR031354,0.4846791003063228,Head and Neck,1,0.003,0.0975531914893617,1.0107585179296776
1521,GLRA3--SPIDR,Reintroduction,IPR028032,0.4818852072303912,Lymphoid,1,0.002,0.0797391304347826,1.0983285046835907
4317,WASHC5--NSMCE2,No Change,IPR004181,0.4801435404822332,Esophagus/Stomach,1,0.007,0.1543028846153846,0.8116259549424648
2410,NDE1--MPV17L,No Annotation,,0.4794829137666062,Cervix,1,0.005,0.13251445086705202,0.8777367587867367
3265,ROCK2--C2orf69,No Annotation,,0.478213047827254,Uterus,1,0.002,0.0797391304347826,1.0983285046835907
487,C2orf69--ROCK2,No Change,IPR000719|IPR000961|IPR011072|IPR015008|IPR001849,0.478213047827254,Uterus,1,0.003,0.0975531914893617,1.0107585179296776
488,C2orf69--ROCK2,Reintroduction,IPR000961|IPR011072|IPR015008|IPR001849,0.478213047827254,Uterus,1,0.006,0.14403141361256547,0.8415427768580439
1154,ELP6--PTPN23,Reintroduction,IPR025304|IPR000242,0.4764478319107603,Bowel,1,0.005,0.13251445086705202,0.8777367587867367
2986,PTPN23--ELP6,No Annotation,,0.4764478319107603,Bowel,1,0.008,0.16672727272727272,0.7779933538242227
4109,TRPC3--TRPC3,No Change,IPR013555|IPR005821,0.47619215383868274,Bowel,1,0.003,0.0975531914893617,1.0107585179296776
918,CYRIA--NBAS,Reintroduction,IPR054751,0.47524022266441746,Soft Tissue,1,0.004,0.114625,0.9407206513219225
2933,PSEN1--RBM25,No Change,IPR000504|IPR002483,0.47405693247846536,Esophagus/Stomach,1,0.007,0.1543028846153846,0.8116259549424648
2297,MTDH--TRHR,No Annotation,,0.4727269021406247,Lung,1,0.004,0.114625,0.9407206513219225
60,ADAR--PIK3CD,No Change,IPR003113|IPR000341|IPR002420|IPR001263|IPR000403,0.4710924758950516,CNS/Brain,1,0.006,0.14403141361256547,0.8415427768580439
1635,HAS3--UTP4,No Annotation,,0.468102881485858,CNS/Brain,1,0.004,0.114625,0.9407206513219225
1606,GTF2A1--SERPINA12,No Change,IPR023796,0.46704147967398413,Biliary Tract,1,0.001,0.04585,1.3386606599939601
1343,FGFR2--ATE1,No Change,IPR003598|IPR003598,0.4665806645959548,Breast,1,0.004,0.114625,0.9407206513219225
117,AKAP13--MYL10,No Change,IPR002048|IPR002048,0.46631652663298606,CNS/Brain,1,0.004,0.114625,0.9407206513219225
116,AKAP13--MYL10,No Change,IPR002048,0.46631652663298606,CNS/Brain,1,0.004,0.114625,0.9407206513219225
2315,MUSK--LPAR1,No Change,IPR017452,0.465835971153748,Soft Tissue,1,0.006,0.14403141361256547,0.8415427768580439
1898,KIF24--GNE,Bridges,IPR001660|IPR003331,0.46539651408085164,Head and Neck,1,0.009,0.18019650655021835,0.7442536328945232
3276,RPRD2--ARHGAP9,No Change,IPR001452|IPR001202|IPR001849|IPR000198,0.4641890578158296,CNS/Brain,1,0.003,0.0975531914893617,1.0107585179296776
4056,TPM3--NTRK1,Reintroduction,IPR040665|IPR000719,0.46409560683956746,Bowel,1,0.005,0.13251445086705202,0.8777367587867367
1322,FBXO42--SPATA21,Reinforcement,IPR001810|IPR002048,0.4638124905124802,Cervix,1,0.002,0.0797391304347826,1.0983285046835907
1209,ESR1--CCDC170,No Annotation,,0.46302241158868684,Breast,4,0.0001,0.0066449275362318845,2.1775097507312156
3818,TBC1D31--NUP133,No Change,IPR007187,0.46228615132381223,Breast,1,0.003,0.0975531914893617,1.0107585179296776
2266,MRPS6--SLC37A1,No Annotation,,0.4582274513749967,Head and Neck,1,0.006,0.14403141361256547,0.8415427768580439
1306,FBXL20--CDK12,No Annotation,,0.4535604019330045,Breast,1,0.005,0.13251445086705202,0.8777367587867367
3905,THEM6--FANCI,Reintroduction,IPR029314,0.45243059967757515,Ovary/Fallopian Tube,1,0.003,0.0975531914893617,1.0107585179296776
1420,FRS2--CD37,No Change,IPR002404,0.4521951134396201,Breast,1,0.005,0.13251445086705202,0.8777367587867367
1931,KRBA2--LRRC37B,Bridges,IPR001909|IPR032754|IPR032754|IPR029423,0.44789673649813067,Lung,1,0.006,0.14403141361256547,0.8415427768580439
3364,SCNN1D--ZFAT,No Change,IPR013087|IPR013087|IPR013087|IPR013087|IPR013087|IPR013087|IPR013087,0.4464016152227901,Lung,1,0.006,0.14403141361256547,0.8415427768580439
3466,SLC29A1--SOBP,No Change,IPR010507,0.4446648889959622,Lung,1,0.008,0.16672727272727272,0.7779933538242227
1743,IK--NRG2,Bridges,IPR012916|IPR002154,0.44077740035430557,Ovary/Fallopian Tube,1,0.006,0.14403141361256547,0.8415427768580439
1568,GPN3--SDCCAG8,No Annotation,,0.44039745092488713,Bladder/Urinary Tract,1,0.003,0.0975531914893617,1.0107585179296776
3552,SNAP23--KNSTRN,No Change,IPR000727,0.43914629601344357,Bowel,1,0.007,0.1543028846153846,0.8116259549424648
3446,SLC19A2--NME7,No Change,IPR006602|IPR034907|IPR034907,0.4383500722050586,Soft Tissue,1,0.002,0.0797391304347826,1.0983285046835907
2517,NR2C1--TRIP13,No Annotation,,0.4382534045139569,Soft Tissue,2,0.0001,0.0066449275362318845,2.1775097507312156
2705,PELP1--RAP1GAP2,Reintroduction,IPR012583,0.4377597146764332,Lung,1,0.003,0.0975531914893617,1.0107585179296776
64,ADD1--FAM193A,No Annotation,,0.43708359976292604,Skin,1,0.003,0.0975531914893617,1.0107585179296776
3469,SLC34A2--ROS1,No Change,IPR000719,0.4356454678965332,Lung,1,0.001,0.04585,1.3386606599939601
732,CLTC--VMP1,No Annotation,,0.4349102194947597,Head and Neck,2,0.001,0.04585,1.3386606599939601
4368,XRRA1--CARNS1,No Change,IPR041472|IPR011761,0.4334748303343866,Breast,1,0.005,0.13251445086705202,0.8777367587867367
152,ANKLE2--POLE,Bridges,IPR003887|IPR011320|IPR056237|IPR055191|IPR013697|IPR054475,0.4297960825833341,Lymphoid,1,0.004,0.114625,0.9407206513219225
736,CLTC--VMP1,No Annotation,,0.4293052290034711,Biliary Tract,1,0.004,0.114625,0.9407206513219225
821,CPQ--MYH7,No Annotation,,0.42713466969330915,Lung,1,0.003,0.0975531914893617,1.0107585179296776
829,CPSF6--NTN4,Reinforcement,IPR000504|IPR057951|IPR002049|IPR002049|IPR002049|IPR001134,0.4263602861177074,Soft Tissue,1,0.004,0.114625,0.9407206513219225
2227,MLLT10--CCNT1,Reinforcement,IPR001965|IPR047320,0.4252504436554125,Soft Tissue,1,0.007,0.1543028846153846,0.8116259549424648
2007,LMAN2--KAT6B,No Change,IPR005052,0.4224017534782458,Breast,1,0.011,0.1993478260869565,0.7003884960115531
2826,POP4--POP4,No Annotation,,0.41706684102475056,Uterus,1,0.012,0.20684210526315788,0.6843610505774023
3722,SULF2--SULF2,No Change,IPR000917|IPR024609,0.41694161498117716,Breast,2,0.004,0.114625,0.9407206513219225
1159,EML4--ALK,No Change,IPR000719,0.41342492713331414,Bowel,1,0.008,0.16672727272727272,0.7779933538242227
616,CDCA8--GRIK3,Bridges,IPR018851|IPR001828|IPR001320,0.41180454445516873,Lung,1,0.01,0.19184100418410044,0.7170585609420977
4450,ZHX1--TAF2,No Change,IPR057345|IPR057991,0.4075185322963225,Esophagus/Stomach,1,0.014,0.2284341637010676,0.6412389442208021
4033,TP53--HSF2BP,Reintroduction,IPR013872|IPR040926|IPR011615,0.40699013419788554,Pleura,1,0.013,0.2191360294117647,0.6592862117213221
4557,ZNF76--ANKS1A,No Change,IPR001660|IPR001660|IPR006020,0.40600039511247554,Bone,1,0.012,0.20684210526315788,0.6843610505774023
422,BEST3--CNOT2,No Change,IPR007282,0.4055506988403863,Soft Tissue,1,0.006,0.14403141361256547,0.8415427768580439
1350,FGFR3--TACC3,Bridges,IPR003598|IPR003598|IPR003598|IPR007707,0.40517055395768076,Bone,1,0.007,0.1543028846153846,0.8116259549424648
1597,GSPT1--KRT14,No Annotation,,0.40513574371818317,Esophagus/Stomach,1,0.006,0.14403141361256547,0.8415427768580439
1934,KRT14--GSPT1,Reintroduction,IPR004161|IPR054696,0.40513574371818317,Esophagus/Stomach,1,0.008,0.16672727272727272,0.7779933538242227
2164,MED16--SBNO2,No Change,IPR039187|IPR026937|IPR057332,0.4047033774441028,Lymphoid,1,0.008,0.16672727272727272,0.7779933538242227
3170,RECQL5--H3-3B,Reinforcement,IPR011545|IPR001650|IPR007125,0.40428396995912536,Uterus,1,0.006,0.14403141361256547,0.8415427768580439
1930,KRAS--SOX5,No Change,IPR009071,0.4036317154029398,Esophagus/Stomach,1,0.01,0.19184100418410044,0.7170585609420977
995,DHX29--CDC20B,Reintroduction,IPR056890|IPR056328|IPR011545|IPR001650|IPR007502|IPR011709,0.40230890903042366,Lung,1,0.006,0.14403141361256547,0.8415427768580439
1460,GABBR1--FARS2,Bridges,IPR000436|IPR000436|IPR002319|IPR005121,0.4004071679183175,Biliary Tract,1,0.01,0.19184100418410044,0.7170585609420977
4045,TP53BP1--KDM2A,No Change,IPR002857|IPR001965|IPR001810,0.3976481133923754,Head and Neck,1,0.003,0.0975531914893617,1.0107585179296776
3278,RPS15--DAZAP1,No Annotation,,0.3971795836525653,Lymphoid,1,0.018,0.26117088607594935,0.5830752375090579
1198,ERC1--WNK1,Reintroduction,IPR056865,0.39712504654601416,Cervix,1,0.007,0.1543028846153846,0.8116259549424648
3721,SULF2--PRICKLE2,No Annotation,,0.3956946095339723,Breast,2,0.004,0.114625,0.9407206513219225
1841,KANSL1--HAP1,No Annotation,,0.3927972793091018,Esophagus/Stomach,1,0.013,0.2191360294117647,0.6592862117213221
758,CNOT1--CNOT1,Reinforcement,IPR055104|IPR032194|IPR032193|IPR032191|IPR032194|IPR032193|IPR032191|IPR024557|IPR055454|IPR007196,0.3927540274039395,CNS/Brain,1,0.008,0.16672727272727272,0.7779933538242227
300,ASH2L--SFRP1,Reinforcement,IPR049455|IPR053835|IPR001870|IPR020067|IPR001134,0.3924947830809621,Biliary Tract,1,0.008,0.16672727272727272,0.7779933538242227
1211,ESR1--ULBP1,No Change,IPR011161,0.3901548127652744,Breast,1,0.014,0.2284341637010676,0.6412389442208021
2172,MEGF6--PLCH2,Reinforcement,IPR011489|IPR000742|IPR001849|IPR002048|IPR002048|IPR015359|IPR000909|IPR001711|IPR000008,0.3894208621978098,Pancreas,1,0.008,0.16672727272727272,0.7779933538242227
631,CDK5RAP1--CHMP4B,No Annotation,,0.3861328553325283,Breast,1,0.007,0.1543028846153846,0.8116259549424648
3269,RPAIN--RPAIN,No Change,IPR028158|IPR028155|IPR028159,0.3848611191592246,Lymphoid,1,0.007,0.1543028846153846,0.8116259549424648
2789,PLK3--KIF2C,No Change,IPR001752,0.3843526925530242,Soft Tissue,1,0.007,0.1543028846153846,0.8116259549424648
2230,MLLT10--USP15,No Change,IPR001965|IPR001965,0.3824020779297034,Soft Tissue,1,0.011,0.1993478260869565,0.7003884960115531
4385,YTHDF2--RCC1,Reinforcement,IPR007275|IPR058923,0.3817459190228792,Lung,1,0.01,0.19184100418410044,0.7170585609420977
2063,LSS--MCM3AP,Reintroduction,IPR031910|IPR031907,0.38138894761278086,Bladder/Urinary Tract,1,0.009,0.18019650655021835,0.7442536328945232
2282,MSH5--AIF1,No Annotation,,0.3787896479121049,Esophagus/Stomach,1,0.013,0.2191360294117647,0.6592862117213221
3410,SHB--TMEM123,No Annotation,,0.37759434112339607,Skin,1,0.004,0.114625,0.9407206513219225
1425,FRS2--LSAMP,No Change,IPR003598,0.37558222023009674,Soft Tissue,1,0.012,0.20684210526315788,0.6843610505774023
4134,TTC39C--LAMA3,Reintroduction,IPR002049|IPR000034|IPR002049|IPR000742|IPR000742|IPR009254|IPR010307|IPR001791|IPR001791|IPR001791|IPR001791|IPR001791,0.37530323044892894,Ovary/Fallopian Tube,1,0.009,0.18019650655021835,0.7442536328945232
3849,TCF3--PBX1,No Change,IPR001356,0.3751977323997613,Lymphoid,2,0.0001,0.0066449275362318845,2.1775097507312156
228,ARAP1--MRC2,Reinforcement,IPR001660|IPR001849|IPR001849|IPR001164|IPR001849|IPR001849|IPR000772|IPR000562|IPR001304|IPR001304|IPR001304|IPR001304|IPR001304|IPR001304|IPR001304|IPR001304,0.37428215261299475,Esophagus/Stomach,1,0.016,0.24211221122112214,0.6159833058403403
2835,PPARG--TMEM40,No Annotation,,0.3729950647093939,Esophagus/Stomach,1,0.009,0.18019650655021835,0.7442536328945232
4295,VPS35--CMIP,No Annotation,,0.3719021827092034,Lung,1,0.014,0.2284341637010676,0.6412389442208021
3272,RPIA--RPIA,No Annotation,,0.371863821014224,Ovary/Fallopian Tube,1,0.011,0.1993478260869565,0.7003884960115531
4377,YAP1--MAML2,Bridges,IPR001202|IPR001202|IPR048452,0.37151117199866746,Head and Neck,1,0.012,0.20684210526315788,0.6843610505774023
4455,ZKSCAN5--HELLS,No Change,IPR001650,0.37111384881669085,Pancreas,1,0.003,0.0975531914893617,1.0107585179296776
1651,HELLS--ZKSCAN5,No Change,IPR001909|IPR013087|IPR013087|IPR013087|IPR013087|IPR013087|IPR013087|IPR013087|IPR013087|IPR013087|IPR013087|IPR013087|IPR013087|IPR013087,0.37111384881669085,Pancreas,1,0.007,0.1543028846153846,0.8116259549424648
4308,VTI1A--GFRA1,Reintroduction,IPR007705,0.37064662821162253,Esophagus/Stomach,1,0.012,0.20684210526315788,0.6843610505774023
3569,SOCS4--WDHD1,Reintroduction,IPR022100|IPR048591|IPR009071,0.3698495178580935,Uterus,1,0.01,0.19184100418410044,0.7170585609420977
1295,FASTKD5--PTPRA,No Change,IPR000242|IPR000242,0.36788635237074124,Lymphoid,1,0.012,0.20684210526315788,0.6843610505774023
3674,STARD3--TAC4,No Annotation,,0.3668904930111876,Breast,1,0.011,0.1993478260869565,0.7003884960115531
3887,TEX14--PTPRT,Reintroduction,IPR057598|IPR000242|IPR000242,0.36680259935081905,Breast,1,0.012,0.20684210526315788,0.6843610505774023
3320,RUNX1--TSPEAR,Bridges,IPR013524|IPR048287,0.36640844927986155,Myeloid,1,0.009,0.18019650655021835,0.7442536328945232
3529,SMARCA4--QTRT1,Reintroduction,IPR014978|IPR014012|IPR006576|IPR000330,0.3662459342843776,Ovary/Fallopian Tube,1,0.009,0.18019650655021835,0.7442536328945232
3086,RAD9A--STK31,No Annotation,,0.36595109804299053,Breast,1,0.011,0.1993478260869565,0.7003884960115531
563,CCDC6--ANK3,No Annotation,,0.3654694878970344,Breast,1,0.015,0.2339285714285714,0.6309167313504362
3384,SENP6--KHDC1,No Change,IPR031952,0.36385861715998247,Head and Neck,1,0.005,0.13251445086705202,0.8777367587867367
3213,RILPL1--TMEM132B,Bridges,IPR034743|IPR031435|IPR055422|IPR055421|IPR031437|IPR055423|IPR055424|IPR031436,0.3634987366155868,Skin,1,0.012,0.20684210526315788,0.6843610505774023
366,B9D1--CD82,No Annotation,,0.3632853635479648,Lung,1,0.006,0.14403141361256547,0.8415427768580439
453,BRD8--HSPA9,No Annotation,,0.3624871145888092,Peripheral Nervous System,1,0.012,0.20684210526315788,0.6843610505774023
1518,GLIPR1--KRR1,No Change,IPR041174|IPR004087,0.36218960713056864,Soft Tissue,2,0.005,0.13251445086705202,0.8777367587867367
4380,YDJC--MAPK1,No Annotation,,0.35877594457992945,Lung,1,0.012,0.20684210526315788,0.6843610505774023
3531,SMARCA5--ADAMTS20,Reinforcement,IPR000330|IPR001650|IPR015194|IPR001005|IPR010294|IPR012314,0.35825731235146574,CNS/Brain,1,0.017,0.2538925081433225,0.5953501140928726
2184,METAP1D--FARSB,No Annotation,,0.3572179842758668,Peripheral Nervous System,1,0.013,0.2191360294117647,0.6592862117213221
2451,NFAT5--VPS4A,No Change,IPR003593|IPR041569|IPR015415,0.35698802573567956,Lung,1,0.015,0.2339285714285714,0.6309167313504362
2313,MUC16--ATP5F1D,Reintroduction,IPR048937,0.3562552772586752,Ovary/Fallopian Tube,1,0.011,0.1993478260869565,0.7003884960115531
215,AP4S1--NUBPL,No Annotation,,0.3553497443417446,Lung,1,0.007,0.1543028846153846,0.8116259549424648
2957,PTEN--PTEN,No Change,IPR014020,0.3544345072333738,Skin,1,0.006,0.14403141361256547,0.8415427768580439
705,CIT--RFC5,Reinforcement,IPR000719|IPR000961|IPR003593|IPR047854|IPR013748,0.35369562019253203,Lung,1,0.019,0.27138629283489096,0.5664120914460032
236,ARGLU1--EFNB2,No Annotation,,0.3521479283267147,Bowel,1,0.006,0.14403141361256547,0.8415427768580439
2328,MYH9--FOXRED2,No Annotation,,0.3510213194202397,Esophagus/Stomach,1,0.007,0.1543028846153846,0.8116259549424648
4277,VEGFA--KIF6,Reintroduction,IPR056524,0.3502307984091824,Pancreas,1,0.006,0.14403141361256547,0.8415427768580439
2787,PLEKHM1--HMMR,No Change,IPR031794,0.35020312734036163,Lung,1,0.009,0.18019650655021835,0.7442536328945232
4288,VMP1--RPS6KB1,No Change,IPR000719|IPR000961,0.34867530432570837,Cervix,1,0.011,0.1993478260869565,0.7003884960115531
1903,KIRREL1--MUC1,No Change,IPR000082,0.3482592834108392,Eye,1,0.011,0.1993478260869565,0.7003884960115531
2872,PPP5C--ZNF570,No Change,IPR001909|IPR013087|IPR013087|IPR013087|IPR013087|IPR013087|IPR013087|IPR013087|IPR013087|IPR013087|IPR013087|IPR013087,0.3467344389469307,CNS/Brain,1,0.01,0.19184100418410044,0.7170585609420977
2966,PTK2--TRAPPC9,Bridges,IPR000299|IPR058565|IPR058567|IPR058568,0.34549801614440906,Ovary/Fallopian Tube,1,0.011,0.1993478260869565,0.7003884960115531
812,CPNE1--RBM39,No Change,IPR000504|IPR000504|IPR029123|IPR000504,0.34540091731485273,Soft Tissue,1,0.017,0.2538925081433225,0.5953501140928726
3640,SS18--SSX1,No Change,IPR007726,0.34401331629775145,Soft Tissue,1,0.01,0.19184100418410044,0.7170585609420977
2506,NOL9--DNAJC11,Bridges,IPR057573|IPR055225|IPR024586,0.34355109252350813,Head and Neck,1,0.011,0.1993478260869565,0.7003884960115531
3116,RARA--PKIA,No Annotation,,0.34318020394868104,Breast,2,0.003,0.0975531914893617,1.0107585179296776
1348,FGFR2--OPTN,Bridges,IPR003598|IPR003598|IPR003598|IPR032419|IPR034735,0.3422882179270095,Biliary Tract,1,0.009,0.18019650655021835,0.7442536328945232
2098,MAP4--CDC25A,No Change,IPR001763,0.3402089237761413,Head and Neck,1,0.009,0.18019650655021835,0.7442536328945232
582,CCNL1--CCNL1,No Change,IPR004367,0.3391667360482825,Head and Neck,1,0.015,0.2339285714285714,0.6309167313504362
2939,PSMD1--ARMC9,Bridges,IPR048570|IPR048959,0.3390751000457199,Peripheral Nervous System,1,0.011,0.1993478260869565,0.7003884960115531
606,CDC123--SLC35E3,No Annotation,,0.3362548338030675,Soft Tissue,1,0.014,0.2284341637010676,0.6412389442208021
3460,SLC25A40--CD36,No Annotation,,0.33619131184408724,Esophagus/Stomach,1,0.018,0.26117088607594935,0.5830752375090579
4384,YIPF1--TUT4,Bridges,IPR006977|IPR001878|IPR054708|IPR002058|IPR001878|IPR001878,0.33605159846962473,Lymphoid,1,0.021,0.2908912386706949,0.5362693590357596
4040,TP53--SHBG,No Annotation,,0.3345332211481644,Pleura,1,0.014,0.2284341637010676,0.6412389442208021
3081,RAD51C--ATXN7,No Change,IPR013243,0.3338679492541556,Breast,1,0.013,0.2191360294117647,0.6592862117213221
3411,SHMT1--DOK5,No Change,IPR002404,0.3338008530138584,Bone,1,0.015,0.2339285714285714,0.6309167313504362
129,ALG9--SIK2,No Change,IPR015940,0.3329291612680284,Lymphoid,1,0.016,0.24211221122112214,0.6159833058403403
1769,INHBE--AVIL,Reintroduction,IPR007123|IPR007123|IPR007123|IPR007123|IPR007123|IPR003128,0.3311570280380355,CNS/Brain,1,0.011,0.1993478260869565,0.7003884960115531
1693,HNRNPC--ZNF219,No Change,IPR013087|IPR013087|IPR013087|IPR013087|IPR013087|IPR013087|IPR013087|IPR013087|IPR013087,0.3299883311770826,Lymphoid,1,0.02,0.2839009287925697,0.5468331866610818
2940,PSMD1--SPATA3,Reintroduction,IPR048570,0.32995829846361674,Pancreas,1,0.013,0.2191360294117647,0.6592862117213221
4207,UCK1--MED27,No Annotation,,0.32976602987263226,Ovary/Fallopian Tube,1,0.015,0.2339285714285714,0.6309167313504362
4185,UBE2L3--KRAS,No Change,IPR005225,0.32753905060637445,Prostate,1,0.014,0.2284341637010676,0.6412389442208021
2170,MEF2D--HNRNPUL1,No Change,IPR002100|IPR022102,0.32718338315873186,Lymphoid,1,0.021,0.2908912386706949,0.5362693590357596
1281,FAM229B--AIF1L,No Change,IPR002048,0.3247132154260379,Soft Tissue,1,0.01,0.19184100418410044,0.7170585609420977
3948,TMEM117--MARS1,No Change,IPR000738,0.3234356149145978,Bone,1,0.007,0.1543028846153846,0.8116259549424648
48,ACVR1--CPM,No Annotation,,0.32151871636645024,Soft Tissue,2,0.005,0.13251445086705202,0.8777367587867367
303,ATAD2--ANXA13,No Annotation,,0.3213767257483469,Lung,1,0.015,0.2339285714285714,0.6309167313504362
2868,PPP4R3A--RPS6KA5,Bridges,IPR055236|IPR006887|IPR000961|IPR000719,0.3202396865147304,Bladder/Urinary Tract,1,0.012,0.20684210526315788,0.6843610505774023
2603,OTULIN--SKP2,No Annotation,,0.31924259802795707,Myeloid,1,0.018,0.26117088607594935,0.5830752375090579
4053,TPH2--CFAP298,No Change,IPR002912|IPR019774,0.31860910317655083,Bowel,1,0.016,0.24211221122112214,0.6159833058403403
4363,XPO5--MRPS18A,No Change,IPR001494|IPR013598,0.31833226419770444,Head and Neck,1,0.014,0.2284341637010676,0.6412389442208021
1236,EXOSC10--MTOR,Reintroduction,IPR003152,0.3174625662341608,Breast,1,0.015,0.2339285714285714,0.6309167313504362
3807,TATDN1--GSDMB,No Annotation,,0.31586391277488834,Breast,2,0.005,0.13251445086705202,0.8777367587867367
3808,TATDN1--GSDMB,Reintroduction,IPR041263,0.31586391277488834,Breast,2,0.003,0.0975531914893617,1.0107585179296776
2373,NAV3--TSPAN31,No Annotation,,0.3158522745268861,Soft Tissue,1,0.008,0.16672727272727272,0.7779933538242227
3199,RGS5--TOMM40L,No Annotation,,0.3156929688591213,Soft Tissue,1,0.019,0.27138629283489096,0.5664120914460032
2601,OTUB1--KMT5B,Reinforcement,IPR003323|IPR001214,0.31500407147334664,Breast,1,0.021,0.2908912386706949,0.5362693590357596
1075,DVL1--SSU72,No Annotation,,0.3149979563479417,Lung,1,0.018,0.26117088607594935,0.5830752375090579
3883,TET1--ADK,No Change,IPR002857,0.3123565101407073,Esophagus/Stomach,1,0.014,0.2284341637010676,0.6412389442208021
4426,ZDHHC21--PTPRD,No Change,IPR003598|IPR003598|IPR003598|IPR003961|IPR003961|IPR003599|IPR003961|IPR003961|IPR003961|IPR003961|IPR003961|IPR000242|IPR000242,0.3120388167764846,Myeloid,2,0.008,0.16672727272727272,0.7779933538242227
2953,PTEN--KCTD7,Reintroduction,IPR057890,0.3102159936404315,Kidney,1,0.016,0.24211221122112214,0.6159833058403403
2544,NSRP1--MRPL45,No Change,IPR007379,0.3069910117221671,Lymphoid,1,0.026,0.31537037037037036,0.5011791118603675
4344,WNK1--ERC1,No Change,IPR000719|IPR024678|IPR056865,0.30675961235978433,Esophagus/Stomach,1,0.025,0.3097972972972973,0.5089223753889175
2570,NUP210--WNT7A,No Annotation,,0.3067375842074827,Lung,1,0.015,0.2339285714285714,0.6309167313504362
361,B4GALNT1--HERC2,Reinforcement,IPR001173|IPR000433|IPR004939|IPR058923|IPR058923|IPR000569,0.3059642743439767,Soft Tissue,1,0.012,0.20684210526315788,0.6843610505774023
1217,ETV6--RUNX1,Bridges,IPR003118|IPR013524|IPR013711,0.3049848691037352,Lymphoid,1,0.025,0.3097972972972973,0.5089223753889175
3677,STAT5A--STAT3,Reintroduction,IPR048988|IPR000980,0.30431512867630073,Myeloid,1,0.021,0.2908912386706949,0.5362693590357596
3922,TICRR--EWSR1,Bridges,IPR053919|IPR032746|IPR053920|IPR000504|IPR001876,0.30368365170161504,Bone,1,0.021,0.2908912386706949,0.5362693590357596
687,CHKA--PPFIA1,No Annotation,,0.302789074543616,Breast,1,0.023,0.29789548022598866,0.5259360860021551
4374,YAP1--HMGCLL1,No Change,IPR000891,0.30072289968932714,Skin,1,0.018,0.26117088607594935,0.5830752375090579
694,CHMP6--RPTOR,No Annotation,,0.3006800195392537,Uterus,1,0.024,0.30147945205479454,0.5207422827388287
3487,SLC4A7--SUMF1,Reintroduction,IPR013769|IPR013769,0.30062870542257747,Pancreas,1,0.011,0.1993478260869565,0.7003884960115531
3920,TIAM2--GMNN,No Annotation,,0.2981100786927009,Soft Tissue,1,0.023,0.29789548022598866,0.5259360860021551
1423,FRS2--CPSF6,No Change,IPR000504|IPR057951,0.2980725613337862,Soft Tissue,1,0.023,0.29789548022598866,0.5259360860021551
36,ACOT7--ACOT7,No Change,IPR006683|IPR006683,0.29763081166071403,Pleura,1,0.023,0.29789548022598866,0.5259360860021551
3070,RABL6--CDC16,No Annotation,,0.2976122429944296,Lung,1,0.018,0.26117088607594935,0.5830752375090579
1257,FAM117B--BMPR2,No Annotation,,0.29510284391368574,Ovary/Fallopian Tube,1,0.017,0.2538925081433225,0.5953501140928726
4201,UBQLN4--IQGAP3,Reinforcement,IPR000626|IPR006636|IPR006636|IPR001715|IPR001936|IPR000593,0.2939216503007326,Pancreas,1,0.022,0.2958064516129032,0.5289923581642516
3317,RUNX1--PRDM7,No Change,IPR001214,0.293315223278822,Lymphoid,1,0.022,0.2958064516129032,0.5289923581642516
2437,NEMF--SNTB1,Bridges,IPR008532|IPR021846|IPR055108,0.29327060824301854,Breast,2,0.007,0.1543028846153846,0.8116259549424648
1791,IQGAP1--FAM174B,No Annotation,,0.29289516423634687,Bowel,1,0.024,0.30147945205479454,0.5207422827388287
1000,DHX9--NPL,No Annotation,,0.2926726789157376,Head and Neck,1,0.016,0.24211221122112214,0.6159833058403403
2941,PSMD11--PSMD11,No Change,IPR040773|IPR000717|IPR040780,0.2925907728965089,CNS/Brain,1,0.021,0.2908912386706949,0.5362693590357596
1210,ESR1--RMND1,No Change,IPR003734,0.29254573825774055,Soft Tissue,1,0.023,0.29789548022598866,0.5259360860021551
2947,PTBP2--ELAVL4,No Change,IPR000504|IPR000504,0.29248555531494846,Bone,1,0.024,0.30147945205479454,0.5207422827388287
1440,FRS2--USP44,No Annotation,,0.2924379084078238,Soft Tissue,1,0.008,0.16672727272727272,0.7779933538242227
1441,FRS2--USP44,No Change,IPR001607|IPR001394,0.2924379084078238,Soft Tissue,1,0.027,0.31988372093023254,0.4950078608538842
2852,PPM1G--HSD17B14,No Annotation,,0.2924346604028022,Peripheral Nervous System,1,0.018,0.26117088607594935,0.5830752375090579
4157,TXNRD1--NFYB,Bridges,IPR002109|IPR003958,0.29193694914684454,CNS/Brain,1,0.02,0.2839009287925697,0.5468331866610818
1586,GRINA--TRAPPC9,Reintroduction,IPR058565|IPR058567|IPR058568,0.29084702388240624,Breast,1,0.031,0.34249397590361447,0.4653470628717801
1435,FRS2--SDK1,No Change,IPR003598|IPR003598|IPR003598|IPR003598|IPR003598|IPR003598|IPR003961|IPR003961|IPR003961|IPR003961|IPR003961|IPR003961|IPR003961|IPR003961|IPR003961|IPR003961|IPR003961|IPR003961|IPR003961,0.29016992025733407,Head and Neck,1,0.015,0.2339285714285714,0.6309167313504362
922,CYRIB--EFR3A,No Annotation,,0.28841650349397174,Liver,1,0.016,0.24211221122112214,0.6159833058403403
1775,INPP5B--SF3A3,Reintroduction,IPR031896|IPR000300|IPR048869,0.2877176676202857,CNS/Brain,1,0.022,0.2958064516129032,0.5289923581642516
2295,MTBP--MTBP,Reinforcement,IPR029421|IPR029418,0.28742256753630513,CNS/Brain,1,0.015,0.2339285714285714,0.6309167313504362
1664,HIF1A--SNAPC1,No Annotation,,0.2872730712318272,Kidney,2,0.005,0.13251445086705202,0.8777367587867367
929,DAP3--DAP3,No Annotation,,0.28401377785813686,Lung,1,0.022,0.2958064516129032,0.5289923581642516
2368,NASP--DAB1,No Change,IPR006020,0.28390815613960585,Bowel,1,0.023,0.29789548022598866,0.5259360860021551
2139,MCRS1--CELF2,No Change,IPR000504|IPR000504|IPR000504,0.28353462779270716,Soft Tissue,1,0.027,0.31988372093023254,0.4950078608538842
2721,PHF20--NFS1,No Annotation,,0.2831700903112362,Liver,1,0.015,0.2339285714285714,0.6309167313504362
3118,RARA--PNMT,No Annotation,,0.28303094746711704,Lung,1,0.022,0.2958064516129032,0.5289923581642516
2320,MYEOV--MAP6,No Annotation,,0.2826470781680333,Esophagus/Stomach,1,0.025,0.3097972972972973,0.5089223753889175
1235,EXOSC10--KPNA6,No Change,IPR012588|IPR002562|IPR002121,0.28212079639155196,Breast,1,0.029,0.3349244332493703,0.47505316885811905
3856,TDP1--TMC1,No Change,IPR012496,0.28183522698680097,Bowel,1,0.024,0.30147945205479454,0.5207422827388287
3242,RNF169--SLCO2B1,Reinforcement,IPR001841|IPR002350,0.28171623143188756,Skin,1,0.021,0.2908912386706949,0.5362693590357596
106,AHCYL1--ANKRD29,No Annotation,,0.28121880357825746,Skin,1,0.024,0.30147945205479454,0.5207422827388287
2607,OXR1--RIMS2,Reinforcement,IPR018392|IPR001478|IPR000008|IPR000008,0.2802946391517691,Esophagus/Stomach,1,0.023,0.29789548022598866,0.5259360860021551
2851,PPL--SEC14L5,Reinforcement,IPR055419|IPR011074|IPR001251|IPR009038,0.28010439881803517,Lung,1,0.023,0.29789548022598866,0.5259360860021551
3822,TBC1D32--WNK1,Bridges,IPR055391|IPR032735|IPR024678|IPR056865,0.27998487637094543,Skin,1,0.024,0.30147945205479454,0.5207422827388287
2842,PPFIBP1--MRPS35,No Annotation,,0.27973803000444625,Skin,1,0.027,0.31988372093023254,0.4950078608538842
1977,LDLR--BRK1,No Annotation,,0.27962506873050125,Ovary/Fallopian Tube,1,0.031,0.34249397590361447,0.4653470628717801
2,AACS--DHX37,Reinforcement,IPR032387|IPR007502|IPR011709|IPR056371,0.2779881343564965,Skin,1,0.024,0.30147945205479454,0.5207422827388287
4112,TRPM7--EXD1,No Annotation,,0.2767427401524723,Peripheral Nervous System,1,0.022,0.2958064516129032,0.5289923581642516
40,ACP6--RPRD2,No Annotation,,0.27595852191678,Bowel,1,0.031,0.34249397590361447,0.4653470628717801
3657,ST3GAL3--SSBP3,No Annotation,,0.2755038857614498,Lung,1,0.03,0.33879310344827585,0.4700654388514918
231,ARF4--CFAP20DC,No Annotation,,0.2754284495415903,Peripheral Nervous System,1,0.018,0.26117088607594935,0.5830752375090579
646,CENPH--CCNB1,No Change,IPR004367,0.27534135886074107,Ovary/Fallopian Tube,2,0.01,0.19184100418410044,0.7170585609420977
4423,ZDHHC18--PIGV,No Change,IPR001594,0.2750983657311815,Ovary/Fallopian Tube,1,0.024,0.30147945205479454,0.5207422827388287
108,AHCYL1--RAD51C,No Annotation,,0.2750312584577549,Breast,2,0.011,0.1993478260869565,0.7003884960115531
4154,TXNL4A--ME2,No Annotation,,0.27444107464017203,Peripheral Nervous System,1,0.019,0.27138629283489096,0.5664120914460032
81,ADNP--ADAM9,No Change,IPR001762|IPR006586|IPR000742,0.27425324701431997,Ovary/Fallopian Tube,1,0.026,0.31537037037037036,0.5011791118603675
2647,PARD3--KDM3A,No Change,IPR054294|IPR054504|IPR054503|IPR003347,0.2735353755940144,Ovary/Fallopian Tube,1,0.026,0.31537037037037036,0.5011791118603675
3673,STARD3--IKZF3,No Change,IPR013087|IPR013087|IPR013087|IPR013087|IPR013087|IPR013087,0.272866557160115,Uterus,1,0.026,0.31537037037037036,0.5011791118603675
146,ANGPT1--TAX1BP1,Reintroduction,IPR041641|IPR041641,0.27227145000402453,Skin,1,0.016,0.24211221122112214,0.6159833058403403
3723,SUMF1--LRRFIP2,No Annotation,,0.2719949160922612,Breast,2,0.014,0.2284341637010676,0.6412389442208021
431,BMI1--HACD1,No Annotation,,0.2718834992224992,Soft Tissue,1,0.026,0.31537037037037036,0.5011791118603675
3949,TMEM123--MMP20,No Change,IPR000585,0.2714149105024874,Breast,1,0.032,0.3501670644391408,0.4557247046403494
3470,SLC35A3--TMIGD3,No Annotation,,0.27115240880994856,Skin,1,0.026,0.31537037037037036,0.5011791118603675
3815,TBC1D22A--GRAMD4,No Change,IPR004182,0.2697926219221973,Ovary/Fallopian Tube,1,0.033,0.3560117647058824,0.4485356501663841
2246,MPP7--PARD3,No Annotation,,0.269789484245163,Uterus,1,0.026,0.31537037037037036,0.5011791118603675
2770,PLA2G6--EIF4ENIF1,No Annotation,,0.2676402516847176,Breast,1,0.03,0.33879310344827585,0.4700654388514918
3340,SBNO1--RILPL1,Reintroduction,IPR021563,0.26745292214586625,Skin,1,0.024,0.30147945205479454,0.5207422827388287
3916,TIAM1--ATP5PO,Reintroduction,IPR001849|IPR040655|IPR003116|IPR001478,0.26718897944628384,Bladder/Urinary Tract,1,0.016,0.24211221122112214,0.6159833058403403
1857,KCNN4--PAFAH1B3,No Annotation,,0.26716912577207136,Pleura,1,0.021,0.2908912386706949,0.5362693590357596
2863,PPP2R3A--GCNT2,No Annotation,,0.2671444073544,Lung,1,0.026,0.31537037037037036,0.5011791118603675
3010,PXDN--PXDN,Reinforcement,IPR000483|IPR003598|IPR003598|IPR003598|IPR003598|IPR003598|IPR003598|IPR003598|IPR034824|IPR001007,0.26699606682224036,Uterus,1,0.031,0.34249397590361447,0.4653470628717801
2706,PEX14--PGD,No Annotation,,0.26664955570817006,Lung,1,0.023,0.29789548022598866,0.5259360860021551
2264,MRPS10--HPR,Bridges,IPR027486|IPR001254,0.26518909628419124,Prostate,1,0.047,0.4065943396226415,0.3908386716590317
3906,THOC2--MTSS1,No Change,IPR003124,0.26498292496719733,Lymphoid,1,0.027,0.31988372093023254,0.4950078608538842
29,ACAP2--PPP1R2,No Annotation,,0.2646329172979462,Myeloid,1,0.033,0.3560117647058824,0.4485356501663841
2813,POLR1A--AFF3,Bridges,IPR007080|IPR000722|IPR007066|IPR043640,0.26348478845849166,Lung,1,0.025,0.3097972972972973,0.5089223753889175
3694,STMP1--FGFR2,No Annotation,,0.26291195926338934,Biliary Tract,1,0.023,0.29789548022598866,0.5259360860021551
295,ASB7--LRRC10,No Annotation,,0.2626954638781153,Soft Tissue,1,0.023,0.29789548022598866,0.5259360860021551
2740,PIGC--CPM,No Change,IPR000834,0.26190852718846913,Soft Tissue,2,0.012,0.20684210526315788,0.6843610505774023
1915,KMT2A--AFF1,Bridges,IPR002857|IPR043640,0.26106271441858875,Lymphoid,2,0.008,0.16672727272727272,0.7779933538242227
92,AFF1--KMT2A,Reintroduction,IPR001965|IPR001965|IPR001487|IPR001965|IPR001214|IPR003616,0.26106271441858875,Lymphoid,2,0.015,0.2339285714285714,0.6309167313504362
94,AFF1--KMT2A,Reintroduction,IPR001965|IPR001965|IPR001965|IPR001487|IPR001965|IPR001214|IPR003616,0.26106271441858875,Lymphoid,2,0.016,0.24211221122112214,0.6159833058403403
3356,SCFD2--KIT,No Change,IPR003599|IPR003598|IPR003599|IPR000719,0.26088776126626007,CNS/Brain,1,0.023,0.29789548022598866,0.5259360860021551
3183,RFT1--UQCRC2,No Annotation,,0.2602127232059193,Breast,1,0.03,0.33879310344827585,0.4700654388514918
2405,NCOA3--SPINT1,No Change,IPR011106|IPR002223|IPR002223,0.25998599716635423,Bowel,1,0.034,0.3608564814814815,0.44266548976661707
4037,TP53--P2RX5,No Annotation,,0.25847454843546463,Bone,1,0.027,0.31988372093023254,0.4950078608538842
2125,MB21D2--SLC35E3,No Annotation,,0.2582124426636531,Soft Tissue,2,0.01,0.19184100418410044,0.7170585609420977
1452,FUS--GABRA3,No Change,IPR006202|IPR006029,0.2576721513172776,Soft Tissue,1,0.031,0.34249397590361447,0.4653470628717801
3467,SLC2A8--GARNL3,No Change,IPR001180,0.2571116896975406,Bowel,1,0.031,0.34249397590361447,0.4653470628717801
2707,PEX5--LPL,No Change,IPR001024,0.25709470827173553,Cervix,1,0.034,0.3608564814814815,0.44266548976661707
618,CDH1--CDH3,Reinforcement,IPR014868|IPR002126|IPR000233,0.25709210772358054,Lung,1,0.03,0.33879310344827585,0.4700654388514918
3576,SORL1--SAR1A,Reinforcement,IPR006581|IPR005225,0.2553885939236338,Ovary/Fallopian Tube,1,0.027,0.31988372093023254,0.4950078608538842
3280,RPS24--EMP1,No Annotation,,0.2550766364535494,Soft Tissue,1,0.025,0.3097972972972973,0.5089223753889175
1593,GSDMA--PSMD3,Bridges,IPR040460|IPR041263|IPR000717|IPR013586,0.25490643157133624,Breast,1,0.041,0.38920289855072465,0.40982393402573675
362,B4GALNT1--SLC28A3,No Change,IPR002668|IPR011642|IPR011657,0.25446190172105126,Soft Tissue,2,0.017,0.2538925081433225,0.5953501140928726
3210,RHPN2--CPNE8,No Annotation,,0.2542982973050694,Pancreas,1,0.03,0.33879310344827585,0.4700654388514918
1109,EFTUD2--EFTUD2,No Change,IPR031950|IPR000795|IPR004161|IPR041095|IPR005517|IPR000640,0.2533299176529764,Ovary/Fallopian Tube,1,0.031,0.34249397590361447,0.4653470628717801
395,BCAR3--DNTTIP2,No Change,IPR014810,0.25260098915676027,Uterus,1,0.034,0.3608564814814815,0.44266548976661707
2723,PHF20L1--SAMD12,No Change,IPR002999|IPR002999,0.25170067342826286,Breast,1,0.024,0.30147945205479454,0.5207422827388287
2513,NPLOC4--PDE6G,No Annotation,,0.25140176852389895,Lung,1,0.03,0.33879310344827585,0.4700654388514918
3388,SERINC3--RTF2,No Annotation,,0.2512933982709414,Breast,1,0.029,0.3349244332493703,0.47505316885811905
3761,SYNRG--EVX1,Reinforcement,IPR000261|IPR001356,0.2511051063370951,Liver,1,0.032,0.3501670644391408,0.4557247046403494
3219,RIPOR1--NUTF2,No Change,IPR002075,0.2505950629731681,Breast,1,0.033,0.3560117647058824,0.4485356501663841
2409,NCOR2--NCOR2,No Change,IPR031557|IPR001005|IPR001005,0.2502427718272884,CNS/Brain,1,0.033,0.3560117647058824,0.4485356501663841
3294,RPTOR--EYA2,Bridges,IPR029347|IPR006545,0.25000513522018997,CNS/Brain,1,0.03,0.33879310344827585,0.4700654388514918
1591,GRK6--GRK6,Reinforcement,IPR016137|IPR000719|IPR000961|IPR016137|IPR000719|IPR000961,0.24979810037917194,Lymphoid,1,0.031,0.34249397590361447,0.4653470628717801
927,DAD1--ABHD4,No Change,IPR000073,0.24956789965852078,Uterus,1,0.037,0.378671875,0.42173694992510913
3900,TGM2--TGM2,Reinforcement,IPR001102|IPR001102|IPR002931|IPR008958|IPR008958,0.24922446033838797,Breast,1,0.034,0.3608564814814815,0.44266548976661707
3602,SPCS2--DCPS,No Annotation,,0.2486795547927138,Bone,1,0.034,0.3608564814814815,0.44266548976661707
69,ADGRL1--AP1M1,No Annotation,,0.24866782546305877,Esophagus/Stomach,1,0.029,0.3349244332493703,0.47505316885811905
3373,SEC24D--FAT4,Reinforcement,IPR006895|IPR002126|IPR002126|IPR002126|IPR002126|IPR002126|IPR002126|IPR002126|IPR002126|IPR002126|IPR002126|IPR002126|IPR002126|IPR002126|IPR002126|IPR002126|IPR002126|IPR002126|IPR002126|IPR000742|IPR000742|IPR000742|IPR000742|IPR001791|IPR000742|IPR001791|IPR000742,0.24850786371437927,Lymphoid,1,0.037,0.378671875,0.42173694992510913
3909,THRAP3--NAE1,No Annotation,,0.24826308371109812,Kidney,1,0.032,0.3501670644391408,0.4557247046403494
2585,OMA1--ST6GALNAC5,No Change,IPR001915,0.24801075269878037,CNS/Brain,1,0.023,0.29789548022598866,0.5259360860021551
3128,RAVER1--TRIR,No Annotation,,0.24757182431332264,Bone,1,0.03,0.33879310344827585,0.4700654388514918
1392,FMN2--RYR2,Reintroduction,IPR013662|IPR002048|IPR009460|IPR005821,0.24735315057935803,Breast,1,0.028,0.32833759590792844,0.48367938604760763
2411,NDEL1--PFAS,Reintroduction,IPR010918|IPR055181|IPR010918,0.24665249211330353,Myeloid,1,0.039,0.38454838709677414,0.4150490058574149
1746,IKZF3--BMERB1,No Annotation,,0.24540640642839368,Esophagus/Stomach,1,0.04,0.3869198312236287,0.41237901034008273
720,CLIP1--LRIG3,No Change,IPR000483|IPR003598|IPR003598|IPR003598,0.24471649225750058,Peripheral Nervous System,1,0.036,0.37599088838268785,0.4248226794687943
2726,PHF3--EYS,No Change,IPR001791|IPR000742|IPR000742|IPR001791|IPR000742|IPR000742|IPR001791,0.2446954435126049,CNS/Brain,1,0.037,0.378671875,0.42173694992510913
2294,MTBP--DEPTOR,Bridges,IPR029421|IPR000591|IPR001478,0.24455769415562523,Skin,1,0.03,0.33879310344827585,0.4700654388514918
1735,IGF1R--IGF1R,Reinforcement,IPR000494|IPR006211|IPR000494|IPR003961|IPR003961|IPR003961|IPR000494|IPR003961|IPR003961|IPR003961|IPR000719,0.24431032031941496,Lung,1,0.038,0.3829230769230769,0.41688846003426233
2870,PPP5C--ERCC1,Bridges,IPR013235|IPR004843|IPR047260,0.2442196962996493,CNS/Brain,1,0.028,0.32833759590792844,0.48367938604760763
4431,ZFP1--CFDP1,No Change,IPR011421,0.2432870390677535,Esophagus/Stomach,1,0.022,0.2958064516129032,0.5289923581642516
3558,SNRNP70--CD37,Reintroduction,IPR022023,0.2431720122706998,Pleura,1,0.027,0.31988372093023254,0.4950078608538842
2568,NUP205--STRA8,No Change,IPR057021,0.24153337559038607,Ovary/Fallopian Tube,1,0.029,0.3349244332493703,0.47505316885811905
3544,SMURF1--SORCS3,Reinforcement,IPR000008|IPR001202|IPR001202|IPR000601,0.24079516416805316,Lung,1,0.038,0.3829230769230769,0.41688846003426233
1928,KPNA5--FRK,No Annotation,,0.24010286131865383,Bone,1,0.038,0.3829230769230769,0.41688846003426233
2183,MET--TFEC,No Change,IPR011598|IPR021802,0.24002236023227327,Lung,1,0.033,0.3560117647058824,0.4485356501663841
1219,EWSR1--ARHGAP19,No Change,IPR000198,0.2399488176365683,Kidney,1,0.051,0.41830948121645795,0.37850229178244704
2349,MYOM2--PTK2B,Reinforcement,IPR003598|IPR003598|IPR003961|IPR003961|IPR003961|IPR003961|IPR003961|IPR003599|IPR003599|IPR003598|IPR000299|IPR000719|IPR005189,0.23937878136462723,Lung,1,0.022,0.2958064516129032,0.5289923581642516
2630,PAGR1--CDH1,No Change,IPR002126|IPR002126|IPR002126|IPR002126|IPR002126|IPR000233,0.2393278103263365,Breast,1,0.035,0.36890804597701154,0.43308187259832176
811,CPM--GPR78,No Annotation,,0.2384569173939055,Soft Tissue,1,0.034,0.3608564814814815,0.44266548976661707
127,AKT3--VANGL2,No Annotation,,0.23834492658021056,Lung,1,0.043,0.39273904382470115,0.40589592155939297
4177,UBASH3B--IL10RA,No Annotation,,0.23803779734997765,Bone,1,0.037,0.378671875,0.42173694992510913
669,CFDP1--DOK4,No Change,IPR002404,0.2379960529563134,Lymphoid,1,0.051,0.41830948121645795,0.37850229178244704
86,AEBP2--SOX5,Reinforcement,IPR013087|IPR013087|IPR009071,0.23713646216966933,Biliary Tract,1,0.039,0.38454838709677414,0.4150490058574149
2509,NOTCH2--PDE4DIP,No Change,IPR012943|IPR056273|IPR010630,0.2371029602981844,Lung,1,0.029,0.3349244332493703,0.47505316885811905
2808,POFUT1--TM9SF4,No Annotation,,0.23704908609274838,Breast,1,0.04,0.3869198312236287,0.41237901034008273
3613,SPIDR--STRN4,No Annotation,,0.23379108195718545,Bone,1,0.036,0.37599088838268785,0.4248226794687943
4477,ZNF217--BCAS1,No Annotation,,0.23352435472914873,Cervix,1,0.024,0.30147945205479454,0.5207422827388287
3800,TAS2R14--DERA,No Annotation,,0.23332336835447948,Pancreas,1,0.038,0.3829230769230769,0.41688846003426233
4167,UAP1--RGS4,No Change,IPR016137,0.2331552408567699,Lung,1,0.043,0.39273904382470115,0.40589592155939297
3737,SVEP1--MYLK,Reinforcement,IPR002035|IPR011641|IPR000436|IPR000436|IPR000436|IPR003410|IPR003410|IPR000436|IPR011641|IPR011641|IPR011641|IPR000742|IPR000742|IPR000742|IPR000742|IPR000742|IPR000742|IPR001759|IPR000436|IPR000436|IPR000742|IPR000436|IPR000436|IPR000436|IPR003598|IPR003598|IPR003598|IPR003598|IPR003598|IPR003598|IPR003598|IPR003598|IPR003961|IPR000719|IPR003598,0.2329543651715176,Head and Neck,1,0.041,0.38920289855072465,0.40982393402573675
1610,GTF2E2--SLC7A10,No Change,IPR003166|IPR040501,0.23213005167884612,Ovary/Fallopian Tube,1,0.041,0.38920289855072465,0.40982393402573675
217,APBA2--EXT2,No Change,IPR040911|IPR015338,0.23195928263871593,Soft Tissue,1,0.027,0.31988372093023254,0.4950078608538842
1223,EWSR1--FEV,No Change,IPR000418,0.2316558934571194,Bone,1,0.052,0.42049382716049377,0.3762403752520676
1492,GBF1--MRC2,No Change,IPR000772|IPR000562|IPR001304|IPR001304|IPR001304|IPR001304|IPR001304|IPR001304|IPR001304|IPR001304,0.23077167874251758,Breast,1,0.037,0.378671875,0.42173694992510913
4066,TPX2--HM13,Reintroduction,IPR015128,0.2303311141371068,Lymphoid,1,0.048,0.40755555555555556,0.3898131824413414
4128,TTC17--API5,No Annotation,,0.2299800261848736,CNS/Brain,1,0.031,0.34249397590361447,0.4653470628717801
825,CPSF6--CPM,No Change,IPR000834,0.22859010333112223,Soft Tissue,1,0.034,0.3608564814814815,0.44266548976661707
3819,TBC1D31--ZNF704,No Change,IPR013087,0.22830509293757956,Breast,2,0.019,0.27138629283489096,0.5664120914460032
773,CNTLN--ADAMTSL1,Reintroduction,IPR010294|IPR003598|IPR056272|IPR003598|IPR003598|IPR003598|IPR010909,0.22744801712343174,Pleura,1,0.045,0.4014105058365759,0.39641126521389214
3248,RNF215--TAB1,No Change,IPR001932,0.22718914659781714,Pancreas,1,0.039,0.38454838709677414,0.4150490058574149
3804,TASP1--ESF1,No Change,IPR012580,0.22702297895537432,Ovary/Fallopian Tube,1,0.035,0.36890804597701154,0.43308187259832176
2359,NAP1L1--ACSS3,No Change,IPR032387|IPR000873|IPR025110,0.22646105875621597,Soft Tissue,1,0.043,0.39273904382470115,0.40589592155939297
966,DDX42--NSF,No Annotation,,0.22607817806259045,Peripheral Nervous System,1,0.042,0.39273904382470115,0.40589592155939297
2207,MICALL1--POLR2F,No Annotation,,0.22572828361512537,Kidney,1,0.048,0.40755555555555556,0.3898131824413414
3391,SETD1A--SETD1A,Reintroduction,IPR024657|IPR001214|IPR003616,0.2256446227097213,Breast,1,0.039,0.38454838709677414,0.4150490058574149
3417,SIK3--PCSK7,Reintroduction,IPR002884,0.2252436094774744,Lung,1,0.028,0.32833759590792844,0.48367938604760763
2763,PJA2--AGGF1,Reintroduction,IPR000253|IPR000467,0.22504567336839984,Bone,1,0.046,0.40249999999999997,0.3952341152961127
298,ASH1L--RIT1,Reintroduction,IPR006560,0.22475722710915258,Breast,1,0.056,0.4337162162162162,0.3627943397106795
3237,RNF130--OTP,No Change,IPR001356|IPR003654,0.2245180110049511,Soft Tissue,1,0.039,0.38454838709677414,0.4150490058574149
1730,IFRD1--CCDC7,No Annotation,,0.22417625644306305,Biliary Tract,1,0.035,0.36890804597701154,0.43308187259832176
98,AGAP2--CTDSP2,No Change,IPR004274,0.22389998265233832,Peripheral Nervous System,1,0.043,0.39273904382470115,0.40589592155939297
3919,TIAM1--SCAF4,No Change,IPR000504,0.22381235057861454,Lung,1,0.045,0.4014105058365759,0.39641126521389214
1925,KNTC1--CTDSP2,Bridges,IPR055402|IPR055403|IPR004274,0.22379457184436186,Peripheral Nervous System,1,0.037,0.378671875,0.42173694992510913
3241,RNF152--RNF152,No Change,IPR001841|IPR045744,0.22245571879293385,Cervix,1,0.037,0.378671875,0.42173694992510913
854,CRLS1--TRAPPC6A,No Annotation,,0.22237031247157238,Breast,1,0.049,0.411474358974359,0.3856572226701836
2493,NKAPD1--ADAR,No Change,IPR042371|IPR042371|IPR014720|IPR014720|IPR014720|IPR002466,0.22222994949359529,Soft Tissue,1,0.04,0.3869198312236287,0.41237901034008273
509,CADM2--PAPPA2,No Change,IPR006558|IPR000800|IPR008754|IPR058897|IPR000436|IPR000436|IPR000436|IPR000436|IPR000800,0.22203573288241563,Soft Tissue,1,0.041,0.38920289855072465,0.40982393402573675
2382,NBR1--DHX8,No Annotation,,0.21952718272128305,Bowel,1,0.05,0.41380866425992785,0.383200420386371
2981,PTPN14--PTPN14,No Change,IPR000299|IPR000242,0.21929677811694526,Liver,1,0.039,0.38454838709677414,0.4150490058574149
957,DDIT3--FUS,No Change,IPR000504|IPR001876,0.21867738855157826,Soft Tissue,1,0.04,0.3869198312236287,0.41237901034008273
1451,FUS--DDIT3,No Change,IPR004827,0.21867738855157826,Soft Tissue,1,0.043,0.39273904382470115,0.40589592155939297
4289,VMP1--TRIM37,No Annotation,,0.21843299048014111,Skin,1,0.042,0.39273904382470115,0.40589592155939297
3120,RARA--TCAP,No Annotation,,0.21814679978945395,Lung,1,0.043,0.39273904382470115,0.40589592155939297
371,BACE2--TAPT1,No Annotation,,0.21797058492217375,Lung,1,0.054,0.42835640138408304,0.36819473859152063
620,CDH12--RILPL2,Reintroduction,IPR021563,0.21782002296191458,Skin,1,0.044,0.398695652173913,0.3993585003475718
4428,ZDHHC5--TMX2,No Change,IPR013766,0.21702673972739056,Skin,1,0.048,0.40755555555555556,0.3898131824413414
4340,WIPI2--HIKESHI,No Annotation,,0.21662004834240983,Skin,1,0.039,0.38454838709677414,0.4150490058574149
4113,TRRAP--LMOD2,No Change,IPR003124,0.21653881598455385,Lung,1,0.04,0.3869198312236287,0.41237901034008273
866,CSNK1G3--SEC24A,No Change,IPR006895|IPR006896|IPR012990|IPR006900|IPR007123,0.21638229650440435,Soft Tissue,1,0.051,0.41830948121645795,0.37850229178244704
1682,HMG20A--PEAK1,No Change,IPR000719,0.2159981736199465,Kidney,1,0.043,0.39273904382470115,0.40589592155939297
4034,TP53--MAEA,No Change,IPR006595|IPR013144|IPR044063,0.21598919894344426,Bone,1,0.062,0.45556089743589745,0.3414535601781302
1678,HM13--ZNF765,No Annotation,,0.21594814321100692,Bone,1,0.052,0.42049382716049377,0.3762403752520676
3670,STAG1--FAM110C,No Annotation,,0.21578468798066355,Esophagus/Stomach,1,0.04,0.3869198312236287,0.41237901034008273
3072,RAD18--EML6,Bridges,IPR001841|IPR006642|IPR003034|IPR055439|IPR055442,0.21510878531066802,CNS/Brain,1,0.037,0.378671875,0.42173694992510913
3182,RFC2--RFC2,No Change,IPR003593|IPR047854|IPR013748,0.21487331872136095,Lung,1,0.04,0.3869198312236287,0.41237901034008273
2546,NSUN4--NCCRP1,No Change,IPR007397,0.21445306052754642,Uterus,1,0.041,0.38920289855072465,0.40982393402573675
1396,FNDC3A--ZC3H13,No Annotation,,0.21409080148983733,Lymphoid,1,0.044,0.398695652173913,0.3993585003475718
4381,YEATS2--GALNT13,No Change,IPR001173|IPR000772,0.21392683855432673,Bone,1,0.042,0.39273904382470115,0.40589592155939297
3218,RIPK2--SPECC1,No Change,IPR001715,0.2138480090879486,Breast,1,0.04,0.3869198312236287,0.41237901034008273
3139,RBM39--CDKN2A,No Annotation,,0.2136583013108633,Peripheral Nervous System,1,0.058,0.44174418604651167,0.3548291576888473
2746,PIGX--PRDM10,No Change,IPR013087|IPR013087|IPR013087,0.21287602478470338,Myeloid,1,0.059,0.44492598684210527,0.35171222762455084
2867,PPP4R3A--HEATR3,No Annotation,,0.2122384200405758,Lung,1,0.052,0.42049382716049377,0.3762403752520676
2077,MAEA--WRAP53,No Annotation,,0.2120441480130278,Bone,1,0.033,0.3560117647058824,0.4485356501663841
454,BRI3--ZNF623,No Change,IPR013087|IPR013087|IPR013087|IPR013087|IPR013087|IPR013087|IPR013087|IPR013087|IPR013087|IPR013087|IPR013087|IPR013087|IPR013087,0.21204299620720984,Soft Tissue,1,0.046,0.40249999999999997,0.3952341152961127
1433,FRS2--PYCR1,Reintroduction,IPR029036,0.2118118849772015,Soft Tissue,1,0.045,0.4014105058365759,0.39641126521389214
1432,FRS2--PYCR1,No Annotation,,0.2118118849772015,Soft Tissue,1,0.048,0.40755555555555556,0.3898131824413414
2115,MARS1--AVIL,Reinforcement,IPR041598|IPR004046|IPR007123|IPR007123|IPR007123|IPR007123|IPR007123|IPR007123|IPR003128,0.2117767860981658,Soft Tissue,1,0.051,0.41830948121645795,0.37850229178244704
1621,GYS1--EIF4EBP1,No Annotation,,0.21173091649407277,Pleura,1,0.045,0.4014105058365759,0.39641126521389214
2188,MFSD1--DGKG,No Annotation,,0.21142568367262282,Head and Neck,1,0.047,0.4065943396226415,0.3908386716590317
3728,SUPT6H--MYH10,No Change,IPR002928,0.21084096414318698,Lung,1,0.051,0.41830948121645795,0.37850229178244704
2381,NBN--NBN,Reinforcement,IPR000253|IPR001357|IPR032429|IPR032429|IPR013908,0.20945979497220446,Lung,1,0.045,0.4014105058365759,0.39641126521389214
988,DGCR6L--DGCR6L,No Annotation,,0.20881823289812862,Lung,1,0.05,0.41380866425992785,0.383200420386371
1601,GSS--HMOX2,No Annotation,,0.20837553060016697,Skin,2,0.022,0.2958064516129032,0.5289923581642516
1038,DNAJC13--UBA5,No Change,IPR000594,0.2081036695596535,Esophagus/Stomach,1,0.046,0.40249999999999997,0.3952341152961127
1122,EHMT1--COL5A1,No Change,IPR000885,0.20723767160152984,Breast,1,0.043,0.39273904382470115,0.40589592155939297
1709,HRH2--CPLX2,No Change,IPR017452,0.2068369287339879,Breast,1,0.037,0.378671875,0.42173694992510913
930,DAP3--YY1AP1,No Annotation,,0.20637552830215453,Biliary Tract,1,0.053,0.424833916083916,0.3717808191861953
2005,LIX1L--MSRB2,No Change,IPR002579,0.2063607533441923,Lymphoid,1,0.05,0.41380866425992785,0.383200420386371
2296,MTCH2--MTCH2,No Annotation,,0.20631556626534853,Head and Neck,1,0.041,0.38920289855072465,0.40982393402573675
1302,FBXL12--CARM1,Reinforcement,IPR001810|IPR055135,0.20629054097994512,Esophagus/Stomach,1,0.044,0.398695652173913,0.3993585003475718
1345,FGFR2--COL14A1,No Change,IPR003598|IPR003598|IPR003598,0.20608746351557433,Bowel,1,0.048,0.40755555555555556,0.3898131824413414
176,ANKRD27--NUDT19,No Annotation,,0.20606984447699705,Esophagus/Stomach,1,0.036,0.37599088838268785,0.4248226794687943
3727,SUPT6H--AP2B1,Reintroduction,IPR008152|IPR015151,0.20579163924934646,Soft Tissue,1,0.048,0.40755555555555556,0.3898131824413414
2035,LRIG3--MDM2,No Change,IPR003121|IPR001876|IPR001841,0.2054132612966425,Breast,1,0.045,0.4014105058365759,0.39641126521389214
1696,HNRNPH1--SLIT3,Reinforcement,IPR000504|IPR000504|IPR012996|IPR000504|IPR000372|IPR000483|IPR000372|IPR000483|IPR000372|IPR000483|IPR000372|IPR000483|IPR000742|IPR000742|IPR000742|IPR000742|IPR000742|IPR000742|IPR001791|IPR000742|IPR000742|IPR000742|IPR006207,0.20532001267244887,Bladder/Urinary Tract,1,0.062,0.45556089743589745,0.3414535601781302
1110,EFTUD2--IFIH1,Reintroduction,IPR021673,0.20520815033576476,Lymphoid,1,0.053,0.424833916083916,0.3717808191861953
764,CNOT3--TSEN34,No Change,IPR006677,0.20488043613444967,Lung,1,0.038,0.3829230769230769,0.41688846003426233
4097,TRIP12--TRIP12,Reinforcement,IPR057948|IPR004170|IPR004170|IPR000569,0.204775047553432,Lymphoid,1,0.072,0.4798255813953488,0.31891660179820297
1939,L3MBTL2--EP300,Reinforcement,IPR012313|IPR000433|IPR000197|IPR014744,0.20462666079338507,Lung,1,0.041,0.38920289855072465,0.40982393402573675
1439,FRS2--UPF2,Reintroduction,IPR003890|IPR003890|IPR007193,0.20439520402820774,Soft Tissue,1,0.041,0.38920289855072465,0.40982393402573675
3046,RAB11FIP4--NF1,Reinforcement,IPR002048|IPR001936|IPR001251|IPR054071,0.2040393154496778,Ovary/Fallopian Tube,1,0.057,0.4377638190954774,0.3587601354508378
1222,EWSR1--ERG,No Change,IPR000418,0.2039324172790449,Bone,3,0.018,0.26117088607594935,0.5830752375090579
682,CHD7--CHD7,Reinforcement,IPR000953|IPR000953|IPR001650|IPR056342|IPR006576|IPR006576,0.20344796154300782,Lung,1,0.04,0.3869198312236287,0.41237901034008273
3577,SORL1--SORL1,No Change,IPR006581|IPR003961|IPR003961|IPR003961|IPR003961|IPR003961|IPR003961,0.20337890178691115,Ovary/Fallopian Tube,1,0.046,0.40249999999999997,0.3952341152961127
2792,PLOD2--PFN2,No Annotation,,0.20328003371574083,Ovary/Fallopian Tube,1,0.047,0.4065943396226415,0.3908386716590317
235,ARFGEF2--SULF2,Reintroduction,IPR024609,0.20325693246651086,Breast,2,0.027,0.31988372093023254,0.4950078608538842
2555,NUF2--DDR2,No Change,IPR000421|IPR048525|IPR000719,0.20315735704609422,Peripheral Nervous System,1,0.055,0.43180650684931504,0.36471081761211577
3018,PYROXD2--HPSE2,No Annotation,,0.2029392960151883,Skin,1,0.048,0.40755555555555556,0.3898131824413414
2156,MED13--MED13,No Change,IPR041285|IPR009401,0.20263266572962083,Bone,1,0.058,0.44174418604651167,0.3548291576888473
2845,PPFIBP2--INSC,No Change,IPR031938|IPR045789,0.2024236819026249,Esophagus/Stomach,1,0.036,0.37599088838268785,0.4248226794687943
983,DENND5B--PIGT,No Change,IPR005113|IPR001194|IPR005112,0.2023744854369618,Ovary/Fallopian Tube,1,0.055,0.43180650684931504,0.36471081761211577
2290,MTAP--BNC2,No Change,IPR013087|IPR013087|IPR013087|IPR013087|IPR013087|IPR013087,0.20229917873778508,Bone,1,0.045,0.4014105058365759,0.39641126521389214
1908,KLHDC2--SNTB1,No Change,IPR055108,0.20228305314289605,Breast,2,0.019,0.27138629283489096,0.5664120914460032
903,CTSC--CTSC,No Change,IPR014882|IPR000668,0.2022401660292597,Myeloid,1,0.068,0.47382978723404257,0.32437764090167925
4036,TP53--MTUS2,No Annotation,,0.20218940395735618,Bone,1,0.057,0.4377638190954774,0.3587601354508378
1744,IKZF1--EXOC4,No Change,IPR007191|IPR048630,0.20191480865593306,Lymphoid,1,0.06,0.44731707317073166,0.3493845253857333
3055,RAB3B--TXNDC12,No Annotation,,0.20116500429611706,Ovary/Fallopian Tube,1,0.042,0.39273904382470115,0.40589592155939297
2727,PHF3--PTP4A1,No Change,IPR000387,0.20111242559620984,Lung,1,0.059,0.44492598684210527,0.35171222762455084
2223,MKKS--STAG3,No Change,IPR013721|IPR020839|IPR056396,0.20096182761862252,Soft Tissue,1,0.042,0.39273904382470115,0.40589592155939297
1999,LIMD1--LARS2,No Annotation,,0.20078539727068212,Skin,1,0.049,0.411474358974359,0.3856572226701836
3377,SEMA3A--ARFGEF2,Reintroduction,IPR032691|IPR000904|IPR015403|IPR046455,0.2007609516881798,Ovary/Fallopian Tube,1,0.041,0.38920289855072465,0.40982393402573675
748,CNBP--SMTN,Reintroduction,IPR022189|IPR001715,0.20069527297827264,Cervix,1,0.032,0.3501670644391408,0.4557247046403494
2602,OTUD5--GRIPAP1,No Change,IPR003323,0.2004295807095402,Breast,1,0.06,0.44731707317073166,0.3493845253857333
3904,THAP12--EMSY,No Annotation,,0.19986929374026577,Biliary Tract,1,0.05,0.41380866425992785,0.383200420386371
52,ADAM9--SSPN,No Change,IPR002870|IPR001590,0.19957131081579055,Ovary/Fallopian Tube,1,0.043,0.39273904382470115,0.40589592155939297
53,ADAM9--SSPN,Reintroduction,IPR002870,0.19957131081579055,Ovary/Fallopian Tube,1,0.064,0.4621102362204724,0.33525441130204864
3328,SAMD5--SASH1,Reinforcement,IPR001660|IPR021090|IPR001452|IPR001660|IPR058666|IPR001660,0.19949516153377075,Thyroid,1,0.039,0.38454838709677414,0.4150490058574149
237,ARHGAP12--ARHGAP12,No Change,IPR001452|IPR001202|IPR001202|IPR001849|IPR000198,0.19921017968656926,Breast,1,0.056,0.4337162162162162,0.3627943397106795
2989,PTPRE--CLRN3,No Annotation,,0.1991073130632946,Esophagus/Stomach,1,0.043,0.39273904382470115,0.40589592155939297
1227,EXOC4--CHIC2,Bridges,IPR007191|IPR048630|IPR019383,0.19900613564124153,Skin,1,0.055,0.43180650684931504,0.36471081761211577
693,CHMP6--BAIAP2,No Change,IPR001452,0.19750869483087888,Liver,1,0.054,0.42835640138408304,0.36819473859152063
4232,USP34--XPO1,Reintroduction,IPR013598|IPR014877,0.19739986812984095,Pleura,1,0.047,0.4065943396226415,0.3908386716590317
2565,NUP107--HMCN1,Reintroduction,IPR006605|IPR000742|IPR000742|IPR000742|IPR000742|IPR000742|IPR000742|IPR000742|IPR000742,0.1970447066664061,Soft Tissue,2,0.022,0.2958064516129032,0.5289923581642516
2366,NARS1--TMX3,No Annotation,,0.19696765596001342,Uterus,1,0.055,0.43180650684931504,0.36471081761211577
2293,MTAP--MTAP,No Annotation,,0.1968780919435375,Lung,1,0.046,0.40249999999999997,0.3952341152961127
3649,SSH3--OR5F1,Reinforcement,IPR043588|IPR014876|IPR017452,0.1967882717069181,Liver,1,0.05,0.41380866425992785,0.383200420386371
3992,TMEM9B--TMEM41B,No Change,IPR032816,0.19646204303161363,Lung,2,0.028,0.32833759590792844,0.48367938604760763
1992,LENG8--ZNF573,No Change,IPR001909|IPR013087|IPR013087|IPR013087|IPR013087|IPR013087|IPR013087|IPR013087|IPR013087|IPR013087|IPR013087|IPR013087|IPR013087|IPR013087|IPR013087|IPR013087|IPR013087|IPR013087|IPR013087|IPR013087,0.19622608624786825,Lung,1,0.046,0.40249999999999997,0.3952341152961127
2676,PCNX3--XRRA1,No Annotation,,0.19580907263867375,Uterus,1,0.061,0.45256472491909383,0.34431930007200895
1676,HJURP--TRPM8,No Change,IPR041491|IPR057366|IPR057366|IPR005821,0.19562316176233663,Skin,1,0.052,0.42049382716049377,0.3762403752520676
3149,RBM6--INKA1,No Change,IPR029267,0.19518782785047323,Breast,1,0.042,0.39273904382470115,0.40589592155939297
3751,SYNE1--NAV3,Reinforcement,IPR001715|IPR001715|IPR057057|IPR057932|IPR057126|IPR003593|IPR057568,0.19479524030592343,Soft Tissue,1,0.059,0.44492598684210527,0.35171222762455084
2516,NR2C1--FGD6,Reintroduction,IPR001849|IPR000306|IPR001849,0.19477739772722355,Bladder/Urinary Tract,1,0.05,0.41380866425992785,0.383200420386371
2577,NUTF2--PRMT7,No Change,IPR055135|IPR055135,0.19474899610462337,CNS/Brain,1,0.05,0.41380866425992785,0.383200420386371
4054,TPH2--HYDIN,Bridges,IPR002912|IPR019774|IPR033768|IPR053879|IPR053879,0.194618233925135,Soft Tissue,1,0.043,0.39273904382470115,0.40589592155939297
1448,FSD1--CLSTN2,Reinforcement,IPR003649|IPR017903|IPR002126|IPR045588,0.1941222864765468,Soft Tissue,1,0.06,0.44731707317073166,0.3493845253857333
210,AP1G1--ZNF821,No Change,IPR013087|IPR013087,0.19403153995186834,Bowel,1,0.082,0.5039812332439678,0.29758563508291225
2688,PDGFC--EMCN,No Annotation,,0.19380427433628417,Lung,1,0.055,0.43180650684931504,0.36471081761211577
2642,PAPLN--PSEN1,No Change,IPR045371|IPR010294|IPR002223|IPR003598|IPR003598|IPR003598|IPR010909,0.19372584132997372,Lung,1,0.052,0.42049382716049377,0.3762403752520676
3425,SIPA1L3--PCBP3,No Change,IPR004087|IPR004087|IPR004087,0.1935584124837096,Myeloid,1,0.067,0.47382978723404257,0.32437764090167925
4239,USP43--GAS7,Reintroduction,IPR001202|IPR001060|IPR037957,0.19351862715270107,Bone,1,0.062,0.45556089743589745,0.3414535601781302
3303,RSRC1--MFSD1,No Annotation,,0.1919903523397982,Head and Neck,1,0.047,0.4065943396226415,0.3908386716590317
10,ABCB7--ABCB7,No Change,IPR011527|IPR003439,0.19190856834726877,Skin,1,0.05,0.41380866425992785,0.383200420386371
3020,QKI--PACRG,No Annotation,,0.1912173050990921,CNS/Brain,1,0.054,0.42835640138408304,0.36819473859152063
4539,ZNF644--BCAR3,Reinforcement,IPR013087|IPR013087|IPR013087|IPR013087|IPR013087|IPR013087|IPR013087|IPR000980|IPR001895,0.19048789480153627,Soft Tissue,1,0.056,0.4337162162162162,0.3627943397106795
4538,ZNF644--BCAR3,No Change,IPR000980|IPR001895,0.19048789480153627,Soft Tissue,1,0.049,0.411474358974359,0.3856572226701836
382,BANP--CA5A,No Annotation,,0.19043900059153432,Esophagus/Stomach,1,0.049,0.411474358974359,0.3856572226701836
1562,GPC4--ADGRG4,No Change,IPR057244|IPR017981,0.19014585677695,Ovary/Fallopian Tube,1,0.049,0.411474358974359,0.3856572226701836
757,CNOT1--ARHGAP17,No Annotation,,0.18975851594239437,CNS/Brain,1,0.048,0.40755555555555556,0.3898131824413414
3430,SIRT1--MYPN,Bridges,IPR026590|IPR003598|IPR003598|IPR003598|IPR003598|IPR003598,0.18972717668516503,Esophagus/Stomach,1,0.048,0.40755555555555556,0.3898131824413414
4478,ZNF217--SULF2,No Change,IPR000917|IPR024609,0.18963308792486275,Breast,2,0.029,0.3349244332493703,0.47505316885811905
1919,KMT2A--MLLT3,Bridges,IPR002857|IPR040930,0.1893604043055082,Myeloid,5,0.007,0.1543028846153846,0.8116259549424648
4071,TRAF2--TSPAN1,Reintroduction,IPR001841|IPR049441,0.1890006099801209,Lung,1,0.063,0.4585,0.3386606599939601
4522,ZNF577--ZNF841,Reintroduction,IPR001909|IPR013087|IPR013087|IPR013087|IPR013087|IPR013087|IPR013087|IPR013087|IPR013087|IPR013087|IPR013087|IPR013087|IPR013087|IPR013087|IPR013087|IPR013087|IPR013087|IPR013087|IPR013087|IPR013087|IPR013087|IPR013087|IPR013087|IPR013087|IPR013087|IPR013087|IPR013087|IPR013087|IPR013087|IPR013087|IPR013087|IPR013087,0.18885148271972388,Prostate,1,0.069,0.4750225225225226,0.3232857984270058
4521,ZNF577--ZNF841,No Change,IPR013087|IPR013087|IPR013087|IPR013087|IPR013087|IPR013087|IPR013087|IPR013087|IPR013087|IPR013087|IPR013087|IPR013087|IPR013087|IPR013087|IPR013087|IPR013087|IPR013087|IPR013087|IPR013087|IPR013087|IPR013087|IPR013087|IPR013087,0.18885148271972388,Prostate,1,0.071,0.4787279411764705,0.3199112239811212
4520,ZNF577--ZNF841,No Change,IPR001909|IPR013087|IPR013087|IPR013087|IPR013087|IPR013087|IPR013087|IPR013087|IPR013087|IPR013087|IPR013087|IPR013087|IPR013087|IPR013087|IPR013087|IPR013087|IPR013087|IPR013087|IPR013087|IPR013087|IPR013087|IPR013087|IPR013087|IPR013087,0.18885148271972388,Prostate,1,0.08,0.4997275204359673,0.30126673291808703
1465,GALNT7--ORC4,Reinforcement,IPR001173|IPR032705,0.18871307605605245,Breast,1,0.062,0.45556089743589745,0.3414535601781302
138,AMBRA1--RESP18,No Change,IPR029403,0.18839263838384573,Bone,1,0.057,0.4377638190954774,0.3587601354508378
196,ANXA11--PLAC9,No Annotation,,0.18832425715522388,Cervix,1,0.047,0.4065943396226415,0.3908386716590317
3179,RERE--VMP1,No Annotation,,0.18790324342283365,Soft Tissue,1,0.063,0.4585,0.3386606599939601
143,AMPH--LNX1,Reinforcement,IPR004148|IPR001478|IPR001478,0.18772190764941982,Skin,1,0.06,0.44731707317073166,0.3493845253857333
1158,EML4--ALK,No Change,IPR000719,0.1874027912609319,Lung,3,0.015,0.2339285714285714,0.6309167313504362
3623,SREBF1--SREBF1,No Change,IPR011598,0.18692015540147733,Pancreas,1,0.068,0.47382978723404257,0.32437764090167925
1341,FGFR1OP2--KIF21A,No Change,IPR001752|IPR056533|IPR056532,0.18689290938808562,Pancreas,1,0.064,0.4621102362204724,0.33525441130204864
3291,RPS6KB1--VMP1,No Change,IPR000719,0.1866149352370226,Esophagus/Stomach,1,0.046,0.40249999999999997,0.3952341152961127
659,CEP290--TRHDE,No Change,IPR045357|IPR014782|IPR024571,0.1855882742930232,Head and Neck,1,0.053,0.424833916083916,0.3717808191861953
1015,DIP2C--SFMBT2,No Change,IPR021987|IPR001660,0.18443741301619423,Ovary/Fallopian Tube,1,0.044,0.398695652173913,0.3993585003475718
2453,NFE2--CBX5,No Change,IPR000953|IPR000953,0.1834682727232403,Myeloid,1,0.075,0.4870750708215297,0.3124040976540639
4297,VPS35L--CCP110,No Annotation,,0.1833122177939278,Ovary/Fallopian Tube,1,0.073,0.4815899280575539,0.31732260446361815
2783,PLEKHF1--NTF4,No Change,IPR002072,0.1828276522602471,Esophagus/Stomach,1,0.053,0.424833916083916,0.3717808191861953
516,CAMSAP2--HACD3,No Annotation,,0.18282036135394744,Lymphoid,1,0.066,0.4720904836193448,0.3259747539709088
3981,TMEM38B--FKTN,No Change,IPR007074,0.18264966343544378,Bone,1,0.067,0.47382978723404257,0.32437764090167925
4365,XPR1--TRMT1L,No Annotation,,0.1825551713013353,Lung,1,0.062,0.45556089743589745,0.3414535601781302
2719,PHF14--THSD7A,No Change,IPR044004|IPR044004|IPR044004|IPR044004|IPR044004|IPR044004|IPR056991,0.18253874269940937,Liver,1,0.056,0.4337162162162162,0.3627943397106795
947,DCTN6--NAT2,No Annotation,,0.18239263383701512,Lung,1,0.056,0.4337162162162162,0.3627943397106795
1304,FBXL13--CCDC146,No Change,IPR001810|IPR057207|IPR057207,0.1817528423661876,Myeloid,1,0.074,0.4840085592011412,0.31514695822964256
3473,SLC35E3--NAV3,Bridges,IPR004853|IPR057568,0.18132619567907274,Soft Tissue,1,0.075,0.4870750708215297,0.3124040976540639
3967,TMEM230--SDC4,No Change,IPR003585,0.18126790380440388,Head and Neck,1,0.058,0.44174418604651167,0.3548291576888473
2913,PRMT3--PRMT3,No Change,IPR013087|IPR049482|IPR055135,0.181124337073888,Uterus,1,0.056,0.4337162162162162,0.3627943397106795
1058,DPRX--ZNF331,Reinforcement,IPR001356|IPR001909|IPR013087|IPR013087|IPR013087|IPR013087|IPR013087|IPR013087|IPR013087|IPR013087|IPR013087|IPR013087|IPR013087|IPR013087,0.18109685635755285,Uterus,1,0.046,0.40249999999999997,0.3952341152961127
714,CLIC4--FMNL2,Reintroduction,IPR010472|IPR015425|IPR014767,0.18085996453090075,CNS/Brain,1,0.069,0.4750225225225226,0.3232857984270058
369,BABAM2--SNX17,Reintroduction,IPR000159|IPR048767|IPR037836,0.1808534327797739,Ovary/Fallopian Tube,1,0.069,0.4750225225225226,0.3232857984270058
2847,PPIE--NFYC,No Change,IPR007125,0.18083451665515315,Thyroid,1,0.039,0.38454838709677414,0.4150490058574149
880,CTCF--SLC9A5,No Annotation,,0.1808302402632137,Lung,1,0.058,0.44174418604651167,0.3548291576888473
2683,PDE4B--PDE4B,No Change,IPR040844|IPR002073,0.1807449315404231,Breast,1,0.071,0.4787279411764705,0.3199112239811212
4086,TRHDE--MGAT4C,Bridges,IPR045357|IPR056576,0.18072618642227023,Soft Tissue,1,0.053,0.424833916083916,0.3717808191861953
3970,TMEM243--TMEM243,No Annotation,,0.18067491229555818,Skin,1,0.065,0.46785714285714286,0.32988673568645493
1410,FOXP2--WNT16,No Annotation,,0.18063405130478494,Peripheral Nervous System,1,0.075,0.4870750708215297,0.3124040976540639
4561,ZNF793--ZNF585B,No Change,IPR001909|IPR013087|IPR013087|IPR013087|IPR013087|IPR013087|IPR013087|IPR013087|IPR013087|IPR013087|IPR013087|IPR013087|IPR013087|IPR013087|IPR013087|IPR013087|IPR013087|IPR013087|IPR013087|IPR013087|IPR013087|IPR013087|IPR013087|IPR013087,0.18059100183393068,Breast,1,0.07,0.4776041666666667,0.3209318930335285
2045,LRRC10--BEST3,No Annotation,,0.18057328544228116,Soft Tissue,1,0.074,0.4840085592011412,0.31514695822964256
537,CASC3--THRA,No Annotation,,0.18040238315943402,Ovary/Fallopian Tube,1,0.057,0.4377638190954774,0.3587601354508378
1027,DNAAF2--BRCA2,Bridges,IPR012981|IPR041442|IPR015252|IPR015187|IPR015205|IPR015188|IPR055077,0.1802606763034707,Lymphoid,1,0.081,0.5005188679245283,0.3005795463943375
3937,TMCO3--RBM14,No Annotation,,0.18001202372582412,Pancreas,1,0.073,0.4815899280575539,0.31732260446361815
1093,ECHDC1--NKAIN2,No Annotation,,0.17962285480975843,Myeloid,1,0.081,0.5005188679245283,0.3005795463943375
842,CREBBP--CREBBP,Reintroduction,IPR001487|IPR010303|IPR056484|IPR031162|IPR000433|IPR000197|IPR014744,0.17954979511673858,Myeloid,1,0.075,0.4870750708215297,0.3124040976540639
4268,VCL--ADK,No Annotation,,0.17941149333089762,CNS/Brain,1,0.07,0.4776041666666667,0.3209318930335285
774,CNTN1--SBNO1,No Change,IPR003598|IPR003599|IPR003598|IPR003598|IPR003598|IPR003598,0.179313583987379,Lung,1,0.068,0.47382978723404257,0.32437764090167925
3099,RALGPS2--RASAL2,Reintroduction,IPR001936|IPR021887,0.17921414425562912,Esophagus/Stomach,1,0.054,0.42835640138408304,0.36819473859152063
1674,HJURP--HJURP,Reinforcement,IPR021052|IPR022102|IPR022102|IPR022102|IPR022102,0.17913242731671064,Pancreas,1,0.067,0.47382978723404257,0.32437764090167925
3661,ST6GALNAC4--ODF2,No Annotation,,0.17891695683116943,Lymphoid,1,0.07,0.4776041666666667,0.3209318930335285
4127,TTC12--CWF19L2,No Change,IPR006768|IPR006767,0.17877632141194535,Lung,1,0.06,0.44731707317073166,0.3493845253857333
1558,GPAT4--DCTN6,No Annotation,,0.17873722807958176,Lung,1,0.054,0.42835640138408304,0.36819473859152063
1970,LASP1--C17orf75,No Change,IPR001781,0.1785849077620908,Esophagus/Stomach,1,0.046,0.40249999999999997,0.3952341152961127
3169,RECK--ZNF780B,No Change,IPR013087|IPR013087|IPR013087|IPR013087|IPR013087|IPR013087|IPR013087|IPR013087|IPR013087|IPR013087|IPR013087|IPR013087|IPR013087|IPR013087|IPR013087|IPR013087|IPR013087|IPR013087|IPR013087|IPR013087|IPR013087|IPR013087|IPR013087,0.1782482299609734,Pancreas,1,0.063,0.4585,0.3386606599939601
2377,NBAS--DDX1,No Change,IPR001650,0.17809193796938208,Lung,1,0.063,0.4585,0.3386606599939601
245,ARHGAP29--IGSF3,Reinforcement,IPR057028|IPR003599|IPR003598|IPR003599,0.1779973466405882,Pancreas,1,0.056,0.4337162162162162,0.3627943397106795
1802,ITFG2--CACNA1C,Reintroduction,IPR031688,0.1774422736239269,Skin,1,0.076,0.490098452883263,0.3097166684429351
2291,MTAP--CDH15,No Change,IPR002126|IPR002126|IPR002126|IPR002126|IPR002126|IPR000233,0.1765311148356159,Liver,1,0.059,0.44492598684210527,0.35171222762455084
322,ATN1--VWF,No Change,IPR006207,0.17598609206351057,Bone,1,0.064,0.4621102362204724,0.33525441130204864
2181,MET--CAV2,No Annotation,,0.1759785096266226,Soft Tissue,1,0.071,0.4787279411764705,0.3199112239811212
559,CCDC190--RGS4,No Change,IPR016137,0.17596445014194242,Lung,1,0.067,0.47382978723404257,0.32437764090167925
1766,IMP4--NFE2L2,Bridges,IPR007109|IPR004826,0.17589155509307552,Soft Tissue,1,0.067,0.47382978723404257,0.32437764090167925
2390,NCK2--TMEM131,No Change,IPR022113|IPR056311|IPR045695|IPR055435|IPR055436|IPR055437,0.1752560369522064,Ovary/Fallopian Tube,1,0.057,0.4377638190954774,0.3587601354508378
3559,SNRNP70--RUVBL2,No Change,IPR003593|IPR041048,0.1749168545114933,Bladder/Urinary Tract,1,0.06,0.44731707317073166,0.3493845253857333
857,CRTC3--CRTC3,No Change,IPR024783|IPR024784|IPR024785,0.17444362209351422,Myeloid,1,0.087,0.5147032258064516,0.2884431098816519
1019,DIXDC1--PPP2R1B,No Change,IPR001715|IPR001158,0.17442498885476856,Uterus,1,0.058,0.44174418604651167,0.3548291576888473
3132,RBM12--RBM39,No Change,IPR000504|IPR000504|IPR029123|IPR000504,0.17435941211764616,Soft Tissue,1,0.08,0.4997275204359673,0.30126673291808703
3001,PUM2--RBKS,No Annotation,,0.1741947283095881,Pancreas,1,0.068,0.47382978723404257,0.32437764090167925
3332,SARNP--PYM1,Bridges,IPR003034|IPR015362,0.17406572978214302,Uterus,1,0.071,0.4787279411764705,0.3199112239811212
3109,RANGAP1--PHF5A,No Annotation,,0.17379710811858673,Cervix,1,0.049,0.411474358974359,0.3856572226701836
2696,PDS5B--TDRD3,Reintroduction,IPR015940|IPR002999,0.1737133466348711,Head and Neck,1,0.055,0.43180650684931504,0.36471081761211577
3504,SLC7A1--SLC7A1,No Change,IPR029485,0.17364452952854342,Peripheral Nervous System,1,0.071,0.4787279411764705,0.3199112239811212
2574,NUP98--BEAN1,No Annotation,,0.17358274127767548,Ovary/Fallopian Tube,2,0.042,0.39273904382470115,0.40589592155939297
2140,MCTP1--SLF1,No Change,IPR000008|IPR000008|IPR000008,0.17323532741385636,Cervix,1,0.043,0.39273904382470115,0.40589592155939297
3497,SLC7A1--SLC7A1,No Change,IPR029485,0.17318711031191145,Breast,2,0.038,0.3829230769230769,0.41688846003426233
2733,PHTF1--LRIF1,No Annotation,,0.17270628323234272,Breast,1,0.069,0.4750225225225226,0.3232857984270058
125,AKT3--DNAH14,Reinforcement,IPR001849|IPR000719|IPR035699|IPR035699|IPR041466|IPR024317|IPR024743|IPR035706|IPR035706|IPR041228,0.1725000078984801,Pancreas,1,0.052,0.42049382716049377,0.3762403752520676
680,CHD4--POLR3B,Reintroduction,IPR007641,0.17249119445724737,Bone,1,0.072,0.4798255813953488,0.31891660179820297
3991,TMEM94--ASPSCR1,No Change,IPR001012,0.17211574817021483,Bone,1,0.062,0.45556089743589745,0.3414535601781302
4027,TONSL--STMN3,No Annotation,,0.1719279286073354,Breast,1,0.081,0.5005188679245283,0.3005795463943375
3580,SOS1--ADCY3,No Change,IPR001054|IPR001054,0.1719105827064324,Lung,1,0.069,0.4750225225225226,0.3232857984270058
792,COMMD10--AP3S1,No Annotation,,0.1717398510553803,Myeloid,1,0.088,0.5172820512820513,0.2862725905342719
2646,PAQR5--IQCH,No Change,IPR056855,0.1712401933258993,Bowel,1,0.074,0.4840085592011412,0.31514695822964256
452,BRD8--ETF1,No Annotation,,0.17100506070995447,Uterus,1,0.078,0.49533240997229916,0.30510325487311885
2678,PDCD1LG2--TPGS2,No Change,IPR003599,0.17096705952452806,Breast,1,0.083,0.5060571808510639,0.2958004082095284
1030,DNAH1--POC1A,No Annotation,,0.16975665837009257,Head and Neck,1,0.061,0.45256472491909383,0.34431930007200895
3762,SYNRG--PEMT,No Change,IPR000261,0.16972210235980245,Ovary/Fallopian Tube,1,0.074,0.4840085592011412,0.31514695822964256
3314,RTTN--ROCK1,Bridges,IPR029249|IPR000719|IPR000961|IPR011072|IPR015008|IPR001849,0.16967492820942454,CNS/Brain,1,0.068,0.47382978723404257,0.32437764090167925
4148,TULP4--GTF2H5,No Annotation,,0.16941685982133264,Head and Neck,1,0.068,0.47382978723404257,0.32437764090167925
1430,FRS2--PRC1,No Annotation,,0.16893637249044277,Soft Tissue,1,0.077,0.49170612813370473,0.3082943790637786
1638,HAVCR1--ARHGAP26,Reinforcement,IPR003599|IPR000198|IPR001452,0.16875989267344424,Uterus,1,0.063,0.4585,0.3386606599939601
4416,ZC3H7B--RANGAP1,No Change,IPR009109,0.1686655440975119,Uterus,1,0.084,0.508771466314399,0.2934772534321512
3435,SKP2--TTC23L,No Change,IPR001810,0.16864602389257602,Liver,1,0.054,0.42835640138408304,0.36819473859152063
1265,FAM168A--SLC43A1,No Annotation,,0.1686390265828691,Breast,1,0.083,0.5060571808510639,0.2958004082095284
4069,TRAF2--EPB41L4B,Reinforcement,IPR001841|IPR049441|IPR001293|IPR014847,0.16840463137548722,Bladder/Urinary Tract,1,0.069,0.4750225225225226,0.3232857984270058
37,ACOT8--ANGPT1,No Annotation,,0.16810048351579313,Bone,1,0.073,0.4815899280575539,0.31732260446361815
2050,LRRC8A--SIK3,No Change,IPR015940,0.16805732231977033,CNS/Brain,1,0.065,0.46785714285714286,0.32988673568645493
4029,TOX--TOX,No Change,IPR009071|IPR009071,0.16787419076557714,Pleura,1,0.081,0.5005188679245283,0.3005795463943375
2249,MPZL3--MPZL2,No Change,IPR003599,0.16754155947245153,Head and Neck,1,0.061,0.45256472491909383,0.34431930007200895
1714,HSD17B12--KIAA1549L,No Annotation,,0.16752625563629725,Bladder/Urinary Tract,1,0.067,0.47382978723404257,0.32437764090167925
407,BCAT2--CKM,No Change,IPR022413|IPR022414,0.16744943442298865,Biliary Tract,1,0.063,0.4585,0.3386606599939601
951,DDA1--C19orf81,No Annotation,,0.16738551049875625,Myeloid,1,0.094,0.5230461165048543,0.2814600180913773
1607,GTF2A2--MLLT6,No Change,IPR015872|IPR015871,0.16721592436408128,Bone,1,0.082,0.5039812332439678,0.29758563508291225
2233,MLLT6--GTF2A2,No Change,IPR001965|IPR001965,0.16721592436408128,Bone,1,0.072,0.4798255813953488,0.31891660179820297
170,ANKRD13B--TAOK1,No Annotation,,0.16664729115595597,Lung,1,0.073,0.4815899280575539,0.31732260446361815
2495,NKD1--ARHGAP6,No Change,IPR000198,0.1663610069453763,Head and Neck,1,0.072,0.4798255813953488,0.31891660179820297
335,ATP6V1C1--NECAB1,Reintroduction,IPR007138,0.16624242063515493,Bladder/Urinary Tract,1,0.07,0.4776041666666667,0.3209318930335285
2134,MCAT--CCDC134,No Annotation,,0.16488963907685844,Soft Tissue,1,0.072,0.4798255813953488,0.31891660179820297
3331,SAMM50--BPIFB4,No Annotation,,0.16474332763955316,Liver,1,0.064,0.4621102362204724,0.33525441130204864
1476,GAS2L3--TULP3,No Change,IPR000007,0.16442771863862696,Bladder/Urinary Tract,1,0.072,0.4798255813953488,0.31891660179820297
1160,EML5--NRDE2,Reintroduction,IPR055439|IPR055442|IPR055439|IPR055442,0.1644124088787961,Peripheral Nervous System,1,0.088,0.5172820512820513,0.2862725905342719
2592,ORC4--HOOK3,No Annotation,,0.16439111931511757,Esophagus/Stomach,1,0.067,0.47382978723404257,0.32437764090167925
1194,ERBIN--NLN,No Change,IPR055414,0.16437455062135264,Cervix,1,0.072,0.4798255813953488,0.31891660179820297
4272,VCL--VCL,No Annotation,,0.16432655065513257,CNS/Brain,1,0.071,0.4787279411764705,0.3199112239811212
3774,TAF1D--TYR,No Annotation,,0.16426322786100006,Breast,1,0.085,0.5121222076215506,0.2906263910502402
269,ARIH2--SOS1,No Annotation,,0.16355331698202785,Breast,1,0.077,0.49170612813370473,0.3082943790637786
724,CLOCK--KIT,No Annotation,,0.1635267382189191,CNS/Brain,1,0.066,0.4720904836193448,0.3259747539709088
437,BNIP3L--PPP2R2A,No Annotation,,0.163516501752078,Biliary Tract,1,0.073,0.4815899280575539,0.31732260446361815
2918,PRPF40A--FMNL2,No Change,IPR015425|IPR014767,0.16332080465339932,Lymphoid,1,0.071,0.4787279411764705,0.3199112239811212
1917,KMT2A--MLLT1,Bridges,IPR002857|IPR040930,0.16279254082590067,Myeloid,1,0.102,0.5354365079365079,0.2712920204206077
2226,MLLT1--KMT2A,Reintroduction,IPR001965|IPR001965|IPR001965|IPR001487|IPR001965|IPR001214|IPR003616,0.16279254082590067,Myeloid,1,0.097,0.5263254437869823,0.27874563467740754
192,ANP32E--GOLPH3L,No Annotation,,0.1626903132165155,Bowel,1,0.095,0.5241576413959085,0.2805380784892234
2161,MED13L--TMEM132B,Reintroduction,IPR031437|IPR055423|IPR055424|IPR031436,0.1623681272194078,Bone,1,0.091,0.5201233045622689,0.28389368685956085
1185,EPN2--MTSS1,No Change,IPR013606|IPR003124,0.1620843219672098,Breast,1,0.079,0.49618493150684934,0.30435642882397457
2916,PRPF39--FANCM,No Change,IPR006166,0.16180706252564156,Pancreas,1,0.077,0.49170612813370473,0.3082943790637786
1463,GALNT2--EGLN1,No Annotation,,0.16155902782596973,Bone,1,0.107,0.5420939226519337,0.2659254615139538
294,ASB7--FGD6,No Change,IPR000219|IPR001849|IPR000306|IPR001849,0.16152261218631325,Soft Tissue,2,0.045,0.4014105058365759,0.39641126521389214
1632,HAGH--PCNT,No Change,IPR001279|IPR032282,0.16144613754363846,Myeloid,1,0.081,0.5005188679245283,0.3005795463943375
1631,HAGH--PCNT,No Change,IPR001279,0.16144613754363846,Myeloid,1,0.093,0.5212775061124695,0.28293101511134794
150,ANKHD1--PCDH1,No Annotation,,0.16133984467872536,Breast,2,0.039,0.38454838709677414,0.4150490058574149
3539,SMCP--DCST1,No Change,IPR012858|IPR001841,0.1611637722166643,Biliary Tract,1,0.066,0.4720904836193448,0.3259747539709088
3840,TC2N--TRIP11,No Annotation,,0.16098056900782526,Breast,1,0.085,0.5121222076215506,0.2906263910502402
4296,VPS35L--ANKRD30B,No Annotation,,0.16080723188169682,Cervix,1,0.074,0.4840085592011412,0.31514695822964256
3579,SORT1--PSMA5,No Annotation,,0.1607538528446225,Breast,1,0.068,0.47382978723404257,0.32437764090167925
2961,PTGFRN--USP33,Reinforcement,IPR003599|IPR003599|IPR003599|IPR003599|IPR003599|IPR006615|IPR006615,0.16073149118769797,CNS/Brain,1,0.088,0.5172820512820513,0.2862725905342719
2959,PTGFRN--USP33,Reinforcement,IPR003599|IPR003599|IPR003599|IPR003599|IPR003599|IPR001394|IPR006615|IPR006615,0.16073149118769797,CNS/Brain,1,0.059,0.44492598684210527,0.35171222762455084
2960,PTGFRN--USP33,Reinforcement,IPR003599|IPR003599|IPR003599|IPR003599|IPR003599|IPR006615,0.16073149118769797,CNS/Brain,1,0.077,0.49170612813370473,0.3082943790637786
3216,RIMS2--ATP6V1C1,No Annotation,,0.16048075493986447,Breast,1,0.079,0.49618493150684934,0.30435642882397457
1250,FAF1--AGBL4,No Change,IPR000834,0.1602094311363761,Lung,1,0.083,0.5060571808510639,0.2958004082095284
1860,KCTD21--GAB2,No Annotation,,0.16005609335376444,Kidney,1,0.083,0.5060571808510639,0.2958004082095284
1543,GNPTAB--NUP37,No Annotation,,0.1598231653444639,Esophagus/Stomach,1,0.06,0.44731707317073166,0.3493845253857333
4002,TMTC4--NALCN,No Annotation,,0.15973763861616994,Breast,1,0.086,0.5134244791666666,0.28952342878190446
731,CLTC--RPS6KB1,No Change,IPR000719|IPR000961,0.15956511324994688,Ovary/Fallopian Tube,1,0.076,0.490098452883263,0.3097166684429351
425,BID--MICAL3,No Annotation,,0.15928856259888852,Lung,1,0.066,0.4720904836193448,0.3259747539709088
169,ANKRD13B--PCTP,No Annotation,,0.15902212912085506,Breast,1,0.079,0.49618493150684934,0.30435642882397457
3295,RREB1--RASSF8,No Change,IPR000159,0.1590123120393519,Bladder/Urinary Tract,1,0.08,0.4997275204359673,0.30126673291808703
3678,STAT5B--FAF1,No Change,IPR001012,0.15879535465939051,Peripheral Nervous System,1,0.092,0.5201233045622689,0.28389368685956085
2703,PEDS1--PHACTR3,No Annotation,,0.15820316107217264,Bladder/Urinary Tract,1,0.064,0.4621102362204724,0.33525441130204864
2617,PACSIN1--SRSF3,No Annotation,,0.15782252139135092,Ovary/Fallopian Tube,1,0.082,0.5039812332439678,0.29758563508291225
3882,TERT--ALK,Reinforcement,IPR021891|IPR000477|IPR000998|IPR055163|IPR000719,0.15765653623059822,Peripheral Nervous System,1,0.091,0.5201233045622689,0.28389368685956085
1118,EHD1--EHD1,Reinforcement,IPR031692|IPR040990|IPR000261,0.15753518448286327,Lung,1,0.07,0.4776041666666667,0.3209318930335285
810,CPM--CPZ,No Change,IPR000834,0.157495645966388,Soft Tissue,2,0.046,0.40249999999999997,0.3952341152961127
1043,DNAJC6--PDE1C,No Change,IPR000387|IPR014020,0.15749526341842401,Biliary Tract,2,0.038,0.3829230769230769,0.41688846003426233
3396,SETDB1--SMCP,Reintroduction,IPR040880|IPR002999|IPR002999,0.15645963532858598,Biliary Tract,1,0.059,0.44492598684210527,0.35171222762455084
1729,IFNGR2--IFNAR1,No Change,IPR003961,0.15631676714845968,Lung,1,0.074,0.4840085592011412,0.31514695822964256
1266,FAM168A--TRIM29,No Change,IPR000315|IPR058030,0.1562347362710944,Skin,1,0.089,0.5178489847715736,0.28579687083860267
935,DCAF10--CENPP,No Annotation,,0.15600458697750472,Esophagus/Stomach,1,0.068,0.47382978723404257,0.32437764090167925
3041,R3HDM2--PCCA,Reintroduction,IPR005482|IPR041265|IPR000089,0.15580745129227727,Bone,1,0.09,0.5197103274559194,0.2842386529817315
3413,SHPK--TAX1BP3,No Change,IPR001478,0.15564939479635728,Pleura,1,0.087,0.5147032258064516,0.2884431098816519
2589,OPTN--MCM10,Bridges,IPR021063|IPR032419|IPR034735|IPR015408|IPR015411,0.15555029763519532,Lymphoid,1,0.107,0.5420939226519337,0.2659254615139538
2386,NCAN--UPF1,Reinforcement,IPR003599|IPR000538|IPR000538|IPR000742|IPR000742|IPR041679,0.15548259492802574,Ovary/Fallopian Tube,1,0.071,0.4787279411764705,0.3199112239811212
1880,KIAA0825--MCTP1,Reintroduction,IPR013583,0.1554702661858254,Cervix,1,0.079,0.49618493150684934,0.30435642882397457
3040,R3HDM2--OS9,No Annotation,,0.1554328810966899,CNS/Brain,1,0.076,0.490098452883263,0.3097166684429351
104,AGPAT5--MCPH1,No Annotation,,0.15502135578326365,Breast,1,0.079,0.49618493150684934,0.30435642882397457
2744,PIGT--SCNN1G,No Annotation,,0.1549224778415025,Lung,1,0.073,0.4815899280575539,0.31732260446361815
2101,MAP7--MAP3K5,Reintroduction,IPR025136|IPR043969|IPR000719|IPR046873,0.1549164488092925,Bowel,1,0.108,0.545352422907489,0.26332275302809555
3355,SCARB1--PUS1,No Change,IPR020097,0.15456748343989452,Breast,2,0.048,0.40755555555555556,0.3898131824413414
2519,NR3C1--NR3C1,Reinforcement,IPR001628|IPR001628|IPR000536,0.15430987668793167,Lymphoid,1,0.096,0.5263254437869823,0.27874563467740754
766,CNOT6--S100Z,No Change,IPR013787|IPR002048,0.15420974443599866,Prostate,1,0.101,0.5354365079365079,0.2712920204206077
3983,TMEM38B--UNC13B,No Annotation,,0.1541935477123065,Myeloid,1,0.109,0.5455949781659389,0.2631296357211868
2742,PIGG--CHRDL2,Reintroduction,IPR001007|IPR001007|IPR045716,0.15417068623043087,Skin,1,0.085,0.5121222076215506,0.2906263910502402
2053,LRRFIP1--MLPH,No Annotation,,0.153602497465208,Ovary/Fallopian Tube,1,0.086,0.5134244791666666,0.28952342878190446
462,BSND--PCSK9,Reintroduction,IPR000209|IPR041254|IPR041052|IPR041051,0.15337165868775876,Pleura,1,0.096,0.5263254437869823,0.27874563467740754
4087,TRHDE--RAB21,No Change,IPR045357|IPR014782|IPR024571,0.1532864036434853,Soft Tissue,1,0.088,0.5172820512820513,0.2862725905342719
4494,ZNF404--CACNA1A,No Change,IPR005821|IPR005821|IPR005821|IPR005821|IPR031649|IPR014873,0.15325583882399402,Lung,1,0.095,0.5241576413959085,0.2805380784892234
262,ARID1B--RPS6KA2,No Change,IPR000719|IPR000961|IPR000719,0.15309889980647232,Skin,1,0.085,0.5121222076215506,0.2906263910502402
263,ARID1B--RPS6KA2,Reintroduction,IPR000961|IPR000719,0.15309889980647232,Skin,1,0.099,0.5333901292596945,0.27295502548099804
2317,MYBL1--ADCY8,No Change,IPR001005,0.15308641732760397,Breast,1,0.092,0.5201233045622689,0.28389368685956085
3343,SBNO2--SLC2A13,No Annotation,,0.15292072475651813,Breast,1,0.091,0.5201233045622689,0.28389368685956085
1054,DPH1--RTN4RL1,No Change,IPR000483,0.1526819221794602,Skin,1,0.094,0.5230461165048543,0.2814600180913773
1447,FRYL--PSPC1,No Annotation,,0.15251829324469568,Bladder/Urinary Tract,1,0.079,0.49618493150684934,0.30435642882397457
2061,LSM14A--PSMC4,No Change,IPR003593|IPR041569,0.15244595028891536,Head and Neck,1,0.078,0.49533240997229916,0.30510325487311885
3975,TMEM25--TECTA,Reinforcement,IPR007110|IPR002919|IPR001846|IPR014853|IPR000742|IPR001007|IPR001846|IPR014853|IPR001507|IPR000742,0.15201622968136547,Bone,1,0.104,0.5357752808988764,0.27101732734009254
3590,SPAG1--ANKRD46,No Change,IPR025986,0.15177009159626764,Biliary Tract,1,0.08,0.4997275204359673,0.30126673291808703
1948,LAMB2--ADGRG5,Reinforcement,IPR008211|IPR002049|IPR002049|IPR000742|IPR002049|IPR000742|IPR013015|IPR000742|IPR057244|IPR017981,0.15175976008106434,Ovary/Fallopian Tube,1,0.103,0.5354365079365079,0.2712920204206077
2406,NCOA4--ITLN1,No Change,IPR022174|IPR022174,0.15172312083167228,Soft Tissue,1,0.089,0.5178489847715736,0.28579687083860267
2174,MEI1--CDH23,No Change,IPR002126|IPR002126|IPR002126|IPR002126|IPR002126|IPR002126|IPR002126|IPR002126|IPR002126|IPR002126|IPR002126|IPR002126|IPR002126|IPR002126|IPR002126|IPR002126|IPR002126|IPR002126|IPR002126|IPR002126|IPR002126|IPR002126|IPR002126|IPR002126|IPR002126|IPR002126|IPR002126,0.15167196422323356,Ovary/Fallopian Tube,1,0.083,0.5060571808510639,0.2958004082095284
832,CPSF6--RIPOR3,Bridges,IPR000504|IPR057951|IPR031780,0.15164570877884664,Soft Tissue,1,0.091,0.5201233045622689,0.28389368685956085
3335,SASH1--SASH1,Reinforcement,IPR058666|IPR021090|IPR021090|IPR001452|IPR001660|IPR058666|IPR001660,0.1509073888701821,Skin,1,0.097,0.5263254437869823,0.27874563467740754
3456,SLC23A2--CDS2,No Annotation,,0.15060906235750615,Bone,1,0.117,0.5541787190082645,0.25635015555619206
665,CEP89--TDRD12,Reintroduction,IPR011545|IPR002999,0.1504047301843638,Myeloid,1,0.111,0.5502,0.2594794139463353
2553,NUDCD3--PDE1C,Reinforcement,IPR025934|IPR013706|IPR002073,0.15027070381710445,Biliary Tract,1,0.079,0.49618493150684934,0.30435642882397457
1600,GSS--GSS,Reinforcement,IPR004887|IPR004887,0.15015635326541182,Ovary/Fallopian Tube,1,0.09,0.5197103274559194,0.2842386529817315
4293,VPS18--ZFYVE19,Reintroduction,IPR044553,0.1500999347054167,Breast,1,0.087,0.5147032258064516,0.2884431098816519
1502,GEMIN8--GLRA2,No Change,IPR006202|IPR006029,0.14970929149525058,Lung,1,0.072,0.4798255813953488,0.31891660179820297
2529,NRROS--PRDM10,No Change,IPR013087|IPR013087|IPR013087,0.1496910918095893,Myeloid,1,0.112,0.5521720430107526,0.25792558587771364
2106,MAPKAP1--CASR,Bridges,IPR032679|IPR011500|IPR017978,0.14934924537707145,Uterus,1,0.101,0.5354365079365079,0.2712920204206077
315,ATG13--HTATIP2,No Change,IPR016040,0.14928808200394916,Esophagus/Stomach,1,0.077,0.49170612813370473,0.3082943790637786
316,ATG4A--VSIG1,No Annotation,,0.14917224787190259,CNS/Brain,1,0.078,0.49533240997229916,0.30510325487311885
181,ANKS1B--ASAP1,Reintroduction,IPR001164|IPR001452,0.14914406721093768,Breast,1,0.094,0.5230461165048543,0.2814600180913773
2655,PARVB--BANK1,No Annotation,,0.1490845110516013,Breast,1,0.099,0.5333901292596945,0.27295502548099804
1691,HNRNPAB--SNTB1,Reinforcement,IPR012956|IPR000504|IPR001849|IPR055108,0.1489348305209191,Esophagus/Stomach,1,0.068,0.47382978723404257,0.32437764090167925
1877,KHSRP--KHSRP,Reinforcement,IPR004087|IPR004087|IPR004087|IPR004087|IPR015096|IPR015096|IPR004087|IPR004087|IPR004087|IPR004087|IPR015096|IPR015096,0.14873495862749217,Ovary/Fallopian Tube,1,0.089,0.5178489847715736,0.28579687083860267
2084,MAN2C1--SIN3A,Bridges,IPR054723|IPR031693,0.14857159327508063,Esophagus/Stomach,1,0.083,0.5060571808510639,0.2958004082095284
4536,ZNF628--IRF3,Reintroduction,IPR019471,0.1484677812203489,CNS/Brain,1,0.07,0.4776041666666667,0.3209318930335285
981,DENND5A--LMO1,No Change,IPR001781|IPR001781,0.14816216227270262,CNS/Brain,1,0.105,0.5373046874999999,0.26977937058614726
1076,DYM--ZNF641,No Change,IPR001909|IPR013087|IPR013087|IPR013087|IPR013087|IPR013087,0.14799330450742998,Bone,1,0.087,0.5147032258064516,0.2884431098816519
498,CA5B--ACADSB,No Annotation,,0.14755879856836085,Breast,1,0.105,0.5373046874999999,0.26977937058614726
3372,SEC23A--TRAPPC6B,Reintroduction,IPR006895,0.1472130743963846,Liver,1,0.084,0.508771466314399,0.2934772534321512
4236,USP42--VWDE,No Change,IPR000742|IPR000742|IPR000742|IPR000742|IPR000742|IPR000742|IPR000742|IPR000742|IPR000742,0.14700941583406413,Soft Tissue,1,0.078,0.49533240997229916,0.30510325487311885
1978,LDLR--MYH14,No Change,IPR002928,0.14666590298712315,Soft Tissue,1,0.097,0.5263254437869823,0.27874563467740754
3296,RRP1B--RASA1,No Change,IPR000980|IPR001452|IPR000980|IPR001849|IPR000008|IPR001936,0.14648039208403543,Lung,1,0.075,0.4870750708215297,0.3124040976540639
3127,RASSF8--TSPAN9,No Annotation,,0.14626552075246746,Lung,1,0.1,0.5354365079365079,0.2712920204206077
1455,FXR1--ATAD2,Reinforcement,IPR041560|IPR008395|IPR040472|IPR004087|IPR003593|IPR041569|IPR001487,0.14603817153214094,Thyroid,1,0.068,0.47382978723404257,0.32437764090167925
2219,MIIP--MFN2,Reintroduction,IPR006884,0.14603444844851243,Head and Neck,1,0.076,0.490098452883263,0.3097166684429351
908,CUL5--DNAL1,No Annotation,,0.1459396691231354,Esophagus/Stomach,1,0.077,0.49170612813370473,0.3082943790637786
4102,TRMT10C--FER1L6,No Change,IPR000008|IPR012968|IPR000008|IPR012561|IPR000008|IPR000008|IPR000008|IPR055072|IPR000008|IPR032362,0.145888638133886,Head and Neck,1,0.086,0.5134244791666666,0.28952342878190446
846,CREBZF--DLG2,Reinforcement,IPR004827|IPR019590|IPR001478|IPR001478|IPR019583|IPR001478|IPR001452|IPR008144,0.14577578818865444,CNS/Brain,1,0.088,0.5172820512820513,0.2862725905342719
376,BAG6--NELFE,No Change,IPR000504,0.145641706189499,Lung,1,0.081,0.5005188679245283,0.3005795463943375
3424,SIPA1L3--DLG2,Reintroduction,IPR001478|IPR019583|IPR001478|IPR001452|IPR008144,0.14555250778463535,Esophagus/Stomach,1,0.09,0.5197103274559194,0.2842386529817315
4560,ZNF79--RALGPS1,No Change,IPR001849,0.14553534281305597,Breast,1,0.086,0.5134244791666666,0.28952342878190446
512,CAMK2G--WDR47,No Annotation,,0.1453243845817491,Uterus,1,0.103,0.5354365079365079,0.2712920204206077
2771,PLA2R1--RBMS1,Reinforcement,IPR000772|IPR000562|IPR001304|IPR001304|IPR001304|IPR001304|IPR000504,0.14509533047977388,Breast,1,0.092,0.5201233045622689,0.28389368685956085
2664,PBX1--COPA,No Change,IPR006692|IPR056176|IPR010714,0.14488955092487202,Bladder/Urinary Tract,1,0.086,0.5134244791666666,0.28952342878190446
3146,RBM47--RBM47,No Change,IPR000504|IPR000504|IPR000504,0.14477633563150183,Lung,1,0.092,0.5201233045622689,0.28389368685956085
2857,PPP1CB--PLB1,Reintroduction,IPR031675,0.1447762063564164,Breast,1,0.09,0.5197103274559194,0.2842386529817315
1551,GON4L--RIT1,No Annotation,,0.14463511832389092,Skin,1,0.095,0.5241576413959085,0.2805380784892234
4100,TRIT1--MYCL,No Change,IPR011598,0.1446018693701266,Lung,1,0.092,0.5201233045622689,0.28389368685956085
385,BAZ2A--MMP19,No Change,IPR002477|IPR001818|IPR000585,0.14452736089176912,Bladder/Urinary Tract,1,0.082,0.5039812332439678,0.29758563508291225
2091,MAP3K21--DISC1,No Change,IPR001452|IPR000719,0.14444180987668326,Soft Tissue,1,0.103,0.5354365079365079,0.2712920204206077
1028,DNAAF2--RRAS2,No Change,IPR012981|IPR041442,0.14425726680136036,Ovary/Fallopian Tube,1,0.076,0.490098452883263,0.3097166684429351
3575,SORL1--PCCA,Bridges,IPR006581|IPR003961|IPR003961|IPR003961|IPR000089,0.1440119764922167,Lung,1,0.093,0.5212775061124695,0.28293101511134794
3861,TEAD1--OTOG,Reintroduction,IPR000818,0.14357045490414344,CNS/Brain,1,0.105,0.5373046874999999,0.26977937058614726
3860,TEAD1--OTOG,Bridges,IPR000818|IPR006207,0.14357045490414344,CNS/Brain,1,0.089,0.5178489847715736,0.28579687083860267
4147,TULP4--GTF2H5,No Annotation,,0.14330602856904537,Ovary/Fallopian Tube,1,0.093,0.5212775061124695,0.28293101511134794
406,BCAT1--TSPAN11,No Annotation,,0.14291366029131575,Soft Tissue,1,0.106,0.5406117908787541,0.2671144864624187
4274,VDAC2--ZEB1,No Change,IPR008598|IPR013087|IPR013087|IPR001356|IPR013087|IPR013087|IPR013087,0.1427244992192322,Esophagus/Stomach,1,0.095,0.5241576413959085,0.2805380784892234
2626,PAFAH1B1--CD163L1,No Annotation,,0.14261181933447103,Uterus,1,0.107,0.5420939226519337,0.2659254615139538
4260,UVRAG--SETMAR,Reintroduction,IPR001214|IPR003616|IPR041426,0.14260442117555622,Lymphoid,1,0.101,0.5354365079365079,0.2712920204206077
4259,UVRAG--SETMAR,No Change,IPR041426,0.14260442117555622,Lymphoid,1,0.1,0.5354365079365079,0.2712920204206077
3233,RNF111--TCF12,No Change,IPR011598,0.14235860745500353,Breast,1,0.101,0.5354365079365079,0.2712920204206077
3648,SSH3--ANKRD13D,Reintroduction,IPR043588|IPR014876,0.1420112111171915,Head and Neck,1,0.09,0.5197103274559194,0.2842386529817315
3556,SNRNP35--CIT,No Change,IPR002219|IPR001849|IPR001180,0.14138045180543546,Skin,1,0.069,0.4750225225225226,0.3232857984270058
3250,RNF220--QSOX1,Reintroduction,IPR041269|IPR040986|IPR017905,0.14111625774689032,Uterus,1,0.116,0.5541787190082645,0.25635015555619206
1187,EPN2--SPACA3,No Change,IPR019799,0.1408938474268719,Pancreas,1,0.092,0.5201233045622689,0.28389368685956085
1186,EPN2--SPACA3,Bridges,IPR013809|IPR019799,0.1408938474268719,Pancreas,1,0.102,0.5354365079365079,0.2712920204206077
3239,RNF135--C17orf78,No Change,IPR001841,0.1405986324813348,Ovary/Fallopian Tube,1,0.081,0.5005188679245283,0.3005795463943375
2169,MEF2D--CD160,No Annotation,,0.14058103744336667,Lung,1,0.099,0.5333901292596945,0.27295502548099804
3663,ST7--MET,No Change,IPR001627|IPR016201|IPR002909|IPR002909|IPR002909|IPR002909|IPR000719,0.14050756235472978,Biliary Tract,1,0.104,0.5357752808988764,0.27101732734009254
1068,DTD1--RALGAPA2,No Annotation,,0.14025315526012322,Lung,1,0.097,0.5263254437869823,0.27874563467740754
2876,PPP6R3--EMSY,No Change,IPR005491,0.14024039319065348,Skin,1,0.091,0.5201233045622689,0.28389368685956085
1909,KLHL2--SLC7A11,No Change,IPR000210,0.1400338333474746,Head and Neck,1,0.081,0.5005188679245283,0.3005795463943375
3385,SENP6--PDK1,No Annotation,,0.13991456980693232,Lymphoid,1,0.102,0.5354365079365079,0.2712920204206077
3510,SLC9A9--AKAP6,No Annotation,,0.13991205031862636,Soft Tissue,1,0.094,0.5230461165048543,0.2814600180913773
1906,KLC1--COA8,No Annotation,,0.13991093293642073,Lung,1,0.095,0.5241576413959085,0.2805380784892234
2210,MID1--YIPF6,Bridges,IPR001841|IPR000315|IPR000315|IPR006977,0.13971813248924977,Bowel,1,0.142,0.5901485148514851,0.22903868146976594
2087,MAP3K12--ACVRL1,No Annotation,,0.13966215004608445,Kidney,1,0.101,0.5354365079365079,0.2712920204206077
3048,RAB1A--PELI1,No Change,IPR048334|IPR048335,0.13959430366951606,Breast,1,0.097,0.5263254437869823,0.27874563467740754
4229,USP32--PTRH2,No Annotation,,0.13955961740163841,Soft Tissue,1,0.086,0.5134244791666666,0.28952342878190446
4388,ZBED6--ADAT1,No Change,IPR003656|IPR003656|IPR008906,0.13910457553584085,Lung,1,0.093,0.5212775061124695,0.28293101511134794
213,AP3B1--BHMT,No Change,IPR003726,0.1390263275773879,Bone,1,0.104,0.5357752808988764,0.27101732734009254
381,BAIAP2L1--BCAS4,No Annotation,,0.13882173404585724,Ovary/Fallopian Tube,1,0.091,0.5201233045622689,0.28389368685956085
4095,TRIP10--KDM4B,No Change,IPR001060,0.13852073941859183,Lung,1,0.089,0.5178489847715736,0.28579687083860267
1764,IMMT--POLR1A,Reintroduction,IPR007083|IPR007081,0.13849550550509704,CNS/Brain,1,0.093,0.5212775061124695,0.28293101511134794
2113,MARK3--BSPRY,No Change,IPR001870,0.13815204426814157,Ovary/Fallopian Tube,1,0.105,0.5373046874999999,0.26977937058614726
3643,SSBP2--GNG2,No Change,IPR015898,0.13808523928266697,Esophagus/Stomach,1,0.087,0.5147032258064516,0.2884431098816519
4519,ZNF571--ZNF8,No Change,IPR001909|IPR013087|IPR013087|IPR013087|IPR013087|IPR013087|IPR013087|IPR013087,0.13794350246299858,Breast,1,0.103,0.5354365079365079,0.2712920204206077
3690,STK3--NIPAL2,No Annotation,,0.13788794644662777,Uterus,1,0.092,0.5201233045622689,0.28389368685956085
2893,PREX1--CPNE1,No Annotation,,0.13763760549650908,Breast,2,0.073,0.4815899280575539,0.31732260446361815
4410,ZBTB8OS--YARS1,Bridges,IPR023572|IPR002547,0.1372858275416904,Lung,1,0.084,0.508771466314399,0.2934772534321512
934,DBN1--B4GALT7,No Change,IPR027995|IPR027791,0.1370368571926909,Lung,1,0.102,0.5354365079365079,0.2712920204206077
3089,RAI1--ERI3,No Annotation,,0.13689511913169938,Pleura,1,0.108,0.545352422907489,0.26332275302809555
4543,ZNF652--ABCC3,No Annotation,,0.13685604774872814,Breast,1,0.113,0.5525264270613108,0.2576469450592802
877,CTCF--PLEKHG4,No Change,IPR000219|IPR001849,0.1368491751300634,Lung,1,0.107,0.5420939226519337,0.2659254615139538
561,CCDC190--RGS4,No Change,IPR016137,0.13684215778551517,Head and Neck,1,0.087,0.5147032258064516,0.2884431098816519
3313,RTRAF--SLC25A21,No Annotation,,0.13675986359112835,Prostate,1,0.125,0.5646551724137931,0.24821668923513537
2784,PLEKHG1--MTHFD1L,No Annotation,,0.13666180759954616,Uterus,1,0.104,0.5357752808988764,0.27101732734009254
3050,RAB27A--ATP5F1B,No Change,IPR004100|IPR000194|IPR055190,0.13664049140395138,Lymphoid,1,0.122,0.55937,0.25230082931921183
1815,ITPR2--PTGR1,No Annotation,,0.13643813762770168,Uterus,1,0.121,0.55937,0.25230082931921183
3390,SESN3--MAML2,Reintroduction,IPR048452,0.13631302791365318,Soft Tissue,1,0.102,0.5354365079365079,0.2712920204206077
716,CLIC4--SRRM1,No Change,IPR002483,0.13625419286261908,Ovary/Fallopian Tube,1,0.109,0.5455949781659389,0.2631296357211868
136,AMBRA1--DLG2,No Annotation,,0.13614676873435155,Lung,1,0.089,0.5178489847715736,0.28579687083860267
1981,LDLRAD3--EPHX2,No Annotation,,0.13607384453449167,Head and Neck,1,0.079,0.49618493150684934,0.30435642882397457
718,CLIP1--KNTC1,Reintroduction,IPR055403|IPR055404|IPR055405|IPR019527,0.13602261899082882,Uterus,1,0.103,0.5354365079365079,0.2712920204206077
2955,PTEN--PAPSS2,Reintroduction,IPR024951,0.13598895986633996,Uterus,1,0.111,0.5502,0.2594794139463353
2435,NELL2--ZNF622,No Change,IPR013087,0.13587670989701894,Lung,1,0.112,0.5521720430107526,0.25792558587771364
4225,USP16--BACH1,No Annotation,,0.13584814204173984,Soft Tissue,1,0.094,0.5230461165048543,0.2814600180913773
1352,FGFR3--TACC3,No Change,IPR003598|IPR003598|IPR003598,0.13579309114672494,Bladder/Urinary Tract,2,0.056,0.4337162162162162,0.3627943397106795
1288,FANCM--TC2N,No Change,IPR011545,0.1354814596314051,Skin,1,0.121,0.55937,0.25230082931921183
1297,FAT2--USP10,Reinforcement,IPR002126|IPR002126|IPR002126|IPR002126|IPR002126|IPR002126|IPR002126|IPR002126|IPR002126|IPR002126|IPR002126|IPR002126|IPR002126|IPR002126|IPR002126|IPR002126|IPR002126|IPR002126|IPR002126|IPR002126|IPR002126|IPR002126|IPR002126|IPR002126|IPR002126|IPR002126|IPR002126|IPR002126|IPR002126|IPR002126|IPR002126|IPR002126|IPR001394,0.13516067873915277,Esophagus/Stomach,1,0.089,0.5178489847715736,0.28579687083860267
1391,FMN1--TFDP2,No Change,IPR003316|IPR014889,0.13499682117772616,Lymphoid,1,0.133,0.5774668560606061,0.23847293722466772
1152,ELP2--GALNT1,No Change,IPR000772,0.1348596077105258,CNS/Brain,1,0.097,0.5263254437869823,0.27874563467740754
2995,PTPRM--TTC39C,No Change,IPR000998|IPR003599|IPR003961|IPR003961|IPR003961,0.13458811603516713,Uterus,1,0.117,0.5541787190082645,0.25635015555619206
2102,MAP7D1--LRMDA,No Annotation,,0.13457891810701988,Biliary Tract,1,0.096,0.5263254437869823,0.27874563467740754
2925,PRR11--TRIM37,Reintroduction,IPR000315|IPR003649|IPR002083,0.13448245741308892,Soft Tissue,1,0.092,0.5201233045622689,0.28389368685956085
1552,GOPC--ROS1,Reintroduction,IPR001478|IPR000719,0.13438886470384814,CNS/Brain,1,0.112,0.5521720430107526,0.25792558587771364
1349,FGFR2--PHGDH,Bridges,IPR003598|IPR003598|IPR003598|IPR045626,0.13431559615307959,Biliary Tract,2,0.052,0.42049382716049377,0.3762403752520676
2224,MKLN1--CLSTN2,Reinforcement,IPR010565|IPR006595|IPR002126|IPR002126|IPR045588,0.1342828094015286,Breast,1,0.087,0.5147032258064516,0.2884431098816519
208,AP1B1--TNRC6B,Reintroduction,IPR032226|IPR034925,0.13407968717401125,Ovary/Fallopian Tube,1,0.101,0.5354365079365079,0.2712920204206077
2907,PRKD2--ZNF28,Reinforcement,IPR057764|IPR002219|IPR002219|IPR001849|IPR001909|IPR013087|IPR013087|IPR013087|IPR013087|IPR013087|IPR013087|IPR013087|IPR013087|IPR013087|IPR013087|IPR013087|IPR013087|IPR013087|IPR013087|IPR013087|IPR013087|IPR013087|IPR013087,0.13397007749662676,Lung,1,0.095,0.5241576413959085,0.2805380784892234
1649,HEG1--CLSTN2,Reinforcement,IPR000742|IPR000742|IPR002126|IPR045588,0.13387033906028914,Skin,1,0.118,0.5560431654676259,0.2548914929561866
3943,TMEM104--RAB37,Bridges,IPR013057|IPR005225,0.13379411366886831,Breast,1,0.109,0.5455949781659389,0.2631296357211868
2258,MRPL33--CLIP4,No Change,IPR000938|IPR000938|IPR000938,0.13343159974305607,Peripheral Nervous System,1,0.115,0.5541787190082645,0.25635015555619206
4512,ZNF546--PSMC4,Reintroduction,IPR041569,0.13307234886231312,Lung,1,0.128,0.5686821705426356,0.24513038763728434
1134,EIF5A--NLRP1,Reintroduction,IPR007111|IPR041267|IPR025307|IPR001315,0.13303993675469955,Ovary/Fallopian Tube,1,0.103,0.5354365079365079,0.2712920204206077
3772,TAF1C--KCNG4,No Annotation,,0.13299674792638214,Breast,1,0.114,0.5525264270613108,0.2576469450592802
3709,STX5--WDR74,No Annotation,,0.13286932735609902,Lung,1,0.099,0.5333901292596945,0.27295502548099804
3554,SNED1--DNAH7,No Annotation,,0.13283324457519236,Breast,1,0.096,0.5263254437869823,0.27874563467740754
591,CCSER1--MMRN1,No Change,IPR011489|IPR000742|IPR001073,0.13260958791918992,Lung,1,0.11,0.5488030467899891,0.2605834862218463
6,ABCA5--ITGB4,Reintroduction,IPR003644|IPR003961|IPR003961|IPR003961|IPR003961,0.13257208123571254,Breast,1,0.111,0.5502,0.2594794139463353
1314,FBXO28--IFI16,Reintroduction,IPR004021,0.13244439313000267,Breast,1,0.121,0.55937,0.25230082931921183
3702,STS--LRP4,No Annotation,,0.13188887750562123,Bowel,1,0.137,0.5848649906890131,0.2329443742010901
526,CAPZA2--MET,No Change,IPR002909|IPR002909|IPR002909|IPR000719,0.13140960432564747,Uterus,1,0.116,0.5541787190082645,0.25635015555619206
76,ADGRL3--SPTBN2,Reinforcement,IPR000922|IPR003112|IPR001879|IPR001715|IPR001605|IPR001605|IPR001605|IPR001605,0.13117500088401923,CNS/Brain,1,0.097,0.5263254437869823,0.27874563467740754
2824,PON2--PON2,No Annotation,,0.13113015890699797,Lymphoid,1,0.117,0.5541787190082645,0.25635015555619206
3315,RUBCN--RNF13,No Change,IPR001841,0.1310512011199304,Lung,1,0.116,0.5541787190082645,0.25635015555619206
180,ANKS1A--SLC7A8,No Annotation,,0.13096221358236146,Lymphoid,1,0.124,0.561798418972332,0.2504194873355054
383,BASP1--ZNF304,No Change,IPR013087|IPR013087|IPR013087|IPR013087|IPR013087|IPR013087|IPR013087|IPR013087|IPR013087|IPR013087|IPR013087|IPR013087|IPR013087|IPR013087,0.13065175758052075,CNS/Brain,1,0.101,0.5354365079365079,0.2712920204206077
541,CASZ1--KAZN,No Change,IPR059089|IPR001660|IPR001660|IPR001660,0.1300269565006519,Prostate,1,0.14,0.586745886654479,0.23154994631313403
921,CYRIB--ATP6V0D2,No Annotation,,0.12996852142634358,Peripheral Nervous System,1,0.139,0.5857674632352942,0.23227475510202608
3527,SMARCA4--GMEB2,Reintroduction,IPR059099,0.12995138000171225,Esophagus/Stomach,1,0.097,0.5263254437869823,0.27874563467740754
3359,SCMH1--MYH11,No Change,IPR004009|IPR001609|IPR002928,0.12982429987536073,Lung,1,0.103,0.5354365079365079,0.2712920204206077
4305,VRK2--PUS10,No Change,IPR048742|IPR048741,0.12966963780075125,Skin,1,0.122,0.55937,0.25230082931921183
2990,PTPRF--FOXJ3,Reintroduction,IPR003598|IPR003598|IPR003598|IPR003961|IPR003961|IPR003961|IPR003961|IPR003961|IPR003961|IPR003961,0.12943183172353281,CNS/Brain,1,0.127,0.5664348249027238,0.24685005369726012
1529,GNA11--YJU2,No Annotation,,0.12930044616401212,CNS/Brain,1,0.1,0.5354365079365079,0.2712920204206077
4227,USP18--TUBA8,No Change,IPR003008|IPR018316,0.12920239867012304,Breast,1,0.094,0.5230461165048543,0.2814600180913773
2543,NSRP1--EFCAB5,No Change,IPR002048,0.12915282037448023,Ovary/Fallopian Tube,1,0.109,0.5455949781659389,0.2631296357211868
3176,RERE--SLC2A7,No Annotation,,0.12906459895285216,Biliary Tract,1,0.093,0.5212775061124695,0.28293101511134794
1218,EVC--CRMP1,No Annotation,,0.12906451564854646,CNS/Brain,1,0.091,0.5201233045622689,0.28389368685956085
707,CKAP5--MTCH2,No Change,IPR034085|IPR034085,0.1290116315036883,Bladder/Urinary Tract,1,0.095,0.5241576413959085,0.2805380784892234
141,AMOTL1--MACROD1,No Change,IPR002589,0.1289810961455709,Head and Neck,1,0.109,0.5455949781659389,0.2631296357211868
4320,WDFY2--SERPINE3,No Annotation,,0.12887823782923807,Esophagus/Stomach,1,0.103,0.5354365079365079,0.2712920204206077
1556,GPALPP1--NUFIP1,No Change,IPR022226,0.1288007980679805,CNS/Brain,1,0.106,0.5406117908787541,0.2671144864624187
1242,EZH2--SLC4A2,No Annotation,,0.12877815831944014,Skin,1,0.113,0.5525264270613108,0.2576469450592802
2214,MIDEAS--NVL,Reinforcement,IPR000949|IPR041569,0.12845465386170313,Lung,1,0.114,0.5525264270613108,0.2576469450592802
3365,SCUBE3--ANKS1A,Reinforcement,IPR000742|IPR000742|IPR001660|IPR001660|IPR006020,0.12840485281570752,Bone,1,0.149,0.5976946631671041,0.22352062197696784
3259,RO60--CDC73,Bridges,IPR008858|IPR031336,0.1283946427066203,Lung,1,0.124,0.561798418972332,0.2504194873355054
830,CPSF6--NTS,No Change,IPR000504|IPR057951,0.12812909372526635,Lung,1,0.084,0.508771466314399,0.2934772534321512
3252,RNF41--APOF,No Annotation,,0.12805709661408837,Breast,1,0.11,0.5488030467899891,0.2605834862218463
182,ANKS1B--IPO5,No Change,IPR001494|IPR057672|IPR034085,0.12799583241202517,Bone,1,0.126,0.5664348249027238,0.24685005369726012
902,CTSC--CTSC,No Change,IPR014882|IPR000668,0.12778772856015436,Head and Neck,1,0.116,0.5541787190082645,0.25635015555619206
3353,SCARA5--NUGGC,No Annotation,,0.12764673948265162,CNS/Brain,1,0.112,0.5521720430107526,0.25792558587771364
2353,NAA16--EDAR,No Change,IPR034052|IPR056762,0.1273416542220623,Breast,1,0.096,0.5263254437869823,0.27874563467740754
1646,HDAC9--NUP42,No Annotation,,0.1272531600491946,Biliary Tract,1,0.098,0.530495867768595,0.27531799463217216
1195,ERC1--KLRG1,No Annotation,,0.12716804689126604,Cervix,1,0.089,0.5178489847715736,0.28579687083860267
292,ASAP1--TAFA5,No Annotation,,0.12682853542919803,Lung,1,0.114,0.5525264270613108,0.2576469450592802
4228,USP32--APPBP2,Reintroduction,IPR057368|IPR002048,0.12652416146325948,CNS/Brain,2,0.069,0.4750225225225226,0.3232857984270058
1545,GNS--TMTC3,No Annotation,,0.1264440333327663,Soft Tissue,1,0.11,0.5488030467899891,0.2605834862218463
82,ADNP2--NSF,Reintroduction,IPR003593|IPR054419,0.12629218910447682,Myeloid,1,0.145,0.594124218051832,0.22612274428733523
2537,NSF--ADNP2,Reinforcement,IPR003338|IPR004201|IPR003593|IPR013087|IPR013087|IPR013087|IPR013087|IPR013087|IPR013087|IPR013087|IPR013087|IPR001356,0.12629218910447682,Myeloid,1,0.137,0.5848649906890131,0.2329443742010901
2760,PITPNM2--RILPL2,No Annotation,,0.1261481559360888,Ovary/Fallopian Tube,1,0.114,0.5525264270613108,0.2576469450592802
2761,PITPNM2--RILPL2,Reintroduction,IPR021563,0.1261481559360888,Ovary/Fallopian Tube,1,0.115,0.5541787190082645,0.25635015555619206
3685,STK17A--SEMA3D,Reinforcement,IPR000719|IPR016201|IPR003599,0.12610788305934753,Esophagus/Stomach,1,0.103,0.5354365079365079,0.2712920204206077
3773,TAF1D--PTHLH,No Annotation,,0.12605773446954677,Bladder/Urinary Tract,1,0.103,0.5354365079365079,0.2712920204206077
1976,LCOR--RTEL1,Reintroduction,IPR049909|IPR049909,0.12605345624948897,Kidney,1,0.145,0.594124218051832,0.22612274428733523
1020,DLG1--SH3D19,Reintroduction,IPR004172|IPR019590|IPR001478|IPR001478|IPR019583|IPR001478|IPR001452,0.12599503333495174,Ovary/Fallopian Tube,1,0.119,0.5573186925434116,0.2538963904045672
2898,PRKCE--MBOAT2,Reintroduction,IPR000008|IPR002219|IPR002219,0.12594360100255275,Breast,1,0.108,0.545352422907489,0.26332275302809555
2130,MBOAT2--PRKCE,Reintroduction,IPR000961,0.12594360100255275,Breast,1,0.118,0.5560431654676259,0.2548914929561866
3143,RBM47--MGAT4C,No Change,IPR057279|IPR056576,0.12572000500681482,Lung,1,0.105,0.5373046874999999,0.26977937058614726
914,CYFIP1--USP3,No Annotation,,0.12571928881468475,Bowel,1,0.129,0.5692637151106833,0.2446864972518886
3745,SYMPK--FHOD1,No Change,IPR015425,0.1257140422942678,Bladder/Urinary Tract,1,0.116,0.5541787190082645,0.25635015555619206
447,BRD3--VAV2,Reintroduction,IPR000219|IPR001849|IPR002219|IPR001452|IPR000980|IPR001452,0.12565805697170968,Peripheral Nervous System,1,0.122,0.55937,0.25230082931921183
3591,SPAG9--MBTD1,No Change,IPR034743,0.12562122690352726,Bowel,1,0.125,0.5646551724137931,0.24821668923513537
3079,RAD51B--GPHN,Bridges,IPR058766|IPR003593|IPR005111,0.12551443113822347,Ovary/Fallopian Tube,1,0.115,0.5541787190082645,0.25635015555619206
2772,PLAA--NBEA,Bridges,IPR015155|IPR010508|IPR023362|IPR000409|IPR046851,0.12536797408089723,CNS/Brain,1,0.104,0.5357752808988764,0.27101732734009254
421,BEND5--ZFP69B,No Change,IPR001909|IPR013087|IPR013087|IPR013087|IPR013087|IPR013087|IPR013087|IPR013087|IPR013087|IPR013087,0.12492281652228085,Lung,1,0.114,0.5525264270613108,0.2576469450592802
4435,ZFP69B--BEND5,No Change,IPR018379,0.12492281652228085,Lung,1,0.118,0.5560431654676259,0.2548914929561866
4391,ZBTB17--FAM131C,No Annotation,,0.12491123151839187,Biliary Tract,1,0.113,0.5525264270613108,0.2576469450592802
3300,RRS1--SDC2,No Change,IPR003585,0.12487857682405838,Lung,1,0.122,0.55937,0.25230082931921183
3311,RTP3--LTF,Bridges,IPR027377|IPR001156|IPR001156,0.12451095168154772,Breast,1,0.139,0.5857674632352942,0.23227475510202608
3962,TMEM184A--TPCN2,No Annotation,,0.12436382495874423,Skin,1,0.127,0.5664348249027238,0.24685005369726012
2107,MAPKAP1--PBX3,Reintroduction,IPR032679,0.12434141212642759,Breast,1,0.118,0.5560431654676259,0.2548914929561866
3323,RWDD1--TRAPPC3L,No Annotation,,0.12424593301280795,Ovary/Fallopian Tube,1,0.124,0.561798418972332,0.2504194873355054
4528,ZNF587B--ROBO1,No Change,IPR003598|IPR003598|IPR003598|IPR003598|IPR003598|IPR003961|IPR003961|IPR003961,0.1242122882053737,Uterus,1,0.114,0.5525264270613108,0.2576469450592802
120,AKAP13--PDE8A,Reintroduction,IPR000014|IPR002073,0.12415112870304593,Bowel,1,0.124,0.561798418972332,0.2504194873355054
621,CDH13--DDX19B,No Change,IPR014014|IPR011545|IPR001650,0.12381898849651601,Lung,1,0.103,0.5354365079365079,0.2712920204206077
604,CD82--GLYAT,No Change,IPR015938|IPR013652,0.12378342665208852,Skin,1,0.101,0.5354365079365079,0.2712920204206077
4576,ZNRF3--TTC28,No Change,IPR024983|IPR058900,0.12353237848002824,CNS/Brain,1,0.106,0.5406117908787541,0.2671144864624187
3859,TEAD1--APIP,No Annotation,,0.12351159281352239,CNS/Brain,1,0.111,0.5502,0.2594794139463353
733,CLTC--VMP1,No Annotation,,0.12306670985574775,CNS/Brain,1,0.109,0.5455949781659389,0.2631296357211868
2814,POLR3D--XPO7,No Change,IPR001494|IPR057947,0.12299243009810737,Biliary Tract,1,0.112,0.5521720430107526,0.25792558587771364
614,CDC6--KRT40,No Annotation,,0.12277036453710419,Pancreas,1,0.12,0.5591463414634146,0.2524745123776768
3171,RELB--NECTIN2,No Change,IPR003599|IPR007110|IPR003599,0.1227393701710082,Ovary/Fallopian Tube,1,0.092,0.5201233045622689,0.28389368685956085
285,ARPP21--FHIT,No Change,IPR011146,0.12270290644787601,Lymphoid,1,0.143,0.5901485148514851,0.22903868146976594
1726,IAH1--TBC1D16,No Change,IPR000195,0.12262442558309374,CNS/Brain,1,0.117,0.5541787190082645,0.25635015555619206
433,BMI1--STAM,Reintroduction,IPR047492,0.12234327879243057,Soft Tissue,1,0.139,0.5857674632352942,0.23227475510202608
432,BMI1--STAM,Reintroduction,IPR001452|IPR047492,0.12234327879243057,Soft Tissue,1,0.135,0.5806519699812384,0.23608409618950738
3337,SAV1--NIN,No Annotation,,0.12233906116527798,Bowel,1,0.116,0.5541787190082645,0.25635015555619206
4318,WBP2--TAF12,No Change,IPR003228,0.12227688620988034,Myeloid,1,0.14,0.586745886654479,0.23154994631313403
4052,TPD52--ZNF704,No Annotation,,0.12203999513998755,Uterus,1,0.127,0.5664348249027238,0.24685005369726012
4057,TPM4--ADAMTS15,No Annotation,,0.12198011049564446,Biliary Tract,1,0.104,0.5357752808988764,0.27101732734009254
4440,ZFPM2--ESRP1,No Change,IPR000504|IPR000504,0.1219202938057725,Lung,1,0.119,0.5573186925434116,0.2538963904045672
1692,HNRNPC--RAD51B,No Annotation,,0.1218881602030451,Esophagus/Stomach,1,0.127,0.5664348249027238,0.24685005369726012
4371,XYLB--OXSR1,Bridges,IPR018484|IPR024678,0.1218191277876936,Skin,1,0.128,0.5686821705426356,0.24513038763728434
1615,GTF3C2--GPN1,No Annotation,,0.12173303673916408,Bladder/Urinary Tract,1,0.103,0.5354365079365079,0.2712920204206077
1567,GPN1--GTF3C2,No Annotation,,0.12173303673916408,Bladder/Urinary Tract,1,0.12,0.5591463414634146,0.2524745123776768
1698,HNRNPR--TCEA3,Reinforcement,IPR041337|IPR000504|IPR000504|IPR001222,0.12170601988709395,Ovary/Fallopian Tube,1,0.107,0.5420939226519337,0.2659254615139538
3843,TCF12--ADAMTS20,No Annotation,,0.12156286496634605,Soft Tissue,1,0.12,0.5591463414634146,0.2524745123776768
3844,TCF12--ADAMTS20,Reintroduction,IPR012314,0.12156286496634605,Soft Tissue,1,0.133,0.5774668560606061,0.23847293722466772
4516,ZNF565--LSR,No Change,IPR003599|IPR008664,0.12139723634763783,Ovary/Fallopian Tube,1,0.121,0.55937,0.25230082931921183
2653,PARPBP--C12orf42,No Annotation,,0.12137746913553611,Soft Tissue,1,0.123,0.561798418972332,0.2504194873355054
3067,RABGAP1L--KLHL20,Reintroduction,IPR006020|IPR022164,0.12137131341348935,Lymphoid,1,0.143,0.5901485148514851,0.22903868146976594
3066,RABGAP1L--KLHL20,Reinforcement,IPR006020|IPR022164|IPR000210|IPR011705,0.12137131341348935,Lymphoid,1,0.162,0.6215648535564854,0.20651355073548563
2251,MROH1--PARP10,Reintroduction,IPR056282,0.12132958099361185,Bone,1,0.133,0.5774668560606061,0.23847293722466772
54,ADAMTS12--ADAMTS12,No Change,IPR002870|IPR001590|IPR041645|IPR045371|IPR010294|IPR010909,0.12121163460603757,Esophagus/Stomach,1,0.098,0.530495867768595,0.27531799463217216
2414,NDST4--NAALADL2,No Change,IPR007484,0.12119372369279503,Bone,1,0.143,0.5901485148514851,0.22903868146976594
4438,ZFP90--NFATC3,No Annotation,,0.12116108537686489,Breast,1,0.109,0.5455949781659389,0.2631296357211868
2228,MLLT10--PICALM,No Change,IPR001965,0.12110808942833615,Myeloid,2,0.092,0.5201233045622689,0.28389368685956085
2736,PICALM--MLLT10,Reinforcement,IPR011417|IPR001965|IPR049773,0.12110808942833615,Myeloid,2,0.084,0.508771466314399,0.2934772534321512
2232,MLLT3--FOCAD,No Change,IPR022542|IPR021392,0.12105839661231278,Lung,1,0.111,0.5502,0.2594794139463353
1422,FRS2--CPM,No Change,IPR000834,0.12099173875141848,Soft Tissue,1,0.126,0.5664348249027238,0.24685005369726012
2387,NCAPG2--ESYT2,No Change,IPR031468|IPR000008|IPR000008|IPR000008,0.1209816460821504,Myeloid,1,0.153,0.6063137424373379,0.21730258812811087
166,ANKRD12--MTCL1,No Annotation,,0.12097256100949494,Lung,1,0.104,0.5357752808988764,0.27101732734009254
1144,ELOA--ELOA,Reinforcement,IPR003617|IPR001810|IPR001810,0.12053000246086576,Bone,1,0.124,0.561798418972332,0.2504194873355054
1168,EP300--L3MBTL2,Reintroduction,IPR000197|IPR003101,0.12048945006793095,Myeloid,1,0.124,0.561798418972332,0.2504194873355054
3693,STMN1--STMN1,No Annotation,,0.12048136009316221,Breast,1,0.129,0.5692637151106833,0.2446864972518886
3449,SLC20A1--POLR1B,Reintroduction,IPR007641,0.12018900836870089,Breast,1,0.127,0.5664348249027238,0.24685005369726012
1376,FKTN--TMEM38B,No Annotation,,0.12006966049896564,Esophagus/Stomach,1,0.097,0.5263254437869823,0.27874563467740754
3960,TMEM179B--TAF6L,No Annotation,,0.11961695495487898,Lymphoid,1,0.131,0.5742208413001912,0.24092104886945126
2190,MFSD14B--ZNF367,No Change,IPR013087|IPR013087,0.11929729523537612,Breast,1,0.145,0.594124218051832,0.22612274428733523
3875,TENM1--TENM1,No Change,IPR009471|IPR057629|IPR000742|IPR000742|IPR000742|IPR000742|IPR000742|IPR000742|IPR000742|IPR000742|IPR056820|IPR057627|IPR056822|IPR056823|IPR028916,0.11913082554864397,Lymphoid,1,0.138,0.5857674632352942,0.23227475510202608
2810,POLA2--CAPN1,Bridges,IPR013627|IPR002048|IPR002048,0.11910930250854301,Breast,1,0.133,0.5774668560606061,0.23847293722466772
1684,HMGA2--MSRB3,No Annotation,,0.11892507074194125,Head and Neck,1,0.113,0.5525264270613108,0.2576469450592802
1403,FOXK2--NARF,Bridges,IPR000253|IPR001766|IPR004108|IPR003149,0.11887510040108742,Breast,1,0.122,0.55937,0.25230082931921183
3541,SMG5--SMG5,Reinforcement,IPR019458|IPR002716,0.11854806123857453,Breast,2,0.093,0.5212775061124695,0.28293101511134794
114,AKAP1--SLC13A2,No Annotation,,0.11829974173414103,Head and Neck,1,0.102,0.5354365079365079,0.2712920204206077
355,AXIN2--RGS9,Reinforcement,IPR032101|IPR016137|IPR014936|IPR015898|IPR016137,0.11808127841084082,Bowel,1,0.141,0.589320875113947,0.2296481749132914
3700,STRN3--HECTD1,No Change,IPR012919|IPR010606|IPR041200|IPR000569,0.11752725776737537,Esophagus/Stomach,1,0.114,0.5525264270613108,0.2576469450592802
701,CHSY1--CHSY1,No Annotation,,0.117473548289551,Ovary/Fallopian Tube,1,0.117,0.5541787190082645,0.25635015555619206
3230,RNF10--RAB35,No Annotation,,0.11746361540932204,Ovary/Fallopian Tube,1,0.113,0.5525264270613108,0.2576469450592802
3817,TBC1D30--COX10,No Annotation,,0.11707364337453958,Bone,1,0.144,0.5926750448833034,0.2271833587364206
1708,HPN--ASIC2,No Annotation,,0.11683402326663946,Lung,1,0.124,0.561798418972332,0.2504194873355054
1033,DNAH6--MCEE,No Annotation,,0.1167873439314544,Esophagus/Stomach,1,0.107,0.5420939226519337,0.2659254615139538
3489,SLC5A12--MUC15,No Annotation,,0.1163956508568634,Liver,1,0.115,0.5541787190082645,0.25635015555619206
1855,KCNMB4--NUP107,No Annotation,,0.11637027317846194,Peripheral Nervous System,1,0.13,0.5714765100671141,0.2430016161136542
1969,LARS2--KIF15,No Change,IPR031794,0.1163372377986137,Lung,1,0.123,0.561798418972332,0.2504194873355054
636,CDKAL1--MOB3B,No Annotation,,0.11633701477217248,Lung,1,0.116,0.5541787190082645,0.25635015555619206
2822,POMK--HOOK3,No Annotation,,0.11628349732328469,Breast,1,0.133,0.5774668560606061,0.23847293722466772
3399,SF1--MACROD1,No Change,IPR002589,0.11618659322630331,Bowel,1,0.148,0.5973415492957747,0.22377727597400277
1065,DSE--CWC27,No Annotation,,0.1161733531364092,Soft Tissue,1,0.114,0.5525264270613108,0.2576469450592802
3493,SLC7A1--MTUS2,No Annotation,,0.1161180437096267,Lymphoid,1,0.159,0.6157221283783784,0.2106152380604096
3428,SIPA1L3--ZNF569,No Change,IPR001909|IPR013087|IPR013087|IPR013087|IPR013087|IPR013087|IPR013087|IPR013087|IPR013087|IPR013087|IPR013087|IPR013087|IPR013087|IPR013087|IPR013087|IPR013087|IPR013087|IPR013087|IPR013087,0.11603141275865578,Esophagus/Stomach,1,0.104,0.5357752808988764,0.27101732734009254
3692,STK3--PTPRM,No Change,IPR000719,0.1160113335933238,Peripheral Nervous System,1,0.139,0.5857674632352942,0.23227475510202608
1434,FRS2--RAP1B,No Change,IPR005225,0.11579326651155541,Soft Tissue,1,0.137,0.5848649906890131,0.2329443742010901
4509,ZNF529--DNMT3L,No Change,IPR025766,0.1155251160365913,Myeloid,1,0.16,0.6180286436394271,0.20899139629262656
2417,NDUFAF6--CDH17,No Change,IPR002126|IPR002126|IPR002126|IPR002126|IPR002126,0.11539401750000584,Breast,1,0.134,0.5801605288007554,0.23645182173663748
3069,RABGAP1L--PLXNA2,No Annotation,,0.11530230067417144,Bladder/Urinary Tract,1,0.139,0.5857674632352942,0.23227475510202608
845,CREBRF--EIF4EBP3,No Annotation,,0.11522891487976203,Bowel,1,0.168,0.6298282910874898,0.20077783530438267
30,ACBD6--RABGAP1L,No Change,IPR000582,0.11510555337390047,Lung,1,0.117,0.5541787190082645,0.25635015555619206
3502,SLC7A1--SLC7A1,No Change,IPR029485,0.11508129916156823,Skin,3,0.052,0.42049382716049377,0.3762403752520676
1668,HIRA--MTMR3,Reintroduction,IPR055410,0.1150712531063444,Lymphoid,1,0.159,0.6157221283783784,0.2106152380604096
2307,MTMR3--HIRA,Bridges,IPR035888|IPR046352|IPR003595|IPR011494,0.1150712531063444,Lymphoid,1,0.165,0.6241955445544555,0.2046793356103212
553,CCDC12--IQSEC1,No Change,IPR000904|IPR001849,0.1149030573534193,Ovary/Fallopian Tube,1,0.133,0.5774668560606061,0.23847293722466772
3,AARS1--MTSS2,No Change,IPR003124,0.11489395831049187,Cervix,1,0.103,0.5354365079365079,0.2712920204206077
2043,LRPPRC--B4GALT6,Bridges,IPR033443|IPR027995|IPR027791,0.11464126676027979,Bowel,1,0.148,0.5973415492957747,0.22377727597400277
823,CPSF3--ASAP2,Bridges,IPR001279|IPR001452,0.1145543276973248,Lung,1,0.138,0.5857674632352942,0.23227475510202608
741,CLTC--YPEL2,No Annotation,,0.11450518178933235,Lung,1,0.127,0.5664348249027238,0.24685005369726012
2680,PDE3A--CMAS,No Annotation,,0.11445638732657763,Cervix,1,0.102,0.5354365079365079,0.2712920204206077
1818,ITSN2--OTOF,No Change,IPR000008|IPR012968|IPR000008|IPR012561|IPR000008|IPR000008|IPR000008|IPR055072|IPR000008|IPR032362,0.1143997924516531,Ovary/Fallopian Tube,1,0.122,0.55937,0.25230082931921183
3852,TCHP--TCHP,No Annotation,,0.11434129869143024,Ovary/Fallopian Tube,1,0.135,0.5806519699812384,0.23608409618950738
4046,TP53I13--DHX8,No Change,IPR007502|IPR011709,0.11400212542698344,Lymphoid,1,0.137,0.5848649906890131,0.2329443742010901
90,AFAP1--NAA15,No Annotation,,0.11375154780058022,Kidney,1,0.135,0.5806519699812384,0.23608409618950738
2895,PRG4--HMCN1,Reintroduction,IPR003598|IPR006605|IPR000742|IPR000742|IPR000742|IPR000742|IPR000742|IPR000742|IPR000742|IPR000742,0.11367563359532408,Breast,1,0.152,0.6049652777777778,0.2182695511363808
2896,PRG4--HMCN1,Reintroduction,IPR006605|IPR000742|IPR000742|IPR000742|IPR000742|IPR000742|IPR000742|IPR000742|IPR000742,0.11367563359532408,Breast,1,0.129,0.5692637151106833,0.2446864972518886
3982,TMEM38B--GDAP1,No Change,IPR010987,0.11354598282614035,Esophagus/Stomach,1,0.113,0.5525264270613108,0.2576469450592802
2983,PTPN14--SMYD2,No Annotation,,0.11333274207704105,Kidney,1,0.138,0.5857674632352942,0.23227475510202608
4105,TRMT10C--SUCLG2,No Annotation,,0.1130682648029361,Esophagus/Stomach,1,0.13,0.5714765100671141,0.2430016161136542
2354,NAA25--NECTIN1,No Annotation,,0.1130323976681532,Skin,1,0.119,0.5573186925434116,0.2538963904045672
2825,POP1--MATN2,No Change,IPR019466,0.1129806336074807,Breast,2,0.09,0.5197103274559194,0.2842386529817315
2280,MRTFB--NOMO2,Reintroduction,IPR055074|IPR056189|IPR056190|IPR055074|IPR056319|IPR056187|IPR055073|IPR041033|IPR056191,0.11290860167413978,CNS/Brain,1,0.128,0.5686821705426356,0.24513038763728434
3339,SBF2--SWAP70,Reintroduction,IPR005113|IPR001194|IPR005112|IPR022096|IPR004182,0.11269474836256768,Esophagus/Stomach,1,0.134,0.5801605288007554,0.23645182173663748
3659,ST3GAL4--STT3A,No Annotation,,0.11259234192575301,CNS/Brain,1,0.122,0.55937,0.25230082931921183
943,DCT--DCT,No Change,IPR002227,0.11256125795712654,CNS/Brain,1,0.121,0.55937,0.25230082931921183
2014,LNPK--HOXD13,No Change,IPR001356,0.112129653239175,Eye,1,0.146,0.5950311111111111,0.22546032665690433
1130,EIF3L--GCAT,No Annotation,,0.11207855672074966,Skin,1,0.122,0.55937,0.25230082931921183
549,CBL--FOXR1,No Change,IPR001766,0.11202635585540088,Esophagus/Stomach,1,0.134,0.5801605288007554,0.23645182173663748
4500,ZNF454--KCNIP1,No Annotation,,0.11193933020083759,Soft Tissue,1,0.138,0.5857674632352942,0.23227475510202608
2679,PDCD6--TERT,Reintroduction,IPR000477|IPR049139,0.11180593109268314,Soft Tissue,1,0.146,0.5950311111111111,0.22546032665690433
711,CLEC16A--RBFOX1,Bridges,IPR019155|IPR000504|IPR025670,0.11177751122428334,Breast,1,0.124,0.561798418972332,0.2504194873355054
785,COL4A3--FBXO36,No Change,IPR001810,0.11175891823995479,Lymphoid,1,0.167,0.6281337161607876,0.2019478944647587
2391,NCKAP5--ZRANB3,Reintroduction,IPR001650|IPR001876|IPR002711,0.11170033387008721,Breast,1,0.126,0.5664348249027238,0.24685005369726012
3855,TCP11L1--QSER1,No Change,IPR025451,0.11158863926835214,Myeloid,1,0.153,0.6063137424373379,0.21730258812811087
815,CPNE4--ACP3,No Annotation,,0.11158018138892638,Esophagus/Stomach,1,0.127,0.5664348249027238,0.24685005369726012
4169,UBA2--GPI,Bridges,IPR000594|IPR035482,0.11148285655358176,Liver,1,0.128,0.5686821705426356,0.24513038763728434
4287,VMP1--JPT1,No Annotation,,0.1113698986583726,Skin,1,0.149,0.5976946631671041,0.22352062197696784
2575,NUP98--STIM1,Bridges,IPR007230|IPR001660|IPR032393,0.1113557466221911,Bladder/Urinary Tract,1,0.135,0.5806519699812384,0.23608409618950738
3903,THAP12--ARRB1,No Change,IPR011021|IPR011022,0.11118305710430612,Breast,1,0.149,0.5976946631671041,0.22352062197696784
4343,WNK1--ELOA,No Change,IPR001810,0.111085381748537,Ovary/Fallopian Tube,1,0.122,0.55937,0.25230082931921183
2445,NEXN--GIPC2,Reintroduction,IPR055349,0.11090963521180237,CNS/Brain,1,0.123,0.561798418972332,0.2504194873355054
3795,TAOK1--CCDC144A,No Change,IPR000719,0.1108796199358999,CNS/Brain,1,0.136,0.5844048734770385,0.23328617104821242
946,DCTN2--NDN,No Change,IPR002190,0.11084905635346815,Soft Tissue,1,0.118,0.5560431654676259,0.2548914929561866
607,CDC16--STAU1,Reintroduction,IPR014720|IPR032478,0.11077067913846013,Breast,1,0.127,0.5664348249027238,0.24685005369726012
900,CTSC--CTSC,No Change,IPR014882|IPR000668,0.11073659389032854,Lung,1,0.119,0.5573186925434116,0.2538963904045672
1548,GOLGB1--MOV10L1,No Change,IPR003106|IPR003106|IPR003106|IPR003106,0.11063029535170245,Lung,1,0.144,0.5926750448833034,0.2271833587364206
2376,NBAS--CYRIA,No Annotation,,0.11060797272023189,Peripheral Nervous System,1,0.158,0.6154885301614273,0.21078003588297217
109,AHR--BZW2,No Change,IPR003307,0.11051832243244793,Esophagus/Stomach,1,0.122,0.55937,0.25230082931921183
4511,ZNF532--WDR7,No Annotation,,0.10983785362169361,Biliary Tract,1,0.117,0.5541787190082645,0.25635015555619206
103,AGPAT3--PCBP3,No Annotation,,0.10977785363979453,Myeloid,1,0.166,0.6259128289473684,0.20348614689062114
3691,STK3--OSR2,No Change,IPR013087|IPR013087|IPR013087|IPR013087|IPR013087,0.10977358969482984,Head and Neck,1,0.132,0.5774668560606061,0.23847293722466772
1633,HAGH--RAB26,No Change,IPR005225,0.10969800653681397,Head and Neck,1,0.115,0.5541787190082645,0.25635015555619206
948,DCUN1D1--UTP6,No Annotation,,0.10950706768419245,Peripheral Nervous System,1,0.15,0.600130890052356,0.22175401856965007
7,ABCB10--PCNX2,No Change,IPR007735,0.1094286279970501,Soft Tissue,1,0.137,0.5848649906890131,0.2329443742010901
1025,DMTN--NPM2,No Annotation,,0.10942059108291173,Bowel,1,0.165,0.6241955445544555,0.2046793356103212
4187,UBE2R2--CEP290,No Annotation,,0.10928647140427931,Soft Tissue,1,0.129,0.5692637151106833,0.2446864972518886
411,BCL7C--GAS7,Reintroduction,IPR001202|IPR001060|IPR037957,0.10927708451407249,Bone,1,0.14,0.586745886654479,0.23154994631313403
1515,GLE1--CERCAM,No Change,IPR002654,0.10925819117060404,Uterus,1,0.143,0.5901485148514851,0.22903868146976594
1126,EIF2B1--AACS,No Annotation,,0.10911230913420716,Skin,1,0.142,0.5901485148514851,0.22903868146976594
1537,GNB1L--TXNRD2,Reintroduction,IPR004099,0.10910768141248964,Cervix,1,0.114,0.5525264270613108,0.2576469450592802
1895,KIF20B--GBE1,Bridges,IPR001752|IPR006047|IPR006048,0.10897896727512517,Lymphoid,1,0.164,0.6241955445544555,0.2046793356103212
1490,GBE1--KIF20B,No Annotation,,0.10897896727512517,Lymphoid,1,0.161,0.6198026868178002,0.2077465454448879
2816,POLR3H--C10orf105,No Change,IPR005576,0.10894976563978476,Ovary/Fallopian Tube,1,0.119,0.5573186925434116,0.2538963904045672
3229,RNASEH2A--RTBDN,No Change,IPR018143,0.10889100083040518,Bladder/Urinary Tract,1,0.148,0.5973415492957747,0.22377727597400277
499,CAB39--TP53,No Change,IPR013872|IPR040926|IPR011615|IPR010991,0.10863025544135263,Bone,1,0.149,0.5976946631671041,0.22352062197696784
833,CPSF6--TMTC3,No Change,IPR000504|IPR057951,0.10859260293431822,Soft Tissue,1,0.131,0.5742208413001912,0.24092104886945126
940,DCLK2--EDNRA,Reintroduction,IPR003533,0.10852753281156002,Bone,1,0.157,0.6136786018755328,0.21205901970025562
2314,MUC16--ZNF562,No Change,IPR001909|IPR013087|IPR013087|IPR013087|IPR013087|IPR013087|IPR013087|IPR013087|IPR013087|IPR013087,0.10845534223780594,Ovary/Fallopian Tube,2,0.086,0.5134244791666666,0.28952342878190446
3671,STAG1--ZFYVE1,Bridges,IPR013721|IPR000306|IPR000306,0.10835122402747745,Esophagus/Stomach,1,0.117,0.5541787190082645,0.25635015555619206
1826,JAKMIP2--DPYSL3,No Annotation,,0.1083152729261927,Lymphoid,1,0.14,0.586745886654479,0.23154994631313403
1125,EIF2AK3--PRKD3,Reintroduction,IPR002219|IPR002219|IPR001849|IPR000719,0.10806897423311558,Breast,1,0.145,0.594124218051832,0.22612274428733523
4449,ZHX1--MTSS1,No Change,IPR013606|IPR003124,0.10790957196337156,Lung,1,0.124,0.561798418972332,0.2504194873355054
254,ARHGEF3--RRP9,No Annotation,,0.10790042370280219,CNS/Brain,1,0.121,0.55937,0.25230082931921183
416,BCL9--TPH2,No Annotation,,0.10787895687940435,Soft Tissue,1,0.133,0.5774668560606061,0.23847293722466772
339,ATRNL1--GFRA1,No Change,IPR000742|IPR000859|IPR000742|IPR056737|IPR016201|IPR016201|IPR016201|IPR001304|IPR016201|IPR016201|IPR000742|IPR002049|IPR056732,0.10771425149603647,Lymphoid,1,0.169,0.6299715447154471,0.2006790668196845
1291,FARS2--CDYL,No Annotation,,0.1075673933582646,Lung,1,0.135,0.5806519699812384,0.23608409618950738
779,COA1--SEMA3D,Reintroduction,IPR016201|IPR003599,0.10747762854518596,Esophagus/Stomach,1,0.111,0.5502,0.2594794139463353
3857,TEAD1--ABCC8,Bridges,IPR000818|IPR003439|IPR011527|IPR003439,0.10746765175499493,CNS/Brain,1,0.141,0.589320875113947,0.2296481749132914
3858,TEAD1--ABCC8,Bridges,IPR000818|IPR011527|IPR003439|IPR011527|IPR003439,0.10746765175499493,CNS/Brain,1,0.139,0.5857674632352942,0.23227475510202608
3990,TMEM94--ARMC7,No Annotation,,0.10706716518631115,Esophagus/Stomach,1,0.13,0.5714765100671141,0.2430016161136542
392,BBX--TRAT1,No Change,IPR009071|IPR019102,0.1067519631433685,Bladder/Urinary Tract,1,0.109,0.5455949781659389,0.2631296357211868
2073,MAD1L1--CPNE2,No Annotation,,0.10673448447712275,CNS/Brain,1,0.165,0.6241955445544555,0.2046793356103212
1716,HSDL2--CFDP1,No Change,IPR011421,0.10667287565152499,Skin,1,0.148,0.5973415492957747,0.22377727597400277
2834,PPARG--PDE4B,No Change,IPR002073,0.10629663974329327,Eye,2,0.077,0.49170612813370473,0.3082943790637786
1148,ELOVL6--ELOVL6,No Annotation,,0.10618390523607932,Ovary/Fallopian Tube,1,0.129,0.5692637151106833,0.2446864972518886
3485,SLC4A4--RASGRF1,Bridges,IPR013769|IPR011531|IPR000651|IPR000651|IPR001895,0.1060746189629765,Pancreas,1,0.129,0.5692637151106833,0.2446864972518886
867,CSNK2A1--PRKAR2A,No Change,IPR000719,0.10602368810635646,Myeloid,1,0.157,0.6136786018755328,0.21205901970025562
2665,PC--ATP8A2,Reintroduction,IPR032630,0.10567973230180192,Soft Tissue,1,0.137,0.5848649906890131,0.2329443742010901
1098,EED--POLD3,No Annotation,,0.1056257083638282,Breast,1,0.171,0.6317767929089445,0.19943633110053602
3978,TMEM259--SBNO2,Reintroduction,IPR026937|IPR057332,0.10552430454728068,Bowel,1,0.175,0.6364037854889589,0.1962672457255242
4464,ZMYND8--SULF2,Bridges,IPR001965|IPR001487|IPR024609,0.10550216738374955,Esophagus/Stomach,1,0.129,0.5692637151106833,0.2446864972518886
4465,ZMYND8--SULF2,Bridges,IPR001965|IPR024609,0.10550216738374955,Esophagus/Stomach,1,0.113,0.5525264270613108,0.2576469450592802
986,DEPDC1B--PDE4D,No Change,IPR040844|IPR002073,0.10550053740268985,Ovary/Fallopian Tube,1,0.132,0.5774668560606061,0.23847293722466772
2985,PTPN21--CEP128,No Annotation,,0.10546697051023082,CNS/Brain,1,0.14,0.586745886654479,0.23154994631313403
4334,WFDC2--SCNN1G,No Change,IPR008197,0.1052171008663593,Lung,1,0.133,0.5774668560606061,0.23847293722466772
414,BCL9--MED13L,Reintroduction,IPR009401,0.10481856856773081,Soft Tissue,1,0.146,0.5950311111111111,0.22546032665690433
1755,ILDR2--SLC16A7,No Change,IPR003599|IPR008664,0.10465405377172539,Soft Tissue,1,0.165,0.6241955445544555,0.2046793356103212
341,ATRX--VSIG4,Reinforcement,IPR025766|IPR003599|IPR003598,0.10449855960578978,Cervix,1,0.127,0.5664348249027238,0.24685005369726012
626,CDK1--CNTLN,No Annotation,,0.10440947215232826,Esophagus/Stomach,1,0.14,0.586745886654479,0.23154994631313403
2118,MATN2--ERICH5,Reintroduction,IPR002035|IPR000742|IPR000742|IPR000742,0.10427973074085434,Lung,1,0.148,0.5973415492957747,0.22377727597400277
2613,P4HA1--SACM1L,No Annotation,,0.1042306627583963,Lung,1,0.135,0.5806519699812384,0.23608409618950738
945,DCTN2--CNTN1,No Change,IPR003961|IPR003961|IPR003961,0.10403139510068633,Soft Tissue,1,0.169,0.6299715447154471,0.2006790668196845
72,ADGRL3--MRPS10,Reintroduction,IPR000922|IPR003112,0.1035748203974661,Bone,1,0.165,0.6241955445544555,0.2046793356103212
1686,HMGCS2--MAMLD1,No Change,IPR013528|IPR013746,0.10344496779437881,Bowel,1,0.182,0.6458746130030959,0.18985178566795063
2684,PDE4D--ARL15,No Annotation,,0.10329630505339643,Peripheral Nervous System,1,0.154,0.6081739879414298,0.21597215889607085
2415,NDST4--NDST4,No Change,IPR056793|IPR021930|IPR000863,0.10324142608725487,Ovary/Fallopian Tube,1,0.137,0.5848649906890131,0.2329443742010901
1525,GM2A--GM2A,No Change,IPR003172,0.10295975874444813,Lung,1,0.147,0.5959283819628648,0.22480593017123923
2563,NUMB--PSEN1,No Annotation,,0.10293782719784966,Lung,1,0.139,0.5857674632352942,0.23227475510202608
4264,VASH2--PACC1,No Annotation,,0.10280822261832173,Eye,1,0.143,0.5901485148514851,0.22903868146976594
173,ANKRD22--ANKRD22,No Annotation,,0.10265592387233216,Peripheral Nervous System,1,0.179,0.6421870109546165,0.19233848283644836
1583,GREM2--FMN2,No Annotation,,0.10258572752893436,Skin,1,0.182,0.6458746130030959,0.18985178566795063
2351,NAA10--MECP2,Reinforcement,IPR000182|IPR001739,0.10257905008796386,Skin,1,0.159,0.6157221283783784,0.2106152380604096
2795,PLXNA1--CHCHD6,Reintroduction,IPR001627|IPR016201|IPR041019,0.10244342885160601,Bladder/Urinary Tract,1,0.135,0.5806519699812384,0.23608409618950738
2614,PABPN1--CHD8,No Change,IPR000953|IPR000953|IPR000330|IPR001650|IPR056342|IPR006576|IPR006576,0.10218355568480203,Lung,1,0.157,0.6136786018755328,0.21205901970025562
1474,GART--CRYZL1,Reintroduction,IPR020562|IPR011761|IPR020560|IPR016188,0.10207685926840684,Breast,1,0.146,0.5950311111111111,0.22546032665690433
817,CPNE8--DCTN2,No Annotation,,0.10196136015559479,Skin,1,0.169,0.6299715447154471,0.2006790668196845
2485,NIPA1--RAD51,No Change,IPR003593|IPR020587,0.10177997201844188,Skin,1,0.153,0.6063137424373379,0.21730258812811087
2666,PC--RHOD,No Annotation,,0.10177359221596735,Biliary Tract,1,0.143,0.5901485148514851,0.22903868146976594
3484,SLC49A3--ARL15,No Annotation,,0.10173879373894221,Breast,1,0.163,0.6227958333333333,0.20565430163762713
1510,GIPC1--TECR,No Change,IPR049127|IPR001104,0.10158953232770393,Skin,1,0.165,0.6241955445544555,0.2046793356103212
3870,TEDC2--MLST8,No Annotation,,0.1014741918164919,Skin,1,0.156,0.6123801369863013,0.21297890441587922
675,CHD2--AGBL1,No Change,IPR040626|IPR000834,0.10135469612434594,Lung,1,0.147,0.5959283819628648,0.22480593017123923
2548,NTM--JAM3,No Change,IPR003598|IPR003598,0.10125021283915461,Soft Tissue,1,0.151,0.603079268292683,0.21962560076274534
482,C22orf39--UFD1,No Annotation,,0.10118489121878872,Uterus,1,0.156,0.6123801369863013,0.21297890441587922
3173,RELN--RELN,Reinforcement,IPR002861|IPR000742|IPR000742|IPR000742|IPR000742|IPR000742|IPR000742|IPR000742|IPR000742|IPR000742|IPR000742|IPR000742,0.10114000126376095,Liver,1,0.154,0.6081739879414298,0.21597215889607085
1733,IFT81--TCHP,No Change,IPR041146,0.10084714858725645,Skin,1,0.172,0.6339389067524116,0.19795259344121108
443,BPTF--NUP214,Bridges,IPR018501|IPR001965|IPR028941|IPR041553,0.10082224498258902,Bladder/Urinary Tract,1,0.143,0.5901485148514851,0.22903868146976594
1660,HEXD--OGFOD3,No Change,IPR005123,0.10072401225928675,Esophagus/Stomach,1,0.12,0.5591463414634146,0.2524745123776768
1215,ETFA--SCAPER,Bridges,IPR014730|IPR003604,0.10064613408927914,Lung,1,0.143,0.5901485148514851,0.22903868146976594
325,ATP2A2--IFT81,No Annotation,,0.10051300335087052,Cervix,1,0.13,0.5714765100671141,0.2430016161136542
1002,DIAPH1--PCDHGA2,Reinforcement,IPR010473|IPR010472|IPR031904,0.10044769755366793,CNS/Brain,1,0.168,0.6298282910874898,0.20077783530438267
1061,DPY30--SPAST,Bridges,IPR049629|IPR003593|IPR041569|IPR015415,0.10040010980223191,Lung,1,0.152,0.6049652777777778,0.2182695511363808
4208,UCK2--SELL,No Change,IPR001304|IPR000742|IPR000436|IPR000436,0.10037604215508204,Esophagus/Stomach,1,0.157,0.6136786018755328,0.21205901970025562
1280,FAM222B--SEZ6,No Change,IPR000436|IPR000859|IPR000436|IPR000859|IPR000436|IPR000436|IPR000436,0.10037600684013256,Myeloid,1,0.178,0.6406043956043956,0.19341008568439771
4325,WDR33--ETNPPL,No Annotation,,0.10001944488345255,Soft Tissue,1,0.151,0.603079268292683,0.21962560076274534
1190,EPS8--BICD1,No Annotation,,0.09984245247892795,Skin,1,0.164,0.6241955445544555,0.2046793356103212
608,CDC25A--SPINK8,No Change,IPR002350,0.09983956847210344,Peripheral Nervous System,1,0.176,0.6364037854889589,0.1962672457255242
1765,IMMT--REEP1,No Annotation,,0.09969242838788019,Soft Tissue,1,0.153,0.6063137424373379,0.21730258812811087
4098,TRIP12--TRIP12,Reinforcement,IPR057948|IPR057948|IPR004170|IPR000569,0.09940166797620548,Lung,1,0.155,0.6105455326460482,0.21428194213753826
1831,JMJD1C--EGR2,No Change,IPR021849|IPR013087|IPR013087|IPR013087,0.09929423236933357,Uterus,1,0.171,0.6317767929089445,0.19943633110053602
605,CD9--VWF,No Change,IPR001846|IPR014853|IPR002919|IPR001007|IPR001846|IPR014853|IPR002919|IPR001007|IPR001846|IPR014853|IPR058753|IPR032361|IPR002035|IPR002035|IPR002035|IPR001846|IPR014853|IPR001007|IPR001007|IPR001007|IPR006207,0.09928824607719973,Uterus,1,0.174,0.6356892430278884,0.19675513752841733
4159,TYRO3--RTF1,Bridges,IPR003598|IPR004343,0.09928129035775271,Breast,1,0.146,0.5950311111111111,0.22546032665690433
2375,NBAS--ATP23,No Annotation,,0.09885407924559636,Peripheral Nervous System,1,0.175,0.6364037854889589,0.1962672457255242
4559,ZNF778--MTAP,Bridges,IPR001909|IPR013087|IPR013087|IPR013087|IPR013087|IPR013087|IPR013087|IPR013087|IPR013087|IPR013087|IPR013087|IPR013087|IPR013087|IPR013087|IPR013087|IPR013087|IPR013087|IPR013087|IPR013087|IPR000845,0.09873630220239227,Liver,1,0.158,0.6154885301614273,0.21078003588297217
4527,ZNF587B--KCNJ6,No Change,IPR040445|IPR041647,0.09867449751338726,Peripheral Nervous System,1,0.181,0.6443206521739131,0.19089794814856886
2773,PLAUR--LYPD5,No Change,IPR016054|IPR016054|IPR016054,0.09862555525653452,Bowel,1,0.17,0.6317767929089445,0.19943633110053602
4030,TP53--ADGRE1,No Change,IPR000742|IPR000742|IPR000742|IPR000742|IPR000742|IPR000742|IPR057244|IPR017981,0.09849203465039122,Bone,1,0.183,0.6474189814814815,0.18881457179810518
3665,ST7--PRKAG2,No Change,IPR000644|IPR000644|IPR000644|IPR000644,0.09844911782386893,Breast,1,0.161,0.6198026868178002,0.2077465454448879
723,CLN6--ITGA11,No Change,IPR013649|IPR048285,0.09834253260687617,Cervix,1,0.138,0.5857674632352942,0.23227475510202608
3122,RARA--ZPBP2,Reintroduction,IPR048805,0.09816435129372036,Esophagus/Stomach,1,0.139,0.5857674632352942,0.23227475510202608
3507,SLC9A4--SLC9A2,Reinforcement,IPR006153|IPR032103|IPR032103,0.09792331765013872,Esophagus/Stomach,1,0.147,0.5959283819628648,0.22480593017123923
3408,SH2B3--NECTIN2,Reinforcement,IPR015012|IPR001849|IPR000980|IPR003599|IPR007110|IPR003599,0.09790294381613443,Skin,1,0.161,0.6198026868178002,0.2077465454448879
3129,RBBP5--MFSD4A,No Annotation,,0.09784205463278894,Lung,1,0.152,0.6049652777777778,0.2182695511363808
1383,FLNB--SLMAP,No Change,IPR001715|IPR001715,0.09771973455174571,Peripheral Nervous System,1,0.167,0.6281337161607876,0.2019478944647587
4161,TYW1--ZNF92,Reinforcement,IPR001094|IPR001094|IPR001094|IPR001094|IPR001909|IPR013087|IPR013087|IPR013087|IPR013087|IPR013087|IPR013087|IPR013087|IPR013087|IPR013087|IPR013087|IPR013087|IPR013087|IPR013087|IPR013087,0.09768085819514041,Lung,1,0.143,0.5901485148514851,0.22903868146976594
4254,UVRAG--DYNC2H1,No Annotation,,0.09750209548315558,Esophagus/Stomach,1,0.147,0.5959283819628648,0.22480593017123923
4255,UVRAG--DYNC2H1,No Change,IPR041228,0.09750209548315558,Esophagus/Stomach,1,0.152,0.6049652777777778,0.2182695511363808
2431,NEK8--SUPT6H,Reintroduction,IPR006641|IPR032706|IPR041692|IPR003029|IPR000980|IPR035018,0.09733771240158375,Skin,1,0.172,0.6339389067524116,0.19795259344121108
649,CENPU--ENPP6,No Annotation,,0.0972220720632492,CNS/Brain,2,0.117,0.5541787190082645,0.25635015555619206
276,ARMC9--PSMD1,Reintroduction,IPR040623,0.09715677082380952,Skin,1,0.142,0.5901485148514851,0.22903868146976594
663,CEP72--PDCD6,Reinforcement,IPR003603|IPR002048|IPR002048,0.09711617581870499,Head and Neck,1,0.169,0.6299715447154471,0.2006790668196845
856,CRTC1--TMEM59L,No Annotation,,0.09694695599384873,Lung,1,0.156,0.6123801369863013,0.21297890441587922
4221,URB2--GALNT2,No Change,IPR001173|IPR000772,0.09678400569137632,Pleura,1,0.169,0.6299715447154471,0.2006790668196845
2020,LOXL2--PHYHIP,No Change,IPR003961|IPR045545,0.09672473009424978,CNS/Brain,1,0.16,0.6180286436394271,0.20899139629262656
1416,FRMPD4--WIPI1,No Annotation,,0.09656963938078542,Skin,1,0.173,0.634564,0.1975245698732211
3851,TCF7L1--ELMOD3,No Annotation,,0.09654532645195735,Uterus,1,0.162,0.6215648535564854,0.20651355073548563
4026,TOM1L2--NECAB2,Reinforcement,IPR002014|IPR007138,0.09642139775832101,Lymphoid,1,0.159,0.6157221283783784,0.2106152380604096
353,AXIN1--RHBDF1,Reinforcement,IPR032101|IPR016137|IPR014936|IPR022241|IPR022764,0.0963852197954553,Esophagus/Stomach,1,0.143,0.5901485148514851,0.22903868146976594
630,CDK17--LYZ,No Change,IPR019799,0.0963285264356224,Soft Tissue,1,0.155,0.6105455326460482,0.21428194213753826
2693,PDPK1--PDPK1,No Change,IPR000719|IPR033931,0.09628048056737748,Esophagus/Stomach,1,0.149,0.5976946631671041,0.22352062197696784
3107,RANBP2--CCDC138,No Annotation,,0.09601667488916008,Breast,1,0.158,0.6154885301614273,0.21078003588297217
3869,TECPR2--PPP2R5C,No Annotation,,0.09578839669443062,Ovary/Fallopian Tube,1,0.149,0.5976946631671041,0.22352062197696784
3872,TENM1--TENM1,No Change,IPR009471|IPR057629|IPR000742|IPR000742|IPR000742|IPR000742|IPR000742|IPR000742|IPR000742|IPR000742|IPR056820|IPR057627|IPR056822|IPR056823|IPR028916,0.09576018851356471,Esophagus/Stomach,1,0.168,0.6298282910874898,0.20077783530438267
3565,SNX8--CHST12,No Annotation,,0.09568660532197543,Soft Tissue,1,0.165,0.6241955445544555,0.2046793356103212
2595,OSBPL3--ASAP1,Reintroduction,IPR001164|IPR001452,0.0955399631489332,Skin,1,0.174,0.6356892430278884,0.19675513752841733
1503,GGA3--NUP85,No Annotation,,0.09553162263771608,Bowel,1,0.19,0.6569758672699849,0.18245058310988546
4158,TYR--TSPAN8,No Annotation,,0.0950832000216083,Bowel,1,0.183,0.6474189814814815,0.18881457179810518
3110,RAP1A--TMIGD3,No Annotation,,0.09502636730583303,Lymphoid,1,0.198,0.6611702898550724,0.17968666998549
3468,SLC30A10--EPRS1,Bridges,IPR058533|IPR027470|IPR002314|IPR004154|IPR016061,0.09497615244837897,Bowel,1,0.172,0.6339389067524116,0.19795259344121108
2424,NEDD4--KANK4,No Annotation,,0.09493516768747157,Bladder/Urinary Tract,1,0.159,0.6157221283783784,0.2106152380604096
465,BTBD2--SKAP1,No Change,IPR001849|IPR001452,0.09492241177737437,Uterus,1,0.163,0.6227958333333333,0.20565430163762713
4089,TRHDE--SRGAP1,Bridges,IPR045357|IPR000198|IPR001452,0.09486787774034422,Soft Tissue,1,0.175,0.6364037854889589,0.1962672457255242
4550,ZNF680--XPA,No Change,IPR001909|IPR013087|IPR013087|IPR013087|IPR013087|IPR013087|IPR013087|IPR013087|IPR013087|IPR013087|IPR013087|IPR013087|IPR013087,0.09481390747625598,Soft Tissue,1,0.171,0.6317767929089445,0.19943633110053602
4549,ZNF680--XPA,No Change,IPR001909,0.09481390747625598,Soft Tissue,1,0.18,0.6432579890880749,0.19161481126558252
4397,ZBTB20--LSAMP,No Change,IPR003598,0.09478399304667773,Uterus,1,0.183,0.6474189814814815,0.18881457179810518
2222,MIPOL1--SLC25A21,No Annotation,,0.0947680164343733,Lung,1,0.149,0.5976946631671041,0.22352062197696784
326,ATP2A2--IFT81,No Change,IPR004014|IPR059000|IPR044492,0.09474287377865223,CNS/Brain,1,0.145,0.594124218051832,0.22612274428733523
2153,ME3--TYR,No Annotation,,0.09438737231846095,Liver,1,0.165,0.6241955445544555,0.2046793356103212
923,CYRIB--KCNQ3,Reintroduction,IPR013821,0.09400746275666357,Liver,1,0.163,0.6227958333333333,0.20565430163762713
4339,WIPI1--SLC16A5,No Annotation,,0.09396598046252613,Skin,1,0.162,0.6215648535564854,0.20651355073548563
3255,RNH1--HRAS,No Annotation,,0.09387351294082477,Uterus,1,0.181,0.6443206521739131,0.19089794814856886
3698,STRN--SULT1C2,No Annotation,,0.09370800081453316,Breast,1,0.168,0.6298282910874898,0.20077783530438267
575,CCDC91--PPFIBP1,No Change,IPR001660|IPR001660|IPR001660,0.09359796054397991,Lung,1,0.166,0.6259128289473684,0.20348614689062114
1878,KIAA0319L--LEFTY1,No Change,IPR001111|IPR001839,0.09350914400693543,CNS/Brain,1,0.171,0.6317767929089445,0.19943633110053602
624,CDH24--PSMB5,No Annotation,,0.09350426941572905,Lung,1,0.144,0.5926750448833034,0.2271833587364206
2932,PSD3--RBPMS,No Change,IPR000504,0.09319082712294968,CNS/Brain,1,0.165,0.6241955445544555,0.2046793356103212
3165,RCOR1--MPV17L2,No Annotation,,0.0931483607389424,Biliary Tract,1,0.178,0.6406043956043956,0.19341008568439771
2891,PRDX3--LRRC27,No Annotation,,0.09313128730482005,Pancreas,1,0.18,0.6432579890880749,0.19161481126558252
214,AP3S1--ATG12,No Change,IPR022775,0.09313009373990344,Pleura,2,0.126,0.5664348249027238,0.24685005369726012
916,CYP2R1--CYP2R1,No Annotation,,0.09310837127607566,Biliary Tract,1,0.153,0.6063137424373379,0.21730258812811087
1335,FGD4--DNM1L,Reinforcement,IPR000219|IPR001849|IPR000306|IPR001849|IPR000375|IPR003130,0.09303084772821402,Ovary/Fallopian Tube,1,0.165,0.6241955445544555,0.2046793356103212
1526,GMCL1--ANXA4,No Change,IPR000210|IPR011705,0.09293455682264126,Esophagus/Stomach,1,0.15,0.600130890052356,0.22175401856965007
1113,EGFR--NOSIP,Bridges,IPR000494|IPR006211|IPR000494|IPR032778|IPR049328|IPR000719|IPR031790,0.09283481209041408,Esophagus/Stomach,1,0.162,0.6215648535564854,0.20651355073548563
3706,STT3B--OSBPL10,No Annotation,,0.09261598462455223,Peripheral Nervous System,1,0.176,0.6364037854889589,0.1962672457255242
4222,USB1--SLC6A2,No Annotation,,0.09257261749055005,CNS/Brain,1,0.163,0.6227958333333333,0.20565430163762713
1095,EDC3--CYP1A1,No Annotation,,0.09241531669842817,CNS/Brain,1,0.195,0.6611702898550724,0.17968666998549
1783,IP6K1--PEDS1,No Annotation,,0.09240951386391591,Cervix,1,0.147,0.5959283819628648,0.22480593017123923
1007,DIAPH1--PCDHGB2,Reinforcement,IPR010473|IPR010472|IPR031904,0.0917982524026478,CNS/Brain,1,0.169,0.6299715447154471,0.2006790668196845
2305,MTMR3--APOH,No Change,IPR000436|IPR000436|IPR000436|IPR000436|IPR015104,0.09178845681648957,Bowel,1,0.205,0.6665561044460127,0.17616328987226715
2685,PDE4D--C5orf47,No Annotation,,0.09176643821347528,Prostate,1,0.184,0.6484550345887778,0.1881201335460099
3726,SUPT20H--CHRDL2,No Annotation,,0.0917088379572516,Bone,1,0.192,0.6598844146159583,0.18053212883778524
2753,PIK3R3--LRRC41,No Change,IPR000980,0.09148519378256076,Uterus,1,0.179,0.6421870109546165,0.19233848283644836
1102,EEF1B2--NRP2,Bridges,IPR018940|IPR000421|IPR000998|IPR022579,0.09127143662008388,Soft Tissue,1,0.186,0.651,0.18641901143180803
2211,MIDEAS--FGD5,No Annotation,,0.09126899272914775,Uterus,1,0.181,0.6443206521739131,0.19089794814856886
2212,MIDEAS--FGD5,Reintroduction,IPR000306|IPR001849,0.09126899272914775,Uterus,1,0.171,0.6317767929089445,0.19943633110053602
3717,SUGCT--SUGCT,No Annotation,,0.09118048495968324,Peripheral Nervous System,1,0.206,0.6665561044460127,0.17616328987226715
4316,WASHC5--MDM1,No Annotation,,0.09089831135700173,Bone,1,0.205,0.6665561044460127,0.17616328987226715
1467,GALNT8--PRMT8,Reinforcement,IPR001173|IPR055135,0.09080596814129885,Lung,1,0.163,0.6227958333333333,0.20565430163762713
367,BABAM2--DPYSL5,No Change,IPR006680,0.09080484465594817,Breast,1,0.146,0.5950311111111111,0.22546032665690433
1046,DNM3--FAM174B,No Annotation,,0.09069961564835377,Soft Tissue,2,0.131,0.5742208413001912,0.24092104886945126
2673,PCM1--LYN,No Annotation,,0.09064178123955081,Lung,1,0.179,0.6421870109546165,0.19233848283644836
979,DENND4A--SYCP2,No Change,IPR023341|IPR005113|IPR001194|IPR005112,0.09050255140882882,Skin,1,0.198,0.6611702898550724,0.17968666998549
904,CTSC--CTSC,No Change,IPR014882|IPR000668,0.09030981143404734,Biliary Tract,1,0.178,0.6406043956043956,0.19341008568439771
3380,SEMA4D--CDC14B,No Annotation,,0.09019216070447192,CNS/Brain,1,0.161,0.6198026868178002,0.2077465454448879
2823,PON2--ASB4,No Change,IPR001496,0.09014613776279776,Bowel,1,0.209,0.672938904494382,0.1720243631837437
3360,SCMH1--TIE1,No Change,IPR003599|IPR000742|IPR000742|IPR000742|IPR003599|IPR003961|IPR003961|IPR003961|IPR000719,0.09011989734771335,Myeloid,1,0.204,0.6657224199288255,0.17670681680916012
8,ABCB6--PLCD4,No Change,IPR001849|IPR002048|IPR002048|IPR002048|IPR000909|IPR001711|IPR000008,0.08980671932188228,Bone,1,0.206,0.6665561044460127,0.17616328987226715
4468,ZNF124--RABGAP1L,No Annotation,,0.08977168260341725,Lung,1,0.158,0.6154885301614273,0.21078003588297217
3322,RWDD1--CALHM4,No Annotation,,0.08960029279560641,Ovary/Fallopian Tube,1,0.173,0.634564,0.1975245698732211
2899,PRKCE--SNX17,Reinforcement,IPR000008|IPR000159|IPR048767|IPR037836,0.08955575371692309,Pancreas,1,0.166,0.6259128289473684,0.20348614689062114
1276,FAM222B--PHF12,Reintroduction,IPR001965|IPR000253,0.08945473790580283,Esophagus/Stomach,1,0.141,0.589320875113947,0.2296481749132914
2256,MRPL3--CPNE4,No Change,IPR002035,0.08934717488407366,Esophagus/Stomach,1,0.176,0.6364037854889589,0.1962672457255242
3000,PUM2--MRPL33,No Annotation,,0.08933706764343885,Pancreas,1,0.154,0.6081739879414298,0.21597215889607085
898,CTSC--CTSC,No Change,IPR014882|IPR000668,0.08933466012665746,Skin,1,0.18,0.6432579890880749,0.19161481126558252
2202,MIB1--DSG1,Reinforcement,IPR010606|IPR000433|IPR010606|IPR000233,0.08924675500381009,Lung,1,0.166,0.6259128289473684,0.20348614689062114
1099,EED--PPFIA1,No Change,IPR057892|IPR001660|IPR001660|IPR001660,0.08914752592053338,Bone,1,0.185,0.6504792944785276,0.1867665229868477
3247,RNF215--SYN3,No Annotation,,0.08910004253969803,Bone,1,0.179,0.6421870109546165,0.19233848283644836
583,CCNL2--NOC2L,No Change,IPR006671|IPR004367,0.08898127723930868,Soft Tissue,1,0.182,0.6458746130030959,0.18985178566795063
1950,LAMC1--DHX9,Reintroduction,IPR011709,0.08883297229034416,Uterus,1,0.221,0.6791454423592493,0.1680372094454994
1077,DYNC1LI1--PXK,No Change,IPR003124,0.08880837539362924,Skin,1,0.188,0.6535102350265353,0.18474760627664555
3582,SOWAHB--PTGR1,No Change,IPR013149,0.08847604805860225,Esophagus/Stomach,1,0.159,0.6157221283783784,0.2106152380604096
115,AKAP10--POM121C,No Annotation,,0.08846908581170182,CNS/Brain,1,0.193,0.6598844146159583,0.18053212883778524
911,CWC25--FBXO47,Bridges,IPR019339|IPR056622,0.08844964211596053,Bowel,1,0.225,0.6822916666666667,0.1660299330477853
3805,TASP1--PLCB1,Reintroduction,IPR028400|IPR000909|IPR001711|IPR000008|IPR014815,0.08838479952617827,CNS/Brain,1,0.184,0.6484550345887778,0.1881201335460099
1553,GORAB--OBI1,No Annotation,,0.08816871957691087,Breast,1,0.185,0.6504792944785276,0.1867665229868477
1047,DNM3--MPZ,No Change,IPR003599|IPR019566,0.08779726958490693,Soft Tissue,1,0.195,0.6611702898550724,0.17968666998549
4047,TP73--PACSIN2,No Change,IPR001060|IPR037453|IPR001452,0.08779136791372137,Lung,1,0.156,0.6123801369863013,0.21297890441587922
4048,TP73--PACSIN2,Reintroduction,IPR037453|IPR001452,0.08779136791372137,Lung,1,0.193,0.6598844146159583,0.18053212883778524
3995,TMLHE--MTMR1,Bridges,IPR010376|IPR000387,0.08754966822782256,Skin,1,0.187,0.6520114068441065,0.18574480628323778
4535,ZNF627--ZNF441,No Change,IPR001909|IPR013087|IPR013087|IPR013087|IPR013087|IPR013087|IPR013087|IPR013087|IPR013087|IPR013087|IPR013087|IPR013087|IPR013087|IPR013087|IPR013087|IPR013087|IPR013087|IPR013087|IPR013087|IPR013087|IPR013087,0.08730970316977057,Breast,1,0.189,0.655,0.18375870000821692
1993,LEPR--KIF3C,No Annotation,,0.08718797211213711,Lung,1,0.188,0.6535102350265353,0.18474760627664555
3135,RBM14--BBS1,Bridges,IPR000504|IPR056419,0.08717021302677416,CNS/Brain,1,0.173,0.634564,0.1975245698732211
4583,ZZZ3--MIGA1,No Annotation,,0.0870754848060881,Liver,1,0.197,0.6611702898550724,0.17968666998549
1384,FLOT2--SEZ6,Reintroduction,IPR000859|IPR000436|IPR000859|IPR000436|IPR000436|IPR000436,0.08705549121980641,Lung,1,0.187,0.6520114068441065,0.18574480628323778
827,CPSF6--KBTBD11,Reinforcement,IPR000504|IPR057951|IPR000210,0.08693881178579663,Lymphoid,1,0.178,0.6406043956043956,0.19341008568439771
2279,MRTFA--XPNPEP3,No Annotation,,0.08671054433617606,Uterus,1,0.186,0.651,0.18641901143180803
27,ACACA--TADA2A,No Change,IPR007526,0.0866633136473762,Pancreas,1,0.174,0.6356892430278884,0.19675513752841733
4226,USP16--GRIK1,No Change,IPR001320,0.08661327844374132,Soft Tissue,1,0.171,0.6317767929089445,0.19943633110053602
1395,FNBP4--NUP160,Bridges,IPR001202|IPR056547|IPR056535|IPR056536,0.08646319764197252,Esophagus/Stomach,1,0.169,0.6299715447154471,0.2006790668196845
1509,GIGYF2--SEC61A1,No Annotation,,0.0863393300345327,Myeloid,1,0.213,0.6762164024810475,0.16991429908250516
4179,UBE2E1--COL24A1,No Change,IPR000885,0.08613602686820039,Breast,1,0.187,0.6520114068441065,0.18574480628323778
1637,HAUS1--CCDC102B,No Annotation,,0.08599763060876278,Pancreas,1,0.18,0.6432579890880749,0.19161481126558252
3298,RRP1B--TRAPPC10,Reintroduction,IPR056917|IPR022233,0.0858656226874747,Lymphoid,1,0.214,0.6762164024810475,0.16991429908250516
5,ABCA2--SHB,No Change,IPR000980,0.08564694134610268,Head and Neck,1,0.183,0.6474189814814815,0.18881457179810518
4261,UVRAG--TBX10,No Change,IPR000008,0.08554625279523044,Lung,1,0.184,0.6484550345887778,0.1881201335460099
1346,FGFR2--COL14A1,No Change,IPR003598|IPR003598|IPR003598,0.08535021349046043,Myeloid,1,0.211,0.6751116538729938,0.17062439509361188
58,ADAMTS9--LMOD3,Reintroduction,IPR002870,0.0853481760611074,Ovary/Fallopian Tube,1,0.171,0.6317767929089445,0.19943633110053602
2818,POM121--CALN1,No Change,IPR002048,0.08527272586285153,Breast,1,0.184,0.6484550345887778,0.1881201335460099
998,DHX40--VMP1,No Change,IPR011545|IPR001650|IPR007502|IPR011709,0.08520013488009695,Bladder/Urinary Tract,1,0.195,0.6611702898550724,0.17968666998549
1727,ICAM5--ANO8,Bridges,IPR003987|IPR003987|IPR003599|IPR048679|IPR003599|IPR049452|IPR049452,0.085170896311102,Lung,2,0.12,0.5591463414634146,0.2524745123776768
280,ARMH3--NAA25,No Annotation,,0.08500585951115648,Skin,1,0.196,0.6611702898550724,0.17968666998549
1858,KCNQ5--MAP3K11,No Change,IPR005821,0.08495592044494939,Peripheral Nervous System,1,0.198,0.6611702898550724,0.17968666998549
2875,PPP6R3--CCDC81,Reintroduction,IPR040673,0.0849208647833804,Skin,1,0.199,0.6611702898550724,0.17968666998549
3150,RBM6--LGALS4,No Change,IPR001079,0.08486539011093994,CNS/Brain,1,0.16,0.6180286436394271,0.20899139629262656
975,DENND2B--SCUBE2,Reintroduction,IPR011641|IPR000742|IPR000859,0.08478812746514221,Cervix,1,0.142,0.5901485148514851,0.22903868146976594
4408,ZBTB44--HDDC2,No Change,IPR003607,0.08471896014273667,CNS/Brain,1,0.18,0.6432579890880749,0.19161481126558252
1057,DPP9--CCDC7,Reintroduction,IPR045785,0.08458232400943343,Skin,1,0.181,0.6443206521739131,0.19089794814856886
1825,JAK2--UHRF2,Reinforcement,IPR000299|IPR000980|IPR000719|IPR001841|IPR003105|IPR001841,0.08447138757322807,Breast,1,0.176,0.6364037854889589,0.1962672457255242
2459,NFIA--EHF,Bridges,IPR019548|IPR003619|IPR000418,0.08444703589500481,Breast,1,0.206,0.6665561044460127,0.17616328987226715
2421,NDUFC1--ARL14EPL,No Change,IPR029264,0.08436550286118596,Breast,1,0.187,0.6520114068441065,0.18574480628323778
547,CBL--CBL,No Change,IPR003153|IPR014741|IPR014742|IPR001841|IPR015940,0.0842093130616587,Lymphoid,1,0.199,0.6611702898550724,0.17968666998549
1096,EDEM2--DNAH14,No Change,IPR041228,0.0841597602970176,Esophagus/Stomach,1,0.159,0.6157221283783784,0.2106152380604096
1386,FLRT3--MACROD2,No Annotation,,0.08384821804357023,Lung,1,0.182,0.6458746130030959,0.18985178566795063
247,ARHGAP35--KCMF1,No Change,IPR008598,0.08377868241363952,Soft Tissue,1,0.199,0.6611702898550724,0.17968666998549
4394,ZBTB20--DAAM2,Reintroduction,IPR010472|IPR015425|IPR014767,0.08376916095180235,Head and Neck,1,0.185,0.6504792944785276,0.1867665229868477
3797,TAOK1--OLFML2A,No Change,IPR003112,0.08375146626088337,Liver,1,0.198,0.6611702898550724,0.17968666998549
1409,FOXP2--MDFIC,No Change,IPR032354|IPR001766,0.08366883448338339,Lymphoid,2,0.125,0.5646551724137931,0.24821668923513537
4258,UVRAG--PELI3,Bridges,IPR000008|IPR048334|IPR048335,0.08365183124184873,Esophagus/Stomach,1,0.154,0.6081739879414298,0.21597215889607085
1100,EEF1AKMT3--C12orf56,No Annotation,,0.08363257779000588,Soft Tissue,1,0.177,0.6395153664302601,0.19414901572685822
3908,THRAP3--AGO3,No Annotation,,0.0835961520801431,Pancreas,1,0.211,0.6751116538729938,0.17062439509361188
1762,IMMP2L--DOCK4,No Change,IPR027357,0.08358787249636174,Myeloid,1,0.228,0.6834413480233312,0.16529875003951547
1862,KDF1--TAOK3,No Change,IPR000719,0.0835609094356973,Esophagus/Stomach,1,0.186,0.651,0.18641901143180803
379,BAIAP2--CEP131,No Change,IPR013606|IPR001452,0.08350221785528691,Breast,1,0.2,0.6620938628158846,0.1790804377304462
3944,TMEM108--BFSP2,No Annotation,,0.08348045748000954,Skin,1,0.197,0.6611702898550724,0.17968666998549
3925,TKT--CFAP20DC,No Annotation,,0.0833590447185478,Ovary/Fallopian Tube,1,0.174,0.6356892430278884,0.19675513752841733
4531,ZNF609--ANKDD1A,No Change,IPR000488,0.0833585335278674,CNS/Brain,1,0.176,0.6364037854889589,0.1962672457255242
2538,NSF--SAMD12,Reintroduction,IPR003338|IPR004201,0.0833558787264616,Pancreas,1,0.155,0.6105455326460482,0.21428194213753826
359,B3GAT2--B3GAT2,No Annotation,,0.08330575004544652,Lung,1,0.173,0.634564,0.1975245698732211
721,CLIP2--EIF4H,No Annotation,,0.08283491806400055,CNS/Brain,1,0.176,0.6364037854889589,0.1962672457255242
2196,MGA--RTF1,No Change,IPR004343,0.0828097912004728,Head and Neck,1,0.198,0.6611702898550724,0.17968666998549
3917,TIAM1--BACE2,No Annotation,,0.08279086756547395,Bladder/Urinary Tract,1,0.178,0.6406043956043956,0.19341008568439771
1711,HS6ST1--NBPF3,No Change,IPR010630,0.08244913528438902,Bladder/Urinary Tract,1,0.173,0.634564,0.1975245698732211
2463,NFIX--GCDH,Bridges,IPR019548|IPR003619|IPR006091|IPR009075,0.08236483658808214,Ovary/Fallopian Tube,1,0.188,0.6535102350265353,0.18474760627664555
3881,TENT5C--PHTF1,No Annotation,,0.0822561656616238,Breast,1,0.198,0.6611702898550724,0.17968666998549
1840,KANSL1--GAST,No Change,IPR001651,0.0822465310794936,Esophagus/Stomach,1,0.17,0.6317767929089445,0.19943633110053602
4427,ZDHHC5--CTNND2,No Annotation,,0.08216374413486077,Peripheral Nervous System,1,0.186,0.651,0.18641901143180803
3534,SMARCC1--MAP4,No Annotation,,0.0820872629645558,Lung,1,0.197,0.6611702898550724,0.17968666998549
2524,NRDE2--CALM1,No Change,IPR002048|IPR002048,0.08207314716670253,Lung,1,0.189,0.655,0.18375870000821692
3060,RAB5C--GHDC,No Change,IPR056985|IPR055377|IPR055378,0.08204623479432643,Ovary/Fallopian Tube,1,0.203,0.664825,0.1772926577589852
4447,ZFYVE9--USP33,No Change,IPR006615,0.08203309668135181,Breast,1,0.229,0.6834413480233312,0.16529875003951547
4162,TYW3--ATP13A5,No Change,IPR059000|IPR044492,0.08202772947298431,Bone,1,0.206,0.6665561044460127,0.17616328987226715
4020,TNS3--RAMP3,No Annotation,,0.0820267555047505,CNS/Brain,1,0.205,0.6665561044460127,0.17616328987226715
4387,YY1--SLC25A47,No Annotation,,0.0819895638173013,Uterus,1,0.204,0.6657224199288255,0.17670681680916012
2252,MROH1--PLEC,Bridges,IPR056282|IPR005326|IPR001715|IPR001715|IPR001452|IPR041573,0.08195680262945637,Bone,1,0.203,0.664825,0.1772926577589852
1263,FAM168A--RAB6A,No Annotation,,0.08193821914699154,Breast,1,0.213,0.6762164024810475,0.16991429908250516
3285,RPS6KB1--VMP1,No Annotation,,0.08188963001460396,Breast,3,0.116,0.5541787190082645,0.25635015555619206
2980,PTPN14--PTPN14,No Change,IPR000299|IPR000242,0.08170862528299246,Uterus,1,0.202,0.6643974175035868,0.17757206430932693
1296,FAT2--SPARC,No Change,IPR003645|IPR002350|IPR019577,0.08154627905143477,Uterus,1,0.187,0.6520114068441065,0.18574480628323778
4212,UIMC1--ZNF318,Reinforcement,IPR040714|IPR003604|IPR003604,0.08130404569804582,Esophagus/Stomach,1,0.193,0.6598844146159583,0.18053212883778524
154,ANKRD11--DPEP1,No Annotation,,0.08121295703758177,Head and Neck,1,0.216,0.6763732154996601,0.16981359887296069
2443,NEUROD6--ITPRID1,No Change,IPR029325|IPR029326,0.08120730511901775,Peripheral Nervous System,1,0.206,0.6665561044460127,0.17616328987226715
4138,TTLL5--IFT43,No Annotation,,0.08108900743416698,Bone,1,0.218,0.6776474576271186,0.16899618670353708
3124,RASAL2--RALGPS2,No Change,IPR001849|IPR001849,0.08089091601741363,Lung,1,0.211,0.6751116538729938,0.17062439509361188
816,CPNE4--ACP3,No Annotation,,0.08063027783592737,Bowel,1,0.247,0.7051650062266501,0.15170924767695648
771,CNPY3--BICRAL,No Change,IPR015671,0.08059056596972194,Lung,1,0.174,0.6356892430278884,0.19675513752841733
1457,FZR1--CREB3L3,No Change,IPR004827,0.08049966849989645,Bowel,1,0.228,0.6834413480233312,0.16529875003951547
760,CNOT2--AGAP2,No Change,IPR001849|IPR001164,0.08034075915801411,Soft Tissue,1,0.184,0.6484550345887778,0.1881201335460099
1424,FRS2--GRIP1,No Change,IPR001478|IPR001478|IPR001478|IPR001478|IPR001478|IPR001478|IPR001478,0.08029643369330072,Bowel,1,0.2,0.6620938628158846,0.1790804377304462
2009,LMBRD1--LMBRD1,No Annotation,,0.08027840010192198,Liver,1,0.201,0.6634881209503241,0.17816684831108676
2072,MACC1--DNAH11,Reintroduction,IPR041466|IPR003593|IPR041589|IPR003593|IPR024743|IPR035706|IPR004273|IPR041658|IPR041228,0.08012750243066129,Bowel,1,0.22,0.6791454423592493,0.1680372094454994
4190,UBE2V1--PABPC1L,No Change,IPR002004,0.08010898705336314,Lymphoid,1,0.225,0.6822916666666667,0.1660299330477853
667,CERT1--NREP,No Annotation,,0.07999900130892078,Bone,1,0.198,0.6611702898550724,0.17968666998549
3947,TMEM117--JADE1,No Change,IPR019542|IPR001965|IPR001965,0.0797399960121967,Skin,1,0.196,0.6611702898550724,0.17968666998549
696,CHRNB1--TXNDC17,No Change,IPR006202,0.07964930431744395,Lung,1,0.195,0.6611702898550724,0.17968666998549
256,ARHGEF9--GPHN,Reintroduction,IPR005110|IPR001453|IPR005111,0.07952591950332952,Esophagus/Stomach,1,0.197,0.6611702898550724,0.17968666998549
3786,TANC1--PKP4,No Annotation,,0.07945770512219337,Head and Neck,1,0.192,0.6598844146159583,0.18053212883778524
780,COG1--EIF4ENIF1,No Annotation,,0.07939962987855155,Skin,1,0.212,0.675952712100139,0.17008368511207256
2238,MN1--PATZ1,No Change,IPR013087|IPR013087|IPR013087|IPR013087|IPR013087|IPR013087|IPR013087|IPR013087,0.07929337448729988,CNS/Brain,1,0.215,0.6763732154996601,0.16981359887296069
1779,INTS3--IL6R,No Annotation,,0.07923497504484797,Bone,1,0.236,0.6894955583756345,0.16146852713739276
3472,SLC35E3--HYDIN,Bridges,IPR004853|IPR033768|IPR053879|IPR053879,0.0790974858223471,Soft Tissue,1,0.21,0.6751116538729938,0.17062439509361188
1867,KDM4A--STPG1,No Annotation,,0.07891163565673441,CNS/Brain,1,0.181,0.6443206521739131,0.19089794814856886
1534,GNAQ--VDR,No Change,IPR001628|IPR000536,0.07885947337362724,Esophagus/Stomach,1,0.218,0.6776474576271186,0.16899618670353708
565,CCDC7--PATJ,No Change,IPR001478|IPR001478|IPR001478|IPR001478,0.07884558027452974,Lung,1,0.196,0.6611702898550724,0.17968666998549
3562,SNX14--PPP2R2A,No Annotation,,0.07869086933190121,Ovary/Fallopian Tube,1,0.194,0.6608395245170877,0.17990398995169207
1563,GPC6--GCHFR,No Annotation,,0.07864029547013907,Skin,3,0.119,0.5573186925434116,0.2538963904045672
1234,EXOSC1--RRP12,Bridges,IPR025721|IPR012978,0.07863828701853767,Myeloid,1,0.227,0.6829363517060367,0.1656197698044191
2478,NIF3L1--NIF3L1,No Annotation,,0.07863432162407127,Lymphoid,1,0.214,0.6762164024810475,0.16991429908250516
1356,FHIT--FHIT,No Change,IPR011146,0.07826299038574314,Lung,1,0.199,0.6611702898550724,0.17968666998549
4291,VOPP1--CADM2,No Change,IPR003598|IPR003585,0.07820265861191524,Bladder/Urinary Tract,1,0.175,0.6364037854889589,0.1962672457255242
2956,PTEN--PRDX3,Reintroduction,IPR019479,0.07817868190110186,Breast,1,0.206,0.6665561044460127,0.17616328987226715
965,DDX39B--CSNK2A1,Reinforcement,IPR014014|IPR011545|IPR000719,0.07809878604133015,Myeloid,1,0.233,0.6864299424184261,0.16340378060300415
99,AGAP3--BRAF,No Change,IPR000719,0.07799445105147501,Skin,1,0.203,0.664825,0.1772926577589852
3955,TMEM135--DLG2,Bridges,IPR031926|IPR001478|IPR019583|IPR001478|IPR001452|IPR008144,0.07769043097195792,Lung,1,0.193,0.6598844146159583,0.18053212883778524
3299,RRP8--GMDS,No Annotation,,0.0776295066193316,Breast,1,0.186,0.651,0.18641901143180803
2270,MRTFA--CLDN1,No Annotation,,0.07760573393326664,Esophagus/Stomach,1,0.176,0.6364037854889589,0.1962672457255242
3932,TMA16--NPY5R,No Change,IPR017452,0.0775597932582746,Head and Neck,1,0.189,0.655,0.18375870000821692
3972,TMEM245--PRXL2C,No Annotation,,0.07751843937781627,Bone,1,0.215,0.6763732154996601,0.16981359887296069
1554,GORASP2--CDADC1,No Change,IPR024958,0.07742187196513486,CNS/Brain,1,0.211,0.6751116538729938,0.17062439509361188
3186,RFX2--C8orf33,No Annotation,,0.07734542333586583,Breast,1,0.214,0.6762164024810475,0.16991429908250516
962,DDX19A--DDX19B,No Change,IPR001650,0.07731124727094169,Breast,1,0.192,0.6598844146159583,0.18053212883778524
243,ARHGAP26--RNF130,No Change,IPR004148|IPR001849,0.07727982525217097,Kidney,1,0.213,0.6762164024810475,0.16991429908250516
2076,MADD--WAPL,Reintroduction,IPR005113|IPR001194|IPR005112|IPR056574,0.07719795452748243,Bowel,1,0.217,0.6763732154996601,0.16981359887296069
1565,GPC6--GPC5,No Annotation,,0.07717600198452915,Skin,1,0.203,0.664825,0.1772926577589852
2038,LRMDA--RNLS,No Annotation,,0.07700367378416186,Thyroid,1,0.192,0.6598844146159583,0.18053212883778524
4209,UGGT2--ATP6V0D1,No Change,IPR040693|IPR040694|IPR040692|IPR040525|IPR040497,0.07697900474119107,Head and Neck,1,0.194,0.6608395245170877,0.17990398995169207
2483,NIN--ALKBH1,No Change,IPR002048|IPR005123,0.076942781281328,Bone,1,0.24,0.6938209331651954,0.15875260126393909
863,CSNK1G1--PCLAF,No Annotation,,0.07691507415049624,Biliary Tract,1,0.196,0.6611702898550724,0.17968666998549
1042,DNAJC6--AK4,No Annotation,,0.07685393326967968,Head and Neck,1,0.209,0.672938904494382,0.1720243631837437
2946,PSMG2--DSG1,No Change,IPR002126|IPR002126|IPR002126|IPR002126|IPR000233,0.07679429891076975,Lung,1,0.2,0.6620938628158846,0.1790804377304462
2104,MAPK6--FBN1,No Change,IPR040872|IPR000742|IPR000742|IPR000742|IPR017878|IPR000742|IPR000742|IPR017878|IPR000742|IPR000742|IPR000742|IPR000742|IPR000742|IPR017878|IPR000742|IPR000742|IPR000742|IPR017878|IPR000742|IPR017878|IPR000742|IPR000742|IPR000742|IPR000742|IPR000742|IPR000742|IPR000742|IPR000742|IPR000742|IPR000742|IPR000742|IPR000742|IPR017878|IPR000742|IPR000742|IPR017878|IPR000742|IPR000742|IPR000742|IPR000742|IPR000742|IPR000742|IPR000742|IPR017878|IPR000742|IPR000742|IPR000742|IPR000742|IPR000742|IPR017878|IPR000742|IPR000742|IPR000742|IPR000742|IPR000742|IPR000742|IPR000742,0.07675820283130871,CNS/Brain,1,0.188,0.6535102350265353,0.18474760627664555
2105,MAPK6--FBN1,Reintroduction,IPR000742|IPR000742|IPR000742|IPR017878|IPR000742|IPR000742|IPR017878|IPR000742|IPR000742|IPR000742|IPR000742|IPR000742|IPR017878|IPR000742|IPR000742|IPR000742|IPR017878|IPR000742|IPR017878|IPR000742|IPR000742|IPR000742|IPR000742|IPR000742|IPR000742|IPR000742|IPR000742|IPR000742|IPR000742|IPR000742|IPR000742|IPR017878|IPR000742|IPR000742|IPR017878|IPR000742|IPR000742|IPR000742|IPR000742|IPR000742|IPR000742|IPR000742|IPR017878|IPR000742|IPR000742|IPR000742|IPR000742|IPR000742|IPR017878|IPR000742|IPR000742|IPR000742|IPR000742|IPR000742|IPR000742|IPR000742,0.07675820283130871,CNS/Brain,1,0.199,0.6611702898550724,0.17968666998549
1408,FOXP1--PROK2,No Annotation,,0.076613615662358,Breast,2,0.15,0.600130890052356,0.22175401856965007
3747,SYNE1--AZIN1,Bridges,IPR001715|IPR001715|IPR022644,0.07660727963073855,Soft Tissue,1,0.175,0.6364037854889589,0.1962672457255242
820,CPNE8--TBK1,Reinforcement,IPR000008|IPR041309,0.0763828006635752,Skin,1,0.19,0.6569758672699849,0.18245058310988546
819,CPNE8--TBK1,Reinforcement,IPR000008|IPR000008|IPR041309,0.0763828006635752,Skin,1,0.206,0.6665561044460127,0.17616328987226715
818,CPNE8--TBK1,Reinforcement,IPR000008|IPR000008|IPR041087|IPR041309,0.0763828006635752,Skin,1,0.208,0.6716056338028168,0.1728856694142551
912,CWC27--ADAMTS6,Reinforcement,IPR002130|IPR041645|IPR045371|IPR010294|IPR010909,0.07625734612012533,Pancreas,1,0.176,0.6364037854889589,0.1962672457255242
1527,GMDS--FKBP5,No Annotation,,0.07599167179399127,Lymphoid,1,0.231,0.6837540348612008,0.16510009786102178
31,ACER3--CHKA,No Annotation,,0.07581245671020534,Ovary/Fallopian Tube,1,0.201,0.6634881209503241,0.17816684831108676
3936,TMCC3--TMCC3,No Annotation,,0.07576812052972319,Skin,1,0.213,0.6762164024810475,0.16991429908250516
3350,SCAMP2--WDR72,No Change,IPR057848,0.07569733158418473,Lung,2,0.147,0.5959283819628648,0.22480593017123923
4123,TSPAN5--ADH4,No Change,IPR013154|IPR013149,0.07562797184469691,Peripheral Nervous System,1,0.233,0.6864299424184261,0.16340378060300415
3636,SRPK2--PUS7,No Annotation,,0.07555885916764457,Uterus,1,0.227,0.6829363517060367,0.1656197698044191
1994,LEPROT--KIF3C,No Annotation,,0.07533616667900733,Lung,1,0.202,0.6643974175035868,0.17757206430932693
738,CLTC--VMP1,No Change,IPR015348,0.0753131747403325,Skin,1,0.202,0.6643974175035868,0.17757206430932693
4249,UST--SASH1,Reintroduction,IPR021090|IPR001452|IPR001660|IPR058666|IPR001660,0.07530268147371426,Skin,2,0.157,0.6136786018755328,0.21205901970025562
1111,EGFR--CDC6,Reinforcement,IPR000494|IPR006211|IPR000494|IPR032778|IPR049328|IPR000719|IPR054425|IPR015163,0.07526571889537897,Esophagus/Stomach,1,0.19,0.6569758672699849,0.18245058310988546
4475,ZNF184--PPP2R5D,No Annotation,,0.0751094946143019,Esophagus/Stomach,1,0.204,0.6657224199288255,0.17670681680916012
1620,GUSB--ITPRID1,Bridges,IPR006104|IPR006102|IPR029326,0.07504690087911042,Liver,1,0.189,0.655,0.18375870000821692
3431,SIRT2--RYR1,No Change,IPR005821,0.07485534615129213,Bone,1,0.202,0.6643974175035868,0.17757206430932693
1703,HOATZ--BTG4,No Change,IPR002087,0.07484101701500168,Lymphoid,4,0.105,0.5373046874999999,0.26977937058614726
3039,R3HDM2--NFE2,No Change,IPR004826,0.07480735083869931,Lung,1,0.2,0.6620938628158846,0.1790804377304462
3164,RCN1--DNAJC24,Reinforcement,IPR002048|IPR007872,0.07479822922009266,Lung,1,0.202,0.6643974175035868,0.17757206430932693
2357,NADK2--RANBP3L,No Change,IPR000156,0.07476545926791206,Lymphoid,1,0.236,0.6894955583756345,0.16146852713739276
2869,PPP4R3B--PNPT1,Bridges,IPR055236|IPR006887|IPR001247|IPR015847|IPR015848|IPR001247|IPR004087|IPR003029,0.07470433129934514,Esophagus/Stomach,1,0.199,0.6611702898550724,0.17968666998549
4080,TRAPPC10--AGPAT3,No Annotation,,0.07467990274628006,Kidney,1,0.223,0.6822916666666667,0.1660299330477853
3876,TENM3--TENM3,Reinforcement,IPR009471|IPR057629|IPR000742|IPR000742|IPR000742|IPR000742|IPR000742|IPR000742|IPR000742|IPR000742|IPR056820|IPR057627|IPR056822|IPR028916,0.07459543382784285,Uterus,1,0.216,0.6763732154996601,0.16981359887296069
3594,SPAG9--NME1,No Change,IPR034743,0.07439410705596138,Lymphoid,1,0.217,0.6763732154996601,0.16981359887296069
3593,SPAG9--NME1,Bridges,IPR034743|IPR034907,0.07439410705596138,Lymphoid,1,0.215,0.6763732154996601,0.16981359887296069
2339,MYO1D--CADPS,Reinforcement,IPR001609|IPR001849|IPR010439|IPR010439,0.0743628430291136,Bone,1,0.219,0.678456081081081,0.1684782605487992
1347,FGFR2--COL14A1,No Change,IPR003598|IPR003598|IPR003598,0.0743098661450105,CNS/Brain,1,0.196,0.6611702898550724,0.17968666998549
1006,DIAPH1--PCDHGB1,Reinforcement,IPR010473|IPR010472|IPR031904,0.07407872953240437,CNS/Brain,1,0.218,0.6776474576271186,0.16899618670353708
189,ANOS1--BMX,No Change,IPR001849|IPR000980|IPR000719,0.07404538674074891,Head and Neck,1,0.21,0.6751116538729938,0.17062439509361188
3959,TMEM178B--NDUFB2,No Annotation,,0.07404216901371824,Bowel,1,0.235,0.6880427841634738,0.16238455544414848
3540,SMG5--INSRR,Reinforcement,IPR019458|IPR018834|IPR000719,0.07401684411592535,Ovary/Fallopian Tube,1,0.186,0.651,0.18641901143180803
4568,ZNF865--NLRP4,No Change,IPR004020|IPR007111|IPR041075|IPR041267,0.07391499964246981,Ovary/Fallopian Tube,1,0.222,0.680394385026738,0.167239279071764
434,BMPR1B--ANXA5,No Annotation,,0.07381941923344847,Lung,1,0.191,0.6598844146159583,0.18053212883778524
2557,NUFIP2--PROCR,No Annotation,,0.07377182024083387,Uterus,1,0.227,0.6829363517060367,0.1656197698044191
97,AFF4--ZCCHC10,No Annotation,,0.07364277575956962,Esophagus/Stomach,1,0.17,0.6317767929089445,0.19943633110053602
535,CARS1--ATL1,No Change,IPR032678,0.07346738899807714,Lung,1,0.198,0.6611702898550724,0.17968666998549
4240,USP45--OPN3,No Change,IPR001607,0.0732099368619962,Pleura,1,0.227,0.6829363517060367,0.1656197698044191
113,AK4--DNAJC6,No Change,IPR000387|IPR014020|IPR001623,0.07294041419369844,Liver,1,0.214,0.6762164024810475,0.16991429908250516
1937,KSR1--MPP3,Reinforcement,IPR046861|IPR002219|IPR004172|IPR004172|IPR001478|IPR001452|IPR008144,0.07291036961682668,Lung,1,0.193,0.6598844146159583,0.18053212883778524
1167,ENTR1--ENTR1,No Annotation,,0.07290279941675852,Lung,1,0.194,0.6608395245170877,0.17990398995169207
615,CDC7--LHX8,Reintroduction,IPR001781|IPR001356,0.07276140250195418,Soft Tissue,1,0.229,0.6834413480233312,0.16529875003951547
4265,VAV2--DEUP1,Bridges,IPR001715|IPR031470|IPR057656,0.07263337758583109,Esophagus/Stomach,1,0.23,0.6834413480233312,0.16529875003951547
1587,GRIP1--METAP2,No Change,IPR000994,0.07258244588012985,Soft Tissue,1,0.222,0.680394385026738,0.167239279071764
2186,METTL16--SMG6,No Change,IPR002716,0.0725453384177277,Lymphoid,1,0.257,0.7167548661800487,0.14462934986669715
1622,H1-7--STAP2,No Change,IPR000980,0.07252242820875819,Lung,1,0.237,0.6894955583756345,0.16146852713739276
1788,IPO8--ASPSCR1,No Change,IPR001012,0.07243719813487604,Uterus,1,0.234,0.6864299424184261,0.16340378060300415
318,ATG7--SLC6A11,Reintroduction,IPR032197,0.07228170019207637,Uterus,1,0.211,0.6751116538729938,0.17062439509361188
3701,STRN3--SHFL,No Annotation,,0.07190140758046437,Pancreas,1,0.221,0.6791454423592493,0.1680372094454994
1286,FANCC--FANCC,No Annotation,,0.07189328365412762,Head and Neck,1,0.216,0.6763732154996601,0.16981359887296069
2797,PLXNB2--NFAM1,No Annotation,,0.07179976781518813,Skin,1,0.201,0.6634881209503241,0.17816684831108676
3288,RPS6KB1--VMP1,No Annotation,,0.07170027313947357,Esophagus/Stomach,1,0.209,0.672938904494382,0.1720243631837437
4150,TWSG1--IMPA2,No Annotation,,0.07157254779682833,Peripheral Nervous System,1,0.212,0.675952712100139,0.17008368511207256
4584,ZZZ3--PIGK,No Annotation,,0.07144879364800462,Thyroid,1,0.199,0.6611702898550724,0.17968666998549
1248,FA2H--FA2H,No Change,IPR006694,0.0714465812284751,Skin,2,0.171,0.6317767929089445,0.19943633110053602
2919,PRPF40B--ANO6,No Change,IPR001202|IPR001202|IPR002713|IPR002713|IPR002713|IPR002713|IPR002713|IPR002713,0.07136420606780741,Soft Tissue,1,0.196,0.6611702898550724,0.17968666998549
3125,RASSF3--INVS,No Annotation,,0.0713024746116771,Skin,1,0.2,0.6620938628158846,0.1790804377304462
4230,USP34--XPO1,Bridges,IPR056850|IPR013598|IPR014877,0.07129193648809783,Breast,1,0.223,0.6822916666666667,0.1660299330477853
3336,SAV1--NIN,No Annotation,,0.07112718709490165,Lung,1,0.199,0.6611702898550724,0.17968666998549
2393,NCLN--GNA11,No Annotation,,0.07107424579174376,Soft Tissue,1,0.224,0.6822916666666667,0.1660299330477853
2399,NCOA3--EYA2,No Annotation,,0.07103315413657517,Bowel,1,0.226,0.6829363517060367,0.1656197698044191
2419,NDUFAF6--SPTB,No Annotation,,0.07075238819896856,Lung,1,0.23,0.6834413480233312,0.16529875003951547
2827,POU6F1--SLC6A15,No Annotation,,0.07071455824263391,Soft Tissue,1,0.226,0.6829363517060367,0.1656197698044191
1060,DPY30--EIF2AK3,No Change,IPR000719,0.07045660659401311,Peripheral Nervous System,1,0.253,0.7129717271051015,0.14692769175500092
2507,NOS1AP--ATF6,No Change,IPR004827,0.07043338183622927,Esophagus/Stomach,1,0.255,0.7142180818570556,0.14616915897194638
2732,PHLPP2--TXNL4B,No Annotation,,0.0702334870706593,Skin,1,0.22,0.6791454423592493,0.1680372094454994
4369,XRRA1--GNE,No Annotation,,0.07009142861960807,Liver,1,0.212,0.675952712100139,0.17008368511207256
3827,TBCD--SCARA5,No Change,IPR001190,0.07001655463591176,Skin,1,0.247,0.7051650062266501,0.15170924767695648
2559,NUMB--COL4A1,No Change,IPR001442,0.06982085797736864,Ovary/Fallopian Tube,1,0.234,0.6864299424184261,0.16340378060300415
524,CAPZA2--MET,No Annotation,,0.06969875838311355,Kidney,1,0.271,0.7300440658049354,0.1366509248681234
3629,SRGAP1--CHD1L,Reinforcement,IPR001060|IPR002589,0.06967975748034663,Soft Tissue,1,0.214,0.6762164024810475,0.16991429908250516
727,CLPX--CCDC171,No Annotation,,0.06957501017246195,CNS/Brain,1,0.193,0.6598844146159583,0.18053212883778524
1647,HECTD1--MDGA2,No Annotation,,0.06947253185309886,Esophagus/Stomach,1,0.205,0.6665561044460127,0.17616328987226715
2015,LNPK--LNPK,No Change,IPR019273,0.06944666225003318,Soft Tissue,1,0.225,0.6822916666666667,0.1660299330477853
2253,MRPL13--FGFR2,No Annotation,,0.06934182175693474,Bowel,1,0.221,0.6791454423592493,0.1680372094454994
165,ANKRD11--ZNF778,No Annotation,,0.06929893151504948,Lung,1,0.22,0.6791454423592493,0.1680372094454994
600,CD276--TBC1D20,No Change,IPR000195,0.06928070085607299,Soft Tissue,1,0.228,0.6834413480233312,0.16529875003951547
4429,ZDHHC7--ABCB9,No Change,IPR011527|IPR003439,0.06927922567012593,Prostate,1,0.227,0.6829363517060367,0.1656197698044191
4117,TSEN15--TTC33,No Annotation,,0.06922468077206287,Breast,1,0.204,0.6657224199288255,0.17670681680916012
1874,KHDC1--PRKN,No Change,IPR002867|IPR002867,0.06920123600751038,Pleura,1,0.206,0.6665561044460127,0.17616328987226715
3571,SOCS6--PIGN,No Annotation,,0.06920007850904138,Eye,1,0.192,0.6598844146159583,0.18053212883778524
3348,SCAI--PSMB7,No Change,IPR024689,0.06891942872192794,Ovary/Fallopian Tube,1,0.198,0.6611702898550724,0.17968666998549
4204,UBR5--ENPP2,Reinforcement,IPR024725|IPR003126|IPR001212|IPR001212|IPR001604,0.06891715912069352,Thyroid,1,0.198,0.6611702898550724,0.17968666998549
2708,PFN2--PFN2,No Annotation,,0.06887494711197181,Pancreas,1,0.217,0.6763732154996601,0.16981359887296069
403,BCAS3--TG,Bridges,IPR048382|IPR022175|IPR000716|IPR000716|IPR000716|IPR000716|IPR000716|IPR000716|IPR000716|IPR000716|IPR000716|IPR000716|IPR011641|IPR000716|IPR002018,0.06881377097377521,Breast,1,0.201,0.6634881209503241,0.17816684831108676
3254,RNF8--TBC1D22B,No Change,IPR000253,0.06872803946424398,Bone,1,0.24,0.6938209331651954,0.15875260126393909
3799,TAS1R1--ACOT7,Reinforcement,IPR001828|IPR011500|IPR017978|IPR006683,0.06868926899544565,Lymphoid,1,0.242,0.6974041483343809,0.15651547366011034
1199,ERC2--RBMS3,No Change,IPR000504|IPR000504,0.06866836151548973,Head and Neck,1,0.214,0.6762164024810475,0.16991429908250516
223,APIP--SLC1A2,No Annotation,,0.06861150342007058,Bowel,1,0.248,0.7053846153846153,0.15157401663681574
469,C12orf56--GRIP1,No Change,IPR001478|IPR001478,0.06852929164231217,Bladder/Urinary Tract,1,0.193,0.6598844146159583,0.18053212883778524
645,CELSR1--SOX10,Reintroduction,IPR002126|IPR002126|IPR002126|IPR002126|IPR002126|IPR002126|IPR002126,0.0685057987175132,Skin,1,0.239,0.6926769911504425,0.15946923820748019
574,CCDC91--ASIC2,No Annotation,,0.06846289438918304,Esophagus/Stomach,1,0.203,0.664825,0.1772926577589852
3816,TBC1D2B--PTPRR,Reinforcement,IPR001849|IPR000195|IPR059011|IPR000242,0.06845700232450648,Biliary Tract,1,0.217,0.6763732154996601,0.16981359887296069
1751,IL1RAPL2--TCEAL3,No Annotation,,0.06839076164658484,Ovary/Fallopian Tube,1,0.208,0.6716056338028168,0.1728856694142551
3606,SPECC1L--ADCY2,No Annotation,,0.06830753472395049,Bowel,1,0.234,0.6864299424184261,0.16340378060300415
2885,PPWD1--NLN,No Annotation,,0.06829978688346938,Skin,2,0.195,0.6611702898550724,0.17968666998549
4253,UVRAG--ATM,Reinforcement,IPR000008|IPR003151|IPR000403|IPR003152,0.0681921164195721,Esophagus/Stomach,1,0.194,0.6608395245170877,0.17990398995169207
3141,RBM47--APBB2,No Change,IPR006020,0.06795618673688093,Ovary/Fallopian Tube,2,0.193,0.6598844146159583,0.18053212883778524
2902,PRKCI--ERICH6,Bridges,IPR000270|IPR002219|IPR000719|IPR029281,0.06787489508955313,Lung,1,0.204,0.6657224199288255,0.17670681680916012
1050,DOCK4--IMMP2L,Reintroduction,IPR001452|IPR032376|IPR027007,0.06785041558998971,Skin,2,0.167,0.6281337161607876,0.2019478944647587
2964,PTK2--PTK2,No Change,IPR000299|IPR000719|IPR005189,0.06780059635819202,Lung,1,0.234,0.6864299424184261,0.16340378060300415
1540,GNG7--PALM,No Annotation,,0.06776891270441836,Skin,1,0.235,0.6880427841634738,0.16238455544414848
798,COQ2--ABRAXAS1,No Annotation,,0.06775094488955082,Breast,1,0.243,0.6998461055276382,0.15499744979729818
3306,RTEL1--ZNF429,No Change,IPR006554,0.06765637482499891,Peripheral Nervous System,1,0.226,0.6829363517060367,0.1656197698044191
1202,ERI3--ST3GAL3,No Annotation,,0.06765433927081005,Lung,1,0.207,0.6693194640338505,0.1743665453840901
3676,STAT3--STAT5B,No Change,IPR013799|IPR013800|IPR013801|IPR048988|IPR000980,0.06747801067847287,Biliary Tract,1,0.218,0.6776474576271186,0.16899618670353708
942,DCST2--SMCP,No Annotation,,0.06747774336212278,Biliary Tract,1,0.222,0.680394385026738,0.167239279071764
4490,ZNF331--ANO1,No Change,IPR032394|IPR049452,0.06724769224165487,Breast,1,0.224,0.6822916666666667,0.1660299330477853
3838,TBX4--LUC7L2,No Change,IPR046360,0.06685772305210355,Breast,1,0.197,0.6611702898550724,0.17968666998549
47,ACTN4--SIRT2,No Change,IPR001715|IPR001715,0.06684736426422098,Ovary/Fallopian Tube,1,0.214,0.6762164024810475,0.16991429908250516
2596,OSBPL3--ELMO1,No Change,IPR024574|IPR006816|IPR001849,0.06681097885446072,CNS/Brain,1,0.224,0.6822916666666667,0.1660299330477853
2623,PACSIN2--TTLL1,No Annotation,,0.0664581507975059,Breast,1,0.248,0.7053846153846153,0.15157401663681574
4487,ZNF292--SYNCRIP,No Annotation,,0.06631499427627069,Bladder/Urinary Tract,1,0.232,0.6849452672247264,0.16434413083161895
2610,OXTR--SSUH2,No Change,IPR001305,0.0661736266611341,Esophagus/Stomach,1,0.23,0.6834413480233312,0.16529875003951547
3462,SLC25A46--TMEM232,No Annotation,,0.06607339402015205,Eye,2,0.194,0.6608395245170877,0.17990398995169207
1237,EXT1--DCTN6,No Annotation,,0.06604865590016862,Lung,1,0.203,0.664825,0.1772926577589852
2335,MYL12A--MYOM1,No Change,IPR003599|IPR003598|IPR003598,0.06601114212821024,Pleura,1,0.232,0.6849452672247264,0.16434413083161895
2334,MYL12A--MYOM1,No Change,IPR003598|IPR003598,0.06601114212821024,Pleura,1,0.232,0.6849452672247264,0.16434413083161895
3381,SEMA5A--PLEKHG4B,No Change,IPR000219|IPR001849,0.06589135914821875,Peripheral Nervous System,1,0.244,0.7009649122807017,0.15430372066994136
4299,VPS45--PLEKHO1,No Annotation,,0.0658613035301677,Lymphoid,1,0.245,0.702078125,0.15361455828535242
3185,RFWD3--MLKL,No Annotation,,0.06585708824708951,Head and Neck,1,0.215,0.6763732154996601,0.16981359887296069
909,CUX1--HBP1,Reinforcement,IPR057476|IPR009071,0.06584293681508852,Esophagus/Stomach,1,0.221,0.6791454423592493,0.1680372094454994
1310,FBXL7--CTNND2,No Annotation,,0.06573413647998909,CNS/Brain,1,0.225,0.6822916666666667,0.1660299330477853
698,CHST15--CPXM2,No Change,IPR000421|IPR000834,0.06561772284165682,Lymphoid,1,0.258,0.7186695018226003,0.14347078490698098
1812,ITPR1--AKAP13,No Change,IPR001849,0.06558803669497068,Lymphoid,1,0.225,0.6822916666666667,0.1660299330477853
2527,NRP1--ITGB1,Reinforcement,IPR000859|IPR000859|IPR040622|IPR057073|IPR013111|IPR012896|IPR014836,0.06555964454712433,Esophagus/Stomach,1,0.221,0.6791454423592493,0.1680372094454994
4485,ZNF266--TMEM132D,Reintroduction,IPR031437|IPR055423|IPR055424|IPR031436,0.06553867585687942,Breast,1,0.231,0.6837540348612008,0.16510009786102178
4257,UVRAG--NUDT3,No Change,IPR000008,0.06549715810893761,Breast,1,0.216,0.6763732154996601,0.16981359887296069
1722,HYDIN--FBLN1,Reinforcement,IPR053879|IPR053879|IPR000020|IPR000020|IPR000742|IPR000742|IPR000742|IPR000742|IPR000742|IPR000742|IPR000742|IPR000742|IPR000742|IPR055088,0.0654629105145364,CNS/Brain,1,0.232,0.6849452672247264,0.16434413083161895
3090,RAI1--NOL4,No Change,IPR056549,0.06545458805869121,Ovary/Fallopian Tube,1,0.239,0.6926769911504425,0.15946923820748019
1951,LAMC1--LAMC2,Reinforcement,IPR008211|IPR002049|IPR000742|IPR000742|IPR000742|IPR000034|IPR002049|IPR000742|IPR000742|IPR000742|IPR000742,0.06528450787288503,Cervix,1,0.173,0.634564,0.1975245698732211
4390,ZBED6--ZBED6,No Change,IPR003656|IPR003656|IPR008906,0.06527245682390384,Bone,1,0.266,0.7275192421551213,0.13815551553617997
4044,TP53--VAV1,No Annotation,,0.06519506862138037,Bone,1,0.26,0.7203021148036255,0.1424853101348796
634,CDK5RAP2--STOM,Reintroduction,IPR012943,0.06512671746164313,Esophagus/Stomach,1,0.215,0.6763732154996601,0.16981359887296069
4493,ZNF343--TGM6,Reintroduction,IPR002931|IPR008958|IPR008958,0.06501380890716582,Soft Tissue,1,0.26,0.7203021148036255,0.1424853101348796
896,CTSC--CTSC,No Change,IPR014882|IPR000668,0.06499182010499648,Pancreas,1,0.212,0.675952712100139,0.17008368511207256
264,ARID2--ITGA5,No Change,IPR013649|IPR048285|IPR048286,0.0649830959512827,CNS/Brain,1,0.241,0.6958343828715365,0.15749411551016917
2487,NIPBL--CPLANE1,No Annotation,,0.06493753145676072,Lung,1,0.211,0.6751116538729938,0.17062439509361188
393,BCAN--FLG2,No Change,IPR013787|IPR002048,0.06486327123514112,Lymphoid,1,0.255,0.7142180818570556,0.14616915897194638
1443,FRY--CYBRD1,Reintroduction,IPR025614|IPR029473|IPR029473,0.06480949993533641,CNS/Brain,1,0.226,0.6829363517060367,0.1656197698044191
3713,STXBP4--TOM1L1,No Annotation,,0.0647675724488187,Breast,1,0.264,0.7265546218487395,0.1387317301948978
2071,LYN--NCOA2,Reinforcement,IPR001452|IPR000980|IPR011598|IPR000014|IPR014935|IPR032565|IPR014920|IPR010011,0.06476750553778754,Liver,1,0.219,0.678456081081081,0.1684782605487992
2397,NCOA2--LYN,No Annotation,,0.06476750553778754,Liver,1,0.234,0.6864299424184261,0.16340378060300415
2019,LOXL2--PHLDB2,No Change,IPR001849,0.06474881817406059,Liver,1,0.217,0.6763732154996601,0.16981359887296069
2578,NXF3--NXF3,No Change,IPR015245|IPR057125|IPR002075,0.06460807538848297,Lung,1,0.227,0.6829363517060367,0.1656197698044191
622,CDH13--HYDIN,Reintroduction,IPR033768|IPR053879|IPR053879,0.06451355834603523,Cervix,1,0.193,0.6598844146159583,0.18053212883778524
2154,MEAF6--SCMH1,No Change,IPR033763|IPR021987|IPR001660,0.06444471784159972,Lung,1,0.227,0.6829363517060367,0.1656197698044191
2263,MRPL48--PICK1,No Change,IPR001478|IPR010504,0.06436063655597743,Ovary/Fallopian Tube,1,0.229,0.6834413480233312,0.16529875003951547
1067,DST--DST,No Change,IPR001715|IPR001715|IPR001452|IPR041573|IPR002048|IPR003108,0.0642670234150712,Bowel,1,0.266,0.7275192421551213,0.13815551553617997
3491,SLC5A3--DYNAP,No Annotation,,0.06424235451633326,Lung,1,0.245,0.702078125,0.15361455828535242
4219,UPP1--UPP1,No Annotation,,0.06412206963940166,CNS/Brain,1,0.255,0.7142180818570556,0.14616915897194638
3459,SLC25A40--ABCB1,No Change,IPR011527|IPR003439|IPR011527|IPR003439,0.06399492884187191,Peripheral Nervous System,1,0.244,0.7009649122807017,0.15430372066994136
473,C1GALT1--FSCN1,Reintroduction,IPR022768,0.06386395812327858,Soft Tissue,1,0.253,0.7129717271051015,0.14692769175500092
3910,THRAP3--TEKT2,No Annotation,,0.06385232382558795,Pancreas,1,0.23,0.6834413480233312,0.16529875003951547
1784,IP6K1--UBA7,No Change,IPR000594|IPR000594|IPR018965,0.06380649011695663,Soft Tissue,1,0.252,0.7123427866831074,0.14731096908755317
2552,NUDCD3--ANKIB1,No Change,IPR025934,0.06373690890583228,Biliary Tract,1,0.219,0.678456081081081,0.1684782605487992
321,ATM--DPP3,No Annotation,,0.06373223121916746,Esophagus/Stomach,1,0.23,0.6834413480233312,0.16529875003951547
4283,VIP--CRYBG1,No Change,IPR001064|IPR001064|IPR001064|IPR001064|IPR001064|IPR001064|IPR000772,0.06362350195922216,Bone,1,0.261,0.7221997585998793,0.1413426610750159
3612,SPIDR--SLC66A1,No Annotation,,0.06346768564169797,Thyroid,1,0.219,0.678456081081081,0.1684782605487992
4514,ZNF552--SMAD2,No Change,IPR003619|IPR001132,0.06332295467683442,Bone,1,0.256,0.7148355663824605,0.14579384746553248
2593,ORC4--STAM2,No Change,IPR001452,0.06311459112736001,Soft Tissue,1,0.247,0.7051650062266501,0.15170924767695648
955,DDHD2--STC1,No Change,IPR004170|IPR057825|IPR001660|IPR004177,0.06303316430001951,Lung,1,0.23,0.6834413480233312,0.16529875003951547
2911,PRMT3--NAV2,Reinforcement,IPR013087|IPR049482|IPR057126|IPR003593|IPR057568,0.06295648270220836,Lung,1,0.221,0.6791454423592493,0.1680372094454994
132,ALKBH8--RAB39A,Reintroduction,IPR015095|IPR000504,0.06285272676219425,Prostate,1,0.27,0.7286344908769865,0.13749027470401837
1559,GPAT4--LEPROTL1,No Annotation,,0.06284337728334499,Lung,1,0.225,0.6822916666666667,0.1660299330477853
1665,HIP1R--CFAP251,No Change,IPR011417|IPR032422|IPR002558,0.06272809163709941,Soft Tissue,1,0.245,0.702078125,0.15361455828535242
1146,ELOVL5--KLHL31,No Annotation,,0.062412179988272386,Breast,1,0.262,0.7227858002406738,0.14099038812230685
3847,TCF12--TCF12,Reinforcement,IPR011598|IPR011598,0.062357971109575513,Lung,1,0.221,0.6791454423592493,0.1680372094454994
1368,FHOD3--ZCCHC7,No Change,IPR001878|IPR001878|IPR001878|IPR001878,0.062196776318907465,Pancreas,1,0.217,0.6763732154996601,0.16981359887296069
1876,KHDRBS3--KHDRBS3,No Change,IPR032571|IPR004087|IPR032335,0.062155198713256955,Lymphoid,1,0.26,0.7203021148036255,0.1424853101348796
2446,NF1--INA,No Annotation,,0.0621542778387624,Esophagus/Stomach,1,0.211,0.6751116538729938,0.17062439509361188
936,DCAF5--ZFYVE26,No Change,IPR000306|IPR057946,0.062118829577969326,Esophagus/Stomach,1,0.224,0.6822916666666667,0.1660299330477853
1162,EMX2--ASAH2,Bridges,IPR001356|IPR031331,0.06209817716837071,Pleura,1,0.248,0.7053846153846153,0.15157401663681574
3281,RPS6KA5--ZBP1,Reintroduction,IPR042371,0.06203568586921282,Esophagus/Stomach,1,0.256,0.7148355663824605,0.14579384746553248
3886,TEX10--ECM2,Reintroduction,IPR024679,0.06196948788193117,Thyroid,1,0.245,0.702078125,0.15361455828535242
1847,KAT6B--DDX50,Reinforcement,IPR048589|IPR005818|IPR011545|IPR001650|IPR059027|IPR012562,0.061927621955116426,Pancreas,1,0.217,0.6763732154996601,0.16981359887296069
1103,EEPD1--CAMK2B,Reinforcement,IPR003583|IPR003583|IPR003583|IPR013543,0.061902307598990514,Lung,1,0.255,0.7142180818570556,0.14616915897194638
2004,LIN9--PARP1,Bridges,IPR033471|IPR001510|IPR049296|IPR012982|IPR001357|IPR008893|IPR004102|IPR012317,0.06183425332854518,Lung,1,0.228,0.6834413480233312,0.16529875003951547
2152,ME3--TAFA2,No Annotation,,0.061804804137914636,Bone,1,0.267,0.7275192421551213,0.13815551553617997
1926,KPNA1--ADCY5,No Change,IPR001054,0.06177009187670103,CNS/Brain,1,0.216,0.6763732154996601,0.16981359887296069
2011,LMNTD2--SLC1A2,No Change,IPR001322,0.06173400104720339,Bowel,1,0.279,0.7385767898383373,0.1316043444016903
3202,RGS5--TSPAN8,No Annotation,,0.061732488629201554,Soft Tissue,1,0.25,0.7093131188118812,0.14916200776048985
4360,WWOX--VAT1L,No Change,IPR001202|IPR001202,0.06173097710334787,Lung,1,0.238,0.6910892970234325,0.16046583294574243
531,CARD11--SDK1,Reintroduction,IPR003598|IPR003961|IPR003961|IPR003961|IPR003961|IPR003961|IPR003961|IPR003961|IPR003961|IPR003961|IPR003961|IPR003961|IPR003961|IPR003961,0.06171001037594396,CNS/Brain,1,0.216,0.6763732154996601,0.16981359887296069
2652,PARP16--YWHAG,No Change,IPR041400|IPR012317,0.061541973298221885,Ovary/Fallopian Tube,1,0.25,0.7093131188118812,0.14916200776048985
4160,TYW1--TNPO3,Bridges,IPR001094|IPR013598,0.06153835129763008,Biliary Tract,1,0.235,0.6880427841634738,0.16238455544414848
3268,RPA1--TRAPPC10,No Annotation,,0.061504935673365076,Soft Tissue,1,0.242,0.6974041483343809,0.15651547366011034
1996,LIMA1--AQP2,No Annotation,,0.06135046389523834,Lymphoid,1,0.282,0.7396853546910754,0.13095297997298327
3461,SLC25A44--DAP3,No Annotation,,0.06129282929295082,Ovary/Fallopian Tube,1,0.237,0.6894955583756345,0.16146852713739276
253,ARHGEF12--POU2F3,No Change,IPR000327|IPR001356,0.06128518029886787,Soft Tissue,1,0.268,0.7275192421551213,0.13815551553617997
2711,PGGT1B--TRIM36,Reintroduction,IPR047066|IPR000315|IPR017903|IPR003961|IPR001870,0.0609260413172456,Pleura,1,0.262,0.7227858002406738,0.14099038812230685
734,CLTC--VMP1,No Annotation,,0.06081261210925626,Ovary/Fallopian Tube,1,0.253,0.7129717271051015,0.14692769175500092
1782,IP6K1--CAMKV,No Change,IPR000719,0.06081226934812808,Skin,1,0.222,0.680394385026738,0.167239279071764
1785,IPO11--KIAA0825,No Change,IPR001494,0.060786087410946515,Liver,1,0.24,0.6938209331651954,0.15875260126393909
2284,MSL2--GSK3B,No Annotation,,0.06067187735150413,Biliary Tract,1,0.237,0.6894955583756345,0.16146852713739276
2285,MSL2--GSK3B,No Change,IPR001841,0.06067187735150413,Biliary Tract,1,0.25,0.7093131188118812,0.14916200776048985
2162,MED15--TEF,Bridges,IPR019087|IPR004827,0.06063914482010638,Myeloid,1,0.27,0.7286344908769865,0.13749027470401837
3345,SCAF11--DENND5B,Reintroduction,IPR001194|IPR005112|IPR004012|IPR001024|IPR004012,0.0606033086575266,Skin,1,0.231,0.6837540348612008,0.16510009786102178
4508,ZNF529--COX7A1,No Annotation,,0.060547594620054955,Liver,1,0.254,0.7140343347639485,0.14628090441429784
601,CD44--PAMR1,No Change,IPR000742|IPR000859|IPR000742|IPR000436|IPR000436|IPR001254,0.060546879879803006,Esophagus/Stomach,1,0.237,0.6894955583756345,0.16146852713739276
2620,PACSIN2--MCAT,No Annotation,,0.06043547570396838,Esophagus/Stomach,1,0.228,0.6834413480233312,0.16529875003951547
4200,UBOX5--PTPRA,No Change,IPR000242|IPR000242,0.06042545270886459,Lymphoid,1,0.28,0.7395161290322582,0.13105234949221392
1594,GSK3A--GRIK5,No Change,IPR001828|IPR001320,0.06041303421696543,Lung,1,0.225,0.6822916666666667,0.1660299330477853
1402,FOXJ3--RIMKLA,No Change,IPR011761,0.06039949042460846,Head and Neck,1,0.254,0.7140343347639485,0.14628090441429784
638,CDKN2A--MTAP,No Annotation,,0.06026117568865688,CNS/Brain,1,0.234,0.6864299424184261,0.16340378060300415
222,APH1A--CCDC178,No Annotation,,0.060257856098568124,Esophagus/Stomach,1,0.234,0.6864299424184261,0.16340378060300415
296,ASCC1--MICU1,Reinforcement,IPR004088|IPR002048,0.06019913834300727,Lung,1,0.253,0.7129717271051015,0.14692769175500092
4319,WDCP--ADCY3,No Change,IPR001054,0.05998792133246099,Liver,1,0.246,0.704063670411985,0.15238806463879984
4424,ZDHHC20--MYO16,No Change,IPR001609|IPR039482|IPR029353,0.05993749158432953,Breast,1,0.233,0.6864299424184261,0.16340378060300415
3418,SIK3--RNF214,No Change,IPR056872|IPR056870|IPR001841,0.059911637022046445,Esophagus/Stomach,1,0.231,0.6837540348612008,0.16510009786102178
158,ANKRD11--NSD2,No Change,IPR000313|IPR009071|IPR001841|IPR001841|IPR047441|IPR001965|IPR000313|IPR006560|IPR001214|IPR003616|IPR001965|IPR041306,0.05977102142056187,Breast,1,0.248,0.7053846153846153,0.15157401663681574
466,BTC--TBCK,No Annotation,,0.05943139039274127,Soft Tissue,1,0.242,0.6974041483343809,0.15651547366011034
1387,FLVCR1--CDC42BPA,No Change,IPR014930|IPR002219|IPR001849|IPR001180|IPR000095,0.059407022205618665,Esophagus/Stomach,1,0.224,0.6822916666666667,0.1660299330477853
1255,FAM110B--LYPLA1,No Annotation,,0.05935904510687358,Biliary Tract,1,0.251,0.7112700865265761,0.14796545578917542
1887,KIAA1958--MRRF,No Annotation,,0.05926351787807535,Esophagus/Stomach,1,0.224,0.6822916666666667,0.1660299330477853
1084,DZIP1L--TFDP2,No Change,IPR003316|IPR014889,0.05908852552139912,Uterus,1,0.267,0.7275192421551213,0.13815551553617997
1712,HS6ST2--GPC3,No Annotation,,0.05898746579966551,Breast,1,0.25,0.7093131188118812,0.14916200776048985
2220,MINDY3--DCLRE1C,Bridges,IPR025257|IPR011084,0.05894499194719209,Breast,1,0.217,0.6763732154996601,0.16981359887296069
4215,UNK--ZDHHC7,No Change,IPR001594,0.05893478868329995,Prostate,1,0.26,0.7203021148036255,0.1424853101348796
1952,LARP1B--TBCK,Reinforcement,IPR006630|IPR000195|IPR001763,0.05880723777321273,Bone,1,0.291,0.7509693593314763,0.12437778249614075
1088,E2F5--PDE4DIP,Reintroduction,IPR056273|IPR010630,0.05879163650097574,Soft Tissue,1,0.23,0.6834413480233312,0.16529875003951547
1115,EHBP1--KAT7,No Change,IPR002717,0.058736382795350414,Lymphoid,1,0.268,0.7275192421551213,0.13815551553617997
1191,EPS8--CSGALNACT1,No Annotation,,0.05861103626424648,Pleura,1,0.252,0.7123427866831074,0.14731096908755317
3776,TAF5L--LIN9,No Annotation,,0.058445784210514065,Breast,1,0.265,0.7271244763614602,0.13839123595054362
1539,GNG12--FGGY,No Annotation,,0.05835363137981544,Esophagus/Stomach,1,0.213,0.6762164024810475,0.16991429908250516
4186,UBE2Q2--VPS13B,Reinforcement,IPR006575|IPR009543,0.058353461385557547,Biliary Tract,1,0.23,0.6834413480233312,0.16529875003951547
2408,NCOA7--TPD52L1,No Annotation,,0.05828427613678515,Lung,1,0.231,0.6837540348612008,0.16510009786102178
750,CNGA1--TXK,No Change,IPR000980|IPR000719,0.05827523340896672,Lung,1,0.241,0.6958343828715365,0.15749411551016917
3318,RUNX1--PTPRR,No Change,IPR059011|IPR000242,0.058121561626301735,Lung,1,0.254,0.7140343347639485,0.14628090441429784
4278,VEGFB--DNAJC4,No Change,IPR001623,0.058067040514752775,Peripheral Nervous System,1,0.27,0.7286344908769865,0.13749027470401837
1072,DTNB--KLHL29,Reinforcement,IPR015153|IPR015154|IPR000210|IPR011705|IPR056737,0.0580611126247146,Lung,1,0.265,0.7271244763614602,0.13839123595054362
1004,DIAPH1--PCDHGA5,Reinforcement,IPR010473|IPR010472|IPR031904,0.05800153666106628,CNS/Brain,1,0.238,0.6910892970234325,0.16046583294574243
3601,SPC24--LDLR,No Change,IPR000742|IPR000742|IPR000742,0.05797812576594591,Biliary Tract,1,0.278,0.7376331018518519,0.13215960221875825
3837,TBX1--TBX1,No Annotation,,0.05795167470430962,Lung,1,0.248,0.7053846153846153,0.15157401663681574
4453,ZIC1--LYZ,No Change,IPR019799,0.05792117849905622,Soft Tissue,1,0.237,0.6894955583756345,0.16146852713739276
3398,SETX--TNRC6A,Reintroduction,IPR032226|IPR034924,0.05774759790608193,CNS/Brain,1,0.264,0.7265546218487395,0.1387317301948978
2936,PSMA6--ABHD12B,No Change,IPR022742,0.057735906720346945,Bladder/Urinary Tract,1,0.22,0.6791454423592493,0.1680372094454994
2337,MYO18A--UVRAG,No Change,IPR001478|IPR004009|IPR001609|IPR002928,0.05763087038389853,Peripheral Nervous System,1,0.278,0.7376331018518519,0.13215960221875825
4400,ZBTB20--TMTC3,No Annotation,,0.05760842487142949,Soft Tissue,1,0.274,0.7329579929988332,0.13492091476075144
2029,LPP--RTP4,No Change,IPR027377,0.057603356629795974,Biliary Tract,1,0.256,0.7148355663824605,0.14579384746553248
1315,FBXO34--C14orf39,No Annotation,,0.05753360616765311,Head and Neck,1,0.252,0.7123427866831074,0.14731096908755317
1468,GAPVD1--GLE1,No Annotation,,0.05747931439894824,Lung,1,0.237,0.6894955583756345,0.16146852713739276
2686,PDE8A--SLC28A1,Reintroduction,IPR011642|IPR011657,0.05742792104565132,Breast,1,0.267,0.7275192421551213,0.13815551553617997
1251,FAF1--AGBL4,Reinforcement,IPR044541|IPR000834,0.057222289097255206,Pancreas,1,0.237,0.6894955583756345,0.16146852713739276
2441,NEUROD2--PPP1R1B,No Change,IPR011598|IPR022575,0.05709183373112899,Head and Neck,2,0.213,0.6762164024810475,0.16991429908250516
3114,RAPGEF6--LYRM7,No Annotation,,0.0570754079179748,Lymphoid,1,0.288,0.7489960294951785,0.12552048453405137
1980,LDLR--ZNF333,No Change,IPR001909|IPR013087|IPR013087|IPR013087|IPR013087|IPR013087|IPR013087|IPR013087|IPR013087|IPR013087|IPR013087,0.05705546080927804,Skin,1,0.267,0.7275192421551213,0.13815551553617997
2205,MICALL1--EIF3L,No Change,IPR001715|IPR001781,0.05693601647602954,Head and Neck,1,0.246,0.704063670411985,0.15238806463879984
251,ARHGAP5--NUBPL,Reintroduction,IPR002713|IPR002713|IPR002713|IPR002713|IPR039007|IPR039006,0.05677630946445249,Liver,1,0.282,0.7396853546910754,0.13095297997298327
3829,TBL1X--PUDP,No Annotation,,0.056595551044899224,Skin,2,0.209,0.672938904494382,0.1720243631837437
985,DEPDC1B--ELOVL7,No Change,IPR000591,0.05634667669288618,Breast,2,0.212,0.675952712100139,0.17008368511207256
2344,MYO6--SENP6,No Annotation,,0.05625688664919867,CNS/Brain,1,0.248,0.7053846153846153,0.15157401663681574
3632,SRGAP3--NEU4,No Annotation,,0.055981827026162403,CNS/Brain,1,0.27,0.7286344908769865,0.13749027470401837
3194,RGP1--ACO1,Reintroduction,IPR000573,0.055941451038397316,Pancreas,1,0.261,0.7221997585998793,0.1413426610750159
835,CRACD--CDCA3,No Annotation,,0.05549538435851207,Esophagus/Stomach,1,0.27,0.7286344908769865,0.13749027470401837
4409,ZBTB7A--STAP2,No Change,IPR000980,0.05547452477077755,Soft Tissue,1,0.258,0.7186695018226003,0.14347078490698098
1732,IFT80--LCA5,No Annotation,,0.05542858055644152,Pancreas,1,0.251,0.7112700865265761,0.14796545578917542
3993,TMF1--EOGT,No Change,IPR049625,0.055394655569697956,Uterus,1,0.271,0.7300440658049354,0.1366509248681234
844,CREBBP--USP7,No Change,IPR002083|IPR001394|IPR024729|IPR029346,0.05526723703095501,Breast,1,0.262,0.7227858002406738,0.14099038812230685
1066,DSN1--BARX2,No Change,IPR001356,0.05526512902492477,Breast,1,0.268,0.7275192421551213,0.13815551553617997
1274,FAM222A--MND1,No Change,IPR040661,0.05526202890521911,Bone,1,0.29,0.749520856820744,0.12521627759071166
3403,SFMBT1--RBM5,Reintroduction,IPR000504|IPR041591|IPR013087|IPR000467,0.055259078458243155,Lymphoid,1,0.27,0.7286344908769865,0.13749027470401837
1164,ENTPD4--PHLDB2,No Change,IPR001849,0.05524313700595358,Liver,1,0.256,0.7148355663824605,0.14579384746553248
3652,SSX2IP--SSX2IP,No Annotation,,0.05506525298854403,Head and Neck,1,0.239,0.6926769911504425,0.15946923820748019
3101,RALY--E2F1,No Change,IPR003316|IPR032198,0.055026180352494715,Biliary Tract,1,0.276,0.735732558139535,0.13328002483629126
2687,PDE8A--SND1,Reintroduction,IPR016071|IPR016071|IPR016071|IPR002999|IPR016071,0.05484668744144347,Esophagus/Stomach,1,0.238,0.6910892970234325,0.16046583294574243
2500,NME4--ITGB4,No Annotation,,0.054752330470737354,CNS/Brain,1,0.291,0.7509693593314763,0.12437778249614075
920,CYRIB--ASAP1,Reintroduction,IPR001164|IPR001452,0.05470181577922865,Lung,1,0.253,0.7129717271051015,0.14692769175500092
3790,TANC2--CA4,No Change,IPR001148,0.05446176038290816,Breast,2,0.219,0.678456081081081,0.1684782605487992
1986,LEF1--LEF1,Reinforcement,IPR013558|IPR009071|IPR009071,0.054357997032112415,Skin,1,0.26,0.7203021148036255,0.1424853101348796
737,CLTC--VMP1,No Change,IPR015348,0.05414275742683827,Lung,1,0.236,0.6894955583756345,0.16146852713739276
1495,GBP1--CNNM4,No Change,IPR000595,0.05411592037009884,Ovary/Fallopian Tube,1,0.274,0.7329579929988332,0.13492091476075144
1749,IL1RAPL1--RADX,No Change,IPR003599|IPR003598,0.05409425948734676,Skin,2,0.227,0.6829363517060367,0.1656197698044191
2123,MB21D2--FGF12,No Annotation,,0.053995290843712865,Lymphoid,1,0.292,0.7509693593314763,0.12437778249614075
193,ANPEP--AP3S2,No Annotation,,0.05396071526520349,Bone,1,0.274,0.7329579929988332,0.13492091476075144
4442,ZFX--MAP7D2,No Annotation,,0.053902852205007734,Ovary/Fallopian Tube,1,0.268,0.7275192421551213,0.13815551553617997
459,BRWD1--SH3BGR,No Annotation,,0.05389752862607136,Breast,1,0.286,0.7454860716316087,0.12756046632237844
1142,ELL2--TRIP12,No Annotation,,0.05372747234223253,Bone,1,0.263,0.7246724759615385,0.13985823345890736
4342,WNK1--CWC22,No Change,IPR003890|IPR003891,0.053709696382166605,Breast,1,0.271,0.7300440658049354,0.1366509248681234
175,ANKRD27--GARRE1,No Annotation,,0.05367037173049769,Breast,1,0.272,0.7310199296600235,0.13607078279126558
1799,ITCH--ITCH,Reinforcement,IPR000008|IPR001202|IPR001202|IPR001202|IPR001202|IPR001202|IPR001202|IPR000569,0.053598311134330265,Ovary/Fallopian Tube,1,0.23,0.6834413480233312,0.16529875003951547
3235,RNF121--SCAF11,No Change,IPR001841|IPR057031,0.05357610961781649,Breast,1,0.252,0.7123427866831074,0.14731096908755317
491,C5orf24--SNX25,Reintroduction,IPR016137|IPR001683|IPR013937,0.05348531847192963,Esophagus/Stomach,1,0.247,0.7051650062266501,0.15170924767695648
3611,SPIDR--KCNV1,No Change,IPR000210|IPR005821,0.05328216402880521,Pleura,1,0.282,0.7396853546910754,0.13095297997298327
1317,FBXO34--CDKN3,No Change,IPR022778|IPR000387,0.053261816271909,Ovary/Fallopian Tube,2,0.22,0.6791454423592493,0.1680372094454994
1316,FBXO34--CDKN3,No Change,IPR000387,0.053261816271909,Ovary/Fallopian Tube,2,0.225,0.6822916666666667,0.1660299330477853
1942,LAMA2--EYA4,No Change,IPR006545,0.05324017917336182,Bowel,1,0.287,0.747243043725156,0.12653811922724476
1907,KLC1--MARK3,No Change,IPR001772,0.05304003323763186,Ovary/Fallopian Tube,1,0.263,0.7246724759615385,0.13985823345890736
1947,LAMB1--LAMB4,No Annotation,,0.05295782654013195,Ovary/Fallopian Tube,1,0.255,0.7142180818570556,0.14616915897194638
1260,FAM133B--CDK6,No Annotation,,0.05294627149518877,Lung,1,0.231,0.6837540348612008,0.16510009786102178
2079,MAML3--CLGN,No Change,IPR019082,0.052683408139067675,Esophagus/Stomach,1,0.256,0.7148355663824605,0.14579384746553248
218,APBA2--FMN1,No Annotation,,0.0526368776812056,Ovary/Fallopian Tube,1,0.292,0.7509693593314763,0.12437778249614075
4353,WWOX--CA5A,No Change,IPR001202|IPR001202,0.05263189534127588,Skin,1,0.262,0.7227858002406738,0.14099038812230685
1299,FBN2--FBN1,Reinforcement,IPR040872|IPR000742|IPR000742|IPR000742|IPR017878|IPR000742|IPR000742|IPR000742|IPR017878|IPR000742|IPR017878|IPR000742|IPR000742|IPR000742|IPR000742|IPR000742|IPR000742|IPR000742|IPR000742|IPR000742|IPR000742|IPR000742|IPR000742|IPR017878|IPR000742|IPR000742|IPR017878|IPR000742|IPR000742|IPR000742|IPR000742|IPR000742|IPR000742|IPR000742|IPR017878|IPR000742|IPR000742|IPR000742|IPR000742|IPR000742|IPR017878|IPR000742|IPR000742|IPR000742|IPR000742|IPR000742|IPR000742|IPR000742,0.052514360842022746,Skin,1,0.244,0.7009649122807017,0.15430372066994136
576,CCDC97--HNRNPUL1,No Change,IPR001870,0.052449792544769766,Bowel,1,0.309,0.7662330989724175,0.1156390917282985
3952,TMEM127--NTNG1,No Change,IPR002049|IPR000742|IPR002049|IPR000742,0.052319168658560275,Lung,1,0.281,0.7396853546910754,0.13095297997298327
2886,PRAG1--PCM1,No Annotation,,0.052168110854045074,Bone,1,0.312,0.7699061158798284,0.11356223046547415
1036,DNAJC11--ADAM9,No Change,IPR001762|IPR006586|IPR000742,0.05204217991640741,Bone,1,0.28,0.7395161290322582,0.13105234949221392
4262,VAPA--PPP4R1,No Change,IPR033461,0.05197790810095155,Peripheral Nervous System,1,0.288,0.7489960294951785,0.12552048453405137
3996,TMLHE--RGS6,Reintroduction,IPR040759|IPR015898|IPR016137,0.05175537605905865,Soft Tissue,1,0.285,0.7445726495726496,0.12809292078729279
1889,KIF12--AMBP,Reinforcement,IPR001752|IPR002223|IPR002223,0.05173598966763414,Lymphoid,1,0.284,0.7428066172276098,0.12912423604071738
1557,GPAM--VTI1A,No Annotation,,0.05173408349922473,Liver,1,0.269,0.7286344908769865,0.13749027470401837
2993,PTPRK--PRKCA,Reintroduction,IPR002219|IPR000008|IPR000719|IPR000961,0.051632205678877365,Thyroid,1,0.259,0.7203021148036255,0.1424853101348796
1360,FHIT--PTPRG,No Change,IPR001148|IPR003961|IPR000242|IPR000242,0.05148124512689965,Lymphoid,1,0.282,0.7396853546910754,0.13095297997298327
2648,PARD3--TMTC1,Bridges,IPR021922|IPR001478|IPR001478|IPR001478|IPR013618,0.0512868679901667,Lung,1,0.27,0.7286344908769865,0.13749027470401837
2372,NAV3--MRPS18A,No Change,IPR001715,0.05113787333352317,Soft Tissue,1,0.269,0.7286344908769865,0.13749027470401837
4569,ZNF875--SPIDR,No Annotation,,0.051034986768232975,Ovary/Fallopian Tube,1,0.265,0.7271244763614602,0.13839123595054362
598,CD22--GAPDHS,No Change,IPR020828|IPR020829,0.05101645049999395,Lung,1,0.281,0.7396853546910754,0.13095297997298327
481,C22orf39--SULT4A1,No Annotation,,0.050980938866623804,CNS/Brain,1,0.275,0.7339202561117579,0.1343511256589209
1689,HMGXB3--PPARGC1B,Reinforcement,IPR009071|IPR000504,0.0509306901402512,Breast,1,0.254,0.7140343347639485,0.14628090441429784
477,C1orf53--DENND1B,No Change,IPR005113|IPR001194|IPR005112,0.05090485001819083,Esophagus/Stomach,1,0.275,0.7339202561117579,0.1343511256589209
171,ANKRD13C--PTGER3,No Annotation,,0.050866128388540405,Bowel,1,0.323,0.7769963273871983,0.10958103396516485
3603,SPDYA--PLB1,No Annotation,,0.05078940238774968,Breast,1,0.296,0.7527232390460343,0.12336467565742351
3739,SVIL--MPP7,No Change,IPR008144,0.05071074777141733,Ovary/Fallopian Tube,2,0.229,0.6834413480233312,0.16529875003951547
1772,INPP4B--ANAPC10,No Change,IPR004939,0.0506810647839238,Lung,1,0.269,0.7286344908769865,0.13749027470401837
1771,INPP4B--ANAPC10,No Annotation,,0.0506810647839238,Lung,1,0.278,0.7376331018518519,0.13215960221875825
2949,PTBP2--MYSM1,No Change,IPR000504|IPR000504,0.05064631221964377,CNS/Brain,1,0.268,0.7275192421551213,0.13815551553617997
3352,SCAPER--TSPAN3,No Annotation,,0.05046105303763672,Cervix,1,0.24,0.6938209331651954,0.15875260126393909
672,CGGBP1--C3orf38,No Annotation,,0.050115552478801534,Pleura,1,0.3,0.7561847168774052,0.12137210433778123
4498,ZNF43--CACNA1A,Reintroduction,IPR005821|IPR005821|IPR005821|IPR031649|IPR014873,0.049930089173782374,Biliary Tract,1,0.277,0.7375406504065041,0.13221403804714751
2612,P4HA1--PLA2G12B,Reintroduction,IPR013547,0.049903658936889736,Cervix,1,0.267,0.7275192421551213,0.13815551553617997
4304,VPS8--CCDC82,No Annotation,,0.049828468977808134,Skin,1,0.3,0.7561847168774052,0.12137210433778123
3655,ST3GAL1--CCN4,No Change,IPR000867|IPR001007|IPR043973|IPR006207,0.04958464858019646,Breast,1,0.281,0.7396853546910754,0.13095297997298327
1683,HMG20A--STARD9,No Change,IPR002913,0.04951108644314536,Bowel,1,0.303,0.7604022988505746,0.11895657884419293
1212,ESRP1--DPY19L4,No Annotation,,0.0494537286825545,Lung,1,0.267,0.7275192421551213,0.13815551553617997
2906,PRKD1--STXBP6,Bridges,IPR057764|IPR037822,0.04926348364210005,Skin,1,0.275,0.7339202561117579,0.1343511256589209
2905,PRKD1--STXBP6,Bridges,IPR057764|IPR028258|IPR037822,0.04926348364210005,Skin,1,0.289,0.749520856820744,0.12521627759071166
1827,JAKMIP2--SCGB3A2,No Annotation,,0.04922109440725859,Bone,2,0.26,0.7203021148036255,0.1424853101348796
3771,TAF1A--KIF26B,No Change,IPR001752,0.049216795226463335,Skin,1,0.3,0.7561847168774052,0.12137210433778123
501,CABLES1--RBBP8,Reintroduction,IPR013882,0.04900786150891659,Lung,1,0.267,0.7275192421551213,0.13815551553617997
784,COL24A1--GSTM2,No Change,IPR048287,0.048999249307209294,Breast,1,0.293,0.7509693593314763,0.12437778249614075
556,CCDC14--KALRN,No Change,IPR001251|IPR000219|IPR001849|IPR001452|IPR000219|IPR001849|IPR001452|IPR003598|IPR003961|IPR000719,0.04898001316879998,Ovary/Fallopian Tube,1,0.279,0.7385767898383373,0.1316043444016903
2034,LRFN5--LRFN5,No Change,IPR003598|IPR003598,0.04894496036122889,Lung,1,0.297,0.7535943552850027,0.12286236323767961
3246,RNF213--SLC43A2,No Change,IPR003593|IPR003593|IPR001841|IPR046439,0.04891392056378383,CNS/Brain,1,0.275,0.7339202561117579,0.1343511256589209
96,AFF4--HSPA4,No Annotation,,0.048864960722632786,Ovary/Fallopian Tube,1,0.265,0.7271244763614602,0.13839123595054362
3734,SVEP1--MYLK,Reinforcement,IPR002035|IPR011641|IPR000436|IPR000436|IPR000436|IPR003410|IPR003410|IPR000436|IPR011641|IPR011641|IPR011641|IPR000742|IPR000742|IPR000742|IPR000742|IPR000742|IPR000742|IPR001759|IPR000436|IPR000436|IPR000742|IPR000436|IPR000436|IPR000436|IPR003598|IPR003598|IPR003598|IPR003598|IPR003598|IPR003598|IPR003598|IPR003598|IPR003961|IPR000719|IPR003598,0.04886460197000089,Lung,6,0.139,0.5857674632352942,0.23227475510202608
61,ADCY1--GRXCR1,No Annotation,,0.04876475128424754,Bone,1,0.3,0.7561847168774052,0.12137210433778123
993,DHX15--CCDC149,No Change,IPR011545|IPR001650|IPR007502,0.048728762507931254,Lymphoid,1,0.313,0.7699061158798284,0.11356223046547415
3244,RNF213--RBAK,No Change,IPR013087|IPR013087|IPR013087|IPR013087|IPR013087|IPR013087|IPR013087|IPR013087|IPR013087|IPR013087|IPR013087|IPR013087|IPR013087|IPR013087|IPR013087|IPR013087,0.0486286746168928,Bowel,1,0.284,0.7428066172276098,0.12912423604071738
4269,VCL--ADK,No Annotation,,0.048273862013405784,Head and Neck,1,0.272,0.7310199296600235,0.13607078279126558
1882,KIAA1958--ADAMTSL1,No Change,IPR045371|IPR010294|IPR003598|IPR056272|IPR003598|IPR003598|IPR003598|IPR010909,0.048218638344965134,Bone,1,0.293,0.7509693593314763,0.12437778249614075
907,CUL4A--ATP11A,No Change,IPR001373,0.048158730939889344,Soft Tissue,1,0.287,0.747243043725156,0.12653811922724476
4389,ZBED6--KARS1,No Change,IPR003656|IPR003656|IPR008906,0.048151134814681223,Lung,1,0.282,0.7396853546910754,0.13095297997298327
3304,RSRC1--MLF1,No Annotation,,0.04796662984354528,Head and Neck,1,0.268,0.7275192421551213,0.13815551553617997
16,ABCE1--DLEU7,No Annotation,,0.047792699482554046,Lymphoid,1,0.296,0.7527232390460343,0.12336467565742351
3740,SVIL--SVIL,No Change,IPR007123|IPR003128,0.04760907445446497,Soft Tissue,1,0.306,0.7616775244299674,0.11822885937321025
283,ARPC1B--MDFIC,No Annotation,,0.047580597612747674,Lung,1,0.294,0.7509693593314763,0.12437778249614075
3154,RBMS3--ANO10,No Change,IPR000504|IPR000504,0.04748162306284588,CNS/Brain,1,0.278,0.7376331018518519,0.13215960221875825
2615,PACS1--CTSW,No Change,IPR013201|IPR000668,0.047439914672551466,Lung,1,0.293,0.7509693593314763,0.12437778249614075
2910,PRMT1--BCL2L12,No Annotation,,0.04742947778459389,Breast,1,0.267,0.7275192421551213,0.13815551553617997
3232,RNF103--CD8A,No Annotation,,0.04734556032492075,Lung,1,0.273,0.7319912280701755,0.13549412334535788
3574,SORD--TERB2,No Annotation,,0.047321748031285395,Liver,1,0.274,0.7329579929988332,0.13492091476075144
3719,SUGP2--CARM1,No Change,IPR055135,0.047316584117237825,Breast,1,0.29,0.749520856820744,0.12521627759071166
4220,UPP1--UPP1,No Annotation,,0.0472917480679067,Bowel,1,0.322,0.7769963273871983,0.10958103396516485
3732,SUSD6--TMA16,No Annotation,,0.04722536399406637,Peripheral Nervous System,1,0.297,0.7535943552850027,0.12286236323767961
1415,FRMD4B--UBE2E2,No Annotation,,0.04721521261499584,Skin,1,0.257,0.7167548661800487,0.14462934986669715
2631,PAIP2--PSD2,No Change,IPR000904|IPR001605|IPR001605|IPR001605,0.04720415922132931,Head and Neck,1,0.255,0.7142180818570556,0.14616915897194638
1801,ITFG1--ITFG1,No Change,IPR057089,0.04697500037215824,Peripheral Nervous System,1,0.313,0.7699061158798284,0.11356223046547415
4118,TSHZ2--BCAS1,No Change,IPR013087|IPR013087|IPR013087|IPR001356|IPR013087|IPR013087,0.04696093237874857,Soft Tissue,1,0.292,0.7509693593314763,0.12437778249614075
1003,DIAPH1--PCDHGA3,Reinforcement,IPR010473|IPR010472|IPR031904,0.046731132234138544,CNS/Brain,1,0.294,0.7509693593314763,0.12437778249614075
133,ALS2--MPP4,Reinforcement,IPR000219|IPR057248|IPR008144,0.046514706209918225,Lung,1,0.294,0.7509693593314763,0.12437778249614075
224,APOL3--APOL2,No Annotation,,0.046497980912777445,Bone,1,0.304,0.7604146208401527,0.1189495413474231
1123,EIF2AK2--SULT6B1,No Change,IPR014720,0.046466044104938875,Lung,1,0.281,0.7396853546910754,0.13095297997298327
2651,PARN--ANKS3,Reinforcement,IPR001374|IPR001660,0.04641344585090406,Skin,1,0.295,0.7514305555555555,0.12411114911910322
518,CAND1--HYDIN,Reintroduction,IPR033768|IPR053879|IPR053879,0.04636733096090882,Soft Tissue,1,0.307,0.763337852494577,0.11728320123438417
4419,ZCCHC14--DOCK3,Reinforcement,IPR001660|IPR001878|IPR032376|IPR027007|IPR056372|IPR026800,0.046319747140361765,Esophagus/Stomach,1,0.297,0.7535943552850027,0.12286236323767961
3412,SHOC2--RBM20,No Change,IPR003604|IPR000504|IPR000690,0.04630633767575143,Ovary/Fallopian Tube,1,0.293,0.7509693593314763,0.12437778249614075
3026,QPRT--QPRT,No Change,IPR022412|IPR002638,0.046302411037885245,Soft Tissue,1,0.294,0.7509693593314763,0.12437778249614075
4351,WWC2--TENM3,Reinforcement,IPR001202|IPR001202|IPR022385|IPR028916,0.04621360896108717,Cervix,1,0.295,0.7514305555555555,0.12411114911910322
1605,GTDC1--ZEB2,No Change,IPR008598|IPR013087|IPR013087|IPR013087|IPR001356|IPR013087|IPR013087|IPR013087,0.046154441860680656,Myeloid,2,0.265,0.7271244763614602,0.13839123595054362
808,CPEB3--IDE,No Annotation,,0.04601947518296466,Breast,1,0.279,0.7385767898383373,0.1316043444016903
1340,FGFR1OP2--ITPR2,Reintroduction,IPR016093|IPR000699|IPR000699|IPR013662|IPR005821,0.045946016899789936,Biliary Tract,1,0.267,0.7275192421551213,0.13815551553617997
1813,ITPR2--FGFR1OP2,No Annotation,,0.045946016899789936,Biliary Tract,1,0.295,0.7514305555555555,0.12411114911910322
24,ABR--TRPV1,No Annotation,,0.045927163935478854,Uterus,1,0.293,0.7509693593314763,0.12437778249614075
3988,TMEM87B--MERTK,Bridges,IPR054101|IPR003961|IPR003961|IPR000719,0.045868921246532676,Esophagus/Stomach,1,0.298,0.7540452538631346,0.12260258925849918
3370,SDK1--GLCCI1,No Annotation,,0.045836711184988894,Bone,1,0.29,0.749520856820744,0.12521627759071166
3968,TMEM241--HM13,No Annotation,,0.04582909201545018,Breast,1,0.28,0.7395161290322582,0.13105234949221392
1519,GLIPR1--RHD,No Change,IPR014044,0.045803800902350894,Bone,1,0.319,0.7734611316763617,0.11156150578181873
969,DDX60--DDX60L,No Change,IPR055124|IPR011545|IPR001650|IPR059032,0.04577824311087024,Biliary Tract,1,0.29,0.749520856820744,0.12521627759071166
3522,SMARCA4--C19orf38,No Annotation,,0.04572721013502572,Breast,1,0.293,0.7509693593314763,0.12437778249614075
4008,TNFSF10--NCEH1,No Change,IPR013094|IPR013094,0.045703191492547215,Ovary/Fallopian Tube,1,0.276,0.735732558139535,0.13328002483629126
2619,PACSIN2--HPS4,No Change,IPR043987|IPR043989,0.04553529755829024,Ovary/Fallopian Tube,1,0.29,0.749520856820744,0.12521627759071166
486,C2orf42--SLC49A4,No Annotation,,0.04548033130624851,Prostate,1,0.305,0.7616693899782135,0.11823349751239788
290,ASAP1--ESX1,No Change,IPR004148,0.045250358063679566,Skin,1,0.295,0.7514305555555555,0.12411114911910322
3672,STARD10--FCHSD2,No Change,IPR001452|IPR001452,0.04522624302508537,Ovary/Fallopian Tube,2,0.244,0.7009649122807017,0.15430372066994136
3609,SPIDR--CYRIB,No Annotation,,0.04522325597290647,Ovary/Fallopian Tube,1,0.273,0.7319912280701755,0.13549412334535788
1542,GNGT1--CALCR,No Change,IPR001879|IPR017981,0.04518562098125301,Head and Neck,1,0.289,0.749520856820744,0.12521627759071166
3056,RAB3GAP1--IL1A,No Change,IPR003502,0.045130234944372294,Ovary/Fallopian Tube,1,0.315,0.7715144230769231,0.11265595060644601
712,CLEC16A--TNFRSF17,Reintroduction,IPR019155,0.044976590685791684,Lung,1,0.298,0.7540452538631346,0.12260258925849918
3889,TEX2--DDX42,No Change,IPR014014|IPR011545|IPR001650,0.04443053520454642,Pancreas,1,0.285,0.7445726495726496,0.12809292078729279
205,AOX1--KCTD18,Reinforcement,IPR001041|IPR002888|IPR003131|IPR045704,0.044425883005703236,Thyroid,2,0.229,0.6834413480233312,0.16529875003951547
2488,NIPBL--SIMC1,No Annotation,,0.04433736091676346,Bone,1,0.307,0.763337852494577,0.11728320123438417
3898,TFPI--ITGA4,Reintroduction,IPR048286,0.04426945361218469,Lymphoid,1,0.319,0.7734611316763617,0.11156150578181873
3897,TFPI--ITGA4,No Change,IPR048285|IPR048286,0.04426945361218469,Lymphoid,1,0.308,0.7649945828819068,0.1163416401834091
365,B4GALT5--B4GALT5,No Change,IPR027995|IPR027791,0.044230566853879306,Skin,1,0.319,0.7734611316763617,0.11156150578181873
2049,LRRC49--APLNR,No Change,IPR017452,0.04422473890832353,Esophagus/Stomach,1,0.273,0.7319912280701755,0.13549412334535788
4515,ZNF562--SATL1,No Change,IPR000182,0.044142379797091416,Bowel,1,0.342,0.7917042042042042,0.10143704881064951
194,ANPEP--GRIP1,No Change,IPR001478|IPR001478|IPR001478|IPR001478,0.04414059500787938,Soft Tissue,1,0.318,0.7730805938494169,0.11177522841083694
3077,RAD51--ARPP19,No Annotation,,0.04391938691886338,Peripheral Nervous System,1,0.304,0.7604146208401527,0.1189495413474231
2951,PTCH1--PRXL2C,No Annotation,,0.043667914586863435,CNS/Brain,1,0.29,0.749520856820744,0.12521627759071166
1258,FAM117B--BMPR2,No Change,IPR000472|IPR000719,0.043602369351116145,Prostate,1,0.306,0.7616775244299674,0.11822885937321025
3746,SYNC--YARS1,No Change,IPR002547,0.04357254029265885,CNS/Brain,1,0.317,0.7730805938494169,0.11177522841083694
3516,SMAD2--SBK2,No Change,IPR000719,0.043524501230890716,Bone,1,0.295,0.7514305555555555,0.12411114911910322
581,CCNK--HHIPL1,Reintroduction,IPR012938|IPR001190,0.04343808745288311,CNS/Brain,1,0.317,0.7730805938494169,0.11177522841083694
2434,NELL2--GPHN,Reintroduction,IPR005110|IPR001453|IPR005111,0.04338966231157351,Lung,2,0.217,0.6763732154996601,0.16981359887296069
647,CENPK--RABGAP1L,No Annotation,,0.043372084469036176,Pancreas,1,0.278,0.7376331018518519,0.13215960221875825
1294,FARSA--RAD23A,Bridges,IPR040724|IPR040725|IPR040586|IPR002319|IPR015940|IPR006636|IPR015940,0.043363636138510284,Breast,1,0.315,0.7715144230769231,0.11265595060644601
2060,LSM12--PAIP1,No Change,IPR047575,0.043337993939680956,Esophagus/Stomach,1,0.282,0.7396853546910754,0.13095297997298327
3871,TENM1--TENM1,No Change,IPR009471|IPR057629|IPR000742|IPR000742|IPR000742|IPR000742|IPR000742|IPR000742|IPR000742|IPR000742|IPR056820|IPR057627|IPR056822|IPR056823|IPR028916,0.043277288431648304,Biliary Tract,1,0.294,0.7509693593314763,0.12437778249614075
3095,RALGAPB--WFDC2,Reinforcement,IPR046859|IPR008197|IPR008197,0.043230894784725776,Lung,1,0.282,0.7396853546910754,0.13095297997298327
2530,NRXN3--PRKD1,Reinforcement,IPR001791|IPR000742|IPR002219|IPR002219|IPR001849|IPR000719,0.043197020246592346,Bone,1,0.335,0.7876794871794872,0.10365046431963286
2028,LPP--PLXNA1,No Annotation,,0.04310986636410092,Thyroid,1,0.272,0.7310199296600235,0.13607078279126558
3371,SEC14L1--SAR1B,No Change,IPR005225,0.04309439866442176,Pleura,1,0.302,0.7599725576289791,0.11920208967378895
3228,RMND1--CNOT2,No Annotation,,0.04305788242662577,Soft Tissue,1,0.286,0.7454860716316087,0.12756046632237844
4533,ZNF610--ZNF880,No Change,IPR001909|IPR013087|IPR013087|IPR013087|IPR013087|IPR013087|IPR013087|IPR013087|IPR013087|IPR013087|IPR013087|IPR013087|IPR013087|IPR013087|IPR013087,0.04305566904312723,Peripheral Nervous System,1,0.318,0.7730805938494169,0.11177522841083694
1357,FHIT--FHIT,No Change,IPR011146,0.042902046048637635,Ovary/Fallopian Tube,2,0.262,0.7227858002406738,0.14099038812230685
1018,DIS3L2--SPP2,Reintroduction,IPR033771|IPR041505,0.04288331614853767,CNS/Brain,1,0.284,0.7428066172276098,0.12912423604071738
1550,GON4L--DDX19B,No Change,IPR014014|IPR011545|IPR001650,0.042813954710968966,Uterus,1,0.312,0.7699061158798284,0.11356223046547415
3536,SMC6--ABCB1,No Change,IPR011527|IPR003439|IPR011527|IPR003439,0.04276120398149446,Cervix,1,0.273,0.7319912280701755,0.13549412334535788
996,DHX38--AMPD1,No Annotation,,0.04271417534212457,CNS/Brain,2,0.28,0.7395161290322582,0.13105234949221392
3266,ROR1--PGM1,No Annotation,,0.04261340117316592,Esophagus/Stomach,1,0.292,0.7509693593314763,0.12437778249614075
338,ATRNL1--ATP6V0D2,No Change,IPR000742|IPR000859|IPR000742,0.04253167680248843,Bladder/Urinary Tract,1,0.294,0.7509693593314763,0.12437778249614075
1150,ELOVL6--ENPEP,Reintroduction,IPR014782|IPR024571,0.04240771793248776,Lung,1,0.286,0.7454860716316087,0.12756046632237844
1149,ELOVL6--ENPEP,No Change,IPR045357|IPR014782|IPR024571,0.04240771793248776,Lung,1,0.319,0.7734611316763617,0.11156150578181873
2954,PTEN--LIPM,Bridges,IPR000387|IPR000073,0.04236444542800329,Skin,1,0.325,0.779354079497908,0.10826518695516696
59,ADAMTSL1--BNC2,Reinforcement,IPR045371|IPR010294|IPR013087|IPR013087|IPR013087|IPR013087|IPR013087|IPR013087,0.04221687034320298,Lung,1,0.282,0.7396853546910754,0.13095297997298327
391,BBX--GNAI2,No Annotation,,0.04205387824605958,Esophagus/Stomach,1,0.278,0.7376331018518519,0.13215960221875825
1547,GOLGA3--XPC,No Change,IPR018325|IPR018326|IPR018327|IPR018328,0.04205339317795316,Bone,1,0.334,0.7873470437017995,0.10383379884412214
2159,MED13L--LYZ,No Annotation,,0.04203075555258704,Lung,1,0.259,0.7203021148036255,0.1424853101348796
2160,MED13L--LYZ,No Change,IPR019799,0.04203075555258704,Lung,1,0.279,0.7385767898383373,0.1316043444016903
861,CSNK1D--SSR2,No Change,IPR000719,0.04200630839892495,Cervix,1,0.26,0.7203021148036255,0.1424853101348796
4562,ZNF808--ZNF160,No Change,IPR001909|IPR013087|IPR013087|IPR013087|IPR013087|IPR013087|IPR013087|IPR013087|IPR013087|IPR013087|IPR013087|IPR013087|IPR013087|IPR013087|IPR013087|IPR013087|IPR013087|IPR013087|IPR013087|IPR013087|IPR013087,0.041920430297058234,CNS/Brain,1,0.304,0.7604146208401527,0.1189495413474231
799,COQ8A--PSEN2,No Annotation,,0.04184106263202053,Esophagus/Stomach,1,0.294,0.7509693593314763,0.12437778249614075
564,CCDC6--ANK3,No Change,IPR000906|IPR000906|IPR040745|IPR000488,0.0417644643304588,Ovary/Fallopian Tube,1,0.312,0.7699061158798284,0.11356223046547415
4504,ZNF474--GNPDA1,No Annotation,,0.041718146786356006,Soft Tissue,1,0.334,0.7873470437017995,0.10383379884412214
1305,FBXL13--LAMB1,Reinforcement,IPR001810|IPR057207|IPR057207|IPR000742|IPR000742|IPR000742|IPR000742|IPR000742|IPR056558,0.041618620209126364,Head and Neck,1,0.306,0.7616775244299674,0.11822885937321025
1513,GLCE--SPESP1,No Annotation,,0.04126334013487924,Lung,1,0.303,0.7604022988505746,0.11895657884419293
2791,PLOD2--IQCJ,No Change,IPR029362,0.04121408850668545,Prostate,1,0.316,0.7730805938494169,0.11177522841083694
1844,KAT5--RASIP1,No Change,IPR000953,0.04112791034437105,Ovary/Fallopian Tube,1,0.313,0.7699061158798284,0.11356223046547415
1053,DPF3--DGLUCY,Reintroduction,IPR025750|IPR013087,0.041051862830776095,Prostate,1,0.335,0.7876794871794872,0.10365046431963286
4000,TMTC1--TMTC1,Reinforcement,IPR013618|IPR013618,0.041010318325018905,Esophagus/Stomach,1,0.313,0.7699061158798284,0.11356223046547415
1758,IMMP2L--DOCK4,No Annotation,,0.0408699065430867,CNS/Brain,1,0.299,0.7553250688705234,0.12186610104166178
3765,SYT5--ZDHHC5,No Change,IPR000008,0.04073449117105309,Uterus,1,0.283,0.7418839336763864,0.12966403394834647
2069,LUZP2--LUZP2,No Annotation,,0.040622062321538296,CNS/Brain,1,0.323,0.7769963273871983,0.10958103396516485
3113,RAPGEF6--CDC42SE2,No Change,IPR000095,0.04029983776182616,Lymphoid,1,0.306,0.7616775244299674,0.11822885937321025
1616,GTPBP10--PDS5B,No Change,IPR006169,0.040201342760728356,Ovary/Fallopian Tube,1,0.328,0.7796163815448419,0.10811904392616552
2695,PDS5B--GTPBP10,No Annotation,,0.040201342760728356,Ovary/Fallopian Tube,1,0.312,0.7699061158798284,0.11356223046547415
3957,TMEM14A--KIF6,No Annotation,,0.0401748222705153,Pancreas,1,0.297,0.7535943552850027,0.12286236323767961
3892,TFB1M--NOX3,Reintroduction,IPR013112|IPR013121,0.04000915611856573,Breast,1,0.337,0.788741704951506,0.10306519511735777
3891,TFB1M--NOX3,No Annotation,,0.04000915611856573,Breast,1,0.325,0.779354079497908,0.10826518695516696
3893,TFB1M--NOX3,Reintroduction,IPR013121,0.04000915611856573,Breast,1,0.314,0.7707119914346895,0.11310788381481973
3087,RAF1--DEPDC4,Reintroduction,IPR003116|IPR002219,0.04000112099096658,Ovary/Fallopian Tube,1,0.293,0.7509693593314763,0.12437778249614075
869,CST6--SF3B2,Bridges,IPR000010|IPR003034|IPR007180|IPR006568,0.03995621598517492,Lung,1,0.305,0.7616693899782135,0.11823349751239788
2930,PRRG2--KASH5,Bridges,IPR000294|IPR039508|IPR028168,0.03985050880840331,Ovary/Fallopian Tube,1,0.326,0.7796163815448419,0.10811904392616552
164,ANKRD11--ZNF585B,No Change,IPR001909|IPR013087|IPR013087|IPR013087|IPR013087|IPR013087|IPR013087|IPR013087|IPR013087|IPR013087|IPR013087|IPR013087|IPR013087|IPR013087|IPR013087|IPR013087|IPR013087|IPR013087|IPR013087|IPR013087|IPR013087|IPR013087|IPR013087|IPR013087,0.039808922132984016,Lung,1,0.317,0.7730805938494169,0.11177522841083694
3438,SLC12A4--PRMT7,No Change,IPR055135,0.03961328153876817,Lung,1,0.314,0.7707119914346895,0.11310788381481973
972,DEDD2--KCNA7,No Change,IPR001875,0.039604966353800244,Breast,1,0.301,0.7578720483250961,0.12040411019503675
3997,TMOD3--TMOD2,No Annotation,,0.039514665158899766,Esophagus/Stomach,1,0.305,0.7616693899782135,0.11823349751239788
3251,RNF4--TNIP2,No Change,IPR022008|IPR034735,0.03945721660987678,Ovary/Fallopian Tube,1,0.309,0.7662330989724175,0.1156390917282985
2436,NEMF--L2HGDH,No Change,IPR008532,0.03931285587475802,Ovary/Fallopian Tube,1,0.323,0.7769963273871983,0.10958103396516485
1702,HOATZ--BTG4,No Change,IPR002087,0.039261271370587644,Bowel,3,0.277,0.7375406504065041,0.13221403804714751
3262,ROBO1--ROBO1,Reinforcement,IPR003598|IPR003598|IPR003598|IPR003598|IPR003598|IPR003961|IPR003598|IPR003961|IPR003961|IPR003961,0.03922394188001041,Soft Tissue,1,0.298,0.7540452538631346,0.12260258925849918
1491,GBE1--TECPR2,Reintroduction,IPR004193|IPR006047,0.03915302663903922,Lung,1,0.298,0.7540452538631346,0.12260258925849918
1533,GNAQ--PRUNE2,No Change,IPR001251,0.039152796172589654,Lung,1,0.299,0.7553250688705234,0.12186610104166178
2854,PPM1L--B3GALNT1,No Change,IPR001932,0.03912058236629114,Uterus,1,0.309,0.7662330989724175,0.1156390917282985
1193,EPS8--TMEM52B,No Annotation,,0.039001394492206756,CNS/Brain,1,0.29,0.749520856820744,0.12521627759071166
4329,WDR43--TRIM54,No Change,IPR017903,0.03897450908872149,Esophagus/Stomach,1,0.321,0.7750315955766193,0.11068059232610557
3400,SF1--MEN1,No Annotation,,0.03886772549211456,Esophagus/Stomach,1,0.284,0.7428066172276098,0.12912423604071738
1839,KANSL1--GAB2,No Annotation,,0.03884735959456609,Ovary/Fallopian Tube,1,0.312,0.7699061158798284,0.11356223046547415
3029,QPRT--SIDT1,No Change,IPR022412|IPR002638,0.038825790676514295,Soft Tissue,1,0.312,0.7699061158798284,0.11356223046547415
3028,QPRT--SIDT1,No Annotation,,0.038825790676514295,Soft Tissue,1,0.317,0.7730805938494169,0.11177522841083694
1013,DIP2B--ASIC1,No Annotation,,0.03882484411175713,Bone,1,0.321,0.7750315955766193,0.11068059232610557
777,CNTN5--ELSPBP1,No Change,IPR000562|IPR000562|IPR000562|IPR000562,0.03881328804939389,Soft Tissue,1,0.328,0.7796163815448419,0.10811904392616552
2466,NFX1--BAG1,Reinforcement,IPR001841|IPR000967|IPR000967|IPR000967|IPR003103,0.03880833122182947,Lung,1,0.32,0.7742480211081794,0.11111989597814531
84,ADRB1--AFAP1L2,Reinforcement,IPR017452|IPR001849|IPR001849,0.03861973956602072,Bowel,1,0.328,0.7796163815448419,0.10811904392616552
1938,KYAT3--GBP3,No Change,IPR015894|IPR003191,0.03850465096143721,Uterus,1,0.328,0.7796163815448419,0.10811904392616552
3271,RPF1--TMED5,No Annotation,,0.03842206765957085,Biliary Tract,1,0.298,0.7540452538631346,0.12260258925849918
4323,WDPCP--KIFAP3,No Annotation,,0.03829873997806997,Bladder/Urinary Tract,1,0.332,0.7846494845360825,0.10532430622014984
4383,YES1--TAF4B,No Change,IPR003894|IPR007900,0.03816035192604256,Ovary/Fallopian Tube,1,0.311,0.7699061158798284,0.11356223046547415
1659,HERC4--DNAJC12,No Change,IPR058923,0.03815121309168314,Soft Tissue,1,0.329,0.7811833247022268,0.10724703582338051
890,CTNND1--SSRP1,Reintroduction,IPR024954|IPR048993|IPR013719|IPR009071|IPR048985,0.03813277616183715,CNS/Brain,1,0.299,0.7553250688705234,0.12186610104166178
889,CTNND1--SSRP1,No Change,IPR035417|IPR024954|IPR048993|IPR013719|IPR009071|IPR048985,0.03813277616183715,CNS/Brain,1,0.308,0.7649945828819068,0.1163416401834091
648,CENPT--DPEP3,No Annotation,,0.03811265882632655,Lung,1,0.294,0.7509693593314763,0.12437778249614075
3666,ST7--WNT2,No Annotation,,0.03809589425317078,Lymphoid,1,0.332,0.7846494845360825,0.10532430622014984
2879,PPP6R3--PDE4DIP,No Change,IPR012943|IPR056273|IPR010630,0.0380005243431015,Head and Neck,1,0.34,0.7905172413793103,0.10208865355689739
2576,NUP98--STON2,No Change,IPR012320|IPR028565,0.03799618549600557,Esophagus/Stomach,1,0.29,0.749520856820744,0.12521627759071166
3696,STON2--NUP98,No Change,IPR007230|IPR021967,0.03799618549600557,Esophagus/Stomach,1,0.334,0.7873470437017995,0.10383379884412214
1760,IMMP2L--DOCK4,No Change,IPR027357,0.037925365046105414,Bladder/Urinary Tract,2,0.272,0.7310199296600235,0.13607078279126558
2121,MB21D2--FGF12,No Annotation,,0.037857898647436654,Esophagus/Stomach,2,0.286,0.7454860716316087,0.12756046632237844
368,BABAM2--KPNA7,No Annotation,,0.03777227345485735,CNS/Brain,1,0.344,0.7917042042042042,0.10143704881064951
3561,SNX13--PHF14,Reinforcement,IPR003114|IPR016137|IPR001683|IPR013937|IPR001965|IPR001965|IPR001965,0.03775844189163086,Skin,1,0.323,0.7769963273871983,0.10958103396516485
250,ARHGAP5--AKAP6,Reintroduction,IPR002713|IPR002713|IPR002713|IPR002713|IPR039007|IPR039006,0.03775575312757269,Lung,1,0.303,0.7604022988505746,0.11895657884419293
625,CDH4--EYA2,No Change,IPR006545,0.037589587178925646,Peripheral Nervous System,1,0.328,0.7796163815448419,0.10811904392616552
2094,MAP3K3--TANC2,No Change,IPR058018|IPR058056,0.03758823287521445,Biliary Tract,1,0.313,0.7699061158798284,0.11356223046547415
3514,SLIT2--KCNIP4,Reinforcement,IPR000372|IPR002048,0.03746932115020657,CNS/Brain,1,0.326,0.7796163815448419,0.10811904392616552
2874,PPP6R2--TMEM62,Reintroduction,IPR056230,0.03737792468956161,Bone,1,0.318,0.7730805938494169,0.11177522841083694
3584,SOX5--BCAT1,No Annotation,,0.0371999586732747,Head and Neck,1,0.296,0.7527232390460343,0.12336467565742351
1528,GMIP--ATP13A1,Reintroduction,IPR031160,0.037177709913339664,Skin,1,0.32,0.7742480211081794,0.11111989597814531
1470,GAPVD1--RABEPK,No Annotation,,0.03707861289578359,Ovary/Fallopian Tube,1,0.336,0.7884135107471852,0.10324594198687033
474,C1orf159--ISG15,No Change,IPR000626|IPR000626,0.03707297774734508,Uterus,1,0.334,0.7873470437017995,0.10383379884412214
4492,ZNF331--PEG3,No Change,IPR013087|IPR013087|IPR013087|IPR013087|IPR013087|IPR013087|IPR013087|IPR013087|IPR013087|IPR013087|IPR013087|IPR013087,0.03693981949706499,Lung,1,0.318,0.7730805938494169,0.11177522841083694
4491,ZNF331--PEG3,No Change,IPR003309|IPR013087|IPR013087|IPR013087|IPR013087|IPR013087|IPR013087|IPR013087|IPR013087|IPR013087|IPR013087|IPR013087|IPR013087,0.03693981949706499,Lung,1,0.313,0.7699061158798284,0.11356223046547415
3868,TEAD4--RHNO1,No Annotation,,0.036890289252176925,Cervix,1,0.304,0.7604146208401527,0.1189495413474231
333,ATP5F1E--EPB41L1,Reintroduction,IPR007477|IPR008379,0.036747374858636134,Bladder/Urinary Tract,1,0.337,0.788741704951506,0.10306519511735777
4460,ZMYM2--ZMYM2,Reinforcement,IPR010507|IPR010507|IPR010507|IPR010507|IPR010507|IPR010507|IPR011017|IPR010507|IPR010507|IPR010507|IPR010507|IPR057926|IPR021893,0.03673371048452724,Kidney,1,0.323,0.7769963273871983,0.10958103396516485
4173,UBAC2--TMCO3,No Annotation,,0.03659814099650417,Bone,1,0.353,0.7957251720747296,0.09923690319286334
2271,MRTFA--CLDN16,No Annotation,,0.036582325365869334,Esophagus/Stomach,1,0.328,0.7796163815448419,0.10811904392616552
2599,OSBPL9--TTC34,No Annotation,,0.0364308390882735,Ovary/Fallopian Tube,1,0.318,0.7730805938494169,0.11177522841083694
3204,RHBDF2--RAB40B,No Annotation,,0.03640271356001143,Skin,1,0.326,0.7796163815448419,0.10811904392616552
3409,SH3BP2--FGFR3,No Change,IPR000719,0.03637651212883514,Ovary/Fallopian Tube,1,0.314,0.7707119914346895,0.11310788381481973
2549,NUCB1--LBP,Reintroduction,IPR001124,0.0363633106072548,CNS/Brain,1,0.306,0.7616775244299674,0.11822885937321025
56,ADAMTS20--OS9,No Change,IPR002870|IPR001590|IPR041645|IPR045371|IPR010294,0.036271773251348505,CNS/Brain,1,0.329,0.7811833247022268,0.10724703582338051
2477,NIF3L1--NIF3L1,No Annotation,,0.0362191455341318,CNS/Brain,1,0.339,0.7905172413793103,0.10208865355689739
910,CUX1--MARK3,Reintroduction,IPR015940|IPR001772,0.03600656514779317,Myeloid,1,0.345,0.7917042042042042,0.10143704881064951
3714,SUCO--DNM3,No Change,IPR003130,0.035989600676923805,CNS/Brain,1,0.316,0.7730805938494169,0.11177522841083694
2231,MLLT3--FOCAD,No Change,IPR022542|IPR021392,0.035925417015258726,CNS/Brain,2,0.268,0.7275192421551213,0.13815551553617997
2722,PHF20--STX8,Reintroduction,IPR002999|IPR002999|IPR022255|IPR013087,0.0359090567908799,CNS/Brain,1,0.324,0.7785849056603773,0.1086940201554243
840,CREB1--COL4A4,Bridges,IPR003102|IPR001442,0.03584218599690876,Bowel,1,0.34,0.7905172413793103,0.10208865355689739
1884,KIAA1958--HSDL2,No Change,IPR003033,0.0358371406033064,Bowel,1,0.324,0.7785849056603773,0.1086940201554243
3605,SPECC1--TATDN1,No Annotation,,0.0357003114429663,Breast,1,0.314,0.7707119914346895,0.11310788381481973
4546,ZNF670--AGT,No Change,IPR023796,0.03563705817744733,Breast,1,0.313,0.7699061158798284,0.11356223046547415
2462,NFIC--ZNF14,No Change,IPR001909|IPR013087|IPR013087|IPR013087|IPR013087|IPR013087|IPR013087|IPR013087|IPR013087|IPR013087|IPR013087|IPR013087|IPR013087|IPR013087|IPR013087|IPR013087|IPR013087|IPR013087|IPR013087|IPR013087,0.03562129862609219,Skin,1,0.348,0.7934261561412232,0.10049348664412114
1041,DNAJC3--VWA8,Reintroduction,IPR003593|IPR003593|IPR002035,0.03557366517790715,Bowel,1,0.369,0.8059144893111638,0.09371103609865225
2095,MAP3K5--MAP7,Reintroduction,IPR046872,0.03543932125433157,Bowel,1,0.331,0.7846494845360825,0.10532430622014984
1832,JMJD1C--NRBF2,Bridges,IPR054294|IPR015056,0.03530720681076186,Liver,1,0.327,0.7796163815448419,0.10811904392616552
3738,SVIL--JCAD,No Annotation,,0.03524889137482957,Ovary/Fallopian Tube,1,0.31,0.7682972972972973,0.1144706945627012
1196,ERC1--SYCP2,No Annotation,,0.03524565005545225,Lung,1,0.349,0.794520854021847,0.09989469925237944
3258,RNLS--ATAD1,No Change,IPR003593|IPR041569,0.034969641655807335,CNS/Brain,1,0.335,0.7876794871794872,0.10365046431963286
666,CERK--PCSK2,No Change,IPR057465|IPR001206|IPR045363,0.03493532003487314,Soft Tissue,1,0.341,0.7916379746835444,0.10147338096394139
892,CTNS--MYO18A,No Change,IPR001478|IPR004009|IPR001609|IPR002928,0.03485578253606572,Bowel,1,0.303,0.7604022988505746,0.11895657884419293
1001,DIAPH1--PCDHGA1,Reinforcement,IPR010473|IPR010472|IPR031904,0.03480201660699076,CNS/Brain,1,0.315,0.7715144230769231,0.11265595060644601
3347,SCAI--MAPKAP1,No Change,IPR032679|IPR031567|IPR057339|IPR031313,0.03472317486835047,Pleura,1,0.317,0.7730805938494169,0.11177522841083694
4575,ZNRF3--CRYBB1,Reintroduction,IPR001064,0.034602976548647676,Breast,1,0.327,0.7796163815448419,0.10811904392616552
1151,ELP1--MRRF,No Change,IPR023584,0.034341682189811464,Esophagus/Stomach,1,0.318,0.7730805938494169,0.11177522841083694
2267,MRRF--ELP1,Reintroduction,IPR056165|IPR056167|IPR056166|IPR056169,0.034341682189811464,Esophagus/Stomach,1,0.323,0.7769963273871983,0.10958103396516485
2268,MRRF--ELP1,Reintroduction,IPR056167|IPR056166|IPR056169,0.034341682189811464,Esophagus/Stomach,1,0.326,0.7796163815448419,0.10811904392616552
3950,TMEM126A--DLG2,No Change,IPR019590|IPR001478|IPR001478|IPR019583|IPR001478|IPR001452|IPR008144,0.03432790661252241,Bone,1,0.337,0.788741704951506,0.10306519511735777
139,AMER1--ARHGEF9,No Annotation,,0.03424880865182238,Uterus,1,0.327,0.7796163815448419,0.10811904392616552
3476,SLC37A1--ABCG1,No Change,IPR013525,0.03393213404024828,Breast,1,0.337,0.788741704951506,0.10306519511735777
1530,GNAI1--KPNA7,No Change,IPR002652,0.033919175216806055,CNS/Brain,1,0.334,0.7873470437017995,0.10383379884412214
352,AXIN1--RAB11FIP3,Reinforcement,IPR032101|IPR016137|IPR057316|IPR019018,0.03383710121705437,Skin,1,0.353,0.7957251720747296,0.09923690319286334
2208,MICU1--KIF5B,Reintroduction,IPR059182,0.0336601317754653,Biliary Tract,1,0.335,0.7876794871794872,0.10365046431963286
2669,PCGF2--PIP4K2B,No Change,IPR001841,0.033651129500781876,CNS/Brain,1,0.318,0.7730805938494169,0.11177522841083694
4556,ZNF736--ZNF138,No Change,IPR013087|IPR013087|IPR013087|IPR013087|IPR013087|IPR013087,0.03364427106744527,CNS/Brain,1,0.315,0.7715144230769231,0.11265595060644601
3946,TMEM117--HIBADH,Reintroduction,IPR029154,0.033466800481266296,Lung,1,0.331,0.7846494845360825,0.10532430622014984
1298,FBN1--ZNRF4,Reintroduction,IPR040872|IPR000742|IPR000742|IPR000742|IPR017878|IPR000742|IPR000742|IPR017878|IPR000742|IPR000742|IPR000742|IPR000742|IPR000742|IPR017878|IPR000742|IPR000742|IPR000742|IPR017878|IPR000742|IPR017878|IPR000742|IPR000742|IPR000742|IPR000742|IPR000742|IPR000742|IPR000742|IPR000742|IPR000742|IPR000742|IPR000742|IPR000742,0.03338578404059414,CNS/Brain,1,0.338,0.7894701986754968,0.1026642593163115
548,CBL--DYNC2H1,Reinforcement,IPR003153|IPR041228,0.03331143879134704,Pancreas,1,0.342,0.7917042042042042,0.10143704881064951
1666,HIPK3--ADPGK,No Annotation,,0.033170129975971116,Pancreas,1,0.332,0.7846494845360825,0.10532430622014984
3249,RNF217--NKAIN2,No Change,IPR047550|IPR002867|IPR002867,0.03310632725172483,Soft Tissue,1,0.342,0.7917042042042042,0.10143704881064951
2114,MARK3--NDRG2,No Annotation,,0.03310460839289257,Skin,1,0.325,0.779354079497908,0.10826518695516696
1767,IMPA1--IMPA1,No Annotation,,0.03307829633563251,Lung,2,0.289,0.749520856820744,0.12521627759071166
2413,NDST3--USP53,Reintroduction,IPR056793|IPR021930,0.0330685985430254,Lung,1,0.336,0.7884135107471852,0.10324594198687033
1449,FSD1--UBXN6,Reinforcement,IPR003649|IPR017903|IPR003961|IPR018997|IPR001012,0.033040997882081466,Soft Tissue,1,0.343,0.7917042042042042,0.10143704881064951
3641,SS18L1--LSM14B,No Change,IPR007726,0.03300984780741813,Esophagus/Stomach,1,0.328,0.7796163815448419,0.10811904392616552
2461,NFIC--CELF5,Bridges,IPR019548|IPR003619|IPR000504|IPR000504,0.03296169546327747,Ovary/Fallopian Tube,1,0.34,0.7905172413793103,0.10208865355689739
3599,SPATS2--NIPSNAP1,No Change,IPR012577,0.03292194279204043,Uterus,1,0.393,0.8192698412698414,0.08657303197224327
156,ANKRD11--MS4A2,No Annotation,,0.032852350633486675,CNS/Brain,1,0.341,0.7916379746835444,0.10147338096394139
3463,SLC25A51--STARD3,No Change,IPR019498|IPR002913,0.03281320654053882,Breast,1,0.338,0.7894701986754968,0.1026642593163115
506,CACNA2D4--WDR43,Bridges,IPR013608|IPR002035|IPR007148,0.03279512827264966,Lung,1,0.319,0.7734611316763617,0.11156150578181873
3203,RHBDD1--WDFY1,No Change,IPR000306,0.032701463983462395,Lymphoid,1,0.366,0.8049999999999999,0.09420411963213152
2525,NRG1--GPR55,No Change,IPR017452,0.0325980836840062,Soft Tissue,1,0.347,0.7927229696063776,0.100878557690572
4470,ZNF136--NTF4,No Change,IPR002072,0.03254145253013828,Esophagus/Stomach,1,0.32,0.7742480211081794,0.11111989597814531
3009,PXDN--NRXN1,Reinforcement,IPR000483|IPR003598|IPR003598|IPR003598|IPR001791|IPR003585,0.03253885255857105,Pleura,1,0.332,0.7846494845360825,0.10532430622014984
3008,PXDN--NRXN1,Reinforcement,IPR000483|IPR003598|IPR003598|IPR001791|IPR003585,0.03253885255857105,Pleura,1,0.327,0.7796163815448419,0.10811904392616552
3007,PXDN--NRXN1,Reinforcement,IPR000483|IPR003598|IPR001791|IPR003585,0.03253885255857105,Pleura,1,0.347,0.7927229696063776,0.100878557690572
4294,VPS26B--PODXL,No Annotation,,0.03252782690751734,Peripheral Nervous System,1,0.361,0.8046962391513982,0.0943680283979263
4039,TP53--SAT2,No Change,IPR000182,0.0324336431462872,Lymphoid,1,0.351,0.7957251720747296,0.09923690319286334
3448,SLC20A1--POLR1B,Reintroduction,IPR007641,0.032426068622952026,Pancreas,1,0.34,0.7905172413793103,0.10208865355689739
3733,SVEP1--MYLK,Reinforcement,IPR002035|IPR011641|IPR000436|IPR000436|IPR000436|IPR003410|IPR003410|IPR000436|IPR011641|IPR011641|IPR011641|IPR000742|IPR000742|IPR000742|IPR000742|IPR000742|IPR000742|IPR001759|IPR000436|IPR000436|IPR000742|IPR000436|IPR000436|IPR000436|IPR003598|IPR003598|IPR003598|IPR003598|IPR003598|IPR003598|IPR003598|IPR003598|IPR003961|IPR000719|IPR003598,0.03240398983215291,Bowel,1,0.357,0.8015891283055827,0.09604818163265838
1301,FBRSL1--STX2,No Change,IPR006011|IPR000727,0.03209488623797825,Lung,1,0.345,0.7917042042042042,0.10143704881064951
4244,USP54--ANXA7,No Annotation,,0.03209003996154808,Myeloid,1,0.364,0.8046962391513982,0.0943680283979263
4233,USP36--PRKCA,Reintroduction,IPR002219|IPR000008|IPR000719|IPR000961,0.03203440987636256,Skin,1,0.325,0.779354079497908,0.10826518695516696
3877,TENM4--ELMOD1,No Annotation,,0.031999365437791964,Bladder/Urinary Tract,1,0.356,0.7997354238118568,0.0970536667371555
3930,TM7SF3--CAPZA3,No Change,IPR025256,0.031998330857605714,Biliary Tract,1,0.347,0.7927229696063776,0.100878557690572
2474,NIBAN2--RAB14,No Change,IPR005225,0.03187300181536002,CNS/Brain,1,0.338,0.7894701986754968,0.1026642593163115
2473,NIBAN2--RAB14,No Annotation,,0.03187300181536002,CNS/Brain,1,0.351,0.7957251720747296,0.09923690319286334
1599,GSS--GSS,No Change,IPR004887,0.03185657316779303,Ovary/Fallopian Tube,1,0.34,0.7905172413793103,0.10208865355689739
551,CBX1--MYL10,No Change,IPR002048|IPR002048,0.031831281903722995,Head and Neck,1,0.328,0.7796163815448419,0.10811904392616552
2503,NMNAT2--NMNAT2,No Change,IPR004821,0.03171535889347154,Soft Tissue,1,0.321,0.7750315955766193,0.11068059232610557
410,BCL7A--DYRK1A,No Change,IPR000719,0.03163599863558535,Lymphoid,1,0.362,0.8046962391513982,0.0943680283979263
1080,DYRK1A--BCL7A,No Annotation,,0.03163599863558535,Lymphoid,1,0.366,0.8049999999999999,0.09420411963213152
435,BMPR1B--EPM2A,No Change,IPR000340,0.03159530128674815,Breast,1,0.37,0.8059144893111638,0.09371103609865225
4505,ZNF486--RFXANK,No Change,IPR001909,0.03151797220046991,Lung,1,0.348,0.7934261561412232,0.10049348664412114
2300,MTFR1--PDE7A,No Change,IPR002073,0.03151465478620026,Lymphoid,1,0.358,0.8026552567237164,0.09547094569344633
2831,PPARD--ANKS1A,No Change,IPR001660|IPR001660|IPR006020,0.031237283995350383,Ovary/Fallopian Tube,1,0.349,0.794520854021847,0.09989469925237944
2882,PPP6R3--THSD7A,No Change,IPR044004|IPR044004|IPR044004|IPR044004|IPR044004|IPR044004|IPR056991,0.03116859779939843,Skin,1,0.363,0.8046962391513982,0.0943680283979263
3600,SPC24--DOCK6,No Annotation,,0.031146915403344244,Ovary/Fallopian Tube,1,0.337,0.788741704951506,0.10306519511735777
3159,RCAN2--PRC1,No Annotation,,0.03099187125410901,Soft Tissue,2,0.306,0.7616775244299674,0.11822885937321025
275,ARMC8--PSMA8,No Annotation,,0.03089107319486637,Head and Neck,1,0.328,0.7796163815448419,0.10811904392616552
1912,KLK5--CDH23,Reintroduction,IPR002126|IPR002126|IPR002126|IPR002126|IPR002126|IPR002126|IPR002126|IPR002126|IPR002126|IPR002126|IPR002126|IPR002126,0.030880489372039847,Breast,1,0.339,0.7905172413793103,0.10208865355689739
2180,MET--CAV1,No Change,IPR001627|IPR016201,0.030845894264216876,Head and Neck,1,0.353,0.7957251720747296,0.09923690319286334
4579,ZRSR2--GPM6B,No Annotation,,0.030752152118428223,Soft Tissue,1,0.335,0.7876794871794872,0.10365046431963286
3452,SLC20A2--PLAT,No Change,IPR000083|IPR000742|IPR000001|IPR000001|IPR001254,0.03060219691789439,Breast,1,0.352,0.7957251720747296,0.09923690319286334
2124,MB21D2--FGF12,No Annotation,,0.030595869348031518,CNS/Brain,1,0.345,0.7917042042042042,0.10143704881064951
4119,TSNARE1--MGLL,Bridges,IPR028002|IPR000073|IPR000073|IPR000073|IPR000073,0.03043722373726576,Lung,1,0.304,0.7604146208401527,0.1189495413474231
1823,JAK1--CFAP45,No Change,IPR043597,0.03041222456509078,CNS/Brain,1,0.321,0.7750315955766193,0.11068059232610557
2423,NECAP2--ERC2,No Change,IPR012466,0.030354348443072568,Ovary/Fallopian Tube,1,0.347,0.7927229696063776,0.100878557690572
101,AGO1--KIAA0319L,No Change,IPR013980|IPR022409|IPR022409|IPR000601|IPR022409|IPR022409|IPR056502,0.03026018379517743,Ovary/Fallopian Tube,1,0.304,0.7604146208401527,0.1189495413474231
2694,PDS5A--ETV1,No Annotation,,0.030106327398833982,Biliary Tract,1,0.366,0.8049999999999999,0.09420411963213152
3131,RBL1--TMPRSS15,Reinforcement,IPR024599|IPR002720|IPR000082|IPR000859|IPR000998|IPR000859|IPR001190|IPR001254,0.030062289627655253,Lung,1,0.338,0.7894701986754968,0.1026642593163115
3105,RANBP17--DOCK2,Bridges,IPR001494|IPR057947|IPR026799,0.02985322429315721,Prostate,1,0.367,0.8049999999999999,0.09420411963213152
2625,PACSIN2--TTLL1,No Annotation,,0.029808637036323613,Head and Neck,1,0.344,0.7917042042042042,0.10143704881064951
2654,PARPBP--LCE5A,No Annotation,,0.029789756082689495,Soft Tissue,1,0.331,0.7846494845360825,0.10532430622014984
2656,PASD1--GABRA3,Reintroduction,IPR006029,0.02953981161322533,Lymphoid,1,0.367,0.8049999999999999,0.09420411963213152
3681,STIM2--CLRN2,Reintroduction,IPR057835|IPR001660,0.02948762310832516,Lymphoid,1,0.347,0.7927229696063776,0.100878557690572
3208,RHOA--USP4,Reintroduction,IPR028135|IPR001394,0.02947773234633104,Lung,1,0.351,0.7957251720747296,0.09923690319286334
1731,IFT74--TEK,Reintroduction,IPR000742|IPR002049|IPR000742|IPR000742|IPR007110|IPR003961|IPR003961|IPR003961|IPR000719,0.029425242884085417,Cervix,1,0.347,0.7927229696063776,0.100878557690572
3935,TMC6--TK1,No Annotation,,0.02942449504344772,Lung,1,0.336,0.7884135107471852,0.10324594198687033
1541,GNGT1--CALCR,No Change,IPR001879|IPR017981,0.029417950875099366,Lymphoid,1,0.345,0.7917042042042042,0.10143704881064951
4256,UVRAG--MOGAT2,No Change,IPR000008,0.029361180907285983,Breast,1,0.346,0.7927229696063776,0.100878557690572
686,CHKA--KMT5B,No Change,IPR001214,0.029357458292377542,Lung,1,0.344,0.7917042042042042,0.10143704881064951
1822,JAGN1--ARPC4,No Annotation,,0.029161516294449297,Lung,1,0.344,0.7917042042042042,0.10143704881064951
4172,UBA3--FRMD4B,No Annotation,,0.029130471781304443,Peripheral Nervous System,1,0.375,0.8091176470588235,0.09198832665257162
3570,SOCS5--PREPL,No Change,IPR023302|IPR001375,0.028937551551616182,CNS/Brain,1,0.36,0.8046962391513982,0.0943680283979263
2012,LMO7--UCHL3,No Annotation,,0.028924557572403684,Breast,1,0.369,0.8059144893111638,0.09371103609865225
681,CHD6--MLIP,No Annotation,,0.02863934456122414,Esophagus/Stomach,1,0.344,0.7917042042042042,0.10143704881064951
3073,RAD18--PRELID3B,No Change,IPR001841|IPR006642|IPR003034,0.028410340523722533,Ovary/Fallopian Tube,1,0.366,0.8049999999999999,0.09420411963213152
15,ABCD4--ZFYVE1,Reinforcement,IPR011527|IPR000306|IPR000306,0.02838614768543258,Pleura,1,0.399,0.8214705882352941,0.08540798134125009
35,ACOT12--SSBP2,No Annotation,,0.028384630564382958,Biliary Tract,1,0.349,0.794520854021847,0.09989469925237944
1032,DNAH14--CAPN2,Reintroduction,IPR022682|IPR002048|IPR002048,0.028316669704449994,Ovary/Fallopian Tube,1,0.34,0.7905172413793103,0.10208865355689739
2714,PGM2L1--FCHSD2,No Change,IPR001452|IPR001452,0.028160359377356517,Lung,1,0.373,0.8078436466698157,0.09267268620468454
2749,PIK3CA--KCNMB2,No Change,IPR015382,0.028146559470396314,CNS/Brain,1,0.351,0.7957251720747296,0.09923690319286334
4312,VWA2--PRKCH,Reintroduction,IPR002219|IPR002219|IPR000719|IPR000961,0.028102368512474905,Prostate,1,0.345,0.7917042042042042,0.10143704881064951
1009,DIAPH3--ELAPOR2,No Change,IPR056609|IPR056610|IPR056608|IPR044865|IPR056606,0.027911331385586866,Head and Neck,1,0.344,0.7917042042042042,0.10143704881064951
952,DDAH1--NEGR1,No Annotation,,0.027833171997209277,Cervix,1,0.332,0.7846494845360825,0.10532430622014984
1870,KDM4D--AMOTL1,No Change,IPR024646,0.02767577289478547,Soft Tissue,1,0.348,0.7934261561412232,0.10049348664412114
4234,USP36--RBFOX3,Reintroduction,IPR025670,0.02766577198649321,Skin,1,0.368,0.8049999999999999,0.09420411963213152
3704,STS--STS,No Change,IPR000917,0.027629184140241146,Myeloid,1,0.364,0.8046962391513982,0.0943680283979263
2197,MGAT3--TAB1,No Change,IPR001932,0.02760550346683626,Ovary/Fallopian Tube,1,0.364,0.8046962391513982,0.0943680283979263
3555,SNED1--FARP2,Reintroduction,IPR000219|IPR001849|IPR001849,0.02757664549713402,Bone,1,0.389,0.8187500000000001,0.08684868700016048
1201,ERI2--DNAH3,No Change,IPR013602|IPR003593|IPR041466|IPR003593|IPR041589|IPR024317|IPR024743|IPR035706|IPR004273|IPR041658|IPR041228,0.027551102010214837,Ovary/Fallopian Tube,1,0.372,0.8072030288689068,0.09301721716437593
2218,MIGA1--USP33,No Change,IPR001607|IPR001394|IPR006615|IPR006615,0.027520175596723602,Liver,1,0.38,0.8141588785046728,0.08929083672634082
3653,SSX2IP--YTHDF2,No Change,IPR007275,0.027455685712711606,Skin,1,0.353,0.7957251720747296,0.09923690319286334
3758,SYNJ2--TMEM181,No Annotation,,0.027439361436250854,Uterus,1,0.363,0.8046962391513982,0.0943680283979263
3759,SYNJ2--TMEM181,No Change,IPR047843,0.027439361436250854,Uterus,1,0.362,0.8046962391513982,0.0943680283979263
363,B4GALT1--LETM1,Reintroduction,IPR059005|IPR002048,0.027391407646633836,Skin,1,0.342,0.7917042042042042,0.10143704881064951
4330,WDR7--CCBE1,No Change,IPR000742|IPR000742,0.02739003681034301,Lymphoid,1,0.354,0.7964131501472032,0.09886157763857986
75,ADGRL3--SDAD1,Bridges,IPR000922|IPR012977|IPR007949|IPR048292,0.027238571730755945,Esophagus/Stomach,1,0.348,0.7934261561412232,0.10049348664412114
2828,PPA2--TET2,No Change,IPR024779,0.02722757407067246,Lung,1,0.362,0.8046962391513982,0.0943680283979263
1538,GNE--SIPA1,Bridges,IPR003331|IPR001478,0.027184849772638776,Liver,1,0.345,0.7917042042042042,0.10143704881064951
708,CKS2--ZNF618,No Change,IPR013087|IPR013087|IPR013087|IPR013087,0.02708010209944471,CNS/Brain,1,0.344,0.7917042042042042,0.10143704881064951
3175,RERE--SLC2A5,No Change,IPR020846,0.027077842104621885,Esophagus/Stomach,1,0.346,0.7927229696063776,0.100878557690572
257,ARID1A--MAST2,No Change,IPR015022|IPR000719|IPR000961|IPR001478,0.02702630562100989,Breast,1,0.368,0.8049999999999999,0.09420411963213152
1262,FAM149B1--CFAP70,No Annotation,,0.02702146059835497,Breast,1,0.356,0.7997354238118568,0.0970536667371555
2310,MTRES1--KLHL32,Reintroduction,IPR011705|IPR056737,0.02697072258013655,Breast,1,0.37,0.8059144893111638,0.09371103609865225
2281,MSH3--HOMER1,Reinforcement,IPR007695|IPR000697,0.026911714582862137,Soft Tissue,1,0.352,0.7957251720747296,0.09923690319286334
148,ANKFN1--NOG,No Annotation,,0.026908501734236208,Ovary/Fallopian Tube,1,0.358,0.8026552567237164,0.09547094569344633
4110,TRPC4AP--ACSBG2,No Annotation,,0.026870783121497467,Myeloid,2,0.34,0.7905172413793103,0.10208865355689739
2229,MLLT10--PLXDC2,No Change,IPR001965,0.02684531624544728,Breast,1,0.344,0.7917042042042042,0.10143704881064951
3646,SSBP2--STK31,No Annotation,,0.026766735786090567,Lung,1,0.378,0.8125316455696202,0.09015971560616352
3753,SYNE1--TSFM,Bridges,IPR001715|IPR001715|IPR057057|IPR057932|IPR014039,0.02676550063076273,Soft Tissue,1,0.363,0.8046962391513982,0.0943680283979263
4474,ZNF160--MYADM,No Annotation,,0.02666081565019202,Breast,1,0.346,0.7927229696063776,0.100878557690572
2888,PRDM15--CRYZL1,Reinforcement,IPR001214|IPR013087|IPR013087|IPR013087|IPR013087|IPR013087|IPR013087|IPR013087|IPR013087|IPR013154,0.026542032264935664,Lung,1,0.35,0.7957251720747296,0.09923690319286334
4451,ZHX2--ASAP1,Reintroduction,IPR001849|IPR001164|IPR001452,0.026527097521177087,Breast,1,0.372,0.8072030288689068,0.09301721716437593
2438,NEMF--SOS2,No Annotation,,0.02649006177172636,Esophagus/Stomach,1,0.336,0.7884135107471852,0.10324594198687033
2849,PPIL4--KATNA1,Reinforcement,IPR002130|IPR003593|IPR041569|IPR015415,0.026443696818589872,Lung,1,0.32,0.7742480211081794,0.11111989597814531
1886,KIAA1958--LINGO2,No Change,IPR000372|IPR003598,0.026377369025769308,Esophagus/Stomach,1,0.332,0.7846494845360825,0.10532430622014984
4300,VPS45--SC5D,No Annotation,,0.02630607814934288,Bone,1,0.352,0.7957251720747296,0.09923690319286334
1192,EPS8--ITPR2,Reintroduction,IPR000699|IPR013662|IPR005821,0.026305655505309833,Skin,1,0.372,0.8072030288689068,0.09301721716437593
3610,SPIDR--ERLIN2,No Change,IPR001107,0.026290250104397436,Breast,1,0.364,0.8046962391513982,0.0943680283979263
1983,LDLRAD4--L3MBTL4,No Change,IPR001660,0.026284733201667177,CNS/Brain,1,0.382,0.8146372093023255,0.08903575699785674
859,CSE1L--ARFGEF2,Bridges,IPR001494|IPR013713|IPR046455,0.026209395118716103,Esophagus/Stomach,1,0.393,0.8192698412698414,0.08657303197224327
409,BCL2L13--MLC1,No Annotation,,0.02614299822458414,Skin,1,0.384,0.815488652153775,0.08858207796066005
3682,STIP1--GPR137,No Annotation,,0.026119631677635702,Lymphoid,1,0.386,0.8174642032332563,0.08753125601158943
282,ARPC1B--KPNA7,No Annotation,,0.026027145074237833,Lymphoid,1,0.363,0.8046962391513982,0.0943680283979263
126,AKT3--MYCL,Reinforcement,IPR001849|IPR000719|IPR012682|IPR012682|IPR012682|IPR011598,0.026008600558961315,Lung,1,0.353,0.7957251720747296,0.09923690319286334
1681,HMCES--MECOM,No Change,IPR013087|IPR013087|IPR013087,0.025810005296715198,Esophagus/Stomach,1,0.366,0.8049999999999999,0.09420411963213152
1254,FAM110A--ATRN,Reintroduction,IPR000742|IPR056737|IPR016201|IPR016201|IPR016201|IPR001304|IPR016201|IPR016201|IPR002049|IPR002049|IPR056732,0.025789246094498647,Soft Tissue,1,0.35,0.7957251720747296,0.09923690319286334
1618,GTSE1--PPARA,Bridges,IPR032768|IPR001628|IPR000536,0.025773399797335318,Skin,1,0.367,0.8049999999999999,0.09420411963213152
3037,R3HDM2--IPO5,No Change,IPR001494|IPR057672|IPR034085,0.025773377013237064,Bone,1,0.364,0.8046962391513982,0.0943680283979263
939,DCAKD--CUEDC1,No Change,IPR003892,0.025725307505318262,Lymphoid,1,0.366,0.8049999999999999,0.09420411963213152
134,ALX4--ALX4,No Change,IPR001356|IPR003654,0.02570705440677635,Kidney,1,0.374,0.8084818481848184,0.09232972631004183
3245,RNF213--SLC26A11,Reintroduction,IPR002645,0.025586629941730984,Ovary/Fallopian Tube,1,0.358,0.8026552567237164,0.09547094569344633
145,ANAPC4--SORCS2,No Change,IPR000601,0.025537668593370325,Thyroid,1,0.352,0.7957251720747296,0.09923690319286334
1331,FCHSD2--FAM168A,Reintroduction,IPR001060|IPR034934,0.025537456300552208,Ovary/Fallopian Tube,2,0.303,0.7604022988505746,0.11895657884419293
953,DDAH1--PTGER3,No Annotation,,0.02544578867844735,Peripheral Nervous System,1,0.37,0.8059144893111638,0.09371103609865225
2496,NKD1--TENT4B,No Annotation,,0.02543676350910827,Breast,1,0.373,0.8078436466698157,0.09267268620468454
941,DCP1B--NAV3,No Annotation,,0.025429696572577924,Peripheral Nervous System,1,0.362,0.8046962391513982,0.0943680283979263
179,ANKRD44--PGAP1,No Annotation,,0.025408436521131006,Skin,1,0.364,0.8046962391513982,0.0943680283979263
4286,VMP1--CLTC,No Change,IPR015348,0.02533702286727768,Esophagus/Stomach,1,0.345,0.7917042042042042,0.10143704881064951
1380,FLNB--SLMAP,No Change,IPR001715|IPR001715,0.025320232396768706,Breast,1,0.354,0.7964131501472032,0.09886157763857986
1656,HERC1--FSIP1,No Annotation,,0.025306818782553097,Lung,1,0.36,0.8046962391513982,0.0943680283979263
3645,SSBP2--SNX7,No Annotation,,0.025246312799564023,Esophagus/Stomach,3,0.301,0.7578720483250961,0.12040411019503675
3455,SLC23A2--BCAS3,No Annotation,,0.02517767989487324,Lung,1,0.353,0.7957251720747296,0.09923690319286334
793,COMMD10--AP3S1,No Annotation,,0.025134172294600507,Bowel,1,0.366,0.8049999999999999,0.09420411963213152
471,C16orf87--ORC6,No Change,IPR018886,0.025088108385734553,Myeloid,1,0.368,0.8049999999999999,0.09420411963213152
747,CMTM4--WDR59,Reintroduction,IPR039456,0.02507737049775221,CNS/Brain,1,0.379,0.8135369850187266,0.08962269838240655
3387,SERAC1--GTF2H5,No Annotation,,0.025075677123664833,Esophagus/Stomach,1,0.352,0.7957251720747296,0.09923690319286334
3521,SMAP2--BEND5,Reinforcement,IPR001164|IPR018379,0.02494303186801661,Lung,1,0.383,0.8148747099767982,0.08890916052208772
3142,RBM47--APBB2,No Change,IPR006020|IPR006020,0.024930411379003314,Lung,1,0.379,0.8135369850187266,0.08962269838240655
3140,RBM47--APBB2,No Change,IPR001202|IPR006020|IPR006020,0.024930411379003314,Lung,1,0.345,0.7917042042042042,0.10143704881064951
3958,TMEM178B--MRPS33,No Annotation,,0.0246392251318463,Uterus,1,0.364,0.8046962391513982,0.0943680283979263
2675,PCMTD1--CACNA1E,Reintroduction,IPR005821|IPR005821|IPR005821|IPR002048|IPR014873,0.02459315730274482,Liver,1,0.376,0.8108936970837253,0.09103607525357703
2850,PPIL6--AK9,No Change,IPR003593|IPR003593,0.02448556783112866,Bone,1,0.371,0.8072030288689068,0.09301721716437593
3035,R3HDM2--CTDSP2,No Change,IPR004274,0.024394409008976062,Uterus,1,0.398,0.8208861898335583,0.08571705061926282
1853,KCNK9--TRAPPC9,Reintroduction,IPR058568,0.024369682487421364,Lymphoid,1,0.373,0.8078436466698157,0.09267268620468454
1927,KPNA1--PARP9,No Change,IPR002589|IPR002589|IPR057049|IPR012317,0.024342641620340735,Lung,1,0.359,0.8037182617187499,0.09489616371943414
932,DAXX--KIFC3,Bridges,IPR031333|IPR046378|IPR001752,0.024342405915014076,Bone,1,0.387,0.8176935483870967,0.08740942882357823
3102,RALY--PIGU,No Annotation,,0.024196936358823272,Bladder/Urinary Tract,1,0.378,0.8125316455696202,0.09015971560616352
400,BCAS3--KAT2B,Reintroduction,IPR000182|IPR001487,0.024152367946506242,Lung,1,0.362,0.8046962391513982,0.0943680283979263
905,CTSC--CTSC,No Change,IPR014882|IPR000668,0.02398909787701789,Eye,1,0.381,0.8143986013986014,0.08916298083908383
4367,XRCC6--CENPM,No Annotation,,0.02376132729349173,Cervix,1,0.375,0.8091176470588235,0.09198832665257162
562,CCDC34--LGR4,Bridges,IPR025259|IPR017452,0.023753943235558895,Head and Neck,1,0.359,0.8037182617187499,0.09489616371943414
80,ADK--ZSWIM8,No Change,IPR048370,0.023678225153087443,Lung,1,0.341,0.7916379746835444,0.10147338096394139
3535,SMARCC1--MAP4,No Annotation,,0.023666117829797273,Bone,1,0.375,0.8091176470588235,0.09198832665257162
4013,TNPO2--RFX1,Bridges,IPR001494|IPR007668|IPR003150|IPR057321,0.0236136326740776,Pancreas,1,0.345,0.7917042042042042,0.10143704881064951
3628,SRGAP1--ACSS3,Reintroduction,IPR025110,0.023576881779688974,Bone,1,0.388,0.8187500000000001,0.08684868700016048
2454,NFE2L1--SKAP1,No Annotation,,0.023485587285456355,Lung,1,0.367,0.8049999999999999,0.09420411963213152
3157,RBPMS--RBPMS,No Change,IPR000504|IPR000504,0.02337741216082298,Liver,1,0.364,0.8046962391513982,0.0943680283979263
765,CNOT4--CALD1,No Annotation,,0.02322070933886175,Soft Tissue,1,0.366,0.8049999999999999,0.09420411963213152
2692,PDIA6--PDIA6,No Change,IPR005788|IPR005788|IPR057305,0.023169443604513132,Bladder/Urinary Tract,1,0.363,0.8046962391513982,0.0943680283979263
4035,TP53--MEF2D,No Change,IPR002100|IPR022102,0.023145159226951026,Soft Tissue,1,0.412,0.8281543182814554,0.08188872923747414
4564,ZNF83--SULT2B1,No Annotation,,0.02303250173688476,CNS/Brain,1,0.384,0.815488652153775,0.08858207796066005
3614,SPIDR--ZFAT,No Annotation,,0.02298249569083384,Lung,1,0.351,0.7957251720747296,0.09923690319286334
3200,RGS5--TPH2,No Annotation,,0.022965936454939273,Soft Tissue,1,0.373,0.8078436466698157,0.09267268620468454
4411,ZC3H13--CIAO2A,No Change,IPR000571,0.022798571414302554,Pancreas,1,0.353,0.7957251720747296,0.09923690319286334
50,ADAM32--ADAM9,No Change,IPR001762|IPR006586|IPR000742,0.022595035173701622,Uterus,1,0.36,0.8046962391513982,0.0943680283979263
4247,USP6NL--UPF2,Reintroduction,IPR007193,0.022578201416517646,Bowel,1,0.381,0.8143986013986014,0.08916298083908383
4121,TSPAN15--HK1,Reintroduction,IPR022673|IPR022672|IPR022673,0.022411010580322174,Soft Tissue,1,0.402,0.8228437500000001,0.08468262524365279
2790,PLLP--CCL22,No Change,IPR001811,0.022368475422269864,Biliary Tract,1,0.37,0.8059144893111638,0.09371103609865225
3144,RBM47--NSUN7,No Change,IPR001678,0.02235969285669775,Uterus,1,0.378,0.8125316455696202,0.09015971560616352
2400,NCOA3--EYA2,No Change,IPR006545,0.022338205085715802,Biliary Tract,1,0.378,0.8125316455696202,0.09015971560616352
2987,PTPRA--TMC2,No Change,IPR012496,0.022337828301824462,Esophagus/Stomach,1,0.389,0.8187500000000001,0.08684868700016048
2138,MCOLN1--ARHGEF18,No Change,IPR001849,0.02233154016809186,Biliary Tract,1,0.394,0.8192698412698414,0.08657303197224327
151,ANKIB1--ASB4,No Change,IPR001496,0.022104855035074686,Lung,1,0.375,0.8091176470588235,0.09198832665257162
3595,SPAG9--P4HB,Bridges,IPR034743|IPR005788,0.02204015341518586,Myeloid,1,0.406,0.8244065544729849,0.08385856400571505
374,BACH2--TPX2,No Change,IPR015128|IPR027330|IPR027329|IPR027329,0.022023514372744538,Lymphoid,1,0.393,0.8192698412698414,0.08657303197224327
3085,RAD9A--FGF19,No Annotation,,0.021959292924056795,Breast,1,0.397,0.8208861898335583,0.08571705061926282
3895,TFEB--TRERF1,No Change,IPR013087|IPR000949|IPR001005|IPR013087|IPR013087,0.021914770843704245,Pancreas,1,0.354,0.7964131501472032,0.09886157763857986
3325,SACS--PRKACB,No Change,IPR000719|IPR000961,0.021780950204187924,CNS/Brain,1,0.401,0.8228437500000001,0.08468262524365279
2579,NXPE3--GPR149,No Annotation,,0.0217020211220612,CNS/Brain,1,0.38,0.8141588785046728,0.08929083672634082
1407,FOXP1--MINDY3,No Annotation,,0.02167636627843666,Lung,1,0.361,0.8046962391513982,0.0943680283979263
2192,MFSD3--MROH1,No Change,IPR048465|IPR055406,0.02160946941785611,Breast,1,0.355,0.7982712113781264,0.09784953271700608
1629,HAGH--GYG1,No Annotation,,0.021576503159618392,Biliary Tract,1,0.372,0.8072030288689068,0.09301721716437593
1417,FRS2--CCDC170,No Annotation,,0.021528162107165724,Soft Tissue,1,0.39,0.8187500000000001,0.08684868700016048
1694,HNRNPD--ARHGAP22,Reinforcement,IPR012956|IPR000504|IPR000504|IPR000198,0.021527728392541107,Soft Tissue,1,0.402,0.8228437500000001,0.08468262524365279
4282,VEZT--TTC28,Bridges,IPR026859|IPR024983|IPR058900,0.02125886819252304,Bladder/Urinary Tract,1,0.377,0.8122861842105263,0.0902909334111778
1902,KIFC3--CNGB1,No Annotation,,0.021193591477922838,Cervix,1,0.365,0.8049999999999999,0.09420411963213152
2600,OSR2--VPS13B,No Annotation,,0.021168790776497214,Bladder/Urinary Tract,1,0.377,0.8122861842105263,0.0902909334111778
3537,SMCO4--EWSR1,No Change,IPR000504|IPR001876,0.021077940031234012,Bone,1,0.413,0.8281806282722513,0.08187493216841354
813,CPNE2--MAFK,No Change,IPR004826,0.020909853322612373,CNS/Brain,1,0.394,0.8192698412698414,0.08657303197224327
974,DENND2B--MAPK6,Reinforcement,IPR005113|IPR001194|IPR000719,0.020781766635728713,Head and Neck,1,0.353,0.7957251720747296,0.09923690319286334
745,CMIP--DYNLRB2,Bridges,IPR056429|IPR004942,0.02075524218146066,Esophagus/Stomach,1,0.381,0.8143986013986014,0.08916298083908383
1382,FLNB--SLMAP,No Change,IPR001715|IPR001715,0.020743231501995654,Soft Tissue,1,0.4,0.8220528910802332,0.0851002389498354
4009,TNIP1--ANXA6,No Annotation,,0.020723032730984626,Lung,1,0.37,0.8059144893111638,0.09371103609865225
2448,NF1--RAB11FIP4,Reintroduction,IPR057316|IPR019018,0.020711975096127037,Peripheral Nervous System,2,0.402,0.8228437500000001,0.08468262524365279
1644,HDAC7--VDR,No Change,IPR000536,0.020654842640742986,Ovary/Fallopian Tube,1,0.361,0.8046962391513982,0.0943680283979263
2365,NAPEPLD--POU2F3,No Change,IPR000327|IPR001356,0.02057069538332645,Bowel,1,0.391,0.8192698412698414,0.08657303197224327
3630,SRGAP1--MSRB3,Bridges,IPR001060|IPR002579,0.020493638020583835,Lung,1,0.395,0.8198619284744229,0.08625928023893478
4571,ZNF92--KHDRBS2,Reinforcement,IPR001909|IPR004087|IPR032335,0.02045023709505015,Biliary Tract,1,0.39,0.8187500000000001,0.08684868700016048
85,AEBP2--PIK3C2G,No Annotation,,0.020427789791850844,Uterus,1,0.392,0.8192698412698414,0.08657303197224327
55,ADAMTS2--RNF130,Reinforcement,IPR002870|IPR001841,0.020301412267306976,CNS/Brain,1,0.392,0.8192698412698414,0.08657303197224327
66,ADGRG1--CCDC102A,No Change,IPR002928,0.020266614755853587,Breast,1,0.383,0.8148747099767982,0.08890916052208772
1005,DIAPH1--PCDHGA6,Reinforcement,IPR010473|IPR010472|IPR031904,0.02024733391346134,CNS/Brain,1,0.387,0.8176935483870967,0.08740942882357823
722,CLIP4--EPHB4,Reinforcement,IPR000938|IPR003961|IPR003961|IPR027936|IPR000719|IPR001660,0.020244837424808808,Bone,1,0.411,0.8279591388400703,0.08199109584092444
4197,UBFD1--SCNN1B,No Change,IPR000626,0.020190825474258243,Lung,1,0.367,0.8049999999999999,0.09420411963213152
2416,NDUFAF2--MAST4,No Change,IPR015022|IPR000719|IPR000961|IPR001478,0.020186469999123532,Prostate,1,0.382,0.8146372093023255,0.08903575699785674
1811,ITPKC--PPFIA3,No Change,IPR001660|IPR001660|IPR001660,0.019914897319995503,Prostate,1,0.378,0.8125316455696202,0.09015971560616352
3780,TAFA2--CLEC12B,No Change,IPR013600|IPR001304,0.019825355580564877,Esophagus/Stomach,1,0.408,0.8255428067078552,0.08326040243145863
4456,ZKSCAN7--KIF15,Reinforcement,IPR003309|IPR001909|IPR013087|IPR013087|IPR013087|IPR013087|IPR031794,0.01966795859912851,CNS/Brain,1,0.39,0.8187500000000001,0.08684868700016048
4015,TNRC6B--PRR5,No Annotation,,0.019642584059607757,Esophagus/Stomach,1,0.383,0.8148747099767982,0.08890916052208772
2788,PLEKHS1--HMX2,Reinforcement,IPR001849|IPR001356,0.019595204520553997,Breast,1,0.403,0.8241547725245317,0.08399122211180497
592,CCSER1--MMRN1,No Change,IPR011489|IPR000742|IPR001073,0.01959187508523463,Liver,1,0.392,0.8192698412698414,0.08657303197224327
950,DCUN1D4--DDX60,No Annotation,,0.01954737746146882,Esophagus/Stomach,1,0.388,0.8187500000000001,0.08684868700016048
3578,SORL1--TECTA,No Change,IPR000742,0.019335825517407368,Lung,1,0.397,0.8208861898335583,0.08571705061926282
2950,PTCD3--GTF3C3,No Annotation,,0.019313521794168703,Ovary/Fallopian Tube,1,0.4,0.8220528910802332,0.0851002389498354
1188,EPS15--TTC39A,No Change,IPR000261|IPR000261|IPR000261,0.01927976327049227,Lymphoid,1,0.392,0.8192698412698414,0.08657303197224327
4050,TPCN2--PTPN3,No Change,IPR000299|IPR001478|IPR000242,0.019220631029692507,Thyroid,1,0.362,0.8046962391513982,0.0943680283979263
749,CNDP1--CNDP1,No Change,IPR011650,0.019156153930860398,Skin,2,0.37,0.8059144893111638,0.09371103609865225
3796,TAOK1--NLK,No Annotation,,0.01890512095551583,Esophagus/Stomach,1,0.38,0.8141588785046728,0.08929083672634082
25,ABR--VPS53,Reintroduction,IPR031745,0.0187106902823371,Skin,1,0.381,0.8143986013986014,0.08916298083908383
976,DENND2C--CSDE1,No Change,IPR002059|IPR002059|IPR002059|IPR002059|IPR002059|IPR002059|IPR002059|IPR002059|IPR002059|IPR024642,0.0186693929084948,Uterus,1,0.406,0.8244065544729849,0.08385856400571505
2085,MAP2K4--PAGE5,No Change,IPR031320,0.01866857979434606,Bowel,1,0.41,0.8277630999559665,0.08209393749395981
2342,MYO6--ME1,No Change,IPR012301|IPR012302,0.018650491632490093,Esophagus/Stomach,1,0.39,0.8187500000000001,0.08684868700016048
848,CRIM1--IQCA1,Bridges,IPR000867|IPR003959,0.018622243587660084,Pancreas,1,0.395,0.8198619284744229,0.08625928023893478
4467,ZNF121--SIN3B,Reintroduction,IPR031693,0.018505771052916217,Liver,1,0.382,0.8146372093023255,0.08903575699785674
270,ARL13B--FRMD4B,No Change,IPR021774,0.018498040284891326,Lung,1,0.379,0.8135369850187266,0.08962269838240655
3779,TAF8--BYSL,No Change,IPR006565,0.01846244578690609,Cervix,1,0.369,0.8059144893111638,0.09371103609865225
3021,QKI--PACRG,No Annotation,,0.01845544732512072,Lung,1,0.368,0.8049999999999999,0.09420411963213152
2321,MYEOV--SLC35A5,No Annotation,,0.018306553669210315,Uterus,1,0.423,0.8334572410829394,0.07911667590564771
2433,NELL2--GPHN,Reintroduction,IPR005110|IPR001453|IPR005111,0.01826149496030774,Esophagus/Stomach,1,0.382,0.8146372093023255,0.08903575699785674
4382,YEATS4--ZNF641,Bridges,IPR055129|IPR001909|IPR013087|IPR013087|IPR013087|IPR013087|IPR013087,0.01817842371696176,Skin,1,0.372,0.8072030288689068,0.09301721716437593
49,ACVR1--RASAL2,Reintroduction,IPR000008|IPR001936|IPR021887,0.01812755868055127,Soft Tissue,2,0.345,0.7917042042042042,0.10143704881064951
201,AOX1--KCTD18,Reinforcement,IPR001041|IPR002888|IPR003131|IPR045704,0.018120218453585007,Ovary/Fallopian Tube,2,0.354,0.7964131501472032,0.09886157763857986
1165,ENTR1--ENTR1,No Annotation,,0.018106523930163695,Peripheral Nervous System,1,0.409,0.8268364197530863,0.08258040220748733
1373,FKRP--CHAF1A,Reintroduction,IPR021644|IPR022043|IPR029105,0.01807865923030849,Esophagus/Stomach,1,0.389,0.8187500000000001,0.08684868700016048
3172,RELCH--TNFRSF11A,No Annotation,,0.01807624398447829,CNS/Brain,1,0.359,0.8037182617187499,0.09489616371943414
4346,WNK1--IQSEC3,No Change,IPR000904|IPR033742,0.01803187194036114,Liver,1,0.374,0.8084818481848184,0.09232972631004183
2119,MAVS--MUC16,Reinforcement,IPR031964|IPR000082|IPR000082|IPR000082|IPR000082|IPR000082|IPR000082|IPR000082|IPR000082|IPR000082,0.01799718050788083,Breast,1,0.422,0.8318443680137575,0.07995791942471586
3864,TEAD3--SUPT3H,No Annotation,,0.017988646097798544,Head and Neck,1,0.402,0.8228437500000001,0.08468262524365279
4238,USP43--CNTLN,No Annotation,,0.017777425141916034,Lung,1,0.366,0.8049999999999999,0.09420411963213152
1289,FAR2--MKX,Reintroduction,IPR013120,0.017721441157813364,Ovary/Fallopian Tube,2,0.374,0.8084818481848184,0.09232972631004183
1252,FAHD2B--FHL2,No Change,IPR056807|IPR001781|IPR001781|IPR001781|IPR001781,0.017654291210632167,Breast,1,0.429,0.8348747877758913,0.07837865392429991
3454,SLC22A9--NXF1,No Annotation,,0.017541318435705,Bowel,1,0.394,0.8192698412698414,0.08657303197224327
4552,ZNF71--BASP1,No Annotation,,0.017415489092714384,CNS/Brain,1,0.383,0.8148747099767982,0.08890916052208772
2109,MAPKAPK2--RASSF5,No Change,IPR000159|IPR011524,0.017289227271757263,Cervix,2,0.364,0.8046962391513982,0.0943680283979263
1446,FRYL--GABRA4,No Annotation,,0.017221703052970314,Lung,1,0.372,0.8072030288689068,0.09301721716437593
1107,EFNA2--TP53,No Change,IPR013872|IPR040926|IPR011615|IPR010991,0.017201479523787686,Peripheral Nervous System,1,0.427,0.8348747877758913,0.07837865392429991
2074,MAD1L1--SNX8,Reintroduction,IPR045734,0.017161081043477314,Skin,1,0.39,0.8187500000000001,0.08684868700016048
2698,PDS5B--TP53,No Annotation,,0.017145975975173824,Bone,1,0.401,0.8228437500000001,0.08468262524365279
1436,FRS2--SLC16A7,No Annotation,,0.01701266376206534,Skin,1,0.391,0.8192698412698414,0.08657303197224327
519,CANX--CANX,No Annotation,,0.01698435977235533,Ovary/Fallopian Tube,1,0.406,0.8244065544729849,0.08385856400571505
2958,PTGFRN--CD2,No Change,IPR003599|IPR003599|IPR003599|IPR003599|IPR003599,0.016867238104184883,CNS/Brain,1,0.382,0.8146372093023255,0.08903575699785674
4151,TWSG1--PIK3C3,No Annotation,,0.016845104500351787,Lung,1,0.393,0.8192698412698414,0.08657303197224327
4309,VTI1A--TCF7L2,No Change,IPR009071,0.016824502716631287,Kidney,1,0.398,0.8208861898335583,0.08571705061926282
3505,SLC7A6--PLA2G15,No Annotation,,0.016802370918715906,Ovary/Fallopian Tube,1,0.391,0.8192698412698414,0.08657303197224327
2482,NIF3L1--NIF3L1,No Annotation,,0.016734672584628893,Head and Neck,2,0.383,0.8148747099767982,0.08890916052208772
1365,FHOD3--MOCOS,No Annotation,,0.016665961117827678,Esophagus/Stomach,1,0.384,0.815488652153775,0.08858207796066005
1366,FHOD3--MOCOS,No Change,IPR005303|IPR005302,0.016665961117827678,Esophagus/Stomach,1,0.398,0.8208861898335583,0.08571705061926282
4529,ZNF587B--ZBTB45,No Change,IPR013087|IPR013087|IPR013087,0.01659672869046537,Pleura,1,0.374,0.8084818481848184,0.09232972631004183
685,CHFR--FGD4,No Change,IPR000219|IPR001849|IPR000306|IPR001849,0.016527365203654335,Lung,1,0.404,0.8244065544729849,0.08385856400571505
688,CHKA--PPM1L,No Annotation,,0.01639647052289137,Head and Neck,1,0.408,0.8255428067078552,0.08326040243145863
3929,TM4SF18--TM4SF4,No Annotation,,0.016370582183244886,Soft Tissue,1,0.389,0.8187500000000001,0.08684868700016048
3743,SYBU--PKHD1L1,No Annotation,,0.016352591760138493,Bowel,1,0.402,0.8228437500000001,0.08468262524365279
11,ABCC1--MCRIP2,Reintroduction,IPR056227|IPR011527,0.016303772629776628,Esophagus/Stomach,1,0.368,0.8049999999999999,0.09420411963213152
4530,ZNF592--AUTS2,No Change,IPR013087|IPR013087|IPR013087|IPR013087|IPR013087|IPR013087|IPR013087|IPR013087|IPR013087|IPR013087|IPR013087|IPR013087|IPR013087,0.016115336339656797,Lung,1,0.367,0.8049999999999999,0.09420411963213152
586,CCNT2--SLC39A11,No Annotation,,0.016070593636644634,Head and Neck,1,0.372,0.8072030288689068,0.09301721716437593
587,CCNT2--SLC39A11,No Change,IPR006671,0.016070593636644634,Head and Neck,1,0.368,0.8049999999999999,0.09420411963213152
1169,EP300--TMPRSS6,Reinforcement,IPR000197|IPR003101|IPR001487|IPR010303|IPR056484|IPR001254,0.016055958406330846,Biliary Tract,1,0.405,0.8244065544729849,0.08385856400571505
420,BDNF--LGR4,No Change,IPR017452,0.016028221632210616,Lung,1,0.399,0.8214705882352941,0.08540798134125009
2021,LPCAT1--AHRR,No Change,IPR011598|IPR000014,0.015972611115407258,Biliary Tract,1,0.381,0.8143986013986014,0.08916298083908383
4223,USF3--DDHD2,No Change,IPR004170|IPR057825|IPR001660|IPR004177,0.015940585693273997,Breast,1,0.394,0.8192698412698414,0.08657303197224327
2023,LPIN2--ARHGAP28,Bridges,IPR007651|IPR031703|IPR000198|IPR057323,0.015936222709602696,Lung,1,0.397,0.8208861898335583,0.08571705061926282
3769,TADA2A--DMD,Reinforcement,IPR000433|IPR001005|IPR001202|IPR015153|IPR015154|IPR000433,0.015926776395301677,Pancreas,1,0.384,0.815488652153775,0.08858207796066005
2697,PDS5B--TMTC4,No Annotation,,0.015713646198186104,Skin,1,0.386,0.8174642032332563,0.08753125601158943
2977,PTPN12--CCDC146,No Annotation,,0.01567130331260488,Lung,1,0.385,0.8164777983348752,0.0880556201027509
1645,HDAC8--RNF17,Reintroduction,IPR002999|IPR047845|IPR002999|IPR002999|IPR002999|IPR002999,0.01548687841803194,Esophagus/Stomach,1,0.387,0.8176935483870967,0.08740942882357823
1282,FAM24B--C10orf88,No Annotation,,0.015475958558501791,Breast,1,0.414,0.8281806282722513,0.08187493216841354
1228,EXOC4--DHX57,Bridges,IPR007191|IPR048630|IPR007502|IPR011709|IPR059023,0.01547577022977499,Esophagus/Stomach,1,0.428,0.8348747877758913,0.07837865392429991
804,CPA4--CPA4,No Change,IPR003146|IPR000834,0.015424115963080496,Uterus,1,0.417,0.8298372395833333,0.08100707977137703
1008,DIAPH1--PCDHGB3,Reinforcement,IPR010473|IPR010472|IPR031904,0.01535655511226492,CNS/Brain,1,0.414,0.8281806282722513,0.08187493216841354
2422,NDUFS4--GZMA,No Annotation,,0.015340435234963527,Lung,1,0.407,0.8255428067078552,0.08326040243145863
4473,ZNF140--CNBD1,No Change,IPR001909,0.015334527805750217,Breast,1,0.408,0.8255428067078552,0.08326040243145863
1520,GLOD4--CERCAM,No Change,IPR002654,0.015309518007893638,Eye,1,0.418,0.8303856152512998,0.08072018270261871
3253,RNF41--LARP4,No Annotation,,0.01522958092887712,Lymphoid,1,0.397,0.8208861898335583,0.08571705061926282
3440,SLC16A3--NF1,No Change,IPR001936|IPR001251|IPR054071,0.015134133545047716,Bowel,1,0.413,0.8281806282722513,0.08187493216841354
532,CARD8--KLK15,No Annotation,,0.01513290637511304,Biliary Tract,1,0.411,0.8279591388400703,0.08199109584092444
533,CARD8--KLK15,No Change,IPR001254,0.01513290637511304,Biliary Tract,1,0.394,0.8192698412698414,0.08657303197224327
3155,RBPJL--MATN4,Bridges,IPR015351|IPR015350|IPR038007|IPR002035|IPR000742|IPR000742|IPR000742|IPR000742|IPR002035|IPR019466,0.015094833748558327,Lymphoid,1,0.411,0.8279591388400703,0.08199109584092444
2718,PHF14--AGMO,No Change,IPR006694|IPR056853,0.015015265584295943,Lung,1,0.411,0.8279591388400703,0.08199109584092444
1292,FARS2--HPGDS,Bridges,IPR002319|IPR004046,0.014992208320874972,Uterus,1,0.417,0.8298372395833333,0.08100707977137703
3927,TLK2--EFCAB3,No Annotation,,0.014894305308689348,Breast,1,0.394,0.8192698412698414,0.08657303197224327
2189,MFSD1--RSRC1,No Annotation,,0.014866654538401816,Breast,1,0.414,0.8281806282722513,0.08187493216841354
4432,ZFP30--PPARGC1A,No Change,IPR000504,0.014860959680002221,Lung,1,0.398,0.8208861898335583,0.08571705061926282
4466,ZNF106--TMEM87A,Bridges,IPR013087|IPR053937,0.014762534682040949,Lung,1,0.418,0.8303856152512998,0.08072018270261871
3177,RERE--SPSB1,No Change,IPR001870|IPR001496,0.014649077178251993,Lung,1,0.42,0.8314766839378238,0.08014992465145825
3686,STK17B--HECW2,No Annotation,,0.01463464080584195,Lung,1,0.422,0.8318443680137575,0.07995791942471586
3416,SIK3--PACS1,No Annotation,,0.014594731927355949,Peripheral Nervous System,1,0.406,0.8244065544729849,0.08385856400571505
167,ANKRD12--TWSG1,Reintroduction,IPR057726,0.014481163983690731,CNS/Brain,1,0.385,0.8164777983348752,0.0880556201027509
3198,RGS5--NOS1AP,No Annotation,,0.014334330833704223,Soft Tissue,1,0.421,0.8316609220163723,0.08005370461420946
989,DGCR8--AATF,No Annotation,,0.01422953316165379,Uterus,1,0.415,0.8294572798605057,0.08120597684711627
1421,FRS2--CPM,No Annotation,,0.014202279427736275,Soft Tissue,2,0.38,0.8141588785046728,0.08929083672634082
3188,RFX3--GLIS3,No Annotation,,0.014131920963028934,Ovary/Fallopian Tube,2,0.404,0.8244065544729849,0.08385856400571505
2016,LONP2--ABCC11,No Change,IPR003111|IPR003593|IPR054594|IPR008269,0.014095545293491413,Breast,1,0.39,0.8187500000000001,0.08684868700016048
4484,ZNF266--COQ8B,No Change,IPR004147,0.014092510163305955,Skin,1,0.4,0.8220528910802332,0.0851002389498354
1707,HP1BP3--ZNF362,No Change,IPR013087|IPR013087|IPR013087|IPR013087|IPR013087|IPR013087,0.014081179688236268,Breast,1,0.406,0.8244065544729849,0.08385856400571505
1400,FOCAD--SLC24A2,No Change,IPR004837,0.014050424235307196,CNS/Brain,1,0.416,0.8298372395833333,0.08100707977137703
3931,TM9SF3--JMJD1C,No Change,IPR003347,0.014005300980786471,Bone,1,0.412,0.8281543182814554,0.08188872923747414
2657,PATJ--TBCK,Reintroduction,IPR004172|IPR001478|IPR001478|IPR001478|IPR001478,0.013987584878592156,Bowel,1,0.438,0.842378355704698,0.07449280055805939
560,CCDC190--RGS4,No Change,IPR016137,0.01388529299021423,Lymphoid,1,0.395,0.8198619284744229,0.08625928023893478
2299,MTF2--DR1,Reintroduction,IPR002999|IPR001965|IPR001965,0.01384657993951477,Myeloid,1,0.434,0.8411607892527289,0.07512098017029693
259,ARID1A--NUDC,Reintroduction,IPR032572|IPR007052,0.013749312202477021,Bone,1,0.406,0.8244065544729849,0.08385856400571505
2013,LNPEP--CAST,No Annotation,,0.013745333102647708,Lung,1,0.419,0.8309320934256055,0.08043446677615626
479,C22orf39--ARVCF,No Annotation,,0.01362727396664077,Breast,1,0.398,0.8208861898335583,0.08571705061926282
2048,LRRC45--POLR1A,Reintroduction,IPR000722|IPR007066|IPR007083|IPR007081,0.013606859580819697,Soft Tissue,1,0.411,0.8279591388400703,0.08199109584092444
2065,LTBP1--NEGR1,Reintroduction,IPR000742|IPR003598|IPR003598,0.013569755672060896,Lung,1,0.397,0.8208861898335583,0.08571705061926282
191,ANP32B--HEMGN,No Annotation,,0.013553988604215236,Bone,1,0.417,0.8298372395833333,0.08100707977137703
982,DENND5A--SBF2,No Change,IPR001849,0.013481065039519222,Breast,1,0.425,0.8348747877758913,0.07837865392429991
1879,KIAA0319L--PYCR2,Reintroduction,IPR029036,0.013476192360845934,CNS/Brain,1,0.393,0.8192698412698414,0.08657303197224327
2775,PLCB4--PLCB1,No Annotation,,0.013420745810546919,Ovary/Fallopian Tube,1,0.439,0.8432404692082112,0.07404855875859327
1278,FAM222B--SEZ6,No Change,IPR000436|IPR000859|IPR000436|IPR000859|IPR000436|IPR000436|IPR000436,0.013389733289204592,Breast,1,0.394,0.8192698412698414,0.08657303197224327
4001,TMTC3--SLC35E3,No Change,IPR013618,0.013306004913706024,Soft Tissue,1,0.395,0.8198619284744229,0.08625928023893478
1575,GRAMD1B--CCDC15,No Annotation,,0.013257645662934484,Bone,1,0.405,0.8244065544729849,0.08385856400571505
557,CCDC157--HORMAD2,No Annotation,,0.013131983668641017,Liver,1,0.39,0.8187500000000001,0.08684868700016048
277,ARMC9--RBMS1,Bridges,IPR056327|IPR048959|IPR000504|IPR000504,0.01311018940218539,Bowel,1,0.419,0.8309320934256055,0.08043446677615626
4012,TNNI1--TNNI1,No Annotation,,0.013022240659232638,Soft Tissue,1,0.426,0.8348747877758913,0.07837865392429991
3260,RO60--DZIP1,No Annotation,,0.013001500112742244,Lung,1,0.422,0.8318443680137575,0.07995791942471586
3261,RO60--DZIP1,Reintroduction,IPR058883,0.013001500112742244,Lung,1,0.427,0.8348747877758913,0.07837865392429991
2187,MFN1--KCNMB2,No Change,IPR015382,0.012936116730336605,Lung,1,0.437,0.8411607892527289,0.07512098017029693
915,CYLD--KLF3,Reinforcement,IPR000938|IPR000938|IPR013087|IPR013087,0.012879275947172857,Lung,1,0.416,0.8298372395833333,0.08100707977137703
375,BAG4--ASH2L,No Annotation,,0.012869427641772055,Uterus,1,0.413,0.8281806282722513,0.08187493216841354
2944,PSMD7--SDHD,No Annotation,,0.012848132353363795,Lung,1,0.397,0.8208861898335583,0.08571705061926282
3034,R3HDM2--ARHGAP9,No Change,IPR001452|IPR001202|IPR001849|IPR000198,0.012824081283870754,Lung,1,0.417,0.8298372395833333,0.08100707977137703
2547,NT5DC1--FRK,No Change,IPR000719,0.012781291159560691,Bowel,2,0.387,0.8176935483870967,0.08740942882357823
1412,FRK--NT5DC1,No Change,IPR001452|IPR000980,0.012781291159560691,Bowel,2,0.413,0.8281806282722513,0.08187493216841354
1453,FUT8--GALNT16,No Change,IPR000772,0.012728090802556602,Lung,1,0.405,0.8244065544729849,0.08385856400571505
3092,RAI1--ZC3H7A,No Change,IPR000571|IPR000571|IPR000571,0.012565692481315052,Ovary/Fallopian Tube,1,0.398,0.8208861898335583,0.08571705061926282
4396,ZBTB20--LSAMP,No Change,IPR003598,0.012461405886992648,Lung,1,0.436,0.8411607892527289,0.07512098017029693
39,ACP3--CPNE4,No Change,IPR000008|IPR000008|IPR002035,0.012393619166150505,Prostate,1,0.412,0.8281543182814554,0.08188872923747414
3503,SLC7A1--SLC7A1,No Change,IPR029485,0.012370686035407641,Biliary Tract,1,0.427,0.8348747877758913,0.07837865392429991
1577,GRB14--IFIH1,Reinforcement,IPR000159|IPR006935|IPR041204|IPR001650|IPR021673,0.01235152417497739,Lung,1,0.429,0.8348747877758913,0.07837865392429991
1516,GLG1--FA2H,No Change,IPR006694,0.012210093359507061,Esophagus/Stomach,1,0.436,0.8411607892527289,0.07512098017029693
1650,HELLS--CYP2C18,No Change,IPR000330,0.012166284421969688,Ovary/Fallopian Tube,1,0.412,0.8281543182814554,0.08188872923747414
4574,ZNRF3--ARMC2,No Annotation,,0.01212929146423216,Soft Tissue,1,0.387,0.8176935483870967,0.08740942882357823
2637,PALLD--DDX60L,Reinforcement,IPR003598|IPR055124|IPR011545|IPR001650|IPR059032,0.012080824171706993,Soft Tissue,1,0.427,0.8348747877758913,0.07837865392429991
1074,DUSP22--STMND1,No Annotation,,0.012065808410287607,Myeloid,1,0.394,0.8192698412698414,0.08657303197224327
4542,ZNF649--ZNF616,No Change,IPR001909|IPR013087|IPR013087|IPR013087|IPR013087|IPR013087|IPR013087|IPR013087|IPR013087|IPR013087|IPR013087|IPR013087|IPR013087|IPR013087|IPR013087|IPR013087|IPR013087|IPR013087|IPR013087|IPR013087|IPR013087|IPR013087,0.012061870794237876,Lung,1,0.413,0.8281806282722513,0.08187493216841354
3985,TMEM53--EIF2B3,No Change,IPR056764,0.012044065492599718,Lung,1,0.386,0.8174642032332563,0.08753125601158943
2117,MAT2B--HMMR,No Change,IPR031794,0.011996189873262585,Pancreas,1,0.4,0.8220528910802332,0.0851002389498354
886,CTNND1--IMMP2L,No Annotation,,0.011991277098020243,Breast,1,0.421,0.8316609220163723,0.08005370461420946
2865,PPP2R5E--CACFD1,No Annotation,,0.011979447547503842,CNS/Brain,1,0.446,0.8464031456953642,0.07242273123091246
4540,ZNF644--DHCR24,No Change,IPR006094,0.011970197489796497,Lung,1,0.412,0.8281543182814554,0.08188872923747414
3777,TAF5L--STUM,No Annotation,,0.011853187222196663,CNS/Brain,1,0.415,0.8294572798605057,0.08120597684711627
2494,NKD1--ADCY7,Reinforcement,IPR002048|IPR009398|IPR001054,0.01168553505397868,Lung,1,0.403,0.8241547725245317,0.08399122211180497
3901,THADA--DYTN,Reintroduction,IPR056843|IPR019442,0.011683531119820904,Peripheral Nervous System,1,0.432,0.8392881355932204,0.07608891614915458
1512,GLCE--PTPN9,No Annotation,,0.011668388302700623,Esophagus/Stomach,1,0.399,0.8214705882352941,0.08540798134125009
2914,PROB1--GAB2,No Annotation,,0.011545828573959388,Ovary/Fallopian Tube,1,0.402,0.8228437500000001,0.08468262524365279
511,CALCRL--NRP2,No Change,IPR000859|IPR000859|IPR000421|IPR000421|IPR000998|IPR022579,0.011337911693612868,Lymphoid,1,0.414,0.8281806282722513,0.08187493216841354
4526,ZNF587B--CDH18,No Change,IPR002126|IPR002126|IPR002126|IPR002126|IPR002126|IPR000233,0.011205580787587814,CNS/Brain,1,0.408,0.8255428067078552,0.08326040243145863
1461,GADL1--GADL1,No Annotation,,0.011196327862094485,Soft Tissue,1,0.428,0.8348747877758913,0.07837865392429991
3013,PXN--MSI1,No Annotation,,0.011144974122425252,Lung,1,0.406,0.8244065544729849,0.08385856400571505
706,CIZ1--SPTAN1,Reinforcement,IPR003604|IPR056345|IPR003604|IPR001452|IPR002048|IPR014837,0.011060858051438041,Lung,1,0.385,0.8164777983348752,0.0880556201027509
3934,TMC1--MGAT4A,Bridges,IPR012496|IPR057279|IPR056576,0.01105770324182545,Esophagus/Stomach,1,0.429,0.8348747877758913,0.07837865392429991
241,ARHGAP23--PRTFDC1,No Annotation,,0.010913292608424899,Lung,1,0.456,0.8540686274509804,0.06850723080304867
4547,ZNF680--SNAP91,No Annotation,,0.010830038007372514,Liver,1,0.416,0.8298372395833333,0.08100707977137703
4548,ZNF680--SNAP91,No Change,IPR001909,0.010830038007372514,Liver,1,0.444,0.845758205234732,0.07275378015437028
4136,TTC7A--FSHR,Reintroduction,IPR024635|IPR017452,0.010748297674546763,Bone,1,0.419,0.8309320934256055,0.08043446677615626
2628,PAFAH1B2--SIK3,No Change,IPR015940,0.010717151453233646,Esophagus/Stomach,1,0.389,0.8187500000000001,0.08684868700016048
4068,TRAF1--PHF19,No Change,IPR002999|IPR001965|IPR001965|IPR025894,0.010705286245149506,Lymphoid,1,0.441,0.8442526096033403,0.07352758827670361
1026,DMXL1--TNFAIP8,No Annotation,,0.010683666192610533,Uterus,1,0.394,0.8192698412698414,0.08657303197224327
2840,PPFIBP1--FAM181B,No Annotation,,0.010602178390719936,Esophagus/Stomach,1,0.405,0.8244065544729849,0.08385856400571505
1761,IMMP2L--DOCK4,No Change,IPR027357,0.01056978972042558,CNS/Brain,1,0.427,0.8348747877758913,0.07837865392429991
978,DENND4A--ANKDD1A,No Change,IPR000488,0.010490362302179531,CNS/Brain,1,0.406,0.8244065544729849,0.08385856400571505
1725,IAH1--ASAP2,No Change,IPR001452,0.010480664661043873,Lung,1,0.414,0.8281806282722513,0.08187493216841354
1590,GRK5--DENND10,No Annotation,,0.010438488689656078,Lung,1,0.446,0.8464031456953642,0.07242273123091246
3205,RHOA--CCR1,No Change,IPR017452,0.010276748183094037,Bone,1,0.429,0.8348747877758913,0.07837865392429991
3963,TMEM184B--KLHL22,No Annotation,,0.01013778268990452,Head and Neck,1,0.404,0.8244065544729849,0.08385856400571505
4007,TNFRSF10D--PEBP4,No Change,IPR001368|IPR001368,0.010111644767762452,Pancreas,1,0.407,0.8255428067078552,0.08326040243145863
1493,GBF1--PRDX3,No Change,IPR000866|IPR019479,0.009976448644302999,Pancreas,1,0.426,0.8348747877758913,0.07837865392429991
2363,NAP1L1--NAV3,No Change,IPR001715|IPR057126|IPR003593|IPR057568,0.009944330664907644,Breast,1,0.402,0.8228437500000001,0.08468262524365279
1367,FHOD3--MOCOS,Reintroduction,IPR005302,0.009876032418165403,Bladder/Urinary Tract,1,0.421,0.8316609220163723,0.08005370461420946
1097,EEA1--ALDH2,No Change,IPR013087,0.009749566954954152,Skin,2,0.397,0.8208861898335583,0.08571705061926282
3349,SCAMP2--MPI,Reintroduction,IPR046458|IPR046456,0.009686659126467434,Lymphoid,1,0.425,0.8348747877758913,0.07837865392429991
1300,FBN2--PPP2R2B,Reintroduction,IPR040872|IPR049388|IPR000742|IPR000742,0.009638925884073238,Soft Tissue,1,0.418,0.8303856152512998,0.08072018270261871
3441,SLC16A6--MAP2K6,No Annotation,,0.009519741152024142,Breast,1,0.433,0.8401629284807448,0.07563648527296367
2209,MID1--B4GALT6,No Change,IPR027995|IPR027791,0.009359458167133346,Soft Tissue,1,0.447,0.8472488631665978,0.07198900522390332
4425,ZDHHC21--CNTNAP3,No Change,IPR001791,0.009343425894600202,Soft Tissue,1,0.426,0.8348747877758913,0.07837865392429991
43,ACSS1--BCAT1,Reintroduction,IPR032387,0.009283944042906382,Esophagus/Stomach,1,0.418,0.8303856152512998,0.08072018270261871
933,DBF4B--NMT1,No Change,IPR022676|IPR022677,0.009242633830683786,CNS/Brain,1,0.429,0.8348747877758913,0.07837865392429991
980,DENND4B--NUP210L,Bridges,IPR023341|IPR005113|IPR001194|IPR005112|IPR003343|IPR058779|IPR055094|IPR057586|IPR055095,0.009122256423346166,Liver,1,0.408,0.8255428067078552,0.08326040243145863
4472,ZNF140--ASRGL1,No Change,IPR001909,0.009104565370908892,Skin,1,0.427,0.8348747877758913,0.07837865392429991
423,BICDL1--CABP1,No Change,IPR002048|IPR002048,0.009066444269425704,Esophagus/Stomach,1,0.425,0.8348747877758913,0.07837865392429991
3407,SGSM3--RBM27,No Change,IPR000571|IPR000504,0.009041243758506012,Biliary Tract,1,0.408,0.8255428067078552,0.08326040243145863
3190,RGL1--PKP1,No Change,IPR000651|IPR001895,0.008961843767917504,Head and Neck,1,0.417,0.8298372395833333,0.08100707977137703
1705,HOXB2--HOXB9,No Change,IPR001356,0.008909823246986623,Soft Tissue,1,0.441,0.8442526096033403,0.07352758827670361
4083,TRAPPC9--KCNK9,Bridges,IPR058563|IPR013099,0.008907827192933426,Lung,1,0.421,0.8316609220163723,0.08005370461420946
1178,EPB41L5--CREG2,No Change,IPR000299|IPR014847,0.00869697504708181,Esophagus/Stomach,1,0.398,0.8208861898335583,0.08571705061926282
3597,SPATA6--RETREG2,No Change,IPR032732,0.008680094613068002,Pancreas,1,0.435,0.8411607892527289,0.07512098017029693
445,BRCA2--N4BP2L2,No Annotation,,0.008675536417724023,Bowel,1,0.41,0.8277630999559665,0.08209393749395981
4479,ZNF227--COLEC10,No Change,IPR001304,0.008652236823975201,Pancreas,1,0.425,0.8348747877758913,0.07837865392429991
1504,GGACT--PCCA,No Change,IPR000089,0.008644151562940044,Esophagus/Stomach,1,0.427,0.8348747877758913,0.07837865392429991
1798,ITCH--CATSPERD,No Change,IPR053813|IPR055451|IPR053814,0.00862352552514637,Myeloid,1,0.433,0.8401629284807448,0.07563648527296367
897,CTSC--CTSC,No Change,IPR014882|IPR000668,0.008618286456953062,Ovary/Fallopian Tube,1,0.409,0.8268364197530863,0.08258040220748733
1834,JMY--DMGDH,Reinforcement,IPR031808|IPR031808|IPR032503|IPR006222|IPR013977,0.008609631557175805,Prostate,1,0.458,0.8550203583061889,0.06802354445922097
1062,DPYSL3--FMNL2,No Change,IPR015425|IPR014767,0.008555132202037071,Bone,1,0.405,0.8244065544729849,0.08385856400571505
2938,PSMC4--RXRB,Bridges,IPR032501|IPR001628|IPR000536,0.00849207374578334,Pancreas,1,0.44,0.8441004184100418,0.07360588445591038
3568,SOCS2--NINJ2,No Annotation,,0.00844608043512432,Skin,1,0.437,0.8411607892527289,0.07512098017029693
3899,TGIF2--DLGAP4,No Annotation,,0.008350170947181823,Esophagus/Stomach,1,0.42,0.8314766839378238,0.08014992465145825
358,B3GAT2--B3GAT2,No Annotation,,0.008176862408441343,Peripheral Nervous System,1,0.451,0.8502611019736843,0.07044768871669684
401,BCAS3--KLRG1,No Change,IPR001304,0.008164815648437539,Esophagus/Stomach,1,0.437,0.8411607892527289,0.07512098017029693
77,ADIPOR2--LRTM2,No Annotation,,0.008142371241976613,Lung,1,0.433,0.8401629284807448,0.07563648527296367
1071,DTNB--FRMD5,Reintroduction,IPR014847,0.008114082356654057,Esophagus/Stomach,1,0.443,0.8449064059900167,0.07319139710159245
1312,FBXO17--FBXO27,No Annotation,,0.00806672775665624,Skin,1,0.443,0.8449064059900167,0.07319139710159245
2316,MX1--ABCG1,No Change,IPR013525,0.008020425894702993,Pancreas,1,0.441,0.8442526096033403,0.07352758827670361
4412,ZC3H3--EEF1D,Bridges,IPR000571|IPR000571|IPR000571|IPR018940|IPR014038,0.007793595822466623,Pancreas,1,0.446,0.8464031456953642,0.07242273123091246
2943,PSMD5--C5,No Change,IPR009048|IPR001134,0.00777848936798145,Cervix,1,0.443,0.8449064059900167,0.07319139710159245
3426,SIPA1L3--PPP1R14A,No Annotation,,0.007356544567623746,Ovary/Fallopian Tube,1,0.449,0.8482344458178822,0.07148409532257165
3566,SNX8--MAD1L1,No Annotation,,0.007345283907758987,Ovary/Fallopian Tube,1,0.434,0.8411607892527289,0.07512098017029693
2580,OAZ1--JSRP1,No Annotation,,0.007296707174649267,Ovary/Fallopian Tube,1,0.429,0.8348747877758913,0.07837865392429991
4091,TRIM13--RCBTB1,No Annotation,,0.007266771697058569,Esophagus/Stomach,1,0.399,0.8214705882352941,0.08540798134125009
4418,ZC3H7B--YPEL2,No Change,IPR004910,0.007081063530868167,Ovary/Fallopian Tube,1,0.438,0.842378355704698,0.07449280055805939
2624,PACSIN2--TTLL1,No Annotation,,0.007038653221822559,Cervix,1,0.441,0.8442526096033403,0.07352758827670361
3490,SLC5A12--SLC5A12,No Annotation,,0.007035718176623698,Ovary/Fallopian Tube,1,0.435,0.8411607892527289,0.07512098017029693
4,AATK--CEP131,No Change,IPR000719,0.006927457874092435,Breast,1,0.426,0.8348747877758913,0.07837865392429991
868,CSPP1--SGK3,No Change,IPR001683|IPR000719|IPR000961,0.0069130917374665285,Lung,1,0.416,0.8298372395833333,0.08100707977137703
677,CHD2--STARD9,Reinforcement,IPR000953|IPR000953|IPR000330|IPR002913,0.006872548456570267,Bowel,1,0.442,0.8449064059900167,0.07319139710159245
590,CCSER1--HERC6,No Change,IPR000569,0.00678213488633499,Breast,1,0.443,0.8449064059900167,0.07319139710159245
1469,GAPVD1--ODF2,No Annotation,,0.006778478167260642,Lung,1,0.443,0.8449064059900167,0.07319139710159245
2200,MGST3--PBX1,No Change,IPR001356,0.006680204037801563,Lung,1,0.445,0.8464031456953642,0.07242273123091246
3474,SLC35F3--ATP13A3,No Change,IPR047819|IPR004014|IPR059000|IPR044492,0.00657231753785531,Head and Neck,1,0.437,0.8411607892527289,0.07512098017029693
4537,ZNF638--DTNB,No Change,IPR000433,0.006539903112593809,CNS/Brain,1,0.41,0.8277630999559665,0.08209393749395981
2103,MAPK1IP1L--ACTN1,Reintroduction,IPR001715|IPR002048|IPR014837,0.0064929606358618275,Lung,1,0.422,0.8318443680137575,0.07995791942471586
2388,NCEH1--SPATA16,No Annotation,,0.006474592409944642,Lymphoid,1,0.435,0.8411607892527289,0.07512098017029693
1973,LCLAT1--USP34,No Change,IPR001394|IPR021905,0.0064596200579880025,Lymphoid,1,0.42,0.8314766839378238,0.08014992465145825
3044,RAB11B--HAO2,No Change,IPR000262,0.006451934002301568,Soft Tissue,1,0.432,0.8392881355932204,0.07608891614915458
4279,VEZF1--ZNRF3,No Change,IPR001841,0.006373567011460642,Thyroid,1,0.447,0.8472488631665978,0.07198900522390332
2629,PAFAH2--NR5A2,No Annotation,,0.006360742658531468,Pleura,1,0.429,0.8348747877758913,0.07837865392429991
4018,TNS3--NLRC4,No Change,IPR001315|IPR007111|IPR053882|IPR040535,0.00632386124758743,Ovary/Fallopian Tube,1,0.428,0.8348747877758913,0.07837865392429991
489,C4orf33--LRBA,Reintroduction,IPR046851,0.006317932006251928,Bone,1,0.442,0.8449064059900167,0.07319139710159245
1816,ITPRID1--SUGCT,No Annotation,,0.006256523502300271,Kidney,1,0.466,0.8594569589702334,0.06577586760958583
3637,SRSF5--SUSD6,No Change,IPR000436,0.006242491093553654,Uterus,1,0.436,0.8411607892527289,0.07512098017029693
3420,SIN3A--IDH3A,No Annotation,,0.006032605076339126,Bone,1,0.472,0.8615127388535031,0.06473829642503089
4199,UBN2--TMEM213,Reintroduction,IPR014840,0.0059336341177321505,Biliary Tract,1,0.448,0.8482344458178822,0.07148409532257165
2051,LRRC8C--RHOT1,Reintroduction,IPR002048|IPR013567|IPR002048|IPR013566|IPR020860,0.005917841524558952,Lung,1,0.461,0.8567835427644913,0.06712888409404798
2715,PHACTR2--ZC2HC1B,No Annotation,,0.005913864310379824,Breast,1,0.422,0.8318443680137575,0.07995791942471586
2017,LOXL1--PML,No Change,IPR001841|IPR000315|IPR000315|IPR021978|IPR057617,0.005890391171632682,Skin,1,0.444,0.845758205234732,0.07275378015437028
4417,ZC3H7B--RANGAP1,No Change,IPR009109,0.0058629834313742475,Breast,1,0.46,0.8552716950527169,0.06789590057209888
1454,FXN--CPT1A,No Annotation,,0.005848882534533917,Thyroid,1,0.451,0.8502611019736843,0.07044768871669684
702,CHSY3--TLL2,Reintroduction,IPR000859|IPR000742|IPR000859|IPR000742|IPR000859|IPR000859,0.00584133889375987,Soft Tissue,1,0.446,0.8464031456953642,0.07242273123091246
4311,VTI1B--ZFYVE26,No Change,IPR000306|IPR057946,0.00578346822567552,Cervix,1,0.449,0.8482344458178822,0.07148409532257165
1275,FAM222B--MYO18A,No Change,IPR001478|IPR004009|IPR001609|IPR002928,0.005636921210727744,Ovary/Fallopian Tube,1,0.439,0.8432404692082112,0.07404855875859327
3042,R3HDM2--TAFA2,No Annotation,,0.005543964757906392,Soft Tissue,2,0.467,0.8606089228295821,0.06519415544662896
2716,PHACTR4--ACTA2,No Annotation,,0.005210552715002944,Breast,1,0.428,0.8348747877758913,0.07837865392429991
3111,RAPGEF1--NACC2,Reinforcement,IPR000651|IPR018379,0.005205351351164636,Lung,1,0.441,0.8442526096033403,0.07352758827670361
872,CTBP2--PTEN,No Change,IPR000387|IPR014020,0.005075973035164882,Myeloid,1,0.449,0.8482344458178822,0.07148409532257165
89,AFAP1--ABLIM2,Reintroduction,IPR032402|IPR032402|IPR003128,0.004994152691127107,Ovary/Fallopian Tube,1,0.475,0.8635507533703409,0.06371213260615638
88,AFAP1--ABLIM2,Reintroduction,IPR001781|IPR032402|IPR032402|IPR003128,0.004994152691127107,Ovary/Fallopian Tube,1,0.469,0.861179415298358,0.06490635963022463
4403,ZBTB24--TRIM31,Reinforcement,IPR000210|IPR013087|IPR013087|IPR013087|IPR013087|IPR001841|IPR000315,0.004881204868621248,Bone,1,0.449,0.8482344458178822,0.07148409532257165
3166,RDH13--FBXO3,Reintroduction,IPR018958|IPR007474,0.004840818405447943,Breast,1,0.442,0.8449064059900167,0.07319139710159245
2769,PLA2G4A--BRINP3,Reinforcement,IPR000008|IPR057671,0.00482439331169892,Breast,1,0.451,0.8502611019736843,0.07044768871669684
455,BRINP3--PLA2G4A,Reintroduction,IPR020864|IPR057450,0.00482439331169892,Breast,1,0.457,0.8545452691680262,0.06826492577048726
3378,SEMA3C--SEMA3C,No Change,IPR001627|IPR016201|IPR003599,0.00482425211039543,Lung,1,0.469,0.861179415298358,0.06490635963022463
2622,PACSIN2--TTLL1,No Annotation,,0.004815897410752126,Bowel,1,0.436,0.8411607892527289,0.07512098017029693
1728,IFI16--PYHIN1,No Change,IPR004020,0.004790637758279009,Skin,1,0.465,0.8589947622884772,0.06600948426671714
4168,UBA1--ZNF157,Reintroduction,IPR032418|IPR032420,0.004787391958550297,Head and Neck,1,0.451,0.8502611019736843,0.07044768871669684
640,CDKN2B--ARHGEF9,No Change,IPR001452|IPR000219|IPR001849,0.004742472022107522,Cervix,1,0.445,0.8464031456953642,0.07242273123091246
2444,NEXN--DNAJB4,Reintroduction,IPR002939,0.004539069091214681,Soft Tissue,1,0.429,0.8348747877758913,0.07837865392429991
3791,TANC2--EFCAB3,No Change,IPR002048,0.004492646758374082,Lung,1,0.446,0.8464031456953642,0.07242273123091246
1675,HJURP--TRPM8,No Change,IPR041491|IPR057366|IPR057366|IPR005821,0.004400278892367746,CNS/Brain,1,0.462,0.8575991902834008,0.06671563769750033
3813,TBC1D19--FAR1,Reintroduction,IPR033640,0.004326101093368909,Lymphoid,1,0.419,0.8309320934256055,0.08043446677615626
1059,DPY19L1--MLIP,No Annotation,,0.004267980209072351,Lung,1,0.472,0.8615127388535031,0.06473829642503089
2806,PNPLA7--DPH7,No Change,IPR000595,0.004261433097889594,Breast,1,0.435,0.8411607892527289,0.07512098017029693
2505,NOL10--PDIA6,No Annotation,,0.004155521089112296,Uterus,1,0.425,0.8348747877758913,0.07837865392429991
1972,LCLAT1--BABAM2,No Annotation,,0.004123545020571218,Lung,1,0.46,0.8552716950527169,0.06789590057209888
2404,NCOA3--PUDP,No Annotation,,0.003934717325500249,Lung,1,0.432,0.8392881355932204,0.07608891614915458
57,ADAMTS6--ADAMTS6,Reinforcement,IPR002870|IPR001590|IPR041645|IPR045371|IPR010294|IPR010294|IPR010909,0.0039221691749170215,Esophagus/Stomach,1,0.432,0.8392881355932204,0.07608891614915458
791,COLQ--ANKRD28,No Annotation,,0.00390685568586456,CNS/Brain,1,0.458,0.8550203583061889,0.06802354445922097
2889,PRDM2--FAM234B,Bridges,IPR001214|IPR013087|IPR013087|IPR013087|IPR013087|IPR013087|IPR013087|IPR013087|IPR013087|IPR055409,0.0038285744826709253,Bowel,1,0.414,0.8281806282722513,0.08187493216841354
2171,MEF2D--IQGAP3,No Change,IPR001936|IPR000593,0.003699228220458421,Lung,1,0.437,0.8411607892527289,0.07512098017029693
1180,EPG5--PSTPIP2,No Annotation,,0.0036673757996685957,Bowel,1,0.417,0.8298372395833333,0.08100707977137703
3828,TBL1X--GPR143,No Annotation,,0.003660705657614366,Liver,1,0.458,0.8550203583061889,0.06802354445922097
3402,SFMBT1--CACNA1D,No Change,IPR005821|IPR005821|IPR005821|IPR005821|IPR031649|IPR014873|IPR031688,0.0034134008650487458,Soft Tissue,1,0.48,0.8664566929133858,0.06225313923831097
2274,MRTFA--MCHR1,No Change,IPR017452,0.0033388160617089796,Bladder/Urinary Tract,1,0.436,0.8411607892527289,0.07512098017029693
4399,ZBTB20--TIGIT,No Change,IPR003599,0.003168389208893188,Lung,1,0.421,0.8316609220163723,0.08005370461420946
3884,TET3--AOX1,Reinforcement,IPR002857|IPR000674|IPR008274,0.003141321342909547,Breast,1,0.475,0.8635507533703409,0.06371213260615638
3730,SUPV3L1--VPS26A,Reintroduction,IPR041453|IPR044774|IPR001650|IPR041082,0.00312783509093692,Lung,1,0.456,0.8540686274509804,0.06850723080304867
1819,IVD--KNSTRN,Reintroduction,IPR013786|IPR006091,0.002750432207784724,Breast,1,0.437,0.8411607892527289,0.07512098017029693
2793,PLPP1--SLC38A9,Bridges,IPR000326|IPR013057|IPR013057,0.0027262762624640294,Lung,1,0.455,0.853590425531915,0.06875046490736426
209,AP1G1--IST1,No Annotation,,0.0027231572598579584,Esophagus/Stomach,1,0.459,0.8552716950527169,0.06789590057209888
1654,HEPH--ADGRG4,Reinforcement,IPR011707|IPR011707|IPR057244|IPR017981,0.0026831462627058492,Bone,1,0.454,0.8524119574119574,0.06935046674571986
652,CEP128--ALDH6A1,No Change,IPR015590,0.0025069964899652394,CNS/Brain,1,0.495,0.872079984691925,0.0594436809879536
357,B2M--TRIM69,No Annotation,,0.0024114988608549097,Lung,1,0.503,0.8753181818181819,0.057834050418265844
570,CCDC88A--PPP4R3B,Bridges,IPR001715|IPR006887,0.0022379213550767912,Lung,1,0.483,0.867092795614722,0.06193442216984446
2776,PLCB4--PLCB1,No Annotation,,0.0021158063339779577,Biliary Tract,1,0.487,0.8675765800697944,0.061692180129187014
4164,UACA--ARID1A,No Change,IPR001606|IPR033388,0.0019933791354946363,Esophagus/Stomach,1,0.44,0.8441004184100418,0.07360588445591038
4165,UACA--ARID1A,Reintroduction,IPR033388,0.0019933791354946363,Esophagus/Stomach,1,0.455,0.853590425531915,0.06875046490736426
3495,SLC7A1--SLC7A1,No Change,IPR029485,0.001961594134136782,CNS/Brain,3,0.477,0.865813539192399,0.06257562717315815
3256,RNH1--PSMD13,No Annotation,,0.0018281738349410354,Skin,1,0.448,0.8482344458178822,0.07148409532257165
4090,TRIB3--RBCK1,Reintroduction,IPR047558|IPR047557,0.0016602975976281673,Liver,1,0.42,0.8314766839378238,0.08014992465145825
2880,PPP6R3--PPFIA1,No Change,IPR057892|IPR001660|IPR001660|IPR001660,0.0016400096563246314,Lung,1,0.486,0.8675765800697944,0.061692180129187014
1419,FRS2--CD244,No Change,IPR024303|IPR007110,0.0015969344224271778,Soft Tissue,1,0.481,0.8666549019607843,0.062153802189065695
1418,FRS2--CD244,No Annotation,,0.0015969344224271778,Soft Tissue,1,0.477,0.865813539192399,0.06257562717315815
801,CORO7--ANKS3,Bridges,IPR015048|IPR001660,0.0015926865671470093,Esophagus/Stomach,1,0.482,0.8666549019607843,0.062153802189065695
441,BORCS5--PLEKHA5,Reintroduction,IPR057971,0.0015786397040477296,Lung,1,0.457,0.8545452691680262,0.06826492577048726
2472,NIBAN2--METRNL,No Change,IPR001849,0.0015550140707462495,Esophagus/Stomach,1,0.435,0.8411607892527289,0.07512098017029693
2836,PPARGC1A--PPARGC1A,No Change,IPR000504,0.0014839802426008797,Cervix,1,0.46,0.8552716950527169,0.06789590057209888
2984,PTPN14--SYT14,No Annotation,,0.0014810797240618935,Pleura,1,0.488,0.8675765800697944,0.061692180129187014
331,ATP2B4--REC114,No Change,IPR004014|IPR059000|IPR044492,0.001424468236587189,CNS/Brain,1,0.458,0.8550203583061889,0.06802354445922097
1875,KHDC4--SSR2,No Annotation,,0.0013965146236801507,Cervix,1,0.454,0.8524119574119574,0.06935046674571986
188,ANO6--VDR,Reintroduction,IPR032394,0.0013394293907148212,Soft Tissue,1,0.452,0.8514461791290058,0.06984279907662416
2992,PTPRJ--MKNK2,No Change,IPR003961|IPR003961,0.0012905696091121757,Uterus,1,0.452,0.8514461791290058,0.06984279907662416
1106,EFHD1--UBR3,No Change,IPR002048,0.0011541363303914295,Lung,1,0.459,0.8552716950527169,0.06789590057209888
26,ABRAXAS1--GPAT3,No Change,IPR002123,0.0011500520985077214,Lymphoid,1,0.454,0.8524119574119574,0.06935046674571986
502,CABS1--SMR3B,No Annotation,,0.0011280134344302528,Bowel,1,0.451,0.8502611019736843,0.07044768871669684
2921,PRPF40B--PPHLN1,No Annotation,,0.0011244105532129574,Uterus,1,0.436,0.8411607892527289,0.07512098017029693
4420,ZCCHC7--FAM219A,No Annotation,,0.0010915667067770245,Breast,1,0.465,0.8589947622884772,0.06600948426671714
344,ATXN2--BRAP,Reintroduction,IPR001841|IPR001607,0.0010772098199861163,Lung,1,0.446,0.8464031456953642,0.07242273123091246
4025,TOM1L2--FLII,No Change,IPR007123|IPR007123|IPR007123|IPR007123|IPR007123,0.0010340859114372145,CNS/Brain,1,0.463,0.8577191919191919,0.06665487224559451
1953,LARP4--PKP2,No Annotation,,0.0010119645470026764,Lymphoid,1,0.444,0.845758205234732,0.07275378015437028
2177,MELK--P4HA1,Reintroduction,IPR000719|IPR048637,0.0009920134633777371,Peripheral Nervous System,1,0.478,0.8659146582378506,0.06252490854009547
2611,P4HA1--MELK,Reinforcement,IPR013547|IPR059068|IPR001772,0.0009920134633777371,Peripheral Nervous System,1,0.456,0.8540686274509804,0.06850723080304867
692,CHMP4B--NCOA6,No Annotation,,0.0009537809113351198,Cervix,1,0.424,0.8348747877758913,0.07837865392429991
3375,SECTM1--SLC39A11,No Annotation,,0.000924004989009776,Soft Tissue,1,0.489,0.8680081300813008,0.06147620704365704
3283,RPS6KB1--CLTC,No Annotation,,0.0008853980651534477,Breast,1,0.454,0.8524119574119574,0.06935046674571986
3058,RAB3IP--GTF2F1,No Annotation,,0.0007749892497684249,Peripheral Nervous System,1,0.463,0.8577191919191919,0.06665487224559451
2378,NBAS--MDM2,No Change,IPR003121|IPR001876|IPR001841,0.000765751251061042,Peripheral Nervous System,1,0.47,0.861290967226219,0.0648501074156438
3059,RAB40C--CAPN15,No Change,IPR001876|IPR001876|IPR001876|IPR001876|IPR001876|IPR001300,0.0007128123419661778,Bowel,1,0.471,0.8614020741922617,0.06479408682328044
3181,RFC1--AGT,Bridges,IPR001357|IPR023796,0.0007046151836025694,Ovary/Fallopian Tube,1,0.445,0.8464031456953642,0.07242273123091246
1796,IRF9--GMPR2,No Change,IPR001346,0.0006144332544535721,Lung,1,0.457,0.8545452691680262,0.06826492577048726
522,CAPRIN1--CAT,Bridges,IPR041637|IPR011614|IPR010582,0.0005136726701709671,Kidney,1,0.443,0.8449064059900167,0.07319139710159245
1277,FAM222B--PIPOX,No Change,IPR006076,0.000204233135243672,Ovary/Fallopian Tube,1,0.464,0.8588776746063788,0.06606868602491618
629,CDK17--ELK3,No Change,IPR000418,0.0001731090930943771,CNS/Brain,1,0.447,0.8472488631665978,0.07198900522390332
3811,TBC1D1--PTPRO,Reinforcement,IPR006020|IPR006020|IPR021785|IPR000195|IPR000242,-0.00012701751662709602,Liver,1,0.466,0.8594569589702334,0.06577586760958583
4094,TRIO--FBXL7,Reinforcement,IPR001251|IPR000219|IPR001849|IPR001452|IPR001810|IPR057207,-0.00012831320372539215,Breast,2,0.457,0.8545452691680262,0.06826492577048726
2022,LPCAT4--NUTM1,No Change,IPR024309|IPR024309,-0.00017991624716751434,Esophagus/Stomach,1,0.48,0.8664566929133858,0.06225313923831097
4379,YBX3--KLRC3,No Change,IPR002059,-0.00018054430326202436,CNS/Brain,1,0.471,0.8614020741922617,0.06479408682328044
924,CYTH1--EIF3H,No Change,IPR000555|IPR045810,-0.0002219138528085779,Breast,2,0.462,0.8575991902834008,0.06671563769750033
2120,MB21D2--ATP13A4,No Annotation,,-0.00023854008060602422,Esophagus/Stomach,1,0.459,0.8552716950527169,0.06789590057209888
4055,TPK1--CNTNAP2,Bridges,IPR007371|IPR001791|IPR000742|IPR001791|IPR003585,-0.0003869590612705365,Thyroid,1,0.471,0.8614020741922617,0.06479408682328044
778,CNTNAP2--TPK1,Reintroduction,IPR000421|IPR001791|IPR001791|IPR000742|IPR002181,-0.0003869590612705365,Thyroid,1,0.459,0.8552716950527169,0.06789590057209888
3954,TMEM135--CCDC81,No Change,IPR031926,-0.0004134602836959045,Skin,1,0.468,0.8610674157303372,0.06496284490696802
4213,ULBP1--PCMT1,No Annotation,,-0.0005243975209231061,Head and Neck,2,0.492,0.8706368197607102,0.06016297021242459
3787,TANC1--SLC4A10,No Change,IPR013769|IPR011531,-0.0006132293098565986,Bowel,1,0.505,0.8763909916729751,0.057302095153807096
3506,SLC7A6--TANGO6,Reintroduction,IPR019451|IPR019414,-0.0006491855023513238,Esophagus/Stomach,1,0.47,0.861290967226219,0.0648501074156438
1049,DOCK3--HEMK1,No Change,IPR007848,-0.000656004730565431,Cervix,1,0.465,0.8589947622884772,0.06600948426671714
2798,PLXNB2--SBF1,Reintroduction,IPR004182|IPR010569|IPR001849,-0.0007242162903382462,Head and Neck,1,0.454,0.8524119574119574,0.06935046674571986
2794,PLSCR1--TMEM108,No Annotation,,-0.0007429995764965946,Lymphoid,1,0.465,0.8589947622884772,0.06600948426671714
3724,SUN1--FAM133B,Reintroduction,IPR032680|IPR040994,-0.0009045012411992015,Esophagus/Stomach,1,0.468,0.8610674157303372,0.06496284490696802
200,AOX1--KCTD18,Reinforcement,IPR001041|IPR002888|IPR003131|IPR045704,-0.0009125421953379807,Soft Tissue,1,0.463,0.8577191919191919,0.06665487224559451
3012,PXK--ROBO2,Reinforcement,IPR001683|IPR003598|IPR003598|IPR003598|IPR003598|IPR003961|IPR003961|IPR003961,-0.0009503127299355443,Bone,1,0.466,0.8594569589702334,0.06577586760958583
3911,THRB--ZCWPW2,No Annotation,,-0.0010723898916670319,Lung,1,0.449,0.8482344458178822,0.07148409532257165
135,AMBRA1--ARHGAP1,No Change,IPR000198,-0.0010983877252733927,Cervix,1,0.475,0.8635507533703409,0.06371213260615638
1309,FBXL3--TRPC4,No Change,IPR013555|IPR005821,-0.0011065792440625027,Lung,1,0.485,0.8675765800697944,0.061692180129187014
1466,GALNT7--SAP30,Reintroduction,IPR025718,-0.0011605223790833175,Bladder/Urinary Tract,1,0.471,0.8614020741922617,0.06479408682328044
1923,KMT2E--LETM2,No Change,IPR001965|IPR001214,-0.0012367258063621066,Lung,1,0.466,0.8594569589702334,0.06577586760958583
1052,DOK6--CCDC102B,No Annotation,,-0.0013338234543186812,Lung,1,0.473,0.8619654213036566,0.06451015602937984
284,ARPP19--GNB5,Reintroduction,IPR001632|IPR001632,-0.0013395965346984576,Kidney,1,0.478,0.8659146582378506,0.06252490854009547
226,APTX--NOL6,Bridges,IPR041388|IPR035371,-0.0013867291444919286,Lung,1,0.469,0.861179415298358,0.06490635963022463
291,ASAP1--STMN2,No Annotation,,-0.0015138001102992377,Bone,1,0.456,0.8540686274509804,0.06850723080304867
2754,PIP4K2A--NEBL,No Change,IPR001452,-0.0015890362552719584,Lymphoid,1,0.46,0.8552716950527169,0.06789590057209888
3845,TCF12--GABPB1,No Annotation,,-0.0016470548617386269,Soft Tissue,1,0.471,0.8614020741922617,0.06479408682328044
2581,ODC1--PDIA6,Bridges,IPR022643|IPR005788|IPR057305,-0.0016783231892561652,Esophagus/Stomach,1,0.468,0.8610674157303372,0.06496284490696802
4443,ZFX--SH3KBP1,No Change,IPR001452|IPR001452|IPR001452,-0.0017752290740043059,Ovary/Fallopian Tube,1,0.481,0.8666549019607843,0.062153802189065695
1531,GNAI2--RBM6,Reintroduction,IPR000504|IPR035617|IPR000467,-0.0017899962538541966,Myeloid,1,0.468,0.8610674157303372,0.06496284490696802
1706,HOXC13--HOXC11,Reinforcement,IPR022067|IPR001356|IPR001356,-0.0018540550231633257,Lung,1,0.44,0.8441004184100418,0.07360588445591038
1892,KIF1B--SH2D1B,Reintroduction,IPR001752|IPR032405|IPR000253|IPR022140,-0.0018544346353085786,Biliary Tract,1,0.449,0.8482344458178822,0.07148409532257165
3971,TMEM243--TMEM243,No Annotation,,-0.00191131552280022,Peripheral Nervous System,1,0.501,0.8740810502283105,0.05844829501445755
2333,MYH9--TXN2,No Change,IPR013766,-0.0019536533254826682,CNS/Brain,1,0.495,0.872079984691925,0.0594436809879536
944,DCTN1--SLC4A5,No Change,IPR011531,-0.0019619186993571625,Liver,1,0.439,0.8432404692082112,0.07404855875859327
1838,KANK1--DMRT1,No Annotation,,-0.002039999653475774,Soft Tissue,1,0.475,0.8635507533703409,0.06371213260615638
1773,INPP4B--BTC,Reinforcement,IPR000008|IPR000742,-0.00209606937351604,Soft Tissue,1,0.46,0.8552716950527169,0.06789590057209888
412,BCL9--AGAP2,No Change,IPR001849|IPR001164,-0.002118639380270987,Soft Tissue,1,0.479,0.8663570019723865,0.062303110248751695
439,BORCS5--CLSTN3,Reintroduction,IPR045588,-0.002121658129229244,Uterus,1,0.465,0.8589947622884772,0.06600948426671714
1085,E2F1--ZNF341,No Change,IPR013087|IPR013087|IPR013087|IPR013087|IPR013087|IPR013087|IPR013087|IPR013087|IPR013087|IPR013087|IPR013087,-0.0021364943130374944,Esophagus/Stomach,2,0.512,0.8788918008236616,0.05606458703950217
4193,UBE3C--TNNC1,No Change,IPR002048|IPR002048,-0.0021467956116609215,Ovary/Fallopian Tube,1,0.482,0.8666549019607843,0.062153802189065695
3443,SLC16A7--NEBL,No Change,IPR001452,-0.0021578580275949666,Soft Tissue,1,0.47,0.861290967226219,0.0648501074156438
310,ATF3--TATDN3,No Annotation,,-0.0021663866571847747,Lymphoid,1,0.49,0.868438345574024,0.061261008681989845
2564,NUP107--ANO1,No Annotation,,-0.0022843044139176857,Peripheral Nervous System,1,0.501,0.8740810502283105,0.05844829501445755
4198,UBN1--UBALD1,Reintroduction,IPR014840,-0.0023202925107711006,Ovary/Fallopian Tube,2,0.486,0.8675765800697944,0.061692180129187014
3094,RALA--YAE1,No Change,IPR019191,-0.0026210798810584537,Lung,1,0.467,0.8606089228295821,0.06519415544662896
3848,TCF12--UNC13C,No Change,IPR000008,-0.002644055016159809,Soft Tissue,1,0.47,0.861290967226219,0.0648501074156438
2531,NSD1--ZNF346,No Annotation,,-0.0027437775913050425,Lymphoid,1,0.48,0.8664566929133858,0.06225313923831097
2182,MET--FHL1,No Change,IPR056807|IPR001781|IPR001781|IPR001781,-0.0027880226682438364,Bladder/Urinary Tract,1,0.483,0.867092795614722,0.06193442216984446
4506,ZNF519--CCDC178,No Change,IPR001909|IPR013087|IPR013087|IPR013087|IPR013087|IPR013087|IPR013087|IPR013087|IPR013087|IPR013087|IPR013087,-0.002838034148153014,Eye,1,0.464,0.8588776746063788,0.06606868602491618
2972,PTK7--PGGHG,Bridges,IPR003598|IPR003598|IPR003598|IPR003598|IPR003598|IPR003598|IPR003598|IPR005195,-0.002911533675784301,Breast,1,0.498,0.872916825639069,0.059027135317170666
32,ACIN1--EFS,No Change,IPR001452|IPR021901,-0.002921162732683516,Esophagus/Stomach,1,0.488,0.8675765800697944,0.061692180129187014
2062,LSM2--DLK2,No Change,IPR000742|IPR000742|IPR000742|IPR000742|IPR000742|IPR000742,-0.002930654088595122,Head and Neck,1,0.454,0.8524119574119574,0.06935046674571986
427,BIRC3--STS,Reintroduction,IPR048875,-0.0029610501632317543,Lymphoid,1,0.49,0.868438345574024,0.061261008681989845
4352,WWC2--TENM3,Reinforcement,IPR001202|IPR022385|IPR028916,-0.003125693871045429,Lymphoid,1,0.49,0.868438345574024,0.061261008681989845
2002,LIN54--PLAC8,No Annotation,,-0.0031585703366818346,Cervix,1,0.487,0.8675765800697944,0.061692180129187014
4361,WWP1--SLC7A13,No Annotation,,-0.0032140104062236136,Lymphoid,1,0.475,0.8635507533703409,0.06371213260615638
2439,NEMP2--DHRS7C,No Annotation,,-0.003226153421206149,Bone,1,0.504,0.8753181818181819,0.057834050418265844
529,CAPZB--OSBP2,No Annotation,,-0.003279116590400189,Ovary/Fallopian Tube,1,0.487,0.8675765800697944,0.061692180129187014
2245,MON2--USP15,No Annotation,,-0.003352313170134527,Breast,1,0.463,0.8577191919191919,0.06665487224559451
288,ARVCF--TXNRD2,Reintroduction,IPR004099,-0.0034018903276266665,Bone,1,0.454,0.8524119574119574,0.06935046674571986
3330,SAMD9L--VPS50,No Change,IPR019515|IPR019514,-0.003406735378715744,Peripheral Nervous System,1,0.477,0.865813539192399,0.06257562717315815
2604,OVOL1--EHD1,No Change,IPR031692|IPR030381|IPR040990|IPR000261,-0.003415335540273434,Head and Neck,1,0.486,0.8675765800697944,0.061692180129187014
74,ADGRL3--RET,No Annotation,,-0.0035187723354055747,Skin,1,0.493,0.8713974556669236,0.05978371246479139
4126,TTBK2--UBR1,No Change,IPR000719,-0.0035306015123345996,Lung,1,0.486,0.8675765800697944,0.061692180129187014
2883,PPTC7--TCTN1,Reintroduction,IPR011677|IPR011677,-0.00364118472031863,Pancreas,1,0.483,0.867092795614722,0.06193442216984446
2766,PKN1--EPS15L1,No Change,IPR000261|IPR000261,-0.0036614297984250144,Ovary/Fallopian Tube,1,0.48,0.8664566929133858,0.06225313923831097
4072,TRAF3--DAB1,No Change,IPR006020,-0.003678081532379994,Lymphoid,1,0.488,0.8675765800697944,0.061692180129187014
2261,MRPL33--NSD1,Reintroduction,IPR001965|IPR041306,-0.0037687670665561973,Ovary/Fallopian Tube,1,0.482,0.8666549019607843,0.062153802189065695
3361,SCML2--BEND2,No Change,IPR018379|IPR018379,-0.0038218463346954244,CNS/Brain,1,0.473,0.8619654213036566,0.06451015602937984
1112,EGFR--GALNTL5,No Change,IPR000494|IPR006211|IPR000494|IPR032778|IPR049328|IPR000719,-0.003978839702824012,Esophagus/Stomach,1,0.487,0.8675765800697944,0.061692180129187014
3338,SBF2--RBBP6,No Change,IPR001841,-0.00401398828508924,Skin,1,0.46,0.8552716950527169,0.06789590057209888
2384,NCALD--GRHL2,No Annotation,,-0.004092790690324616,Ovary/Fallopian Tube,1,0.488,0.8675765800697944,0.061692180129187014
3184,RFTN1--DAZL,No Change,IPR000504|IPR043628,-0.004145485260882872,Lymphoid,1,0.473,0.8619654213036566,0.06451015602937984
3788,TANC1--TMCO4,No Annotation,,-0.00416231338376756,Soft Tissue,1,0.482,0.8666549019607843,0.062153802189065695
3695,STN1--CCSER2,No Change,IPR004365,-0.004167048756494603,Breast,1,0.463,0.8577191919191919,0.06665487224559451
968,DDX52--AATF,No Change,IPR025160|IPR012617,-0.004180165230868588,Lung,1,0.482,0.8666549019607843,0.062153802189065695
4273,VCL--ZSWIM8,No Change,IPR048370,-0.004291463489177499,Head and Neck,1,0.47,0.861290967226219,0.0648501074156438
1532,GNAQ--OSTF1,No Annotation,,-0.00437273636568862,Peripheral Nervous System,1,0.454,0.8524119574119574,0.06935046674571986
3275,RPRD1A--DTNA,Reintroduction,IPR015154|IPR000433,-0.004441123596598824,Lymphoid,1,0.497,0.872079984691925,0.0594436809879536
2846,PPHLN1--TMTC1,No Annotation,,-0.004460685222358592,Skin,1,0.499,0.872916825639069,0.059027135317170666
2724,PHF21A--ELF1,No Change,IPR000418,-0.004877162915373087,Bone,1,0.481,0.8666549019607843,0.062153802189065695
2155,MED12L--MACF1,Bridges,IPR019035|IPR021990|IPR002048|IPR003108,-0.004906847734055836,Esophagus/Stomach,1,0.486,0.8675765800697944,0.061692180129187014
1658,HERC1--SNRPG,No Annotation,,-0.004933685292502245,Biliary Tract,1,0.503,0.8753181818181819,0.057834050418265844
1856,KCNN1--IL12RB1,Reinforcement,IPR013099|IPR003961,-0.00493920780019301,Soft Tissue,1,0.486,0.8675765800697944,0.061692180129187014
3049,RAB22A--PHACTR3,No Change,IPR005225,-0.00496526807046422,Breast,1,0.478,0.8659146582378506,0.06252490854009547
1023,DMD--DCLK2,Reinforcement,IPR001715|IPR001715|IPR000719,-0.005010708616388585,Lung,1,0.487,0.8675765800697944,0.061692180129187014
2396,NCOA2--CALB1,No Change,IPR002048|IPR002048,-0.00506081247926797,Breast,1,0.472,0.8615127388535031,0.06473829642503089
2597,OSBPL5--IMPACT,Reintroduction,IPR001498,-0.005085346023017509,CNS/Brain,1,0.488,0.8675765800697944,0.061692180129187014
756,CNNM4--PARD3B,Reinforcement,IPR057492|IPR002550|IPR044751|IPR000644|IPR000595|IPR001478|IPR001478|IPR001478,-0.005179425960349329,Prostate,1,0.469,0.861179415298358,0.06490635963022463
2100,MAP4K4--AZIN1,No Change,IPR022644,-0.005252930491681275,Bladder/Urinary Tract,1,0.496,0.872079984691925,0.0594436809879536
4445,ZFYVE27--ARMH3,No Annotation,,-0.005264144841898716,Lymphoid,1,0.5,0.8733333333333333,0.058819963399917
3195,RGS14--NSD1,Reinforcement,IPR016137|IPR003116|IPR003116|IPR006560|IPR001214|IPR003616|IPR001965|IPR041306,-0.0053092030337459906,Lymphoid,1,0.479,0.8663570019723865,0.062303110248751695
1710,HS3ST3A1--HS3ST3B1,No Annotation,,-0.005520954886615817,Biliary Tract,1,0.51,0.8780886218550508,0.05646165033496493
161,ANKRD11--SPATA33,No Annotation,,-0.005556750414268022,Uterus,1,0.489,0.8680081300813008,0.06147620704365704
2322,MYH14--ZNF473,Reinforcement,IPR004009|IPR001609|IPR001909|IPR013087|IPR013087|IPR013087|IPR013087|IPR013087|IPR013087|IPR013087|IPR013087|IPR013087|IPR013087|IPR013087|IPR013087|IPR013087|IPR013087|IPR013087|IPR013087|IPR013087|IPR013087|IPR013087|IPR013087,-0.005755836538670043,Ovary/Fallopian Tube,1,0.509,0.8776852200075217,0.05666121498876837
3999,TMPRSS5--DRD2,Reinforcement,IPR001190|IPR001254|IPR017452,-0.005800150474839793,Esophagus/Stomach,1,0.503,0.8753181818181819,0.057834050418265844
3492,SLC5A3--SLC37A1,No Annotation,,-0.00587593653107131,Head and Neck,1,0.478,0.8659146582378506,0.06252490854009547
4021,TNS3--TBRG4,No Change,IPR010622|IPR013579|IPR013584,-0.005888338970557478,CNS/Brain,1,0.509,0.8776852200075217,0.05666121498876837
862,CSNK1G1--DAPK2,No Annotation,,-0.005890929179776672,Ovary/Fallopian Tube,1,0.478,0.8659146582378506,0.06252490854009547
1713,HSBP1--CDH13,No Change,IPR002126,-0.005994145023269483,Skin,2,0.528,0.8828884026258206,0.05409418791364169
3756,SYNJ1--PDXK,No Annotation,,-0.005999688295717832,Breast,1,0.491,0.8698744204018547,0.06054343986765441
3757,SYNJ1--PDXK,No Change,IPR013749,-0.005999688295717832,Breast,1,0.486,0.8675765800697944,0.061692180129187014
2700,PDXK--SYNJ1,No Change,IPR002013|IPR000300|IPR000504,-0.005999688295717832,Breast,1,0.492,0.8706368197607102,0.06016297021242459
1232,EXOC6B--C12orf54,No Annotation,,-0.005999725900190933,Ovary/Fallopian Tube,1,0.479,0.8663570019723865,0.062303110248751695
3513,SLFN11--NUFIP2,No Annotation,,-0.0060161023293994476,Lung,1,0.499,0.872916825639069,0.059027135317170666
3977,TMEM259--ABCA7,Reintroduction,IPR013525|IPR003439|IPR056264,-0.006220758642462132,Head and Neck,1,0.525,0.8817307692307693,0.05466400362875922
1506,GIGYF2--RUVBL1,No Annotation,,-0.006434094845341576,Myeloid,1,0.481,0.8666549019607843,0.062153802189065695
938,DCAF8--NCKAP1,No Annotation,,-0.0064949577511691226,CNS/Brain,1,0.506,0.8764676992822062,0.05726408445550922
4059,TPRG1--TPRG1,No Change,IPR022158,-0.006504207725325714,Esophagus/Stomach,1,0.462,0.8575991902834008,0.06671563769750033
3053,RAB30--PPFIA1,No Change,IPR001660|IPR001660|IPR001660,-0.006616996378443599,Skin,2,0.493,0.8713974556669236,0.05978371246479139
588,CCPG1--SHC4,No Change,IPR000980,-0.006618370386482055,Lung,1,0.526,0.8818594890510949,0.05460060760180145
4246,USP54--SYNPO2L,No Annotation,,-0.006707753415604714,Ovary/Fallopian Tube,1,0.514,0.8791046165301565,0.05595943928546559
2185,METTL15--TAX1BP1,No Change,IPR041611|IPR012852|IPR041641|IPR041641,-0.006730427813799206,Bone,1,0.536,0.8868856008661133,0.05213239608342181
1116,EHBP1--MDH1,Bridges,IPR019448|IPR001236|IPR022383,-0.0067756599365885505,Head and Neck,1,0.525,0.8817307692307693,0.05466400362875922
1117,EHBP1--MDH1,Bridges,IPR019448|IPR022383,-0.0067756599365885505,Head and Neck,1,0.48,0.8664566929133858,0.06225313923831097
240,ARHGAP23--MRPL45,No Change,IPR007379,-0.006941872028582291,Lung,1,0.492,0.8706368197607102,0.06016297021242459
3789,TANC2--CA4,No Annotation,,-0.006974776968288786,Breast,1,0.525,0.8817307692307693,0.05466400362875922
3153,RBMS1--ITGB6,Reintroduction,IPR040622|IPR057073|IPR013111|IPR013111|IPR012896|IPR014836,-0.007026364844585756,Esophagus/Stomach,1,0.472,0.8615127388535031,0.06473829642503089
1129,EIF3K--CYP39A1,No Annotation,,-0.007088990506737197,Breast,1,0.494,0.872079984691925,0.0594436809879536
3642,SS18L1--MYH15,No Change,IPR002928,-0.007100136483807924,Esophagus/Stomach,1,0.514,0.8791046165301565,0.05595943928546559
4510,ZNF529--ZNF541,Reintroduction,IPR000949|IPR001005|IPR013087,-0.007285561516830333,Skin,1,0.51,0.8780886218550508,0.05646165033496493
3921,TICAM1--PLIN3,No Annotation,,-0.007289856654380936,Uterus,1,0.469,0.861179415298358,0.06490635963022463
2033,LRCH1--NADSYN1,Reintroduction,IPR022310,-0.007309877151151951,Breast,1,0.506,0.8764676992822062,0.05726408445550922
2241,MOB1B--COX18,No Change,IPR028055,-0.007355367308960262,Esophagus/Stomach,1,0.495,0.872079984691925,0.0594436809879536
4103,TRMT10C--FOXR2,No Change,IPR001766,-0.007360763318629565,Esophagus/Stomach,1,0.499,0.872916825639069,0.059027135317170666
3016,PYGO1--DNAAF4,No Annotation,,-0.007525343168487585,Lung,1,0.5,0.8733333333333333,0.058819963399917
3158,RCAN1--RUNX1,Reintroduction,IPR013711,-0.007530661982154477,Lung,1,0.493,0.8713974556669236,0.05978371246479139
4163,TYW3--CRYZ,No Annotation,,-0.0075805199846196575,Esophagus/Stomach,1,0.511,0.8788203300825207,0.05609990493708774
4436,ZFP82--LDB3,No Annotation,,-0.007717666090436483,Bladder/Urinary Tract,1,0.497,0.872079984691925,0.0594436809879536
1163,ENO2--ACRBP,Reintroduction,IPR020811,-0.0077513015884756505,Lung,1,0.518,0.8806192065257694,0.055211846701618265
3754,SYNE1--UST,No Annotation,,-0.007957698389035796,Bone,1,0.51,0.8780886218550508,0.05646165033496493
2147,MDM1--PTPRR,No Change,IPR000242,-0.008033678645495498,Bladder/Urinary Tract,1,0.522,0.8817307692307693,0.05466400362875922
4563,ZNF83--KLK7,Reinforcement,IPR013087|IPR013087|IPR013087|IPR013087|IPR013087|IPR013087|IPR013087|IPR013087|IPR013087|IPR013087|IPR013087|IPR013087|IPR013087|IPR013087|IPR013087|IPR001254,-0.008102375401947363,Uterus,1,0.495,0.872079984691925,0.0594436809879536
1016,DIPK1A--EVI5,No Annotation,,-0.00813952700398056,Skin,1,0.489,0.8680081300813008,0.06147620704365704
4005,TNFAIP8--DMXL1,No Annotation,,-0.008147006243557922,Bladder/Urinary Tract,1,0.482,0.8666549019607843,0.062153802189065695
2311,MTUS1--FGL1,No Change,IPR002181,-0.00821110989507768,Bowel,1,0.497,0.872079984691925,0.0594436809879536
2269,MRTFA--ATP13A5,No Change,IPR047819|IPR004014|IPR059000|IPR044492,-0.00825748428521876,Esophagus/Stomach,1,0.499,0.872916825639069,0.059027135317170666
229,ARAP1--WASL,No Annotation,,-0.008377044410968017,Peripheral Nervous System,1,0.484,0.8675765800697944,0.061692180129187014
3097,RALGPS2--LIX1L,No Annotation,,-0.008406015013491409,Liver,1,0.479,0.8663570019723865,0.062303110248751695
4469,ZNF136--KCNA7,No Annotation,,-0.008490703600049773,Esophagus/Stomach,1,0.525,0.8817307692307693,0.05466400362875922
1172,EPB41L1--CNBD2,No Annotation,,-0.00850079507116943,Lung,1,0.497,0.872079984691925,0.0594436809879536
4553,ZNF71--GPATCH1,No Annotation,,-0.008535648460839984,Skin,1,0.507,0.8772056603773585,0.056898574597431986
3363,SCN8A--DBF4B,No Change,IPR006572,-0.008566741127183239,Skin,1,0.486,0.8675765800697944,0.061692180129187014
2040,LRP11--FSD1,Reinforcement,IPR011106|IPR003649|IPR017903|IPR003961|IPR001870,-0.008727430299043975,Soft Tissue,1,0.506,0.8764676992822062,0.05726408445550922
1176,EPB41L2--ELAC1,No Annotation,,-0.008732082625973877,Pancreas,2,0.494,0.872079984691925,0.0594436809879536
4454,ZIC5--ZIC2,No Change,IPR013087|IPR013087,-0.008877169824192267,Biliary Tract,1,0.476,0.8650257629805786,0.06297095779104157
4321,WDFY3--MAPK10,No Annotation,,-0.008993090120747949,CNS/Brain,1,0.483,0.867092795614722,0.06193442216984446
2515,NR1H2--CYP2A7,No Annotation,,-0.009130972961532507,Pancreas,1,0.497,0.872079984691925,0.0594436809879536
4152,TXNDC11--LITAF,Bridges,IPR013766|IPR006629,-0.009136479622210581,Breast,1,0.473,0.8619654213036566,0.06451015602937984
238,ARHGAP21--ODAD2,No Annotation,,-0.009167102873852126,Esophagus/Stomach,1,0.504,0.8753181818181819,0.057834050418265844
3065,RABGAP1L--KLHL20,No Annotation,,-0.009231869570064492,CNS/Brain,1,0.498,0.872916825639069,0.059027135317170666
1883,KIAA1958--HSDL2,No Annotation,,-0.009317584807639515,Lung,1,0.472,0.8615127388535031,0.06473829642503089
4058,TPRG1--RNF2,Reintroduction,IPR032443,-0.009368050118416071,Lung,1,0.507,0.8772056603773585,0.056898574597431986
3057,RAB3IP--ATXN7L3B,No Annotation,,-0.00937488156881379,CNS/Brain,1,0.503,0.8753181818181819,0.057834050418265844
994,DHX16--FLOT1,No Change,IPR011545,-0.009412759845689789,Pancreas,1,0.52,0.8817307692307693,0.05466400362875922
3760,SYNPO--PPARGC1B,No Change,IPR000504,-0.009432021906573912,CNS/Brain,1,0.512,0.8788918008236616,0.05606458703950217
3533,SMARCC1--DHX30,No Change,IPR011545|IPR001650|IPR007502|IPR011709,-0.009519019492190244,CNS/Brain,1,0.523,0.8817307692307693,0.05466400362875922
3519,SMAD3--SMAD6,Reintroduction,IPR001132,-0.009634280794649813,CNS/Brain,1,0.51,0.8780886218550508,0.05646165033496493
1245,FA2H--FA2H,No Change,IPR006694,-0.00967415420886876,Lung,3,0.573,0.903224650051212,0.044204218519827344
1672,HIVEP3--HEYL,No Change,IPR011598|IPR003650,-0.00976286306787897,Breast,1,0.486,0.8675765800697944,0.061692180129187014
973,DENND1A--RALGPS1,Reinforcement,IPR005113|IPR001194|IPR001849,-0.009775398657144916,CNS/Brain,1,0.497,0.872079984691925,0.0594436809879536
3508,SLC9A4--SLC9A2,Reinforcement,IPR006153|IPR032103|IPR032103,-0.009929484009965014,Lung,1,0.517,0.8798979213066073,0.05556770828698441
3879,TENM4--ITIH2,No Change,IPR013694|IPR002035|IPR010600,-0.009949485095073013,Bladder/Urinary Tract,1,0.497,0.872079984691925,0.0594436809879536
1496,GCAT--GGA1,Reintroduction,IPR004152|IPR008152,-0.009965535075371228,Cervix,1,0.521,0.8817307692307693,0.05466400362875922
3227,RMDN3--RAD51,No Change,IPR003593|IPR020587,-0.010030499533732896,Cervix,1,0.516,0.8795018587360596,0.055763238369156684
2234,MLPH--PRDM12,Reinforcement,IPR010911|IPR013087|IPR013087|IPR013087,-0.01004380959881548,Ovary/Fallopian Tube,1,0.516,0.8795018587360596,0.055763238369156684
2464,NFIX--REEP6,No Change,IPR019548|IPR003619,-0.010054513439187049,Skin,1,0.513,0.8791046165301565,0.05595943928546559
2978,PTPN12--PHTF2,No Annotation,,-0.010114406507181622,Esophagus/Stomach,1,0.509,0.8776852200075217,0.05666121498876837
650,CENPV--CENPV,No Change,IPR006913,-0.010248828024340042,Lymphoid,1,0.515,0.8791046165301565,0.05595943928546559
2785,PLEKHG2--MED29,No Annotation,,-0.010358809272079383,Lung,1,0.533,0.8851159000362189,0.05299985760665096
2235,MMD--MMD,No Annotation,,-0.010369449222811696,Lung,1,0.488,0.8675765800697944,0.061692180129187014
1821,JADE3--RGN,No Annotation,,-0.010430760587192552,Lymphoid,1,0.526,0.8818594890510949,0.05460060760180145
4327,WDR37--SFMBT2,No Change,IPR021987|IPR001660,-0.010437870173295692,Bone,1,0.474,0.8634445768772347,0.06376553386823779
2302,MTHFD1--SYNE2,Bridges,IPR020630|IPR020631|IPR056887|IPR012315,-0.010498333565357329,Head and Neck,1,0.521,0.8817307692307693,0.05466400362875922
2704,PELI1--VPS54,No Change,IPR019515|IPR012501,-0.010526244659068304,Myeloid,1,0.518,0.8806192065257694,0.055211846701618265
34,ACOT11--ABLIM1,No Change,IPR006683,-0.01056596201988827,Bowel,1,0.521,0.8817307692307693,0.05466400362875922
768,CNOT8--ANXA6,No Annotation,,-0.010609592765633375,Bone,1,0.501,0.8740810502283105,0.05844829501445755
834,CPT1A--PCTP,Reintroduction,IPR032476,-0.010648194584123284,Head and Neck,1,0.489,0.8680081300813008,0.06147620704365704
3735,SVEP1--MYLK,Reinforcement,IPR002035|IPR011641|IPR000436|IPR000436|IPR000436|IPR003410|IPR003410|IPR000436|IPR011641|IPR011641|IPR011641|IPR000742|IPR000742|IPR000742|IPR000742|IPR000742|IPR000742|IPR001759|IPR000436|IPR000436|IPR000742|IPR000436|IPR000436|IPR000436|IPR003598|IPR003598|IPR003598|IPR003598|IPR003598|IPR003598|IPR003598|IPR003598|IPR003961|IPR000719|IPR003598,-0.01065097928376011,Pancreas,1,0.515,0.8791046165301565,0.05595943928546559
1087,E2F3--CDKAL1,Bridges,IPR003316|IPR032198|IPR006638|IPR002792,-0.010715581483836074,Esophagus/Stomach,1,0.508,0.8776852200075217,0.05666121498876837
4038,TP53--SAT2,No Change,IPR000182,-0.010730567822066245,Bone,1,0.524,0.8817307692307693,0.05466400362875922
1189,EPS15L1--CALR3,No Change,IPR000261|IPR000261|IPR000261,-0.01076908653655706,Peripheral Nervous System,1,0.515,0.8791046165301565,0.05595943928546559
2471,NHSL1--MAP7,No Annotation,,-0.010835700442725391,Esophagus/Stomach,1,0.535,0.8868311641359364,0.05215905374602341
3274,RPN2--TTI1,No Annotation,,-0.010929691579879552,Lung,1,0.511,0.8788203300825207,0.05609990493708774
1718,HTT--RGS12,No Annotation,,-0.010983417603185943,Breast,1,0.521,0.8817307692307693,0.05466400362875922
4211,UIMC1--DBN1,No Annotation,,-0.010984810279307762,Soft Tissue,1,0.525,0.8817307692307693,0.05466400362875922
2928,PRRC2B--NUP214,Bridges,IPR009738|IPR041553,-0.011008084021268169,Lung,1,0.512,0.8788918008236616,0.05606458703950217
3389,SERINC5--MICAL2,No Change,IPR002938|IPR057494|IPR001715|IPR001781|IPR016103|IPR022735,-0.011156752237988444,Bowel,1,0.509,0.8776852200075217,0.05666121498876837
2345,MYO6--SENP6,No Change,IPR003653,-0.011175187324245897,Breast,2,0.508,0.8776852200075217,0.05666121498876837
2173,MEGF8--MEGF8,Reinforcement,IPR000859|IPR000742|IPR000742|IPR056737|IPR016201|IPR016201|IPR016201|IPR016201|IPR016201|IPR000742|IPR000742|IPR000742|IPR000742|IPR000859|IPR000742|IPR000742|IPR056737|IPR016201|IPR016201|IPR016201|IPR016201|IPR000742|IPR000742|IPR000742|IPR000742|IPR000742|IPR016201|IPR000742|IPR000742|IPR000742|IPR000742|IPR000742,-0.01125556968781509,Breast,1,0.484,0.8675765800697944,0.061692180129187014
673,CHAC1--PSMB6,No Change,IPR013024,-0.011378892837211954,Breast,1,0.497,0.872079984691925,0.0594436809879536
1619,GULP1--ANKAR,No Annotation,,-0.011405816752871306,Lung,1,0.502,0.8753181818181819,0.057834050418265844
483,C2CD2--BARX2,Reinforcement,IPR040885|IPR000008|IPR001356,-0.0116949116411205,Uterus,1,0.485,0.8675765800697944,0.061692180129187014
4499,ZNF432--ZNF577,No Annotation,,-0.01170099027216932,Soft Tissue,1,0.511,0.8788203300825207,0.05609990493708774
3068,RABGAP1L--KLHL20,Reintroduction,IPR006020|IPR022164,-0.011733516350942849,Liver,1,0.532,0.8850580551523948,0.05302824093450013
2346,MYO9A--PARP6,No Change,IPR012317,-0.01174295440402029,Ovary/Fallopian Tube,1,0.523,0.8817307692307693,0.05466400362875922
3025,QPCTL--MRPL4,No Annotation,,-0.011788353569563058,Breast,1,0.5,0.8733333333333333,0.058819963399917
3563,SNX29--CIITA,Reinforcement,IPR004012|IPR007111,-0.011867717751509965,Lung,1,0.504,0.8753181818181819,0.057834050418265844
3123,RASA2--HSP90AB1,Reinforcement,IPR000008|IPR003594,-0.011924816556180162,Ovary/Fallopian Tube,1,0.527,0.8818594890510949,0.05460060760180145
1445,FRYL--CORIN,Reintroduction,IPR020067|IPR001190|IPR001254,-0.011931721791227895,Head and Neck,1,0.516,0.8795018587360596,0.055763238369156684
1388,FLVCR2--BATF,No Annotation,,-0.011970398753156062,Breast,1,0.53,0.8833333333333334,0.053875380782854546
3193,RGL3--PODNL1,No Change,IPR000651,-0.011978750307186661,Biliary Tract,1,0.49,0.868438345574024,0.061261008681989845
4217,UPK1B--IGSF11,No Change,IPR003598|IPR003598,-0.012031370198081332,Lymphoid,2,0.551,0.8895545774647887,0.05082740118921274
3036,R3HDM2--DCTN2,No Annotation,,-0.012173987960668552,Lung,1,0.495,0.872079984691925,0.0594436809879536
3707,STX17--INVS,No Annotation,,-0.012208947633374524,CNS/Brain,1,0.508,0.8776852200075217,0.05666121498876837
1614,GTF3C2--GCKR,No Annotation,,-0.0122194245929736,Breast,1,0.514,0.8791046165301565,0.05595943928546559
831,CPSF6--NUP107,No Change,IPR000504|IPR057951,-0.012235309641690895,Peripheral Nervous System,1,0.524,0.8817307692307693,0.05466400362875922
4359,WWOX--VAT1L,No Change,IPR001202|IPR001202,-0.012311702076453192,Kidney,1,0.504,0.8753181818181819,0.057834050418265844
2621,PACSIN2--MTDH,No Annotation,,-0.012313310926478721,CNS/Brain,1,0.532,0.8850580551523948,0.05302824093450013
4129,TTC21A--GBE1,Bridges,IPR056833|IPR004193|IPR006047|IPR006048,-0.012325492311431607,Biliary Tract,1,0.512,0.8788918008236616,0.05606458703950217
490,C4orf51--ERP29,Reintroduction,IPR011679,-0.012352235927521032,Lung,1,0.514,0.8791046165301565,0.05595943928546559
1268,FAM171A2--MYL4,No Change,IPR002048,-0.012457269749887527,Lung,1,0.509,0.8776852200075217,0.05666121498876837
1175,EPB41L2--AKAP7,No Change,IPR019510|IPR019511,-0.012479377931477562,Lymphoid,1,0.509,0.8776852200075217,0.05666121498876837
2498,NLRP1--STAT5A,No Change,IPR013799|IPR013800|IPR013801|IPR048988|IPR000980,-0.012487462966402293,Lung,1,0.499,0.872916825639069,0.059027135317170666
2499,NLRP1--STAT5A,Reintroduction,IPR013800|IPR013801|IPR048988|IPR000980,-0.012487462966402293,Lung,1,0.525,0.8817307692307693,0.05466400362875922
3846,TCF12--NKAIN2,No Annotation,,-0.012565212084306734,Breast,1,0.507,0.8772056603773585,0.056898574597431986
3635,SRPK1--STK38,Reintroduction,IPR000961,-0.012623958448131037,Liver,1,0.514,0.8791046165301565,0.05595943928546559
342,ATXN1--CDKAL1,Reintroduction,IPR006638|IPR002792,-0.012650046748336044,Ovary/Fallopian Tube,1,0.52,0.8817307692307693,0.05466400362875922
633,CDK5RAP2--MEGF9,No Change,IPR000742|IPR000742|IPR000742,-0.012717598705637004,Breast,1,0.488,0.8675765800697944,0.061692180129187014
4415,ZC3H7B--L3MBTL2,No Change,IPR000571|IPR000571,-0.01291657465323065,Ovary/Fallopian Tube,1,0.505,0.8763909916729751,0.057302095153807096
3965,TMEM19--SRGAP1,No Change,IPR001060|IPR037451|IPR000198|IPR001452,-0.012946854827605216,CNS/Brain,1,0.515,0.8791046165301565,0.05595943928546559
2844,PPFIBP1--SMCO2,No Annotation,,-0.013061089457851269,Ovary/Fallopian Tube,2,0.554,0.8915724815724816,0.049843344505007214
2491,NIPSNAP1--TCF20,No Change,IPR041972|IPR001965,-0.013124234687550192,Pleura,1,0.522,0.8817307692307693,0.05466400362875922
2432,NELL2--CDK14,No Change,IPR000719,-0.013155203185631348,Liver,1,0.496,0.872079984691925,0.0594436809879536
504,CACNA1A--CACNA1A,No Change,IPR005821|IPR005821|IPR005821|IPR005821|IPR031649|IPR014873,-0.013162774399304814,CNS/Brain,1,0.551,0.8895545774647887,0.05082740118921274
593,CCSER2--CYP2C19,No Annotation,,-0.013492041994512066,Prostate,1,0.534,0.8858140376266281,0.052657441667564454
1334,FEZ2--HEATR5B,No Annotation,,-0.013549574553153823,Soft Tissue,1,0.523,0.8817307692307693,0.05466400362875922
3481,SLC39A14--PPP3CC,No Change,IPR004843,-0.01356369763311219,Bone,1,0.523,0.8817307692307693,0.05466400362875922
1321,FBXO42--PI4K2B,Reinforcement,IPR001810|IPR000403,-0.013576986949473627,Ovary/Fallopian Tube,1,0.544,0.8895061728395063,0.05085103372864159
419,BCR--ABL1,Reinforcement,IPR015123|IPR000980|IPR000719|IPR015015,-0.013621292514064826,Myeloid,1,0.504,0.8753181818181819,0.057834050418265844
20,ABL1--BCR,No Change,IPR000219|IPR001849|IPR000008|IPR000198,-0.013621292514064826,Myeloid,1,0.495,0.872079984691925,0.0594436809879536
4513,ZNF551--ZNF211,No Change,IPR013087|IPR013087|IPR013087|IPR013087|IPR013087|IPR013087|IPR013087|IPR013087|IPR013087|IPR013087|IPR013087|IPR013087,-0.013652867974602828,Biliary Tract,1,0.526,0.8818594890510949,0.05460060760180145
1636,HAT1--TRMT11,Reintroduction,IPR019467,-0.013707582359276108,Myeloid,1,0.538,0.8882715160244868,0.05145426407782853
1290,FAR2--TMTC1,No Annotation,,-0.013778768144251101,Ovary/Fallopian Tube,1,0.551,0.8895545774647887,0.05082740118921274
1935,KRT19--SLC47A1,No Annotation,,-0.01386314341649298,Esophagus/Stomach,1,0.541,0.8887441777140811,0.05122323137602165
91,AFAP1L2--ABLIM1,No Change,IPR003128,-0.013916225910835049,Breast,1,0.548,0.8895061728395063,0.05085103372864159
691,CHMP2B--CUBN,Reintroduction,IPR000859|IPR000859|IPR000859|IPR000859|IPR000859|IPR000859|IPR000859|IPR000859|IPR000859|IPR000859|IPR000859|IPR000859|IPR000859|IPR000859|IPR000859|IPR000859|IPR000859|IPR000859|IPR000859|IPR000859|IPR000859|IPR000859,-0.01394411660533744,Head and Neck,1,0.521,0.8817307692307693,0.05466400362875922
3607,SPECC1L--DIP2B,Reintroduction,IPR025110,-0.013967623326745865,Lung,1,0.517,0.8798979213066073,0.05556770828698441
2584,OMA1--DSCAM,Bridges,IPR001915|IPR003598|IPR003961|IPR003961|IPR003961|IPR003961|IPR003598|IPR003961|IPR003961,-0.014090491051152412,Esophagus/Stomach,1,0.513,0.8791046165301565,0.05595943928546559
3358,SCLT1--LRBA,Reintroduction,IPR046851,-0.014366160777653847,Bone,1,0.496,0.872079984691925,0.0594436809879536
1090,EBF1--ADGRV1,No Annotation,,-0.014560687346469339,Prostate,1,0.514,0.8791046165301565,0.05595943928546559
3793,TANC2--MSI2,No Annotation,,-0.014596276756178621,CNS/Brain,1,0.527,0.8818594890510949,0.05460060760180145
837,CRACR2A--TIGAR,No Annotation,,-0.014619595497593755,Lung,1,0.529,0.8833333333333334,0.053875380782854546
611,CDC42SE2--CHSY3,No Annotation,,-0.014623406760305126,Head and Neck,1,0.525,0.8817307692307693,0.05466400362875922
1323,FBXW11--STK10,No Annotation,,-0.014679321917050736,Bone,1,0.525,0.8817307692307693,0.05466400362875922
2193,MFSD4B--FIG4,No Annotation,,-0.014919031856479924,Lymphoid,1,0.527,0.8818594890510949,0.05460060760180145
1269,FAM184A--MAN1A1,No Annotation,,-0.014982134928108536,Peripheral Nervous System,1,0.545,0.8895061728395063,0.05085103372864159
1820,JADE1--CXCL1,No Annotation,,-0.015197572010636238,Esophagus/Stomach,1,0.515,0.8791046165301565,0.05595943928546559
961,DDX17--DDX17,Reinforcement,IPR014014|IPR014014|IPR011545|IPR001650,-0.015199361635550912,Lymphoid,1,0.517,0.8798979213066073,0.05556770828698441
580,CCNE2--WWP1,No Annotation,,-0.015232399553579627,Breast,1,0.515,0.8791046165301565,0.05595943928546559
1381,FLNB--SLMAP,No Change,IPR001715|IPR001715,-0.015243268456848869,Lung,1,0.553,0.8909012649332397,0.050170424437527325
1630,HAGH--MEIOB,Bridges,IPR001279|IPR056880,-0.01534935054831786,Esophagus/Stomach,1,0.545,0.8895061728395063,0.05085103372864159
836,CRACR2A--MTHFD1L,No Annotation,,-0.01553823919931209,Lymphoid,1,0.499,0.872916825639069,0.059027135317170666
2442,NEUROD2--TCAP,No Change,IPR011598,-0.015541805029169714,Esophagus/Stomach,1,0.53,0.8833333333333334,0.053875380782854546
2682,PDE4A--QTRT1,No Annotation,,-0.015559905343607378,CNS/Brain,1,0.557,0.8948300630693764,0.04825943359885931
2039,LRP1--NEMP1,No Annotation,,-0.01565461638533054,Bone,1,0.529,0.8833333333333334,0.053875380782854546
225,APOLD1--CREBL2,No Change,IPR004827,-0.015750929546816776,Esophagus/Stomach,1,0.562,0.8972040389972146,0.047108779995161706
3414,SIAH1--ABCC11,No Annotation,,-0.015812049348050555,Breast,1,0.545,0.8895061728395063,0.05085103372864159
3750,SYNE1--MYCT1,No Annotation,,-0.015819338495632843,Uterus,1,0.541,0.8887441777140811,0.05122323137602165
1233,EXOSC1--CRTAC1,Reinforcement,IPR025721|IPR003029|IPR001881,-0.015898476012522665,Breast,2,0.55,0.8895061728395063,0.05085103372864159
2239,MNAT1--L2HGDH,Reintroduction,IPR001841|IPR015877,-0.01600518971400944,Head and Neck,1,0.541,0.8887441777140811,0.05122323137602165
118,AKAP13--PDE8A,No Change,IPR057304|IPR000014|IPR002073,-0.016095724241945244,Breast,1,0.512,0.8788918008236616,0.05606458703950217
3321,RUSC2--ELP1,Reintroduction,IPR056169,-0.016100834582277304,CNS/Brain,1,0.529,0.8833333333333334,0.053875380782854546
1701,HOATZ--BTG4,No Change,IPR002087,-0.016119064933291214,Esophagus/Stomach,1,0.536,0.8868856008661133,0.05213239608342181
202,AOX1--KCTD18,Reinforcement,IPR001041|IPR002888|IPR003131|IPR045704,-0.01621657072111319,Lung,1,0.53,0.8833333333333334,0.053875380782854546
3767,TAB3--ZNF75D,No Annotation,,-0.016314457313201466,Esophagus/Stomach,1,0.531,0.8843570650199782,0.05337235030582128
3770,TADA2B--TBC1D14,Reinforcement,IPR000433|IPR000195,-0.016325609719169697,Pleura,1,0.521,0.8817307692307693,0.05466400362875922
1243,F3--MANSC4,Reinforcement,IPR003961|IPR015373|IPR011106,-0.016340562923878775,Head and Neck,1,0.537,0.8878993869455464,0.05163624387226613
149,ANKHD1--CYSTM1,No Change,IPR028144,-0.016405196205876563,Biliary Tract,1,0.55,0.8895061728395063,0.05085103372864159
1885,KIAA1958--HSDL2,No Change,IPR003033,-0.01646868175305445,Ovary/Fallopian Tube,1,0.525,0.8817307692307693,0.05466400362875922
2327,MYH9--FOXRED2,No Annotation,,-0.01649900024490239,CNS/Brain,1,0.533,0.8851159000362189,0.05299985760665096
1833,JMJD1C--VTI1A,Reintroduction,IPR054294|IPR054504|IPR054503,-0.016552993275348385,Bone,1,0.506,0.8764676992822062,0.05726408445550922
2779,PLCL2--ITPR1,Reintroduction,IPR013662|IPR005821,-0.016738932792826733,Lung,1,0.53,0.8833333333333334,0.053875380782854546
131,ALKBH5--LLGL1,No Annotation,,-0.016814771787070745,Ovary/Fallopian Tube,1,0.543,0.8895061728395063,0.05085103372864159
3647,SSBP4--NUP58,No Annotation,,-0.016875130181049455,Myeloid,1,0.522,0.8817307692307693,0.05466400362875922
2819,POM121C--FNDC3A,No Change,IPR003961|IPR003961|IPR003961|IPR003961|IPR003961|IPR003961|IPR003961|IPR003961|IPR003961,-0.016944326351114133,Breast,1,0.538,0.8882715160244868,0.05145426407782853
1135,ELAVL2--EBPL,No Annotation,,-0.01716359206547799,CNS/Brain,1,0.539,0.8886425746134484,0.05127288367138091
3712,STXBP4--COX11,No Annotation,,-0.01718917079402346,Breast,1,0.539,0.8886425746134484,0.05127288367138091
4120,TSPAN14--TMEM254,No Annotation,,-0.017247306102940937,Lung,1,0.504,0.8753181818181819,0.057834050418265844
3302,RSRC1--EML4,No Change,IPR055439|IPR055442,-0.017298238386569402,Lung,1,0.532,0.8850580551523948,0.05302824093450013
13,ABCC2--MORN3,Reintroduction,IPR056227|IPR011527|IPR003439,-0.017351208006440924,Skin,1,0.536,0.8868856008661133,0.05213239608342181
776,CNTN5--ALS2,Reinforcement,IPR003598|IPR003598|IPR003598|IPR003598|IPR003598|IPR003598|IPR003961|IPR059093|IPR003123,-0.0174628897565441,Esophagus/Stomach,1,0.531,0.8843570650199782,0.05337235030582128
1231,EXOC4--MMP27,Bridges,IPR007191|IPR048630|IPR002477|IPR001818|IPR000585,-0.017469336537355162,Lung,1,0.549,0.8895061728395063,0.05085103372864159
2887,PRCP--DLG2,Reintroduction,IPR001478|IPR019583|IPR001478|IPR001452|IPR008144,-0.017471000230941156,Breast,1,0.545,0.8895061728395063,0.05085103372864159
1792,IQGAP1--ZNF710,Reinforcement,IPR001715|IPR001202|IPR001936|IPR000593|IPR013087|IPR013087|IPR013087|IPR013087|IPR013087|IPR013087|IPR013087|IPR013087|IPR013087|IPR013087|IPR013087,-0.017566945945274866,Esophagus/Stomach,1,0.506,0.8764676992822062,0.05726408445550922
2545,NSUN2--NSUN2,No Change,IPR001678|IPR057285|IPR057286,-0.017647327857023817,Breast,1,0.517,0.8798979213066073,0.05556770828698441
3212,RHPN2--SLC7A9,No Change,IPR011072,-0.017662860060371946,Kidney,1,0.521,0.8817307692307693,0.05466400362875922
3784,TANC1--PKP4,No Annotation,,-0.017777559137830773,Lung,1,0.504,0.8753181818181819,0.057834050418265844
1216,ETHE1--CADM4,No Change,IPR003599|IPR003598|IPR003598|IPR003585,-0.01777989363762828,Ovary/Fallopian Tube,1,0.54,0.8887441777140811,0.05122323137602165
3667,ST8SIA4--TMEM232,No Annotation,,-0.01782329470883963,Peripheral Nervous System,1,0.534,0.8858140376266281,0.052657441667564454
1073,DUSP14--TADA2A,No Change,IPR000433|IPR001005|IPR055141|IPR007526,-0.01791585360228834,Biliary Tract,1,0.559,0.8958458580915765,0.04776670991279941
2096,MAP3K7CL--MAP3K7CL,No Annotation,,-0.01793128642816798,Liver,1,0.515,0.8791046165301565,0.05595943928546559
3312,RTP3--LTF,Bridges,IPR027377|IPR001156|IPR001156,-0.0181513414589477,Soft Tissue,1,0.538,0.8882715160244868,0.05145426407782853
807,CPEB2--CC2D2A,Reinforcement,IPR000504|IPR000504|IPR032296|IPR000008|IPR056290|IPR056288,-0.018172718955162884,Lung,1,0.565,0.8994878472222221,0.046004699933752495
3520,SMAP1--AKIRIN2,No Annotation,,-0.018176700227103063,Bone,1,0.547,0.8895061728395063,0.05085103372864159
23,ABL2--PREX1,No Change,IPR001478|IPR001478,-0.01819938220602505,Head and Neck,1,0.525,0.8817307692307693,0.05466400362875922
3277,RPRD2--GOLPH3L,No Annotation,,-0.018308063182436787,Bowel,1,0.5,0.8733333333333333,0.058819963399917
3445,SLC17A5--CGAS,No Change,IPR046906,-0.018375839685064843,Ovary/Fallopian Tube,1,0.549,0.8895061728395063,0.05085103372864159
4131,TTC28--AFDN,No Annotation,,-0.01839657273628883,Ovary/Fallopian Tube,1,0.534,0.8858140376266281,0.052657441667564454
3075,RAD23A--PCDH7,No Change,IPR000626|IPR015940,-0.018526765907394202,Ovary/Fallopian Tube,1,0.55,0.8895061728395063,0.05085103372864159
3809,TATDN2--IRAK2,No Annotation,,-0.018594080563726398,Uterus,1,0.525,0.8817307692307693,0.05466400362875922
1954,LARP4B--TSPAN33,No Annotation,,-0.018763465591747124,Lung,1,0.528,0.8828884026258206,0.05409418791364169
244,ARHGAP29--COL24A1,Reinforcement,IPR057028|IPR031160|IPR048287|IPR000885,-0.01883715305835547,Lung,1,0.564,0.8994573913043478,0.046019405036267134
2158,MED13L--CLRN1,No Annotation,,-0.01891976689898267,Skin,1,0.522,0.8817307692307693,0.05466400362875922
1044,DNER--ELL2,Bridges,IPR000742|IPR000742|IPR010844,-0.018924990341035036,Bone,1,0.536,0.8868856008661133,0.05213239608342181
3427,SIPA1L3--SPINT2,No Change,IPR002223|IPR002223,-0.01902581059245454,Ovary/Fallopian Tube,1,0.549,0.8895061728395063,0.05085103372864159
4014,TNRC18--ZSCAN25,Reinforcement,IPR056841|IPR048924|IPR001025|IPR003309|IPR001909|IPR013087|IPR013087|IPR013087|IPR013087|IPR013087|IPR013087|IPR013087,-0.019130614039856456,Lung,1,0.54,0.8887441777140811,0.05122323137602165
334,ATP6V0D1--AGRP,No Change,IPR027300,-0.01916820747436349,Myeloid,1,0.516,0.8795018587360596,0.055763238369156684
1549,GOLPH3--DNAI2,No Annotation,,-0.019226490098480688,Ovary/Fallopian Tube,1,0.527,0.8818594890510949,0.05460060760180145
1114,EGLN3--MED18,No Annotation,,-0.019269746323932524,Kidney,1,0.556,0.8938499298737729,0.048735389591730544
3644,SSBP2--PSAT1,No Annotation,,-0.019287905745645165,Esophagus/Stomach,1,0.549,0.8895061728395063,0.05085103372864159
405,BCAS4--THAP8,No Annotation,,-0.01937063685283283,Uterus,1,0.55,0.8895061728395063,0.05085103372864159
1588,GRK2--KDM2A,Reinforcement,IPR016137|IPR000719|IPR000961|IPR002857|IPR001965|IPR001810,-0.019434963115778553,CNS/Brain,1,0.519,0.8817307692307693,0.05466400362875922
2805,PMS2--ELMO1,No Change,IPR024574|IPR006816|IPR001849,-0.01945662850985735,Lung,1,0.539,0.8886425746134484,0.05127288367138091
281,ARMH3--NDUFB8,No Annotation,,-0.019488452158097705,Bladder/Urinary Tract,1,0.551,0.8895545774647887,0.05082740118921274
2248,MPZL1--POU2F1,No Annotation,,-0.019499947013608576,Esophagus/Stomach,1,0.55,0.8895061728395063,0.05085103372864159
2729,PHLDB1--ARCN1,Bridges,IPR000253|IPR028565,-0.01970953732563168,Uterus,1,0.533,0.8851159000362189,0.05299985760665096
1238,EXT1--EIF3E,No Change,IPR019010|IPR000717,-0.019720938446074754,Bowel,1,0.527,0.8818594890510949,0.05460060760180145
2702,PEAK1--LINGO1,No Change,IPR000372|IPR003598,-0.01973374522008061,Esophagus/Stomach,1,0.533,0.8851159000362189,0.05299985760665096
1336,FGD6--NR2C1,No Annotation,,-0.01978491060304026,Esophagus/Stomach,1,0.561,0.8968566945606695,0.04727694573356118
1868,KDM4B--NKAIN1,No Annotation,,-0.01984669893243314,Ovary/Fallopian Tube,1,0.559,0.8958458580915765,0.04776670991279941
2497,NKD2--OXCT1,No Annotation,,-0.019887789572031453,Soft Tissue,1,0.549,0.8895061728395063,0.05085103372864159
3263,ROBO2--CNTN3,No Change,IPR003598|IPR003598|IPR003598|IPR003598|IPR003598|IPR003598|IPR003961|IPR003961|IPR003961|IPR003961,-0.019933012197236526,Skin,1,0.546,0.8895061728395063,0.05085103372864159
388,BBX--DCBLD2,No Change,IPR000421,-0.019943446311231905,Lung,1,0.543,0.8895061728395063,0.05085103372864159
389,BBX--DCBLD2,Reintroduction,IPR004043|IPR000421,-0.019943446311231905,Lung,1,0.541,0.8887441777140811,0.05122323137602165
4235,USP4--AMT,Reinforcement,IPR006615|IPR013977,-0.019992848714240265,CNS/Brain,1,0.543,0.8895061728395063,0.05085103372864159
1667,HIPK3--APIP,No Annotation,,-0.020014993379258782,Soft Tissue,1,0.547,0.8895061728395063,0.05085103372864159
3689,STK3--MEP1A,Reintroduction,IPR000998|IPR002083|IPR000742,-0.020352821384955658,Soft Tissue,1,0.53,0.8833333333333334,0.053875380782854546
1181,EPGN--EREG,No Change,IPR000742|IPR000742,-0.020397396196304814,Head and Neck,1,0.559,0.8958458580915765,0.04776670991279941
4525,ZNF584--LYRM7,No Annotation,,-0.020505315391032942,CNS/Brain,1,0.536,0.8868856008661133,0.05213239608342181
3226,RLF--ZMPSTE24,No Change,IPR001915,-0.020507589662664513,Ovary/Fallopian Tube,1,0.547,0.8895061728395063,0.05085103372864159
2083,MAN2B1--TNPO2,Bridges,IPR000602|IPR058584,-0.020511890158587367,Head and Neck,1,0.53,0.8833333333333334,0.053875380782854546
4139,TTLL5--IFT43,No Annotation,,-0.020554356259677317,Biliary Tract,1,0.575,0.903224650051212,0.044204218519827344
1544,GNS--ANKRD26,Bridges,IPR000917|IPR039497|IPR021885,-0.02061168311389356,Soft Tissue,1,0.549,0.8895061728395063,0.05085103372864159
2634,PAK4--SLC24A4,No Change,IPR004837|IPR004837,-0.02070740463886682,Lung,1,0.562,0.8972040389972146,0.047108779995161706
3292,RPS6KC1--KCNH1,Reinforcement,IPR001683|IPR005821|IPR000595,-0.020737315817677134,Lymphoid,1,0.533,0.8851159000362189,0.05299985760665096
3939,TMED2--ZNF664,Reinforcement,IPR009038|IPR013087|IPR013087|IPR013087|IPR013087|IPR013087|IPR013087|IPR013087|IPR013087|IPR013087,-0.021108935415763252,Skin,1,0.539,0.8886425746134484,0.05127288367138091
128,ALG14--CNN3,No Change,IPR001715,-0.02113987290784817,Ovary/Fallopian Tube,1,0.553,0.8909012649332397,0.050170424437527325
2129,MBNL2--ENOX1,No Change,IPR000504|IPR056611,-0.021143939273334154,Bone,1,0.538,0.8882715160244868,0.05145426407782853
4551,ZNF709--POLN,No Change,IPR001098,-0.021185395840210827,Biliary Tract,1,0.56,0.896195462478185,0.04759725929116844
1921,KMT2C--CD200R1L,Reinforcement,IPR001965|IPR007110,-0.0212403081573921,Skin,2,0.572,0.9031060606060606,0.04426124322899202
211,AP1M2--USP54,No Change,IPR022775,-0.021325184858928196,Liver,1,0.527,0.8818594890510949,0.05460060760180145
478,C20orf96--TBC1D20,No Annotation,,-0.02133628188443642,Lung,1,0.55,0.8895061728395063,0.05085103372864159
2638,PALLD--VMP1,No Change,IPR003598|IPR003598,-0.021345540510689237,Kidney,1,0.563,0.8981750173973555,0.046639028940820774
3423,SINHCAF--NAV3,No Change,IPR057126|IPR003593|IPR057568,-0.021394314562461783,Peripheral Nervous System,1,0.543,0.8895061728395063,0.05085103372864159
800,CORO1C--LTA4H,No Change,IPR045357|IPR014782|IPR015211,-0.021404544055265966,Esophagus/Stomach,1,0.54,0.8887441777140811,0.05122323137602165
2082,MAN2A1--CDK14,No Change,IPR000602|IPR015341|IPR048534|IPR011682,-0.021419024225130954,Liver,1,0.541,0.8887441777140811,0.05122323137602165
4243,USP49--NT5C1B,No Annotation,,-0.021477774117113414,Esophagus/Stomach,1,0.52,0.8817307692307693,0.05466400362875922
3290,RPS6KB1--VMP1,No Annotation,,-0.021610068516660974,Cervix,1,0.576,0.903224650051212,0.044204218519827344
1585,GRHPR--ASIP,Bridges,IPR006139|IPR027300,-0.02168826980767178,Ovary/Fallopian Tube,1,0.568,0.9011349480968858,0.04521016703948911
1104,EFCAB3--USP5,No Change,IPR001607|IPR001394,-0.0217592621799213,Esophagus/Stomach,1,0.518,0.8806192065257694,0.055211846701618265
2486,NIPAL3--NOL9,Reintroduction,IPR032319|IPR057570,-0.021885651318823314,Lymphoid,1,0.56,0.896195462478185,0.04759725929116844
22,ABL1--FUBP3,No Change,IPR004087|IPR004087|IPR004087|IPR004087,-0.021896399802192698,Breast,1,0.568,0.9011349480968858,0.04521016703948911
21,ABL1--FUBP3,No Change,IPR004087|IPR004087|IPR004087,-0.021896399802192698,Breast,1,0.526,0.8818594890510949,0.05460060760180145
1017,DIS3L--ZWILCH,Reintroduction,IPR033771|IPR041505,-0.021962495867337492,Myeloid,1,0.56,0.896195462478185,0.04759725929116844
928,DAG1--PTPRG,No Change,IPR003961|IPR000242|IPR000242,-0.021977927824976894,Lymphoid,1,0.55,0.8895061728395063,0.05085103372864159
4203,UBR1--ZSCAN29,Reinforcement,IPR003126|IPR013087|IPR013087|IPR013087|IPR013087|IPR013087|IPR013087,-0.022063410495380686,Head and Neck,1,0.572,0.9031060606060606,0.04426124322899202
788,COL6A2--ARNT2,No Change,IPR000014,-0.02206894491095198,Soft Tissue,1,0.545,0.8895061728395063,0.05085103372864159
3683,STK11--CDC34,No Annotation,,-0.022151284603284596,CNS/Brain,1,0.552,0.890228631727049,0.050498441955203276
751,CNGA1--TXK,No Change,IPR000980|IPR000719,-0.02248473834105354,Biliary Tract,1,0.546,0.8895061728395063,0.05085103372864159
2582,ODF2--CERCAM,No Annotation,,-0.02248893875997931,Skin,1,0.565,0.8994878472222221,0.046004699933752495
3669,STAG1--ARMC8,No Annotation,,-0.022606745099608083,Soft Tissue,1,0.579,0.903578965282505,0.04403388772076163
4357,WWOX--VAT1L,No Change,IPR001202|IPR001202,-0.022730783546705664,Lymphoid,1,0.537,0.8878993869455464,0.05163624387226613
1139,ELK1--PRKAA1,No Annotation,,-0.0228314061411514,Ovary/Fallopian Tube,2,0.62,0.9175910409281341,0.0373508354015456
480,C22orf39--MTMR3,No Annotation,,-0.02292044171108704,Lymphoid,1,0.554,0.8915724815724816,0.049843344505007214
585,CCNT1--PRKAG1,No Change,IPR000644|IPR000644|IPR000644|IPR000644,-0.022944666333704622,CNS/Brain,1,0.543,0.8895061728395063,0.05085103372864159
2598,OSBPL8--NAP1L1,No Annotation,,-0.022954748870704138,Breast,1,0.569,0.9017853439336329,0.044896827246871863
2126,MBD5--THUMPD2,No Annotation,,-0.023013093030868785,Ovary/Fallopian Tube,1,0.576,0.903224650051212,0.044204218519827344
871,CSTF3--EIF3M,No Change,IPR000717,-0.0230290136072151,Pancreas,1,0.566,0.9001422129725979,0.045688871193896516
2018,LOXL1--PML,No Change,IPR001841|IPR000315|IPR000315|IPR021978|IPR057617,-0.023034684218023706,Lung,1,0.544,0.8895061728395063,0.05085103372864159
2799,PLXNB2--TUBGCP6,Bridges,IPR001627|IPR016201|IPR041019|IPR016201|IPR016201|IPR002909|IPR002909|IPR002909|IPR013548|IPR040457,-0.02308215037380664,Liver,1,0.52,0.8817307692307693,0.05466400362875922
1378,FLNA--ATP6AP1,Bridges,IPR001715|IPR001715|IPR046755|IPR046756,-0.023083145772907647,Uterus,1,0.554,0.8915724815724816,0.049843344505007214
984,DENND6B--FUT8,No Change,IPR027350|IPR001452,-0.02334534752186788,Lymphoid,1,0.578,0.9035560859188543,0.044044884553983255
2583,OLA1--LRRFIP1,No Change,IPR006073,-0.02342569808832269,Peripheral Nervous System,1,0.57,0.9027461139896372,0.044434372384923745
3152,RBM6--TRAIP,No Annotation,,-0.023445931047909013,Lung,1,0.552,0.890228631727049,0.050498441955203276
2066,LTBP2--BATF,Reinforcement,IPR000742|IPR000742|IPR004827,-0.023450656698757906,Thyroid,1,0.555,0.8928684210526316,0.04921253687979404
4267,VAV2--TRUB2,No Annotation,,-0.023491828897296896,Breast,1,0.54,0.8887441777140811,0.05122323137602165
2449,NF2--NF2,Reintroduction,IPR046810|IPR011259,-0.023514425629366287,Ovary/Fallopian Tube,1,0.58,0.9036017669045192,0.04402292853063376
2243,MOB3A--ZDHHC14,No Annotation,,-0.023583700729741506,Esophagus/Stomach,1,0.55,0.8895061728395063,0.05085103372864159
958,DDIT3--RASSF3,No Change,IPR000159|IPR011524,-0.02358516030520344,Skin,1,0.556,0.8938499298737729,0.048735389591730544
726,CLPTM1L--PLEKHG4B,No Change,IPR000219|IPR001849,-0.023630641820013846,Liver,1,0.544,0.8895061728395063,0.05085103372864159
2924,PRPF6--HUNK,No Annotation,,-0.02364955001920871,Bowel,1,0.562,0.8972040389972146,0.047108779995161706
3419,SIL1--MZB1,No Change,IPR021852,-0.023748542245301894,Lung,1,0.547,0.8895061728395063,0.05085103372864159
1157,EMC1--UBR4,Reintroduction,IPR058545,-0.023929954237219053,CNS/Brain,1,0.567,0.9007952182952181,0.045373927858529
1998,LIMA1--FAIM2,No Annotation,,-0.02400439521940642,Bone,1,0.543,0.8895061728395063,0.05085103372864159
2735,PICALM--CCDC81,No Change,IPR011417,-0.02401078775749415,Lung,1,0.578,0.9035560859188543,0.044044884553983255
3812,TBC1D13--RAPGEF1,No Change,IPR000651|IPR001895,-0.024311772560103445,Soft Tissue,1,0.547,0.8895061728395063,0.05085103372864159
3633,SRP14--KDM6A,No Change,IPR003347|IPR048562|IPR048560,-0.024380156753299104,CNS/Brain,1,0.578,0.9035560859188543,0.044044884553983255
2440,NET1--CELF2,No Change,IPR000504|IPR000504,-0.024395052345215495,Lung,1,0.552,0.890228631727049,0.050498441955203276
3656,ST3GAL1--VPS13B,No Annotation,,-0.02444497761890251,Skin,1,0.565,0.8994878472222221,0.046004699933752495
162,ANKRD11--TCF25,No Annotation,,-0.02451385624801654,Lymphoid,1,0.551,0.8895545774647887,0.05082740118921274
3148,RBM47--RHOH,No Change,IPR005225,-0.02453559872234578,Lung,1,0.59,0.9050351288056205,0.04333456339109664
230,AREL1--JDP2,No Change,IPR004827,-0.024592290641783938,Ovary/Fallopian Tube,1,0.586,0.9050351288056205,0.04333456339109664
888,CTNND1--SERPING1,No Change,IPR023796,-0.024628881341333033,Cervix,1,0.59,0.9050351288056205,0.04333456339109664
599,CD276--CSNK2A1,No Annotation,,-0.024758266115067,Soft Tissue,1,0.584,0.9050351288056205,0.04333456339109664
2526,NRG1--SCARA5,No Change,IPR001190,-0.024767215508639327,Lung,1,0.561,0.8968566945606695,0.04727694573356118
2122,MB21D2--FGF12,No Annotation,,-0.024841352660654795,Lung,1,0.577,0.903224650051212,0.044204218519827344
9,ABCB6--RESP18,Reinforcement,IPR032410|IPR029403,-0.024852930092316632,Cervix,1,0.589,0.9050351288056205,0.04333456339109664
3873,TENM1--TENM1,No Change,IPR009471|IPR057629|IPR000742|IPR000742|IPR000742|IPR000742|IPR000742|IPR000742|IPR000742|IPR000742|IPR056820|IPR057627|IPR056822|IPR056823|IPR028916,-0.024884739203168638,CNS/Brain,1,0.566,0.9001422129725979,0.045688871193896516
2817,POLRMT--PALM,Reintroduction,IPR029262,-0.02490859131820152,Esophagus/Stomach,1,0.591,0.9053575008352823,0.04317989595289613
1699,HNRNPR--TXLNA,Reintroduction,IPR041337,-0.02495945077950769,Lung,1,0.58,0.9036017669045192,0.04402292853063376
595,CD160--PDZK1,No Change,IPR001478|IPR001478|IPR001478|IPR001478,-0.025041676819145896,CNS/Brain,1,0.559,0.8958458580915765,0.04776670991279941
2917,PRPF39--TOGARAM1,No Annotation,,-0.02507720236558124,Lung,1,0.587,0.9050351288056205,0.04333456339109664
3309,RTL10--TXNRD2,Reintroduction,IPR004099,-0.025123313883941643,Cervix,1,0.559,0.8958458580915765,0.04776670991279941
2450,NF2--TCF12,No Change,IPR011598,-0.025198775885153922,Pleura,1,0.535,0.8868311641359364,0.05215905374602341
3969,TMEM241--NPC1,No Change,IPR000731,-0.025227253453284484,Cervix,1,0.558,0.8958088235294119,0.047784664160518055
3802,TAS2R14--TMEM117,No Annotation,,-0.025278061540689224,Lymphoid,1,0.55,0.8895061728395063,0.05085103372864159
1905,KIRREL1--ZFYVE9,No Change,IPR000306|IPR024608|IPR022557,-0.025314394627874187,Breast,1,0.567,0.9007952182952181,0.045373927858529
2590,OR5B12--OR5B12,No Change,IPR017452,-0.02541226453225154,Soft Tissue,1,0.544,0.8895061728395063,0.05085103372864159
2562,NUMB--HEATR4,No Annotation,,-0.025538046975134586,Breast,1,0.571,0.9031060606060606,0.04426124322899202
1332,FCHSD2--NCF2,No Change,IPR001452|IPR000270|IPR001452,-0.025590750035996587,Lymphoid,1,0.598,0.9070062747688242,0.04238970843268391
1011,DIDO1--DIDO1,Reinforcement,IPR001965|IPR001965|IPR003618|IPR012921,-0.025604996102064126,CNS/Brain,1,0.541,0.8887441777140811,0.05122323137602165
3220,RIT1--ARHGEF2,No Change,IPR002219|IPR000219|IPR001849,-0.02570760159689979,CNS/Brain,1,0.582,0.9048728382502543,0.04341244789586968
3405,SFXN1--PPP2CA,No Change,IPR004843,-0.02574899090280449,Kidney,1,0.565,0.8994878472222221,0.046004699933752495
195,ANTXR2--TNFSF10,Bridges,IPR002035|IPR008400|IPR006052,-0.025772038321833324,Lung,1,0.6,0.9079207920792078,0.04195203811262152
4402,ZBTB24--AK9,Reinforcement,IPR000210|IPR013087|IPR013087|IPR013087|IPR013087|IPR013087|IPR013087|IPR013087|IPR013087|IPR003593,-0.025785878424091496,Lymphoid,1,0.577,0.903224650051212,0.044204218519827344
2833,PPARG--DOCK3,Bridges,IPR022590|IPR001628|IPR026800,-0.025791195291935225,Biliary Tract,1,0.576,0.903224650051212,0.044204218519827344
1570,GPR39--NCKAP5,No Annotation,,-0.02587611876641876,Breast,1,0.575,0.903224650051212,0.044204218519827344
860,CSE1L--TSHZ2,No Annotation,,-0.02588429115788763,Bladder/Urinary Tract,1,0.589,0.9050351288056205,0.04333456339109664
3654,ST14--APLP2,Reintroduction,IPR002223|IPR024329|IPR019543,-0.02595336459985352,Liver,1,0.572,0.9031060606060606,0.04426124322899202
2292,MTAP--DNAI1,No Annotation,,-0.026104872793863903,Head and Neck,1,0.582,0.9048728382502543,0.04341244789586968
887,CTNND1--RSF1,No Change,IPR001965,-0.026156053740159994,CNS/Brain,1,0.577,0.903224650051212,0.044204218519827344
2717,PHACTR4--SMPDL3B,No Change,IPR004843|IPR045473,-0.02621493278509128,Biliary Tract,1,0.575,0.903224650051212,0.044204218519827344
1450,FSIP1--FSIP1,No Annotation,,-0.026234179171801868,Bowel,1,0.546,0.8895061728395063,0.05085103372864159
1040,DNAJC3--CLDN10,No Annotation,,-0.026239962528066096,Ovary/Fallopian Tube,1,0.544,0.8895061728395063,0.05085103372864159
1411,FOXRED2--MYH9,No Change,IPR002928,-0.02631085707356317,CNS/Brain,1,0.549,0.8895061728395063,0.05085103372864159
2217,MIGA1--FUBP1,No Change,IPR004087|IPR004087|IPR004087|IPR004087|IPR015096|IPR015096,-0.026462243954449283,Uterus,1,0.57,0.9027461139896372,0.044434372384923745
1324,FBXW4--ARMH3,No Change,IPR001810,-0.026490659134452935,Uterus,1,0.587,0.9050351288056205,0.04333456339109664
3093,RALA--CDK13,No Change,IPR000719,-0.0266869165992547,Ovary/Fallopian Tube,1,0.574,0.903224650051212,0.044204218519827344
1389,FLYWCH1--FLYWCH2,No Change,IPR029279|IPR007588|IPR007588|IPR007588|IPR007588|IPR007588,-0.026688868241661473,Ovary/Fallopian Tube,1,0.596,0.9069731610337971,0.0424055643041621
3989,TMEM9--SLC24A2,No Change,IPR004837,-0.02680275070507765,Lung,1,0.568,0.9011349480968858,0.04521016703948911
396,BCAR3--GCLM,No Annotation,,-0.026812637110612755,Pancreas,1,0.553,0.8909012649332397,0.050170424437527325
397,BCAR3--GCLM,No Change,IPR023210,-0.026812637110612755,Pancreas,1,0.563,0.8981750173973555,0.046639028940820774
4350,WWC1--RARS1,Bridges,IPR001202|IPR001202|IPR008909,-0.027054071785124846,Kidney,1,0.574,0.903224650051212,0.044204218519827344
1790,IQCG--HBS1L,No Change,IPR015033|IPR000795|IPR004161|IPR054696,-0.027298970876498213,CNS/Brain,1,0.565,0.8994878472222221,0.046004699933752495
1736,IGF1R--LRRC28,Reintroduction,IPR000494,-0.027340747657250475,Pancreas,1,0.59,0.9050351288056205,0.04333456339109664
319,ATG7--SLC9A9,Reintroduction,IPR032197,-0.02734340439240622,Ovary/Fallopian Tube,1,0.588,0.9050351288056205,0.04333456339109664
2179,MELK--ZCCHC7,No Change,IPR001878|IPR001878|IPR001878|IPR001878,-0.027399877790380098,Pancreas,1,0.582,0.9048728382502543,0.04341244789586968
2178,MELK--ZCCHC7,No Change,IPR001878|IPR001878|IPR001878,-0.027399877790380098,Pancreas,1,0.599,0.9070062747688242,0.04238970843268391
308,ATF2--TTC21B,Reintroduction,IPR056836|IPR056835|IPR056834,-0.02745523544540564,Lung,1,0.575,0.903224650051212,0.044204218519827344
1940,LACTB--NEDD4,No Change,IPR001202|IPR001202|IPR001202|IPR001202|IPR000569,-0.027458575945150724,CNS/Brain,1,0.558,0.8958088235294119,0.047784664160518055
2752,PIK3R3--AP2A1,No Change,IPR002553|IPR008152|IPR003164,-0.027538573741470763,Lung,1,0.58,0.9036017669045192,0.04402292853063376
4132,TTC28--AP1B1,No Change,IPR015151,-0.027595060800830157,Bowel,1,0.549,0.8895061728395063,0.05085103372864159
2046,LRRC28--ABCB5,No Change,IPR011527|IPR003439,-0.027803213433131295,Soft Tissue,2,0.616,0.9161076873175479,0.03805347255604288
1372,FKBP5--ARMC12,No Annotation,,-0.02804719983733395,Soft Tissue,1,0.576,0.903224650051212,0.044204218519827344
17,ABCE1--INPP4B,No Change,IPR000008,-0.028229059159273717,Lung,1,0.547,0.8895061728395063,0.05085103372864159
1171,EPB41--OPRD1,No Annotation,,-0.02823503673893611,Esophagus/Stomach,1,0.562,0.8972040389972146,0.047108779995161706
3354,SCARA5--PKP2,No Annotation,,-0.028305724297760543,Lung,1,0.588,0.9050351288056205,0.04333456339109664
2866,PPP3CC--SLC39A14,No Annotation,,-0.02835299697596278,Soft Tissue,1,0.573,0.903224650051212,0.044204218519827344
901,CTSC--CTSC,No Change,IPR014882|IPR000668,-0.02838329767377984,Esophagus/Stomach,1,0.577,0.903224650051212,0.044204218519827344
2915,PRORP--ARHGAP5,No Change,IPR000198,-0.02843559079299557,Lung,1,0.571,0.9031060606060606,0.04426124322899202
4082,TRAPPC9--COL22A1,Reintroduction,IPR058563,-0.028477231030671672,Bone,1,0.587,0.9050351288056205,0.04333456339109664
2086,MAP2K6--TNRC6C,Reintroduction,IPR026805|IPR032226|IPR000504,-0.028488781532532585,Breast,1,0.561,0.8968566945606695,0.04727694573356118
1133,EIF4G3--RAB11FIP4,Reintroduction,IPR057316|IPR019018,-0.02855912165099827,CNS/Brain,1,0.58,0.9036017669045192,0.04402292853063376
2759,PITPNA--SLC43A2,No Annotation,,-0.02860458156200496,Esophagus/Stomach,1,0.576,0.903224650051212,0.044204218519827344
2778,PLCG1--PHACTR3,No Annotation,,-0.02861082801403771,Bladder/Urinary Tract,1,0.58,0.9036017669045192,0.04402292853063376
2166,MED29--FREM2,No Annotation,,-0.028642431744878277,Lung,1,0.566,0.9001422129725979,0.045688871193896516
2010,LMF1--FOXK2,No Annotation,,-0.02864378272676886,Breast,1,0.573,0.903224650051212,0.044204218519827344
3525,SMARCA4--CARM1,No Change,IPR055135,-0.02866648994649812,Uterus,1,0.587,0.9050351288056205,0.04333456339109664
2055,LSAMP--GAP43,Bridges,IPR003598|IPR003598|IPR003598|IPR017454,-0.02878586356781225,Head and Neck,1,0.599,0.9070062747688242,0.04238970843268391
402,BCAS3--SNTN,No Annotation,,-0.028833156099410145,Breast,1,0.577,0.903224650051212,0.044204218519827344
552,CCAR2--PPP3CC,No Annotation,,-0.028837710833418635,Skin,1,0.569,0.9017853439336329,0.044896827246871863
1657,HERC1--RBPMS2,No Change,IPR000504,-0.02892859046783555,Breast,1,0.572,0.9031060606060606,0.04426124322899202
95,AFF1--PTPN13,No Change,IPR000242,-0.02902275944460706,Pancreas,1,0.588,0.9050351288056205,0.04333456339109664
1869,KDM4C--PARD6G,Reinforcement,IPR003349|IPR003347|IPR001965|IPR001478,-0.029047253829789055,Liver,1,0.586,0.9050351288056205,0.04333456339109664
589,CCS--PACS1,No Annotation,,-0.029108255064019956,Esophagus/Stomach,1,0.55,0.8895061728395063,0.05085103372864159
3329,SAMD8--ADK,No Annotation,,-0.029124864238972696,Prostate,1,0.596,0.9069731610337971,0.0424055643041621
2191,MFSD2A--ATF6,No Change,IPR004827,-0.029207341405331613,Lung,1,0.586,0.9050351288056205,0.04333456339109664
3236,RNF130--MACROD2,No Annotation,,-0.029310095664124854,Skin,1,0.601,0.9082350032959788,0.0418017644419323
1482,GATAD2B--NUP210L,No Annotation,,-0.029328148305408627,Soft Tissue,1,0.584,0.9050351288056205,0.04333456339109664
2894,PREX2--SDHB,No Change,IPR001041|IPR017896,-0.029336018615700482,Uterus,2,0.615,0.9158087041247157,0.038195233121741515
2588,OPN3--SMAP2,No Annotation,,-0.029388001883770724,Bone,1,0.571,0.9031060606060606,0.04426124322899202
4355,WWOX--NUDT7,Reinforcement,IPR001202|IPR001202|IPR000086,-0.029413433350388977,Lung,1,0.588,0.9050351288056205,0.04333456339109664
4175,UBAP2--CCDC171,No Annotation,,-0.029477034782096182,Lung,1,0.583,0.9050351288056205,0.04333456339109664
4395,ZBTB20--GAP43,No Annotation,,-0.02964153468867444,Lung,1,0.612,0.9140130293159608,0.03904761332558543
2945,PSMG2--DSC1,No Change,IPR014868|IPR002126|IPR002126|IPR002126|IPR002126|IPR002126,-0.02966711351362647,Lung,1,0.593,0.9066038679559854,0.04258243238922462
1456,FYTTD1--PLOD1,No Change,IPR005123,-0.02967593489296646,Soft Tissue,1,0.604,0.9100690108445613,0.040925673730995385
2998,PTPRS--PTPRS,Reinforcement,IPR003598|IPR003598|IPR003598|IPR003961|IPR003961|IPR003961|IPR003961|IPR003961|IPR003961|IPR003961|IPR003961|IPR003961|IPR000242|IPR000242,-0.029706026598396856,Lung,1,0.56,0.896195462478185,0.04759725929116844
302,ASPH--SCML2,No Change,IPR033763|IPR021987|IPR001660,-0.029709246288488318,Bone,1,0.596,0.9069731610337971,0.0424055643041621
4523,ZNF580--SSC5D,No Change,IPR001190|IPR001190|IPR001190|IPR001190,-0.029749154166997138,Ovary/Fallopian Tube,1,0.588,0.9050351288056205,0.04333456339109664
4393,ZBTB20--CPM,No Change,IPR000834,-0.02977438368869692,Soft Tissue,1,0.557,0.8948300630693764,0.04825943359885931
4354,WWOX--CLEC3A,No Change,IPR001202|IPR001202,-0.02982868673893954,Lymphoid,1,0.584,0.9050351288056205,0.04333456339109664
314,ATG13--HARBI1,No Annotation,,-0.0298532257757326,Head and Neck,1,0.598,0.9070062747688242,0.04238970843268391
2649,PARD6B--BCAS4,No Change,IPR000270|IPR001478,-0.02997070751867165,Bone,13,0.746,0.9534050527484731,0.020722550778008143
2198,MGST1--CACNA1C,Reintroduction,IPR031688,-0.02998218459681421,Cervix,1,0.584,0.9050351288056205,0.04333456339109664
4370,XYLB--GOLGA4,No Change,IPR018484,-0.030013322269117872,Esophagus/Stomach,1,0.597,0.9069731610337971,0.0424055643041621
1625,H3C6--H2BC5,No Annotation,,-0.030087747924870026,Head and Neck,1,0.577,0.903224650051212,0.044204218519827344
287,ARSG--AMZ2,No Annotation,,-0.030157686373398027,Head and Neck,1,0.606,0.9106882989183874,0.04063024347008092
1307,FBXL20--CHRDL2,Reintroduction,IPR001007|IPR001007|IPR045716,-0.03017432137166745,Esophagus/Stomach,1,0.572,0.9031060606060606,0.04426124322899202
1808,ITGB6--RBMS1,Reintroduction,IPR002369|IPR040622|IPR057073|IPR013111|IPR013111,-0.03023165818997952,Breast,1,0.598,0.9070062747688242,0.04238970843268391
2206,MICALL1--FBLN2,Reinforcement,IPR001715|IPR001781|IPR000742|IPR000020|IPR000020|IPR000742|IPR000742|IPR000742|IPR000742|IPR000742|IPR000742|IPR000742|IPR000742|IPR000742|IPR000742|IPR055088,-0.030274634091782243,Uterus,1,0.621,0.9175910409281341,0.0373508354015456
3585,SOX5--PKP2,No Annotation,,-0.03029960359564776,Uterus,1,0.582,0.9048728382502543,0.04341244789586968
2672,PCM1--JAK2,No Change,IPR000719,-0.03033591277847402,Lymphoid,1,0.595,0.9069731610337971,0.0424055643041621
1824,JAK2--PCM1,Reintroduction,IPR000299|IPR000980,-0.03033591277847402,Lymphoid,1,0.581,0.9048522418478261,0.04342233326909061
2873,PPP6R2--SELENOO,No Annotation,,-0.030336002818748625,Uterus,1,0.588,0.9050351288056205,0.04333456339109664
569,CCDC85C--SETD3,Reintroduction,IPR015353,-0.030337751668770133,Breast,2,0.633,0.9234187082405346,0.034601330994184956
2877,PPP6R3--ISL1,No Annotation,,-0.030374942823544346,Skin,1,0.593,0.9066038679559854,0.04258243238922462
3915,TIA1--SLC49A4,No Annotation,,-0.03061332784711289,Prostate,1,0.568,0.9011349480968858,0.04521016703948911
1924,KMT5B--CATSPER1,No Annotation,,-0.030647380312033123,Lung,1,0.587,0.9050351288056205,0.04333456339109664
2481,NIF3L1--NIF3L1,No Annotation,,-0.03073335810294628,Lung,1,0.589,0.9050351288056205,0.04333456339109664
1094,ECPAS--SUSD1,Reintroduction,IPR024372|IPR055444,-0.030744921767782048,Esophagus/Stomach,1,0.578,0.9035560859188543,0.044044884553983255
4503,ZNF473--WDR88,No Annotation,,-0.030957053274649694,Bone,1,0.567,0.9007952182952181,0.045373927858529
657,CEP170B--INF2,No Change,IPR010473|IPR010472|IPR015425|IPR003124,-0.031316374494065255,Breast,1,0.574,0.903224650051212,0.044204218519827344
4345,WNK1--ERC1,Reinforcement,IPR000719|IPR024678|IPR019018,-0.031368515577495294,Esophagus/Stomach,1,0.605,0.9106882989183874,0.04063024347008092
372,BACH1--MAP3K7CL,No Annotation,,-0.03145434959314381,Liver,1,0.582,0.9048728382502543,0.04341244789586968
2030,LPP--TPRG1,No Change,IPR022158,-0.03147147309493047,Bladder/Urinary Tract,1,0.589,0.9050351288056205,0.04333456339109664
2330,MYH9--MB,No Change,IPR000971,-0.03147568861570953,Head and Neck,1,0.617,0.91640589569161,0.03791212544281377
2329,MYH9--MB,No Annotation,,-0.03147568861570953,Head and Neck,1,0.585,0.9050351288056205,0.04333456339109664
2092,MAP3K3--MRC2,No Change,IPR000772|IPR000562|IPR001304|IPR001304|IPR001304|IPR001304|IPR001304|IPR001304|IPR001304|IPR001304,-0.03150330560785321,Pancreas,1,0.591,0.9053575008352823,0.04317989595289613
925,DAB1--DSCAM,Reintroduction,IPR003598|IPR003961|IPR003961|IPR003961|IPR003961|IPR003598|IPR003961|IPR003961,-0.03153014281865555,Esophagus/Stomach,1,0.586,0.9050351288056205,0.04333456339109664
3257,RNH1--RNH1,No Annotation,,-0.03169090236821265,Bladder/Urinary Tract,1,0.569,0.9017853439336329,0.044896827246871863
822,CPS1--LANCL1,No Change,IPR002474|IPR017926|IPR005483|IPR005483|IPR005479|IPR005483|IPR005480|IPR058047|IPR005479|IPR011607,-0.031769626575943746,CNS/Brain,2,0.665,0.9350621212121213,0.0291595356478707
2370,NAT9--NT5C3B,No Change,IPR000182,-0.03184904807113854,Cervix,1,0.608,0.9107089186540346,0.04062041031855983
2132,MBTD1--ERN1,No Change,IPR000719|IPR010513,-0.0319419607690007,Esophagus/Stomach,1,0.615,0.9158087041247157,0.038195233121741515
2551,NUCB1--TULP2,No Change,IPR057576|IPR002048,-0.03199824259707837,Kidney,1,0.585,0.9050351288056205,0.04333456339109664
3783,TANC1--DAPL1,No Annotation,,-0.03200912204358126,Soft Tissue,1,0.573,0.903224650051212,0.044204218519827344
1318,FBXO34--KTN1,No Annotation,,-0.03208587244653984,Ovary/Fallopian Tube,1,0.624,0.9178825794032723,0.03721287258837599
2024,LPP--CCDC50,No Annotation,,-0.0320881460183684,Esophagus/Stomach,1,0.606,0.9106882989183874,0.04063024347008092
332,ATP2C1--FAIM,No Annotation,,-0.03212161068953025,Liver,1,0.617,0.91640589569161,0.03791212544281377
4461,ZMYM6--RNF139,No Change,IPR001841,-0.032152029265454955,CNS/Brain,1,0.634,0.9239955499046408,0.03433012039949545
1206,ERP44--RIN2,No Change,IPR000159,-0.03227703209854976,Breast,1,0.615,0.9158087041247157,0.038195233121741515
3307,RTF1--SEMA6D,Bridges,IPR004343|IPR001627|IPR016201,-0.03230245591201375,Peripheral Nervous System,1,0.587,0.9050351288056205,0.04333456339109664
4306,VSIG10--WSB2,Reinforcement,IPR003598|IPR003598|IPR007110|IPR003598|IPR001496,-0.03231381151080409,CNS/Brain,1,0.575,0.903224650051212,0.044204218519827344
3604,SPECC1--NTN1,No Change,IPR001134,-0.03235765995419852,Liver,1,0.591,0.9053575008352823,0.04317989595289613
1602,GSS--TRPC4AP,No Annotation,,-0.0323775561168508,CNS/Brain,1,0.62,0.9175910409281341,0.0373508354015456
3854,TCP10L--MYH10,No Change,IPR002928,-0.03240799898554722,Esophagus/Stomach,1,0.599,0.9070062747688242,0.04238970843268391
4481,ZNF234--DPP9,No Change,IPR045785|IPR002469|IPR001375,-0.03243479324892249,Lung,1,0.575,0.903224650051212,0.044204218519827344
3064,RABEPK--CIZ1,No Change,IPR003604|IPR056345|IPR003604|IPR000690,-0.0324901231260786,Pleura,1,0.579,0.903578965282505,0.04403388772076163
660,CEP41--CEP41,No Change,IPR001763,-0.03253814710359546,Soft Tissue,1,0.585,0.9050351288056205,0.04333456339109664
991,DHRS7B--MAP2K3,No Annotation,,-0.032617660425187725,Biliary Tract,1,0.601,0.9082350032959788,0.0418017644419323
2765,PKIG--KMT2A,Reintroduction,IPR001487|IPR001965|IPR001214|IPR003616,-0.03264783799732333,Skin,1,0.595,0.9069731610337971,0.0424055643041621
2764,PKIG--KMT2A,No Change,IPR001965|IPR001214|IPR003616,-0.03264783799732333,Skin,1,0.606,0.9106882989183874,0.04063024347008092
3024,QPCT--QPCT,Reinforcement,IPR007484|IPR007484,-0.03265608330104204,Breast,1,0.592,0.9059813084112149,0.0428807622984692
2350,N4BP2--SLC14A2,No Annotation,,-0.03269182548546052,Esophagus/Stomach,1,0.584,0.9050351288056205,0.04333456339109664
3572,SOCS6--RNF152,No Change,IPR001841|IPR045744,-0.03279919548833095,Eye,1,0.59,0.9050351288056205,0.04333456339109664
3103,RALY--PTPN3,No Annotation,,-0.03289067565412859,Esophagus/Stomach,1,0.592,0.9059813084112149,0.0428807622984692
4335,WIPF2--FMNL1,Reintroduction,IPR010472|IPR015425|IPR014767,-0.033014776394505604,Lung,1,0.593,0.9066038679559854,0.04258243238922462
1524,GLYR1--PPL,Reinforcement,IPR000313|IPR006115|IPR058847|IPR058847,-0.03303584620362786,Bone,1,0.607,0.9106986256544503,0.040625318822354844
2176,MEIS2--CDIN1,Reintroduction,IPR032453,-0.03329477717105791,Esophagus/Stomach,1,0.595,0.9069731610337971,0.0424055643041621
1739,IGF2R--MTHFD1L,Reintroduction,IPR044865|IPR044865|IPR044865|IPR044865|IPR044865|IPR044865|IPR044865|IPR044865|IPR044865|IPR044865|IPR044865,-0.03335469431834165,Soft Tissue,1,0.597,0.9069731610337971,0.0424055643041621
3619,SPRING1--ATP10A,Reintroduction,IPR032630,-0.03338068493363505,Breast,1,0.586,0.9050351288056205,0.04333456339109664
79,ADK--VCL,No Annotation,,-0.033426191840613136,Ovary/Fallopian Tube,1,0.647,0.9302066374452098,0.031420565925830875
3147,RBM47--RBM47,No Change,IPR000504|IPR000504|IPR000504,-0.03350917815119612,Uterus,1,0.606,0.9106882989183874,0.04063024347008092
3374,SEC31A--LIN54,Bridges,IPR024298|IPR005172,-0.03354035292253926,Cervix,1,0.6,0.9079207920792078,0.04195203811262152
1183,EPHB2--LYPLA2,No Change,IPR003140,-0.03377019580396089,CNS/Brain,1,0.608,0.9107089186540346,0.04062041031855983
1612,GTF2I--GTF2IRD1,No Annotation,,-0.03386195208420732,Lung,1,0.604,0.9100690108445613,0.040925673730995385
651,CENPX--NTN4,Reintroduction,IPR002049|IPR002049|IPR001134,-0.03387209615947962,Ovary/Fallopian Tube,1,0.595,0.9069731610337971,0.0424055643041621
2756,PIP5K1A--PRUNE1,No Change,IPR001667|IPR004097,-0.03387760862406075,Ovary/Fallopian Tube,1,0.615,0.9158087041247157,0.038195233121741515
3720,SULF2--NLRP2,No Change,IPR000917|IPR024609,-0.03389938464711838,Bone,1,0.611,0.9131144067796609,0.039474805028349255
767,CNOT7--VPS13B,No Annotation,,-0.033985232025676944,Head and Neck,1,0.599,0.9070062747688242,0.04238970843268391
4348,WNT5B--ADIPOR2,No Annotation,,-0.03399645141238122,CNS/Brain,1,0.607,0.9106986256544503,0.040625318822354844
1177,EPB41L2--RPS6KA2,No Change,IPR000719|IPR000961|IPR000719,-0.03410207943888571,Peripheral Nervous System,1,0.614,0.9158087041247157,0.038195233121741515
3017,PYGO1--MAPK6,No Annotation,,-0.03428678507967288,Lung,1,0.596,0.9069731610337971,0.0424055643041621
546,CBFB--FCSK,No Change,IPR012887|IPR006204|IPR013750,-0.034351500400061546,CNS/Brain,1,0.59,0.9050351288056205,0.04333456339109664
2455,NFE2L2--PTPN18,No Annotation,,-0.03436365995371801,Soft Tissue,1,0.607,0.9106986256544503,0.040625318822354844
323,ATP10D--RELN,No Change,IPR000742|IPR000742,-0.0344360111248627,Biliary Tract,1,0.597,0.9069731610337971,0.0424055643041621
540,CASP8--ASCC1,Reintroduction,IPR001875|IPR001875,-0.034449182232952624,Uterus,1,0.579,0.903578965282505,0.04403388772076163
4019,TNS3--PKD1L1,Reinforcement,IPR000387|IPR014020|IPR001024|IPR046791|IPR013122,-0.03452791004855742,Lung,1,0.619,0.9175910409281341,0.0373508354015456
1279,FAM222B--SEZ6,No Change,IPR000436|IPR000859|IPR000436|IPR000859|IPR000436|IPR000436|IPR000436,-0.03455200490757647,Ovary/Fallopian Tube,1,0.59,0.9050351288056205,0.04333456339109664
3217,RIMS2--MICU3,No Change,IPR002048|IPR002048,-0.034631635783306206,Lung,1,0.62,0.9175910409281341,0.0373508354015456
3596,SPART--COG6,No Change,IPR007330,-0.03465980028681448,Soft Tissue,1,0.591,0.9053575008352823,0.04317989595289613
475,C1orf21--ODR4,No Annotation,,-0.03467040942646497,Lung,1,0.621,0.9175910409281341,0.0373508354015456
753,CNN2--ARID3A,No Change,IPR001606|IPR023334,-0.034698069413663116,Ovary/Fallopian Tube,1,0.62,0.9175910409281341,0.0373508354015456
307,ATF2--CWC22,No Change,IPR003890|IPR003891,-0.03477470589424242,Esophagus/Stomach,1,0.624,0.9178825794032723,0.03721287258837599
2815,POLR3E--GGA2,No Annotation,,-0.03486686588787326,Skin,1,0.597,0.9069731610337971,0.0424055643041621
1817,ITPRID2--PPP1R1C,No Annotation,,-0.034947435452312575,Pancreas,1,0.642,0.9279854981084489,0.03245881057067305
1414,FRMD4B--MITF,No Change,IPR031867|IPR011598|IPR021802,-0.03512008538710054,Uterus,1,0.608,0.9107089186540346,0.04062041031855983
2541,NSMF--PNPLA7,Reinforcement,IPR058542|IPR002641,-0.03513490176085071,Lung,1,0.585,0.9050351288056205,0.04333456339109664
1406,FOXP1--EIF4E3,No Annotation,,-0.03533214786923874,Breast,1,0.572,0.9031060606060606,0.04426124322899202
3160,RCBTB1--CD99L2,No Annotation,,-0.03534685312908033,Esophagus/Stomach,1,0.624,0.9178825794032723,0.03721287258837599
2458,NFE2L3--NAPEPLD,No Change,IPR004826,-0.03535437660165425,Breast,1,0.617,0.91640589569161,0.03791212544281377
1803,ITGA2--ITGA1,No Change,IPR002035|IPR048285|IPR048286,-0.035412488169609145,Esophagus/Stomach,1,0.601,0.9082350032959788,0.0418017644419323
641,CELF1--C1QTNF4,No Change,IPR001073|IPR001073,-0.03561730816287913,Breast,1,0.586,0.9050351288056205,0.04333456339109664
1576,GRAMD4--ATXN10,No Change,IPR019156,-0.03569323061286833,Lung,1,0.61,0.9119171829149005,0.04004460096567857
2632,PAIP2--SLC35E1,No Annotation,,-0.0357238998127347,CNS/Brain,1,0.615,0.9158087041247157,0.038195233121741515
4441,ZFX--BCLAF3,No Annotation,,-0.03615012791906138,Ovary/Fallopian Tube,1,0.606,0.9106882989183874,0.04063024347008092
550,CBLC--CEACAM16,Reinforcement,IPR003153|IPR014741|IPR003599|IPR003598|IPR003598|IPR003599,-0.036514696697143696,Uterus,1,0.592,0.9059813084112149,0.0428807622984692
2560,NUMB--HEATR4,No Annotation,,-0.036677515788916426,Esophagus/Stomach,1,0.622,0.9178825794032723,0.03721287258837599
4326,WDR33--SAP130,No Annotation,,-0.03675845360086483,Ovary/Fallopian Tube,1,0.596,0.9069731610337971,0.0424055643041621
3821,TBC1D32--STK31,Reintroduction,IPR055391|IPR032735,-0.03681425134239947,Lung,1,0.609,0.9113136422976501,0.04033212832165108
1995,LHFPL2--LHFPL2,No Annotation,,-0.03697902161506267,Lung,1,0.647,0.9302066374452098,0.031420565925830875
3598,SPATS2--ADCY6,No Change,IPR032628|IPR001054|IPR009398|IPR001054,-0.03712068413692086,Ovary/Fallopian Tube,1,0.602,0.9094464579901153,0.04122286414741197
2748,PIK3C2A--USH1C,Reinforcement,IPR000341|IPR000008|IPR001263|IPR001478,-0.03712499849249661,Esophagus/Stomach,1,0.604,0.9100690108445613,0.040925673730995385
3334,SART3--SELPLG,No Annotation,,-0.03731304128082227,Lymphoid,1,0.616,0.9161076873175479,0.03805347255604288
571,CCDC88A--PPP4R3B,Reintroduction,IPR006887,-0.03732018900676429,Peripheral Nervous System,1,0.604,0.9100690108445613,0.040925673730995385
4524,ZNF584--HINT1,No Change,IPR011146,-0.03736634503683972,CNS/Brain,1,0.615,0.9158087041247157,0.038195233121741515
1863,KDM2A--ATPSCKMT,No Annotation,,-0.0374501396409737,Peripheral Nervous System,1,0.64,0.9274336283185841,0.032717160835711856
3664,ST7--MET,No Change,IPR001627|IPR016201|IPR002909|IPR002909|IPR002909|IPR002909|IPR000719,-0.03748755158152043,Cervix,1,0.623,0.9178825794032723,0.03721287258837599
4331,WDR7--NEDD4L,No Change,IPR001202|IPR001202|IPR001202|IPR001202|IPR000569,-0.03753236370401005,Breast,1,0.604,0.9100690108445613,0.040925673730995385
1546,GOLGA3--POLE,Reintroduction,IPR054475,-0.03754480910874225,Lymphoid,1,0.606,0.9106882989183874,0.04063024347008092
3168,RDX--MS4A2,No Annotation,,-0.037563977299219606,Peripheral Nervous System,1,0.609,0.9113136422976501,0.04033212832165108
2848,PPIG--ROCK2,Reintroduction,IPR000961|IPR011072|IPR015008|IPR001849,-0.03781507542936094,Lung,1,0.606,0.9106882989183874,0.04063024347008092
1329,FCHO1--ABCA4,Reinforcement,IPR001060|IPR013525|IPR003439|IPR056264,-0.03782157675862795,Lung,1,0.627,0.9193460185481291,0.03652100040617693
2318,MYCBP--RHBDL2,No Annotation,,-0.038001217120339215,Lymphoid,1,0.599,0.9070062747688242,0.04238970843268391
4017,TNS3--H2AZ2,No Change,IPR007125|IPR032454,-0.03809577864241099,Myeloid,1,0.595,0.9069731610337971,0.0424055643041621
3178,RERE--ST3GAL3,No Annotation,,-0.03812547509921286,Lung,1,0.61,0.9119171829149005,0.04004460096567857
0,A4GALT--A4GALT,No Change,IPR007652,-0.03815998042376144,Bone,1,0.623,0.9178825794032723,0.03721287258837599
3573,SORBS3--FZD3,No Annotation,,-0.03824827658408591,Lung,1,0.619,0.9175910409281341,0.0373508354015456
51,ADAM9--ANKFY1,No Change,IPR000306,-0.03825382315407489,Bone,1,0.614,0.9158087041247157,0.038195233121741515
3112,RAPGEF4--MELK,Reinforcement,IPR000595|IPR000591|IPR000595|IPR000651|IPR048637|IPR001772,-0.038288698054873796,Myeloid,1,0.574,0.903224650051212,0.044204218519827344
1717,HSPBAP1--HSPBAP1,Reinforcement,IPR003347|IPR003347,-0.03843823826565687,Uterus,1,0.604,0.9100690108445613,0.040925673730995385
147,ANK2--FAM241A,No Change,IPR027953,-0.03854062944760185,Ovary/Fallopian Tube,1,0.646,0.9302066374452098,0.031420565925830875
4135,TTC4--MROH7,No Change,IPR055406,-0.03854096553891556,Breast,1,0.623,0.9178825794032723,0.03721287258837599
2420,NDUFAF7--HDAC4,No Annotation,,-0.03862537111276759,Skin,1,0.595,0.9069731610337971,0.0424055643041621
603,CD55--C4BPA,Reintroduction,IPR000436|IPR000436|IPR000436|IPR000436|IPR000436|IPR000436|IPR040514,-0.03884881923655632,Liver,1,0.627,0.9193460185481291,0.03652100040617693
1584,GRHL2--MAP2K2,No Change,IPR000719,-0.03887101722622144,Bowel,1,0.597,0.9069731610337971,0.0424055643041621
3586,SOX5--PTPN22,No Annotation,,-0.03918299572348806,Lung,1,0.652,0.9327363494539782,0.03024109811687611
3206,RHOA--DAG1,Reintroduction,IPR041631|IPR006644|IPR008465,-0.03925301596695966,Breast,1,0.607,0.9106986256544503,0.040625318822354844
2468,NFXL1--GABRB1,Reintroduction,IPR006029,-0.039394831947273674,Esophagus/Stomach,1,0.597,0.9069731610337971,0.0424055643041621
1082,DYRK3--GAR1,No Annotation,,-0.03947389080613747,Soft Tissue,1,0.589,0.9050351288056205,0.04333456339109664
2999,PTRH2--VMP1,No Annotation,,-0.03972251774345076,Liver,1,0.656,0.9343501861042184,0.029490323567232354
2364,NAP1L1--NAV3,No Change,IPR001715|IPR057126|IPR003593|IPR057568,-0.039781601527983906,Soft Tissue,1,0.614,0.9158087041247157,0.038195233121741515
239,ARHGAP22--FRMPD2,No Change,IPR011019|IPR000299|IPR001478|IPR001478|IPR001478,-0.03980329817902695,Bone,1,0.579,0.903578965282505,0.04403388772076163
470,C15orf39--ADPGK,No Annotation,,-0.03981616775752311,Bladder/Urinary Tract,1,0.609,0.9113136422976501,0.04033212832165108
523,CAPRIN2--TMEM117,Reintroduction,IPR041637,-0.03982130229583175,Lung,1,0.621,0.9175910409281341,0.0373508354015456
543,CBFA2T3--GALNS,No Annotation,,-0.039893585015919844,Myeloid,2,0.653,0.9329775980087119,0.03012878409701854
2392,NCKAP5L--FAIM2,No Change,IPR032769,-0.03994992334579377,Thyroid,1,0.608,0.9107089186540346,0.04062041031855983
110,AHR--DGKB,No Change,IPR029477|IPR029477|IPR002048|IPR002219|IPR002219|IPR001206|IPR000756,-0.04002244153206311,Breast,1,0.607,0.9106986256544503,0.040625318822354844
4301,VPS53--GLOD4,No Change,IPR037523,-0.04008100169199874,Head and Neck,1,0.631,0.9213805732484076,0.03556094882304074
2151,ME3--ME3,No Change,IPR012301|IPR012302,-0.04011556368409298,Lymphoid,1,0.598,0.9070062747688242,0.04238970843268391
386,BAZ2A--PRIM1,No Annotation,,-0.040314743768416025,Lymphoid,1,0.624,0.9178825794032723,0.03721287258837599
3749,SYNE1--MYCT1,No Annotation,,-0.04043386270781671,Thyroid,1,0.643,0.9288453056080656,0.032056609488567415
3662,ST7--ATP6V0A4,No Annotation,,-0.040586731452398134,Esophagus/Stomach,1,0.626,0.9190553954530899,0.03665831101372906
3626,SREK1--HOMER1,Reinforcement,IPR000504|IPR000697,-0.040854683922703555,Breast,1,0.601,0.9082350032959788,0.0418017644419323
1704,HOMER1--SREK1,No Annotation,,-0.040854683922703555,Breast,1,0.596,0.9069731610337971,0.0424055643041621
713,CLIC4--ASCC1,Reintroduction,IPR053823,-0.04095226779540652,Uterus,1,0.628,0.9202185705169112,0.036109006681262525
4106,TRMT11--NCOA7,No Change,IPR006571,-0.040960786502172955,Breast,1,0.624,0.9178825794032723,0.03721287258837599
2820,POMGNT1--TCEANC2,Bridges,IPR039474|IPR003618,-0.04102727748770616,Lung,1,0.636,0.9248525214081827,0.03392751509345086
3433,SKA1--NBAS,Reintroduction,IPR054751,-0.04116648239795559,Eye,1,0.629,0.9202185705169112,0.036109006681262525
2278,MRTFA--TNRC6B,No Change,IPR019486|IPR032226|IPR034925,-0.04123812170307098,Liver,1,0.625,0.9181752643383532,0.03707441131521754
3115,RARA--CASC3,No Change,IPR018545,-0.04125603381383913,Bladder/Urinary Tract,1,0.623,0.9178825794032723,0.03721287258837599
2931,PRSS22--ZSCAN10,No Change,IPR013087|IPR013087|IPR013087|IPR013087|IPR013087|IPR013087|IPR013087|IPR013087|IPR013087|IPR013087|IPR013087|IPR013087|IPR013087|IPR013087,-0.04126869873602186,Breast,1,0.647,0.9302066374452098,0.031420565925830875
4180,UBE2E2--CACNA2D3,No Annotation,,-0.04129254755005608,Bladder/Urinary Tract,1,0.633,0.9234187082405346,0.034601330994184956
2465,NFIX--ZNF93,Bridges,IPR019548|IPR003619|IPR001909|IPR013087|IPR013087|IPR013087|IPR013087|IPR013087|IPR013087|IPR013087|IPR013087|IPR013087|IPR013087|IPR013087|IPR013087|IPR013087|IPR013087|IPR013087|IPR013087|IPR013087,-0.041378902696034524,Myeloid,1,0.594,0.9069731610337971,0.0424055643041621
293,ASAP2--TONSL,No Annotation,,-0.04142765499291397,Bowel,1,0.588,0.9050351288056205,0.04333456339109664
1754,IL6ST--GRM8,Reinforcement,IPR010457|IPR003961|IPR003961|IPR003961|IPR011500|IPR017978,-0.041462180666848744,Skin,1,0.599,0.9070062747688242,0.04238970843268391
2569,NUP210--SLC6A6,Reintroduction,IPR055096|IPR055097|IPR055098|IPR056897|IPR056898|IPR055099,-0.04155272324618431,Bladder/Urinary Tract,1,0.654,0.9329775980087119,0.03012878409701854
3752,SYNE1--SYNE1,No Change,IPR001715|IPR001715|IPR057057|IPR057932|IPR056887|IPR012315,-0.041806346600064055,Thyroid,1,0.629,0.9202185705169112,0.036109006681262525
4206,UBXN4--LCT,No Annotation,,-0.04184999735060791,Soft Tissue,1,0.63,0.9210937499999999,0.03569616455277926
2812,POLE4--HK2,Bridges,IPR003958|IPR022672|IPR022673,-0.04193657706890755,Lung,1,0.633,0.9234187082405346,0.034601330994184956
2616,PACS1--SART1,No Annotation,,-0.041993326247336205,Soft Tissue,1,0.652,0.9327363494539782,0.03024109811687611
1752,IL20RA--IFNGR1,No Annotation,,-0.04210565940985757,Head and Neck,1,0.623,0.9178825794032723,0.03721287258837599
3550,SMYD3--TFB2M,No Annotation,,-0.04212983590724582,Head and Neck,1,0.637,0.9254261723700888,0.033658222195992314
476,C1orf52--DDAH1,No Annotation,,-0.042175755865815304,Lung,1,0.63,0.9210937499999999,0.03569616455277926
2948,PTBP2--GRIA4,No Change,IPR001320,-0.042218639036392065,Biliary Tract,2,0.706,0.9422873730043541,0.025816628547835743
187,ANO6--BEST3,No Annotation,,-0.042359243653084404,Skin,1,0.612,0.9140130293159608,0.03904761332558543
2758,PIP5K1C--NFIC,Bridges,IPR002498|IPR019548|IPR003619,-0.04261692745322773,Liver,1,0.616,0.9161076873175479,0.03805347255604288
4011,TNK2--XXYLT1,No Annotation,,-0.04263272132589372,Lung,1,0.625,0.9181752643383532,0.03707441131521754
1320,FBXO36--RIF1,No Annotation,,-0.042661413444886734,Breast,1,0.618,0.9172968598251862,0.037490093206594896
3346,SCAF4--ADAMTS5,Reinforcement,IPR006569|IPR000504|IPR001590|IPR006586|IPR045371|IPR010294,-0.04268680983018931,Skin,1,0.631,0.9213805732484076,0.03556094882304074
623,CDH18--UBE2E1,No Annotation,,-0.04280210444539734,Bladder/Urinary Tract,1,0.631,0.9213805732484076,0.03556094882304074
1901,KIF9--SETD2,No Change,IPR013257,-0.04305142751293375,CNS/Brain,1,0.629,0.9202185705169112,0.036109006681262525
2428,NEK6--INIP,No Annotation,,-0.04305748919764922,Bowel,1,0.579,0.903578965282505,0.04403388772076163
690,CHML--SMAP2,No Annotation,,-0.04307571647116158,Bone,1,0.619,0.9175910409281341,0.0373508354015456
2287,MSR1--TFEC,No Change,IPR011598|IPR021802,-0.04311929450251571,Ovary/Fallopian Tube,1,0.647,0.9302066374452098,0.031420565925830875
3705,STT3B--NEK10,No Annotation,,-0.04317033875661008,CNS/Brain,1,0.622,0.9178825794032723,0.03721287258837599
4140,TTLL7--ERI3,No Annotation,,-0.043307875788953745,Lung,1,0.61,0.9119171829149005,0.04004460096567857
2348,MYO9B--MYO9B,No Change,IPR000159|IPR001609|IPR002219|IPR000198,-0.0434061459908371,Soft Tissue,1,0.603,0.9100690108445613,0.040925673730995385
1064,DSE--CLPB,No Change,IPR003593|IPR019489,-0.04342347816442377,Peripheral Nervous System,1,0.618,0.9172968598251862,0.037490093206594896
2484,NIN--TRIM9,No Change,IPR003649|IPR017903|IPR003961|IPR001870,-0.043636891980073284,Lung,1,0.642,0.9279854981084489,0.03245881057067305
3938,TMED2--RFLNA,No Change,IPR009038,-0.04367352668220443,Skin,1,0.66,0.9350621212121213,0.0291595356478707
3874,TENM1--TENM1,No Change,IPR009471|IPR057629|IPR000742|IPR000742|IPR000742|IPR000742|IPR000742|IPR000742|IPR000742|IPR000742|IPR056820|IPR057627|IPR056822|IPR056823|IPR028916,-0.043823417990674254,Lung,1,0.642,0.9279854981084489,0.03245881057067305
2774,PLCB4--ISOC2,No Change,IPR000868,-0.04385458750888553,CNS/Brain,1,0.627,0.9193460185481291,0.03652100040617693
3464,SLC26A6--PRKAR2A,Bridges,IPR011547|IPR000595|IPR000595,-0.043967330066762275,Breast,1,0.616,0.9161076873175479,0.03805347255604288
2988,PTPRB--KRT2,No Change,IPR003961|IPR003961,-0.04401120840253955,Soft Tissue,1,0.621,0.9175910409281341,0.0373508354015456
2081,MAMLD1--TMEM38B,No Annotation,,-0.04407733271118819,Esophagus/Stomach,1,0.636,0.9248525214081827,0.03392751509345086
2639,PANK2--MAVS,No Change,IPR031964,-0.04421514086414535,Bowel,1,0.625,0.9181752643383532,0.03707441131521754
1137,ELF4--GOT2,No Change,IPR004839,-0.0442784014953354,Ovary/Fallopian Tube,1,0.629,0.9202185705169112,0.036109006681262525
1849,KATNIP--STX8,No Annotation,,-0.044472404523271294,Bone,1,0.626,0.9190553954530899,0.03665831101372906
3362,SCML2--SH3KBP1,No Annotation,,-0.04447410518747591,Ovary/Fallopian Tube,1,0.65,0.931910569105691,0.030625762761320438
1481,GATAD2A--ZNF675,No Annotation,,-0.044480408523481126,Liver,1,0.624,0.9178825794032723,0.03721287258837599
1285,FANCA--CDK10,Reintroduction,IPR031729|IPR055386|IPR055387,-0.04456655981536128,Lung,1,0.629,0.9202185705169112,0.036109006681262525
1284,FANCA--CDK10,Bridges,IPR031729|IPR055386|IPR055387|IPR000719,-0.04456655981536128,Lung,1,0.647,0.9302066374452098,0.031420565925830875
2031,LPP--TPRG1,No Change,IPR022158,-0.04465979880810625,Peripheral Nervous System,1,0.644,0.9294113943972301,0.03179200746129545
2633,PAK1--TENM4,Reintroduction,IPR057629|IPR000742|IPR000742|IPR000742|IPR000742|IPR000742|IPR000742|IPR000742|IPR000742|IPR056820|IPR057627|IPR056822|IPR056823|IPR022385|IPR028916,-0.04473852465261708,Lung,1,0.635,0.9245712924738012,0.034059595338528335
3956,TMEM135--NOX4,No Change,IPR013130|IPR013112|IPR013121,-0.04476649354598383,Soft Tissue,1,0.635,0.9245712924738012,0.034059595338528335
1715,HSD17B4--TNFAIP8,Reintroduction,IPR057326|IPR054357|IPR002539,-0.04482149881703155,Lung,1,0.648,0.9302066374452098,0.031420565925830875
3011,PXK--FLNB,No Annotation,,-0.04494930034993268,Lymphoid,1,0.617,0.91640589569161,0.03791212544281377
2923,PRPF40B--TUBA1C,No Annotation,,-0.045111440294443805,Liver,1,0.604,0.9100690108445613,0.040925673730995385
2901,PRKCH--SLC38A6,No Change,IPR000008|IPR002219,-0.04514336061983162,Skin,1,0.662,0.9350621212121213,0.0291595356478707
394,BCAR3--BCAR3,No Change,IPR000980|IPR001895,-0.045167518126805487,Lung,1,0.641,0.9279854981084489,0.03245881057067305
670,CFI--TBCK,No Change,IPR001763,-0.04531222560768962,Skin,1,0.621,0.9175910409281341,0.0373508354015456
1522,GLRB--LRBA,Reintroduction,IPR046851,-0.04542770677187292,Pancreas,1,0.651,0.9327363494539782,0.03024109811687611
3383,SENP2--MAP3K13,No Annotation,,-0.04551843395579117,Ovary/Fallopian Tube,1,0.673,0.9350621212121213,0.0291595356478707
2288,MSRB3--TBK1,No Annotation,,-0.04555058907941959,Bone,1,0.64,0.9274336283185841,0.032717160835711856
3741,SVIP--CCDC179,No Annotation,,-0.04556617126601553,Bladder/Urinary Tract,1,0.638,0.9265853658536586,0.033114563165015126
761,CNOT2--PTPRR,No Change,IPR000242,-0.045597922854335275,Ovary/Fallopian Tube,1,0.656,0.9343501861042184,0.029490323567232354
970,DDX60L--DDX60,Reintroduction,IPR011545|IPR001650|IPR059032,-0.046026585843264106,Kidney,1,0.625,0.9181752643383532,0.03707441131521754
2994,PTPRK--RSPO3,No Change,IPR043601|IPR044004,-0.04606674485867704,Biliary Tract,1,0.647,0.9302066374452098,0.031420565925830875
653,CEP128--GTF2A1,No Annotation,,-0.04622903050471511,Lung,1,0.663,0.9350621212121213,0.0291595356478707
1330,FCHSD2--CARNS1,Reinforcement,IPR001060|IPR041472|IPR011761,-0.046246361669289054,Lymphoid,1,0.644,0.9294113943972301,0.03179200746129545
4077,TRAK1--FAM98A,No Annotation,,-0.04625366945059127,Breast,1,0.642,0.9279854981084489,0.03245881057067305
3045,RAB11FIP3--CAPN15,Reinforcement,IPR002048|IPR001876|IPR001876|IPR001876|IPR001876|IPR001876|IPR001300,-0.046262264504588424,Myeloid,1,0.608,0.9107089186540346,0.04062041031855983
345,ATXN2--UNC5C,No Change,IPR057755|IPR003598|IPR000906|IPR033772|IPR000488,-0.04630552754741696,Lung,1,0.668,0.9350621212121213,0.0291595356478707
2480,NIF3L1--NIF3L1,No Annotation,,-0.046501712570765734,Esophagus/Stomach,1,0.634,0.9239955499046408,0.03433012039949545
3515,SLK--DNAH5,No Annotation,,-0.046588714595958494,Lymphoid,1,0.645,0.9302066374452098,0.031420565925830875
3755,SYNE2--REC114,No Change,IPR001715|IPR001715|IPR057057,-0.046603684473993774,Bone,1,0.648,0.9302066374452098,0.031420565925830875
4338,WIPF2--WRAP53,No Annotation,,-0.046606707099188155,CNS/Brain,1,0.662,0.9350621212121213,0.0291595356478707
4114,TSC1--IFT22,No Annotation,,-0.04661448812662067,Pancreas,1,0.657,0.9343501861042184,0.029490323567232354
617,CDH1--CDH3,No Change,IPR002126|IPR002126|IPR002126|IPR002126|IPR002126|IPR000233,-0.04671814991895854,Breast,1,0.621,0.9175910409281341,0.0373508354015456
4280,VEZT--CPZ,No Change,IPR000834,-0.04689147108330803,Soft Tissue,2,0.681,0.9350716631830398,0.029155103852294355
2518,NR3C1--ARHGAP26,No Change,IPR001452,-0.04697892815512935,Lymphoid,1,0.627,0.9193460185481291,0.03652100040617693
1663,HIF1A--PRKCH,No Change,IPR002219|IPR000719|IPR000961,-0.046979187868099875,Lung,1,0.649,0.9307679074131998,0.03115859946527886
3814,TBC1D2--GABBR2,Reinforcement,IPR001849|IPR041689,-0.04700720156924114,Biliary Tract,1,0.646,0.9302066374452098,0.031420565925830875
1131,EIF4G3--ECE1,Reintroduction,IPR018497,-0.0470170017522248,Esophagus/Stomach,1,0.624,0.9178825794032723,0.03721287258837599
2469,NGFR--SPAG9,No Change,IPR001368|IPR001368|IPR001368|IPR001368,-0.04723339887334532,Breast,1,0.654,0.9329775980087119,0.03012878409701854
3592,SPAG9--NGFR,Bridges,IPR034743|IPR032486|IPR034744|IPR041448|IPR000488,-0.04723339887334532,Breast,1,0.637,0.9254261723700888,0.033658222195992314
2225,MKRN2--TSEN2,No Annotation,,-0.047391965512137244,Esophagus/Stomach,1,0.657,0.9343501861042184,0.029490323567232354
3618,SPOP--SRCIN1,No Annotation,,-0.047473918847665275,Breast,1,0.669,0.9350621212121213,0.0291595356478707
2856,PPOX--LRRC52,No Annotation,,-0.047577116960381784,Lung,1,0.636,0.9248525214081827,0.03392751509345086
3625,SREBF2--MEI1,No Annotation,,-0.047642416079583305,Myeloid,1,0.644,0.9294113943972301,0.03179200746129545
1241,EZH1--BRCA1,No Change,IPR001357|IPR001357,-0.047646195380540504,CNS/Brain,1,0.657,0.9343501861042184,0.029490323567232354
313,ATF7IP--GUCY2C,No Annotation,,-0.04775021141585245,Head and Neck,1,0.629,0.9202185705169112,0.036109006681262525
2358,NADSYN1--TESMIN,No Change,IPR003010,-0.04781123929855545,Lung,1,0.681,0.9350716631830398,0.029155103852294355
597,CD200R1L--EPHB1,No Change,IPR000719|IPR001660,-0.04781722877292885,Soft Tissue,1,0.648,0.9302066374452098,0.031420565925830875
464,BTBD10--TERT,Reintroduction,IPR000477|IPR049139,-0.047890951414998814,Breast,1,0.659,0.9350621212121213,0.0291595356478707
463,BTBD10--TERT,No Change,IPR021891|IPR000477|IPR049139,-0.047890951414998814,Breast,1,0.661,0.9350621212121213,0.0291595356478707
1685,HMGA2--PRRC2C,No Annotation,,-0.04794638685630832,Soft Tissue,1,0.666,0.9350621212121213,0.0291595356478707
2658,PAWR--PAWR,No Annotation,,-0.048015718685780084,Lung,1,0.651,0.9327363494539782,0.03024109811687611
1351,FGFR3--TACC3,Bridges,IPR003598|IPR003598|IPR003598|IPR007707,-0.04802809084617009,Bladder/Urinary Tract,1,0.663,0.9350621212121213,0.0291595356478707
2273,MRTFA--MCHR1,No Annotation,,-0.04805928086375563,Bladder/Urinary Tract,2,0.714,0.9447478386167146,0.02468409298375324
662,CEP68--SERTAD2,No Change,IPR009263,-0.04821150042637505,Breast,1,0.653,0.9329775980087119,0.03012878409701854
467,C11orf24--GAB2,No Annotation,,-0.048290299413809135,Bladder/Urinary Tract,1,0.642,0.9279854981084489,0.03245881057067305
3620,SPTAN1--GLE1,No Annotation,,-0.04833315948938221,Breast,1,0.649,0.9307679074131998,0.03115859946527886
4555,ZNF713--EPS15L1,No Annotation,,-0.04835238408318138,Skin,1,0.64,0.9274336283185841,0.032717160835711856
3966,TMEM219--SEZ6L2,Bridges,IPR039587|IPR000436|IPR000436,-0.04839270881444413,Cervix,1,0.681,0.9350716631830398,0.029155103852294355
3708,STX17--NR4A3,No Annotation,,-0.048479804534503214,CNS/Brain,1,0.67,0.9350621212121213,0.0291595356478707
204,AOX1--KCTD18,Reinforcement,IPR001041|IPR002888|IPR003131|IPR045704,-0.04848354612932598,Breast,1,0.64,0.9274336283185841,0.032717160835711856
3222,RLF--MYCL,No Change,IPR012682|IPR012682|IPR012682|IPR011598,-0.04850451282319868,Lung,2,0.697,0.939648632755072,0.027034513828672807
1239,EXT1--PCMTD1,No Annotation,,-0.048522037777100104,Biliary Tract,1,0.669,0.9350621212121213,0.0291595356478707
4276,VEGFA--DTNB,No Change,IPR000072,-0.04887212258882,Soft Tissue,1,0.661,0.9350621212121213,0.0291595356478707
2001,LIMK2--PPP2CA,Reinforcement,IPR001781|IPR004843,-0.048889228587893414,Ovary/Fallopian Tube,1,0.667,0.9350621212121213,0.0291595356478707
3564,SNX31--SNX31,Reintroduction,IPR048763|IPR048767|IPR040842,-0.048897958716923304,Bladder/Urinary Tract,1,0.654,0.9329775980087119,0.03012878409701854
3896,TFG--ALK,No Change,IPR000270|IPR000719,-0.04897058406377913,Lymphoid,1,0.639,0.9274336283185841,0.032717160835711856
2250,MRGPRF--MRGPRF,No Change,IPR017452,-0.04906553724652673,Liver,1,0.645,0.9302066374452098,0.031420565925830875
2383,NBR1--MYH11,Reintroduction,IPR000270|IPR000433|IPR032350,-0.04920568487012668,Head and Neck,1,0.657,0.9343501861042184,0.029490323567232354
3351,SCAP--MAP4,No Annotation,,-0.049358067769255165,Head and Neck,1,0.661,0.9350621212121213,0.0291595356478707
956,DDIAS--APLP2,Reintroduction,IPR002223|IPR024329|IPR019543,-0.04945790878239571,Cervix,1,0.684,0.9353235908141962,0.029038111702663925
1627,HACD2--MYLK,Reintroduction,IPR003598|IPR003598|IPR003598|IPR003598|IPR003598|IPR003598|IPR003598|IPR003961|IPR000719|IPR003598,-0.04947604221920417,Breast,1,0.657,0.9343501861042184,0.029490323567232354
1626,HACD2--MYLK,No Change,IPR003598|IPR003598|IPR003598|IPR003598|IPR003598|IPR003598|IPR003598|IPR003598|IPR003961|IPR000719|IPR003598,-0.04947604221920417,Breast,1,0.673,0.9350621212121213,0.0291595356478707
3267,RORA--WWOX,No Annotation,,-0.049746555324348934,Bowel,1,0.665,0.9350621212121213,0.0291595356478707
1230,EXOC4--LRGUK,No Change,IPR007191|IPR048630,-0.04974744982705634,Bone,1,0.648,0.9302066374452098,0.031420565925830875
2605,OXR1--ANGPT1,No Change,IPR057439|IPR002181,-0.04991429820731581,Bone,1,0.675,0.9350716631830398,0.029155103852294355
122,AKR1B15--BPGM,No Change,IPR023210,-0.04991728074448776,Peripheral Nervous System,1,0.648,0.9302066374452098,0.031420565925830875
4565,ZNF841--ZNF577,No Annotation,,-0.04998021293094367,Soft Tissue,1,0.642,0.9279854981084489,0.03245881057067305
4271,VCL--ADK,No Annotation,,-0.050001719068874365,Bowel,1,0.631,0.9213805732484076,0.03556094882304074
742,CLTCL1--CSMD1,Reintroduction,IPR000859|IPR000436|IPR000859|IPR000436|IPR000859|IPR000436|IPR000859|IPR000436|IPR000859|IPR000436|IPR000859|IPR000436|IPR000859|IPR000436|IPR000436|IPR000436|IPR000436|IPR000436|IPR000436|IPR000436|IPR000436|IPR000436|IPR000436|IPR000436|IPR000436|IPR000436|IPR000436|IPR000436,-0.05000434422346664,Skin,1,0.669,0.9350621212121213,0.0291595356478707
755,CNN3--ALG14,No Annotation,,-0.05003132512889558,Biliary Tract,1,0.653,0.9329775980087119,0.03012878409701854
163,ANKRD11--TCN1,No Change,IPR027954,-0.05009728038037687,CNS/Brain,1,0.694,0.9386401179941002,0.0275008877421874
2067,LTBP2--FAF1,Reinforcement,IPR000742|IPR000742|IPR001012,-0.050196171780433334,Biliary Tract,1,0.67,0.9350621212121213,0.0291595356478707
3096,RALGPS2--ANKRD34A,No Annotation,,-0.05020637831380716,Liver,1,0.653,0.9329775980087119,0.03012878409701854
1809,ITGB8--ESCO2,No Change,IPR002369|IPR057073|IPR000742,-0.050262060430431896,Skin,1,0.678,0.9350716631830398,0.029155103852294355
1589,GRK3--KIAA1671,Bridges,IPR016137|IPR032764,-0.05032771319942862,Esophagus/Stomach,1,0.689,0.9371299317709877,0.028200190607306278
1035,DNAJB6--UBE3C,No Change,IPR001623,-0.05035918134202089,Esophagus/Stomach,1,0.652,0.9327363494539782,0.03024109811687611
971,DEDD--UFC1,No Annotation,,-0.05051923088016028,Ovary/Fallopian Tube,1,0.639,0.9274336283185841,0.032717160835711856
4191,UBE3A--ATP10A,No Change,IPR044492|IPR032630,-0.05054770035427304,Bowel,1,0.649,0.9307679074131998,0.03115859946527886
1643,HDAC5--HOXB7,No Change,IPR001356,-0.05085939531633299,Ovary/Fallopian Tube,1,0.673,0.9350621212121213,0.0291595356478707
4275,VDR--VDR,Reinforcement,IPR001628|IPR000536|IPR001628|IPR000536,-0.0509030052930166,Head and Neck,1,0.667,0.9350621212121213,0.0291595356478707
709,CLEC16A--ATF7IP2,Bridges,IPR019155|IPR003961,-0.05113333624190326,Lung,1,0.659,0.9350621212121213,0.0291595356478707
2720,PHF14--TWIST1,No Change,IPR001965|IPR001965|IPR001965|IPR001965,-0.05120619690726882,Skin,1,0.669,0.9350621212121213,0.0291595356478707
2395,NCOA2--ACO1,Reintroduction,IPR000573,-0.051257153284176876,Esophagus/Stomach,1,0.674,0.9350716631830398,0.029155103852294355
460,BRWD3--HMGN5,Reintroduction,IPR057452,-0.05129943047245894,Lung,1,0.667,0.9350621212121213,0.0291595356478707
3429,SIPA1L3--ZNF573,No Change,IPR013087|IPR013087|IPR013087|IPR013087|IPR013087|IPR013087|IPR013087|IPR013087|IPR013087|IPR013087|IPR013087|IPR013087|IPR013087|IPR013087|IPR013087|IPR013087|IPR013087|IPR013087|IPR013087,-0.051341245126180934,Bowel,1,0.655,0.9338230721393035,0.029735400078590688
1364,FHOD3--ELP2,Reintroduction,IPR014768,-0.05151812529855558,Peripheral Nervous System,1,0.66,0.9350621212121213,0.0291595356478707
1774,INPP4B--PHKB,Reintroduction,IPR045583,-0.05160217668549147,Lung,1,0.646,0.9302066374452098,0.031420565925830875
4176,UBAP2--RAPGEF1,No Change,IPR000651|IPR001895,-0.05172235041722087,Uterus,1,0.654,0.9329775980087119,0.03012878409701854
4437,ZFP82--PPP1R37,No Annotation,,-0.051850675322829345,Soft Tissue,1,0.662,0.9350621212121213,0.0291595356478707
3151,RBM6--QRICH1,Reinforcement,IPR000504|IPR000504|IPR035617|IPR000467|IPR057926|IPR021893,-0.051855874565531604,Lymphoid,1,0.667,0.9350621212121213,0.0291595356478707
1483,GATAD2B--NUP210L,Reintroduction,IPR055094|IPR057586|IPR055095,-0.05191548233309155,Breast,2,0.699,0.9406853536835925,0.026555617816156143
384,BATF--TTLL5,No Annotation,,-0.05195044338698644,Lymphoid,1,0.672,0.9350621212121213,0.0291595356478707
2244,MOB3B--GABRB1,No Change,IPR006202|IPR006029,-0.05203736788009004,Skin,1,0.621,0.9175910409281341,0.0373508354015456
2476,NID2--NID2,Reinforcement,IPR003886|IPR000742|IPR006605|IPR000742|IPR000742|IPR000716,-0.0520417956692539,Ovary/Fallopian Tube,1,0.658,0.9349023861171367,0.02923373178390956
2523,NRCAM--PNPLA8,No Change,IPR002641,-0.052051171398546724,Lung,1,0.652,0.9327363494539782,0.03024109811687611
2522,NRCAM--PNPLA8,No Annotation,,-0.052051171398546724,Lung,1,0.668,0.9350621212121213,0.0291595356478707
2479,NIF3L1--NIF3L1,No Annotation,,-0.05218726490449107,Breast,1,0.643,0.9288453056080656,0.032056609488567415
4074,TRAF3--TECPR2,No Annotation,,-0.05221371165091099,Uterus,1,0.671,0.9350621212121213,0.0291595356478707
4133,TTC39C--LAMA3,Reintroduction,IPR000742|IPR009254|IPR010307|IPR001791|IPR001791|IPR001791|IPR001791|IPR001791,-0.05222407610818336,Breast,1,0.634,0.9239955499046408,0.03433012039949545
258,ARID1A--MAU2,No Annotation,,-0.05225700962803653,Lymphoid,1,0.647,0.9302066374452098,0.031420565925830875
2165,MED24--MEIOC,No Annotation,,-0.05232128052851431,Esophagus/Stomach,1,0.67,0.9350621212121213,0.0291595356478707
1184,EPM2AIP1--LRRFIP2,No Change,IPR040647,-0.052370623164435054,Ovary/Fallopian Tube,1,0.64,0.9274336283185841,0.032717160835711856
3923,TIMELESS--TBC1D30,No Change,IPR000195|IPR032738,-0.05240585723322025,Peripheral Nervous System,1,0.658,0.9349023861171367,0.02923373178390956
2890,PRDM2--KAZN,Reinforcement,IPR001214|IPR013087|IPR013087|IPR013087|IPR013087|IPR013087|IPR013087|IPR013087|IPR013087|IPR059089|IPR001660|IPR001660|IPR001660,-0.052464643118997074,Bone,1,0.654,0.9329775980087119,0.03012878409701854
525,CAPZA2--MET,No Change,IPR001627|IPR016201|IPR002909|IPR002909|IPR002909|IPR002909|IPR000719,-0.052469023819308284,Uterus,1,0.677,0.9350716631830398,0.029155103852294355
2036,LRMDA--ADK,No Annotation,,-0.0526059840697413,Eye,1,0.682,0.9350716631830398,0.029155103852294355
538,CASP7--ADRB1,No Annotation,,-0.05275563309666041,Breast,1,0.636,0.9248525214081827,0.03392751509345086
2871,PPP5C--PGLYRP1,No Change,IPR002502,-0.052868945293521284,Esophagus/Stomach,1,0.682,0.9350716631830398,0.029155103852294355
676,CHD2--CHD2,Reinforcement,IPR000953|IPR000953|IPR000330|IPR001650|IPR040793|IPR056302|IPR025260|IPR001650|IPR040793|IPR056302|IPR025260,-0.052889051396354476,Lung,1,0.678,0.9350716631830398,0.029155103852294355
4439,ZFP91--PTRH1,No Annotation,,-0.05292702301239389,Thyroid,1,0.711,0.9429953717095748,0.025490438806600586
4358,WWOX--VAT1L,No Change,IPR001202|IPR001202,-0.05292775681468119,Pancreas,1,0.66,0.9350621212121213,0.0291595356478707
121,AKR1A1--ADGRL4,No Change,IPR000742|IPR000742|IPR032471|IPR057244|IPR017981,-0.053170576928168095,Bowel,1,0.657,0.9343501861042184,0.029490323567232354
3833,TBL1XR1--NAALADL2,No Annotation,,-0.05325458448586329,Ovary/Fallopian Tube,1,0.684,0.9353235908141962,0.029038111702663925
160,ANKRD11--SLC5A12,No Change,IPR042700,-0.05335417176163553,Ovary/Fallopian Tube,1,0.682,0.9350716631830398,0.029155103852294355
1845,KAT6A--CPNE8,No Annotation,,-0.053473189334193705,Skin,1,0.663,0.9350621212121213,0.0291595356478707
2540,NSMF--EXD3,No Change,IPR058542,-0.05358587281867765,Uterus,1,0.663,0.9350621212121213,0.0291595356478707
2643,PAPSS1--PAPSS1,Reinforcement,IPR059117|IPR025980|IPR024951|IPR025980|IPR024951,-0.053629666651052066,Bone,1,0.635,0.9245712924738012,0.034059595338528335
3703,STS--PUDP,No Annotation,,-0.05363260280515623,CNS/Brain,1,0.662,0.9350621212121213,0.0291595356478707
3180,REX1BD--TMEM59L,No Annotation,,-0.05387113746545914,Skin,1,0.663,0.9350621212121213,0.0291595356478707
306,ATF1--POP5,No Annotation,,-0.053876177330486746,Pancreas,1,0.701,0.9411669106881405,0.026333350044852835
2979,PTPN14--PTPN14,No Change,IPR000299|IPR000242,-0.05392642126609598,Ovary/Fallopian Tube,1,0.676,0.9350716631830398,0.029155103852294355
2864,PPP2R5E--AHNAK,No Annotation,,-0.054036372249135364,Soft Tissue,1,0.681,0.9350716631830398,0.029155103852294355
1536,GNB1L--SEPTIN5,No Change,IPR030379,-0.05407132297772768,Liver,1,0.659,0.9350621212121213,0.0291595356478707
1871,KDM5A--NAV3,No Change,IPR057126|IPR003593|IPR057568,-0.05409106735521878,Peripheral Nervous System,1,0.693,0.9386401179941002,0.0275008877421874
3526,SMARCA4--CARM1,Reinforcement,IPR014978|IPR055135,-0.05418692885572508,Breast,2,0.683,0.9350716631830398,0.029155103852294355
346,AUH--NADSYN1,Reintroduction,IPR022310,-0.05421386182096916,Thyroid,1,0.688,0.9368814968814967,0.028315338146537482
1029,DNAAF2--RRAS2,Reintroduction,IPR012981,-0.05433953392993851,Ovary/Fallopian Tube,1,0.671,0.9350621212121213,0.0291595356478707
2929,PRRC2B--PLPP7,No Change,IPR009738,-0.05457010297191113,Breast,1,0.668,0.9350621212121213,0.0291595356478707
4315,WASF3--PIGL,No Annotation,,-0.05462707185054612,Bone,1,0.683,0.9350716631830398,0.029155103852294355
157,ANKRD11--MS4A3,No Annotation,,-0.0546384115078807,CNS/Brain,1,0.687,0.9368814968814967,0.028315338146537482
754,CNN2--ARID3A,No Change,IPR001606|IPR023334,-0.0547951858037186,Soft Tissue,1,0.677,0.9350716631830398,0.029155103852294355
1628,HACD2--MYLK,Reintroduction,IPR003598|IPR003598|IPR003598|IPR003598|IPR003598|IPR003598|IPR003598|IPR003961|IPR000719|IPR003598,-0.05483451353780163,Head and Neck,1,0.703,0.941371203271028,0.026239090979251794
3842,TCEANC2--AP2A1,No Change,IPR002553|IPR008152|IPR003164,-0.054858527734084214,Lung,1,0.684,0.9353235908141962,0.029038111702663925
1652,HELZ--ARHGAP12,No Change,IPR001849|IPR000198,-0.054905380525289524,Breast,1,0.637,0.9254261723700888,0.033658222195992314
4518,ZNF57--PLPPR2,No Change,IPR000326,-0.054907073415199806,Prostate,1,0.676,0.9350716631830398,0.029155103852294355
2037,LRMDA--ADK,No Change,IPR011611,-0.05493214237471686,Lung,1,0.687,0.9368814968814967,0.028315338146537482
1888,KIAA1958--PTGS1,No Change,IPR000742,-0.054983375617512195,Esophagus/Stomach,1,0.677,0.9350716631830398,0.029155103852294355
769,CNPY1--EN2,Bridges,IPR021852|IPR000747|IPR020479|IPR020479|IPR000747,-0.05505937926103377,Lung,1,0.671,0.9350621212121213,0.0291595356478707
3333,SARNP--PYM1,Bridges,IPR003034|IPR015362,-0.05513989743757158,Soft Tissue,1,0.677,0.9350716631830398,0.029155103852294355
1429,FRS2--NUP107,No Annotation,,-0.055276087096005476,Soft Tissue,1,0.708,0.9422873730043541,0.025816628547835743
390,BBX--FRMD4B,No Annotation,,-0.055513039592788416,Lung,1,0.674,0.9350716631830398,0.029155103852294355
1603,GSTP1--CPT1A,No Change,IPR004045,-0.05557628929961264,Esophagus/Stomach,1,0.679,0.9350716631830398,0.029155103852294355
3615,SPINT1--HIF1A,Reinforcement,IPR011106|IPR014887,-0.055696021844583124,Ovary/Fallopian Tube,1,0.697,0.939648632755072,0.027034513828672807
168,ANKRD13A--TCHP,No Annotation,,-0.05572156519690438,Breast,1,0.678,0.9350716631830398,0.029155103852294355
1655,HERC1--DAPK2,No Annotation,,-0.055733391610259767,Lung,1,0.679,0.9350716631830398,0.029155103852294355
2750,PIK3CB--CLSTN2,No Change,IPR002126|IPR045588,-0.055900953676539175,Bladder/Urinary Tract,1,0.668,0.9350621212121213,0.0291595356478707
674,CHCHD3--KHDRBS2,Reintroduction,IPR032335,-0.05593272702548347,Esophagus/Stomach,1,0.669,0.9350621212121213,0.0291595356478707
3022,QKI--PACRG,Reintroduction,IPR032377|IPR004087,-0.05593481414123838,Pleura,1,0.667,0.9350621212121213,0.0291595356478707
847,CRIM1--CRIM1,Reinforcement,IPR000867|IPR001007|IPR001007|IPR004094|IPR001007|IPR001007|IPR004094|IPR004094|IPR004094|IPR004094|IPR001007|IPR001007|IPR001007|IPR001007|IPR045813,-0.055951149921335014,Lung,1,0.682,0.9350716631830398,0.029155103852294355
2671,PCM1--FGL1,No Change,IPR002181,-0.055981758422494206,Head and Neck,1,0.699,0.9406853536835925,0.026555617816156143
3621,SPTAN1--GLE1,No Annotation,,-0.056029625173201154,Soft Tissue,1,0.692,0.9386401179941002,0.0275008877421874
1207,ERV3-1--ZNF28,No Change,IPR013087|IPR013087|IPR013087|IPR013087|IPR013087|IPR013087|IPR013087|IPR013087|IPR013087|IPR013087|IPR013087|IPR013087|IPR013087|IPR013087|IPR013087|IPR013087|IPR013087|IPR013087,-0.056042691569099176,Breast,1,0.667,0.9350621212121213,0.0291595356478707
1891,KIF1B--CNKSR2,Reintroduction,IPR010599|IPR001849,-0.05606504670565215,Bone,1,0.678,0.9350716631830398,0.029155103852294355
2131,MBOAT7--FXYD5,No Annotation,,-0.056084715479402636,Lymphoid,1,0.676,0.9350716631830398,0.029155103852294355
1200,ERGIC1--NEURL1B,Bridges,IPR039542|IPR006573|IPR001841,-0.05615841172799442,Biliary Tract,1,0.702,0.941371203271028,0.026239090979251794
1680,HMBOX1--INTS9,No Change,IPR001279|IPR022712|IPR048660,-0.056181206020022995,Lung,1,0.695,0.9388847967000588,0.02738769338550329
2811,POLB--PLAT,No Change,IPR000083|IPR000742|IPR000001|IPR000001|IPR001254,-0.05618190496807114,Lung,1,0.694,0.9386401179941002,0.0275008877421874
3964,TMEM184C--ARHGAP10,No Change,IPR001452,-0.056331684953166386,Ovary/Fallopian Tube,1,0.668,0.9350621212121213,0.0291595356478707
2662,PBRM1--NT5DC2,Reintroduction,IPR001487|IPR001487|IPR001487|IPR001487|IPR001487|IPR001487|IPR001025,-0.05645165331928482,Lung,1,0.701,0.9411669106881405,0.026333350044852835
1842,KANSL1--NARS2,Reintroduction,IPR004364,-0.056756694787160736,Ovary/Fallopian Tube,1,0.677,0.9350716631830398,0.029155103852294355
596,CD200R1L--CD200R1L,No Change,IPR007110,-0.056760755777986054,Soft Tissue,1,0.684,0.9353235908141962,0.029038111702663925
3880,TENT4A--FOXP2,No Annotation,,-0.05676473146908635,Lung,1,0.672,0.9350621212121213,0.0291595356478707
2837,PPFIA1--ANO1,Reintroduction,IPR057892,-0.0568498362499422,Ovary/Fallopian Tube,1,0.683,0.9350716631830398,0.029155103852294355
1582,GREB1L--TULP3,Bridges,IPR046926|IPR000007,-0.056873233408784925,Liver,1,0.681,0.9350716631830398,0.029155103852294355
4307,VSTM2L--CTNNBL1,No Annotation,,-0.056930422477208587,Breast,2,0.738,0.9531633802816901,0.02083265122601264
3744,SYF2--RHCE,No Annotation,,-0.05698211607306605,Pleura,1,0.681,0.9350716631830398,0.029155103852294355
2175,MEIOB--PHF20,No Change,IPR056880,-0.05700368612660505,Bone,1,0.673,0.9350621212121213,0.0291595356478707
1613,GTF2IRD1--MAGI2,No Change,IPR001202|IPR001202|IPR001478|IPR001478|IPR001478|IPR001478|IPR001478,-0.057058376777669825,Thyroid,1,0.677,0.9350716631830398,0.029155103852294355
1256,FAM117A--COQ10A,No Annotation,,-0.05754269936199438,Lung,1,0.668,0.9350621212121213,0.0291595356478707
2090,MAP3K13--SENP2,Bridges,IPR000719|IPR003653,-0.05755430345207441,Liver,1,0.672,0.9350621212121213,0.0291595356478707
3376,SEL1L3--SEL1L3,No Annotation,,-0.05755568140514173,Bowel,2,0.742,0.9532277949005323,0.020803302670593476
186,ANO1--ANO1,Reintroduction,IPR032394,-0.05757212402842322,Skin,1,0.652,0.9327363494539782,0.03024109811687611
4122,TSPAN31--NDUFA12,No Annotation,,-0.05767068515453392,Soft Tissue,2,0.725,0.9489793025233909,0.02274325954099387
990,DGCR8--STXBP6,No Change,IPR028258|IPR037822,-0.05778499279291786,Skin,1,0.673,0.9350621212121213,0.0291595356478707
440,BORCS5--FAM234B,No Annotation,,-0.057854097787009263,Kidney,1,0.689,0.9371299317709877,0.028200190607306278
4401,ZBTB20--ZNF80,No Change,IPR013087|IPR013087|IPR013087|IPR013087|IPR013087|IPR013087|IPR013087,-0.05799253951713543,Liver,1,0.696,0.9394053576685311,0.027146967253425948
1499,GDPD5--XRRA1,No Annotation,,-0.05799540555574762,Myeloid,1,0.658,0.9349023861171367,0.02923373178390956
568,CCDC81--PARP8,Bridges,IPR028034|IPR012317,-0.05806933394424766,Skin,1,0.667,0.9350621212121213,0.0291595356478707
4302,VPS53--NAA38,No Change,IPR001163,-0.0581240536683421,Breast,1,0.659,0.9350621212121213,0.0291595356478707
4174,UBALD2--CCR10,Reinforcement,IPR054109|IPR017452,-0.05814858179702183,Bowel,1,0.669,0.9350621212121213,0.0291595356478707
1623,H2AC6--H4C4,Bridges,IPR007125|IPR032454|IPR004823,-0.05834689818396996,Breast,1,0.666,0.9350621212121213,0.0291595356478707
1945,LAMA3--RBBP8,Bridges,IPR008211|IPR013882,-0.0584026516665051,Ovary/Fallopian Tube,1,0.7,0.9411669106881405,0.026333350044852835
2111,MAPT--SPECC1L,No Change,IPR001715,-0.0584153005529871,Esophagus/Stomach,1,0.681,0.9350716631830398,0.029155103852294355
3820,TBC1D32--GPT2,Bridges,IPR055391|IPR032735|IPR004839,-0.0585523625534029,Bladder/Urinary Tract,1,0.68,0.9350716631830398,0.029155103852294355
4446,ZFYVE9--BTF3L4,No Change,IPR002715,-0.05859842109016211,Head and Neck,1,0.709,0.9427972737819025,0.025581681963568782
3479,SLC39A11--CDC42EP4,No Change,IPR000095|IPR029273,-0.058747150053739886,Breast,1,0.673,0.9350621212121213,0.0291595356478707
873,CTBS--ELAVL4,No Change,IPR000504|IPR000504,-0.05878646906864172,Skin,1,0.641,0.9279854981084489,0.03245881057067305
1837,KANK1--DMRT1,No Annotation,,-0.05879783923649768,CNS/Brain,1,0.665,0.9350621212121213,0.0291595356478707
3482,SLC39A8--SLC9B1,No Annotation,,-0.05895931779169496,Cervix,1,0.715,0.9447478386167146,0.02468409298375324
1319,FBXO34--RALGAPA1,No Change,IPR001810,-0.059053965208353404,Ovary/Fallopian Tube,1,0.694,0.9386401179941002,0.0275008877421874
4545,ZNF655--PLEKHA5,No Change,IPR001849|IPR057971,-0.05928770040738058,Soft Tissue,1,0.677,0.9350716631830398,0.029155103852294355
324,ATP13A3--TMEM44,No Annotation,,-0.05932213220662064,Breast,1,0.669,0.9350621212121213,0.0291595356478707
2982,PTPN14--SERTAD4,No Annotation,,-0.059361668710982196,Pleura,1,0.669,0.9350621212121213,0.0291595356478707
2150,MDM2--MDM1,No Change,IPR003121|IPR001876|IPR001841,-0.059382204031536906,Soft Tissue,1,0.68,0.9350716631830398,0.029155103852294355
3823,TBC1D32--ZFAT,Bridges,IPR055391|IPR032735|IPR013087|IPR013087|IPR013087,-0.059411523696345246,Esophagus/Stomach,1,0.701,0.9411669106881405,0.026333350044852835
2991,PTPRG--CTNNA3,No Annotation,,-0.059440324863961655,Soft Tissue,1,0.688,0.9368814968814967,0.028315338146537482
2539,NSMCE1--GTF3C1,Reintroduction,IPR035625,-0.059464000070512724,CNS/Brain,1,0.708,0.9422873730043541,0.025816628547835743
3763,SYT1--ARID4A,Reintroduction,IPR001606|IPR000953,-0.05958838858025548,Peripheral Nervous System,1,0.667,0.9350621212121213,0.0291595356478707
267,ARID4A--SYT1,Reinforcement,IPR047472|IPR002999|IPR012603|IPR000008|IPR000008,-0.05958838858025548,Peripheral Nervous System,1,0.682,0.9350716631830398,0.029155103852294355
2216,MIER3--CDC20B,Bridges,IPR000949|IPR056150,-0.05961995543040768,Esophagus/Stomach,1,0.692,0.9386401179941002,0.0275008877421874
1261,FAM13B--BRD8,Reinforcement,IPR000198|IPR001487|IPR001487,-0.05968277845514571,Uterus,1,0.676,0.9350716631830398,0.029155103852294355
4166,UACA--TMPRSS11D,No Change,IPR001254,-0.05969585378453446,Uterus,1,0.671,0.9350621212121213,0.0291595356478707
1303,FBXL13--CCDC146,No Change,IPR001810|IPR057207|IPR057207,-0.05972135518176255,Lymphoid,1,0.682,0.9350716631830398,0.029155103852294355
619,CDH1--CDH3,Reintroduction,IPR002126|IPR000233,-0.05972725384189515,Uterus,1,0.686,0.9368814968814967,0.028315338146537482
4501,ZNF461--SPTB,No Change,IPR001715|IPR001715,-0.05987848829611876,Bladder/Urinary Tract,1,0.699,0.9406853536835925,0.026555617816156143
2681,PDE3A--SLCO1C1,No Annotation,,-0.05990188264287123,Liver,1,0.686,0.9368814968814967,0.028315338146537482
2319,MYEOV--BTLA,No Change,IPR003599,-0.060251696407043344,Uterus,1,0.67,0.9350621212121213,0.0291595356478707
14,ABCC3--ABCC3,Reintroduction,IPR056227|IPR011527|IPR003439|IPR011527,-0.06029398066231346,Lung,1,0.703,0.941371203271028,0.026239090979251794
3453,SLC22A17--MYH7,No Change,IPR004009|IPR001609|IPR002928,-0.060321376413435865,Uterus,1,0.688,0.9368814968814967,0.028315338146537482
3406,SGPL1--PALD1,No Annotation,,-0.06041675569574831,Ovary/Fallopian Tube,1,0.718,0.9451708297444732,0.02448969020989602
2112,MARCHF7--LY75,Reintroduction,IPR001304|IPR001304|IPR001304,-0.060478257315937985,Biliary Tract,1,0.697,0.939648632755072,0.027034513828672807
4093,TRIM2--FSTL5,No Change,IPR003598,-0.06047904223586825,Peripheral Nervous System,1,0.689,0.9371299317709877,0.028200190607306278
111,AIDA--FGGY,Reintroduction,IPR018485,-0.0604920481274652,CNS/Brain,1,0.687,0.9368814968814967,0.028315338146537482
3551,SMYD4--SMG6,Reinforcement,IPR001214|IPR002716,-0.06050263684862717,Lung,1,0.691,0.9386401179941002,0.0275008877421874
2691,PDIA4--EZH2,Reinforcement,IPR005788|IPR005788|IPR041866|IPR001005|IPR026489|IPR001214,-0.06050361252309351,Bone,1,0.703,0.941371203271028,0.026239090979251794
4573,ZNRF1--HPN,No Change,IPR001190|IPR001254,-0.06051483894727669,Head and Neck,2,0.769,0.9548290315464372,0.020074384754578973
1014,DIP2B--COQ5,No Annotation,,-0.060550458004852675,Esophagus/Stomach,1,0.688,0.9368814968814967,0.028315338146537482
190,ANP32A--REC114,No Annotation,,-0.06060885295013889,Bowel,1,0.655,0.9338230721393035,0.029735400078590688
806,CPEB1--IGF1R,Reintroduction,IPR000494|IPR003961|IPR003961|IPR003961|IPR000719,-0.06065623750728163,Soft Tissue,1,0.676,0.9350716631830398,0.029155103852294355
805,CPEB1--IGF1R,Reinforcement,IPR032292|IPR000494|IPR003961|IPR003961|IPR003961|IPR000719,-0.06065623750728163,Soft Tissue,1,0.693,0.9386401179941002,0.0275008877421874
4349,WRN--GSR,Reinforcement,IPR002562|IPR011545|IPR001650|IPR032284|IPR018982|IPR002121|IPR029491|IPR004099,-0.060773908258493485,CNS/Brain,1,0.694,0.9386401179941002,0.0275008877421874
2402,NCOA3--PCK1,No Change,IPR035078|IPR035077,-0.06077486869381966,Peripheral Nervous System,1,0.683,0.9350716631830398,0.029155103852294355
899,CTSC--CTSC,No Change,IPR014882|IPR000668,-0.060797648043377006,Lymphoid,1,0.668,0.9350621212121213,0.0291595356478707
3608,SPECC1L--KCNJ6,No Change,IPR040445|IPR041647,-0.060833582051720736,Lymphoid,1,0.671,0.9350621212121213,0.0291595356478707
876,CTCF--GRAP2,No Change,IPR001452|IPR000980|IPR001452,-0.06084580197587458,Esophagus/Stomach,1,0.737,0.9524083990980834,0.021176783294597427
1737,IGF1R--PLIN1,No Change,IPR000494|IPR006211|IPR000494|IPR003961|IPR003961|IPR003961|IPR000719,-0.06089777844421848,Soft Tissue,1,0.695,0.9388847967000588,0.02738769338550329
4448,ZHX1--ATAD2,No Change,IPR003593|IPR041569|IPR001487,-0.06095484800675303,Uterus,1,0.677,0.9350716631830398,0.029155103852294355
3163,RCC1--UBE2D2,No Annotation,,-0.0612199980139996,Esophagus/Stomach,1,0.691,0.9386401179941002,0.0275008877421874
3538,SMCO4--MS4A12,No Annotation,,-0.061229164501889366,Bladder/Urinary Tract,1,0.708,0.9422873730043541,0.025816628547835743
4041,TP53--SHBG,No Annotation,,-0.06131063140340159,Lymphoid,1,0.676,0.9350716631830398,0.029155103852294355
3785,TANC1--PKP4,No Annotation,,-0.06141722021907526,Lymphoid,1,0.661,0.9350621212121213,0.0291595356478707
3098,RALGPS2--POLR3GL,No Annotation,,-0.0617864524197384,Liver,1,0.68,0.9350716631830398,0.029155103852294355
3156,RBPMS--CD53,No Change,IPR000504,-0.06204192410659634,Lung,1,0.707,0.9422873730043541,0.025816628547835743
1145,ELOVL5--KLHL31,No Annotation,,-0.062072026119803406,Skin,4,0.826,0.9548290315464372,0.020074384754578973
4170,UBA2--GPI,Reintroduction,IPR035482,-0.06214182289789552,Lung,1,0.703,0.941371203271028,0.026239090979251794
3211,RHPN2--INSL3,No Annotation,,-0.06219140959724308,Skin,1,0.668,0.9350621212121213,0.0291595356478707
4292,VOPP1--ZNF713,No Change,IPR001909|IPR013087|IPR013087|IPR013087|IPR013087|IPR013087|IPR013087|IPR013087,-0.06228055391513274,Liver,1,0.69,0.9382117437722419,0.02769913520940954
3465,SLC27A5--MAST2,Reinforcement,IPR000873|IPR015022|IPR000719|IPR000961|IPR001478,-0.0623665797310089,Bladder/Urinary Tract,1,0.703,0.941371203271028,0.026239090979251794
1793,IQGAP1--ZNF774,No Change,IPR013087|IPR013087|IPR013087|IPR013087|IPR013087|IPR013087|IPR013087|IPR013087|IPR013087|IPR013087|IPR013087|IPR013087,-0.062462853381531395,Lung,1,0.703,0.941371203271028,0.026239090979251794
2920,PRPF40B--COQ5,No Annotation,,-0.0625138047892461,Esophagus/Stomach,1,0.71,0.9429953717095748,0.025490438806600586
2800,PLXND1--TMCC1,No Change,IPR001627|IPR016201|IPR041019|IPR016201,-0.06259753904625383,Breast,1,0.694,0.9386401179941002,0.0275008877421874
2801,PLXND1--TMCC1,Reintroduction,IPR001627|IPR016201|IPR041019|IPR016201|IPR016201,-0.06259753904625383,Breast,1,0.683,0.9350716631830398,0.029155103852294355
3201,RGS5--TRHDE,No Change,IPR045357|IPR014782|IPR024571,-0.0626025780231271,Soft Tissue,1,0.7,0.9411669106881405,0.026333350044852835
1763,IMMP2L--LAMB1,Reintroduction,IPR013015|IPR000742|IPR000742|IPR000742|IPR000742|IPR000742|IPR000742|IPR000742|IPR000742|IPR056558,-0.06289363957672026,Esophagus/Stomach,1,0.698,0.9406853536835925,0.026555617816156143
3015,PXN--PLA2G1B,No Change,IPR016090,-0.06293026046753522,Lung,1,0.699,0.9406853536835925,0.026555617816156143
1147,ELOVL5--PKHD1,Reintroduction,IPR002909|IPR002909|IPR002909|IPR002909|IPR002909|IPR019316|IPR055401|IPR019316|IPR039448,-0.0631375782466656,Lung,1,0.693,0.9386401179941002,0.0275008877421874
3853,TCIRG1--BBS9,Reintroduction,IPR028074|IPR055362|IPR055363|IPR055364,-0.06325912763483736,Thyroid,1,0.701,0.9411669106881405,0.026333350044852835
642,CELF1--CARD18,No Change,IPR001315,-0.06333919872254039,CNS/Brain,1,0.715,0.9447478386167146,0.02468409298375324
1399,FOCAD--DMRTA1,Reintroduction,IPR005173|IPR046472,-0.06335678501165386,Lung,1,0.67,0.9350621212121213,0.0291595356478707
144,ANAPC1--MTA3,Bridges,IPR049255|IPR049255|IPR046794|IPR048971|IPR041221|IPR000949|IPR001005|IPR000679|IPR035170,-0.0633856149606688,Lymphoid,1,0.692,0.9386401179941002,0.0275008877421874
260,ARID1A--RPS6KA1,No Annotation,,-0.06353816835696803,Esophagus/Stomach,1,0.705,0.9421232876712329,0.025892261058734763
2289,MTA3--PHKA1,Reintroduction,IPR045583,-0.0635764389173587,Bone,1,0.667,0.9350621212121213,0.0291595356478707
3824,TBC1D32--ZMAT5,Reintroduction,IPR055391|IPR032735,-0.06361963346894423,Bladder/Urinary Tract,1,0.685,0.9364117471675613,0.028533146771601393
3839,TC2N--FBLN5,No Change,IPR000742|IPR000742|IPR000742|IPR000742|IPR000742|IPR055088,-0.06365847406277551,Breast,1,0.72,0.9467163751075424,0.02378011093866815
4407,ZBTB40--ZMYM4,No Change,IPR010507|IPR010507|IPR010507|IPR010507|IPR011017|IPR010507|IPR010507|IPR010507|IPR011017|IPR010507|IPR057926|IPR021893,-0.06373071483259196,Esophagus/Stomach,1,0.708,0.9422873730043541,0.025816628547835743
656,CEP170--AGT,No Change,IPR023796,-0.06377149667838987,Skin,1,0.676,0.9350716631830398,0.029155103852294355
3543,SMIM19--SLC20A2,No Annotation,,-0.06385171559703466,Myeloid,1,0.673,0.9350621212121213,0.0291595356478707
1379,FLNB--SLMAP,No Change,IPR001715|IPR001715,-0.0640544417777721,Bowel,1,0.666,0.9350621212121213,0.0291595356478707
4580,ZSCAN22--CHMP2A,No Annotation,,-0.06413702557302164,Lung,1,0.719,0.9456726907630522,0.024259152385051885
579,CCNE2--RMDN1,No Annotation,,-0.06415681771661152,Breast,1,0.692,0.9386401179941002,0.0275008877421874
4145,TULP3--FKBP4,Reinforcement,IPR005398|IPR001179,-0.06417881847665897,Lung,1,0.712,0.9437756577045389,0.0251312283714652
4284,VIT--FEZ2,No Annotation,,-0.06420246318595617,Bladder/Urinary Tract,1,0.691,0.9386401179941002,0.0275008877421874
2054,LRRN2--CAMSAP2,Reintroduction,IPR001715|IPR014797,-0.06423963204227104,Breast,1,0.688,0.9368814968814967,0.028315338146537482
1398,FOCAD--ASIC2,No Annotation,,-0.0643316271038644,Lung,1,0.697,0.939648632755072,0.027034513828672807
399,BCAS2--BCAS2,No Annotation,,-0.06436760489902371,Peripheral Nervous System,1,0.683,0.9350716631830398,0.029155103852294355
2745,PIGU--NCOA6,No Annotation,,-0.0644080808436204,Lung,1,0.712,0.9437756577045389,0.0251312283714652
1497,GCN1--MSI1,No Annotation,,-0.06451731060598333,Breast,2,0.761,0.9545860477741586,0.020184917569790437
1561,GPBP1--SV2C,No Annotation,,-0.06459066733131268,Pancreas,1,0.717,0.9451708297444732,0.02448969020989602
3866,TEAD4--AMN1,No Change,IPR057207,-0.0645958372151529,Pancreas,1,0.688,0.9368814968814967,0.028315338146537482
3865,TEAD4--AMN1,No Annotation,,-0.0645958372151529,Pancreas,1,0.747,0.9534050527484731,0.020722550778008143
3511,SLC9B2--BANK1,No Change,IPR000157|IPR017893,-0.06489953061582976,CNS/Brain,1,0.718,0.9451708297444732,0.02448969020989602
1182,EPHA2--FBXO42,No Change,IPR001090,-0.06492725994401365,Ovary/Fallopian Tube,1,0.707,0.9422873730043541,0.025816628547835743
1933,KRIT1--IGSF3,Reintroduction,IPR003599|IPR003598|IPR003598|IPR003599|IPR003599|IPR003598|IPR003599,-0.06494836559960449,Myeloid,1,0.683,0.9350716631830398,0.029155103852294355
1932,KRIT1--IGSF3,No Change,IPR003598|IPR003599|IPR003598|IPR003598|IPR003599|IPR003599|IPR003598|IPR003599,-0.06494836559960449,Myeloid,1,0.666,0.9350621212121213,0.0291595356478707
1742,IGSF9--IGSF9,No Change,IPR003598|IPR003598|IPR003598|IPR003598|IPR003598|IPR003961|IPR003961,-0.06497892206537745,Bladder/Urinary Tract,1,0.707,0.9422873730043541,0.025816628547835743
2780,PLD3--BLVRB,No Change,IPR001736,-0.06497966524946033,Lung,1,0.729,0.9489793025233909,0.02274325954099387
4252,UTRN--STX11,No Change,IPR006011|IPR000727,-0.06529206868216664,Uterus,1,0.676,0.9350716631830398,0.029155103852294355
3415,SIK3--MMP20,No Change,IPR001818|IPR000585,-0.06538616748490955,Pleura,1,0.699,0.9406853536835925,0.026555617816156143
803,COX19--PRKAR1B,Bridges,IPR010625|IPR000595,-0.06543044610138674,Bowel,1,0.696,0.9394053576685311,0.027146967253425948
2606,OXR1--PTK2,No Change,IPR000299|IPR000719|IPR005189,-0.06559601899140888,Lung,1,0.71,0.9429953717095748,0.025490438806600586
1734,IFT88--HSPH1,No Annotation,,-0.06560354172718451,Pleura,1,0.701,0.9411669106881405,0.026333350044852835
2853,PPM1K--PLAC8,No Annotation,,-0.06560922033717054,Uterus,1,0.702,0.941371203271028,0.026239090979251794
639,CDKN2A--NUDT2,No Annotation,,-0.06573646172557801,Skin,1,0.673,0.9350621212121213,0.0291595356478707
4364,XPR1--MR1,No Change,IPR001039|IPR001039|IPR001039|IPR001039|IPR003597,-0.06574284942970428,Peripheral Nervous System,1,0.695,0.9388847967000588,0.02738769338550329
697,CHRNE--SLC43A2,No Annotation,,-0.06597413873071,Bone,1,0.709,0.9427972737819025,0.025581681963568782
1572,GPR78--HMCN1,Reinforcement,IPR017452|IPR003598|IPR003598|IPR003598|IPR003598|IPR003598|IPR003598|IPR003598|IPR003598|IPR003598|IPR003598|IPR003598|IPR003598|IPR003598|IPR003598|IPR003598|IPR003598|IPR003598|IPR003598|IPR013106|IPR003598|IPR003598|IPR003598|IPR003598|IPR003598|IPR003598|IPR003598|IPR003598|IPR003598|IPR003598|IPR003598|IPR003598|IPR003598|IPR003598|IPR003598|IPR003598|IPR003598|IPR003598|IPR003598|IPR003598|IPR003598|IPR003598|IPR003598|IPR003598|IPR003598|IPR003598|IPR006605|IPR000742|IPR000742|IPR000742|IPR000742|IPR000742|IPR000742|IPR000742|IPR000742,-0.0660992346137268,Soft Tissue,2,0.763,0.9545860477741586,0.020184917569790437
4043,TP53--SHBG,No Change,IPR001791,-0.06612350940034854,Bone,1,0.694,0.9386401179941002,0.0275008877421874
3393,SETD3--CCDC85C,No Annotation,,-0.06629986017406211,Pleura,1,0.695,0.9388847967000588,0.02738769338550329
3832,TBL1XR1--FARP1,No Change,IPR000299|IPR014847|IPR000219|IPR001849|IPR001849,-0.06643881035740133,CNS/Brain,1,0.714,0.9447478386167146,0.02468409298375324
4581,ZSWIM4--RFX1,Reinforcement,IPR007527|IPR007668|IPR003150|IPR057321,-0.06660952583246131,Lung,2,0.78,0.9548290315464372,0.020074384754578973
4231,USP34--XPO1,Reintroduction,IPR013598|IPR014877,-0.0667448608266312,Bladder/Urinary Tract,2,0.767,0.9545860477741586,0.020184917569790437
1852,KCNJ6--FAM3B,Bridges,IPR040445|IPR039477,-0.06680316862877089,Esophagus/Stomach,1,0.713,0.9442822068168689,0.02489819368146958
2127,MBNL1--DDX19B,No Change,IPR014014|IPR011545|IPR001650,-0.06688029345594466,CNS/Brain,1,0.707,0.9422873730043541,0.025816628547835743
4406,ZBTB4--TMEM256,No Annotation,,-0.06720000582209057,Head and Neck,1,0.73,0.9489793025233909,0.02274325954099387
2389,NCK1--IL20RB,Reintroduction,IPR015373,-0.06726929681203049,Esophagus/Stomach,1,0.744,0.9534050527484731,0.020722550778008143
360,B3GNTL1--SLC9A8,No Change,IPR001173,-0.06744530244859054,Breast,1,0.718,0.9451708297444732,0.02448969020989602
1985,LECT2--TGFBI,No Change,IPR011489|IPR000782|IPR000782|IPR000782|IPR000782,-0.06745314957368759,Soft Tissue,1,0.701,0.9411669106881405,0.026333350044852835
1571,GPR78--CDH10,Reinforcement,IPR017452|IPR002126|IPR002126|IPR002126|IPR002126|IPR002126|IPR000233,-0.06766619416806618,Soft Tissue,2,0.781,0.9548290315464372,0.020074384754578973
3710,STX5--WDR74,No Annotation,,-0.06788708882674621,Ovary/Fallopian Tube,1,0.718,0.9451708297444732,0.02448969020989602
2912,PRMT3--PI4KA,No Change,IPR001263|IPR000403,-0.06792241955424513,Soft Tissue,1,0.726,0.9489793025233909,0.02274325954099387
3004,PUS7--ATXN7L1,No Change,IPR013243,-0.06794556074367525,Breast,1,0.704,0.9421232876712329,0.025892261058734763
3284,RPS6KB1--DIAPH3,No Annotation,,-0.06796258361820515,Breast,2,0.761,0.9545860477741586,0.020184917569790437
497,CA10--SLC25A21,No Annotation,,-0.06801719933217072,Lung,1,0.727,0.9489793025233909,0.02274325954099387
1174,EPB41L1--TUBB1,Bridges,IPR000299|IPR014847|IPR018316,-0.06803199915357667,Bladder/Urinary Tract,1,0.729,0.9489793025233909,0.02274325954099387
1371,FKBP3--KLHL28,No Change,IPR041200,-0.06810722603680482,Pancreas,1,0.727,0.9489793025233909,0.02274325954099387
2974,PTP4A2--CLDN16,No Annotation,,-0.06816852292787741,Soft Tissue,1,0.711,0.9429953717095748,0.025490438806600586
4049,TPCN2--CCND1,No Annotation,,-0.06838776190774117,CNS/Brain,1,0.733,0.9499166195590729,0.02231451392653648
2008,LMBRD1--COL9A1,No Annotation,,-0.06842094677883168,Soft Tissue,1,0.722,0.9485300859598853,0.02294888938350092
2272,MRTFA--GALNT18,No Change,IPR000772,-0.06864319284564951,Skin,1,0.696,0.9394053576685311,0.027146967253425948
286,ARRB1--KLHL35,No Annotation,,-0.06877210255804127,Breast,1,0.708,0.9422873730043541,0.025816628547835743
926,DAB1--ST6GALNAC5,No Annotation,,-0.06879608957264291,CNS/Brain,1,0.737,0.9524083990980834,0.021176783294597427
1578,GRB2--CENPX,No Annotation,,-0.06881286309394158,Bone,1,0.727,0.9489793025233909,0.02274325954099387
1988,LEMD3--OSBPL8,No Change,IPR003887|IPR018996|IPR034394,-0.06891633667309455,Lung,1,0.732,0.9494257425742574,0.02253899706848647
1846,KAT6A--PLAT,Reinforcement,IPR048589|IPR005818|IPR000083|IPR000742|IPR000001|IPR000001|IPR001254,-0.06893243546391394,Uterus,1,0.706,0.9422873730043541,0.025816628547835743
3546,SMYD3--ADSS2,No Annotation,,-0.06898254105534249,Lymphoid,1,0.711,0.9429953717095748,0.025490438806600586
1370,FKBP2--DNAJC4,No Annotation,,-0.06898553698521048,Esophagus/Stomach,1,0.736,0.9521896162528217,0.02127655887147437
3301,RSPRY1--SPG7,No Change,IPR011546|IPR003593|IPR041569|IPR000642,-0.0692683434044742,Liver,1,0.735,0.9514328063241108,0.021621877763821105
786,COL5A1--ECE1,No Change,IPR008753|IPR018497,-0.06928392863902844,Bone,1,0.713,0.9442822068168689,0.02489819368146958
2052,LRRC8D--DIAPH2,No Change,IPR014767,-0.06929290033040512,Breast,1,0.709,0.9427972737819025,0.025581681963568782
1574,GPSM2--CSF1,No Annotation,,-0.0693549058100554,Skin,1,0.694,0.9386401179941002,0.0275008877421874
510,CALCRL--C2orf80,No Annotation,,-0.06941102391424839,Lymphoid,1,0.715,0.9447478386167146,0.02468409298375324
112,AIFM2--LRRC20,No Annotation,,-0.06947067810152519,Ovary/Fallopian Tube,1,0.73,0.9489793025233909,0.02274325954099387
2457,NFE2L2--SELENOP,Reintroduction,IPR007672,-0.0696531667442031,Esophagus/Stomach,1,0.733,0.9499166195590729,0.02231451392653648
2456,NFE2L2--SELENOP,No Change,IPR007671|IPR007672,-0.0696531667442031,Esophagus/Stomach,1,0.714,0.9447478386167146,0.02468409298375324
1944,LAMA3--NPC1,Bridges,IPR008211|IPR002049|IPR000731,-0.06972670305583063,Lung,1,0.717,0.9451708297444732,0.02448969020989602
746,CMSS1--ZDHHC16,No Change,IPR001594,-0.06980925349037027,Lymphoid,1,0.705,0.9421232876712329,0.025892261058734763
4003,TNC--TNC,Reinforcement,IPR000742|IPR000742|IPR000742|IPR000742|IPR000742|IPR000742|IPR000742|IPR000742|IPR000742|IPR000742|IPR000742|IPR000742|IPR000742|IPR000742|IPR003961|IPR003961|IPR003961|IPR003961|IPR003961|IPR003961|IPR003961|IPR003961|IPR003961|IPR003961|IPR003961|IPR003961|IPR003961|IPR003961|IPR003961|IPR003961|IPR003961|IPR003961|IPR003961|IPR003961|IPR003961|IPR003961|IPR002181,-0.06997428146768361,Biliary Tract,1,0.726,0.9489793025233909,0.02274325954099387
1778,INTS10--MSR1,No Change,IPR001190,-0.07004563933147799,Skin,1,0.723,0.9487564396107612,0.022845263346341477
2768,PKP4--PKP4,No Annotation,,-0.07020180680046985,Uterus,1,0.719,0.9456726907630522,0.024259152385051885
1179,EPC1--EPC1,No Annotation,,-0.07022310549425048,Skin,1,0.716,0.9451708297444732,0.02448969020989602
4137,TTLL1--TTLL12,No Change,IPR057954,-0.07027030828702564,Breast,1,0.73,0.9489793025233909,0.02274325954099387
644,CELSR1--C22orf23,Reintroduction,IPR002126|IPR002126|IPR002126|IPR002126|IPR002126|IPR002126|IPR002126,-0.0702984577061054,Skin,1,0.717,0.9451708297444732,0.02448969020989602
661,CEP43--LPP,No Change,IPR001781|IPR001781|IPR001781,-0.0705422512999864,CNS/Brain,1,0.725,0.9489793025233909,0.02274325954099387
2025,LPP--CEP43,No Annotation,,-0.0705422512999864,CNS/Brain,1,0.705,0.9421232876712329,0.025892261058734763
1756,ILF3--SLC44A2,No Annotation,,-0.07058834864139596,Skin,1,0.688,0.9368814968814967,0.028315338146537482
289,ASAP1--ADCY8,Reintroduction,IPR009398|IPR001054,-0.0706087559996456,Bone,1,0.708,0.9422873730043541,0.025816628547835743
654,CEP128--GTF2A1,No Annotation,,-0.07065316661505315,Lymphoid,1,0.711,0.9429953717095748,0.025490438806600586
12,ABCC1--NFATC2IP,Reinforcement,IPR056227|IPR000626|IPR000626,-0.07069416432687288,Esophagus/Stomach,1,0.749,0.9534050527484731,0.020722550778008143
1091,ECE1--AKR7A2,No Annotation,,-0.07072662204485912,Skin,1,0.724,0.9489793025233909,0.02274325954099387
2645,PAQR5--GLCE,No Change,IPR059154|IPR010598,-0.07077295138002254,Myeloid,1,0.693,0.9386401179941002,0.0275008877421874
503,CACHD1--ROR1,Reinforcement,IPR002035|IPR020067|IPR000001|IPR000719,-0.07082342393465313,Ovary/Fallopian Tube,2,0.803,0.9548290315464372,0.020074384754578973
678,CHD3--DNAH2,Reinforcement,IPR012958|IPR001965|IPR001965|IPR000953|IPR000953|IPR004273|IPR041658|IPR041228,-0.07091055804544753,Ovary/Fallopian Tube,1,0.73,0.9489793025233909,0.02274325954099387
679,CHD3--DNAH2,Reinforcement,IPR012958|IPR001965|IPR001965|IPR000953|IPR004273|IPR041658|IPR041228,-0.07091055804544753,Ovary/Fallopian Tube,1,0.737,0.9524083990980834,0.021176783294597427
725,CLOCK--TMEM165,No Annotation,,-0.07139859889578373,CNS/Brain,1,0.723,0.9487564396107612,0.022845263346341477
1748,IL1RAP--TP63,Reinforcement,IPR003599|IPR010991|IPR001660,-0.07142276727110028,Ovary/Fallopian Tube,1,0.717,0.9451708297444732,0.02448969020989602
1975,LCOR--HERC4,No Annotation,,-0.07152040485840831,Liver,1,0.718,0.9451708297444732,0.02448969020989602
1477,GAS6--RASA3,Reintroduction,IPR000294|IPR000742|IPR000742|IPR000742|IPR000742|IPR001791,-0.07158160979821943,Lymphoid,1,0.686,0.9368814968814967,0.028315338146537482
2242,MOB3A--AP3D1,No Change,IPR002553|IPR010474|IPR058898,-0.07165471015740525,Pancreas,1,0.742,0.9532277949005323,0.020803302670593476
987,DEPDC5--SUZ12,Bridges,IPR055213|IPR048255|IPR057540|IPR019135,-0.07198907527540742,Lung,1,0.728,0.9489793025233909,0.02274325954099387
627,CDK14--VPS50,Reintroduction,IPR019514,-0.072048812169882,Biliary Tract,3,0.827,0.9548290315464372,0.020074384754578973
3475,SLC35G1--IKZF3,No Change,IPR013087|IPR013087|IPR013087|IPR013087|IPR013087|IPR013087,-0.07206381571897141,Esophagus/Stomach,1,0.732,0.9494257425742574,0.02253899706848647
4092,TRIM14--TBC1D2,Reinforcement,IPR000315|IPR000195,-0.07209297101839152,Biliary Tract,1,0.728,0.9489793025233909,0.02274325954099387
3382,SEMA6C--CDC42EP5,No Change,IPR000095|IPR029273,-0.07219854623642011,Biliary Tract,1,0.73,0.9489793025233909,0.02274325954099387
1393,FMNL1--SMURF2,No Annotation,,-0.07225703405590989,Lymphoid,1,0.74,0.9532277949005323,0.020803302670593476
4497,ZNF429--UPF1,No Change,IPR018999|IPR040812|IPR006935|IPR041677|IPR041679,-0.07241265637332744,Esophagus/Stomach,1,0.715,0.9447478386167146,0.02468409298375324
895,CTR9--SNTG1,Bridges,IPR056836|IPR001849|IPR055108,-0.07251753240436437,Thyroid,1,0.749,0.9534050527484731,0.020722550778008143
2927,PRRC2B--FUBP3,No Change,IPR004087|IPR004087|IPR004087|IPR004087,-0.07263372594105388,Breast,1,0.747,0.9534050527484731,0.020722550778008143
704,CIITA--PPP6R3,No Change,IPR007111,-0.07266279891270175,Skin,1,0.722,0.9485300859598853,0.02294888938350092
311,ATF7--CALCOCO1,No Change,IPR041611|IPR012852|IPR041641,-0.07279981086405239,Cervix,1,0.748,0.9534050527484731,0.020722550778008143
1374,FKTN--SLC44A1,No Annotation,,-0.07283818399348849,Ovary/Fallopian Tube,1,0.735,0.9514328063241108,0.021621877763821105
1214,ETFA--EDC3,Bridges,IPR014730|IPR019050|IPR004443,-0.07294142013138516,Bowel,1,0.68,0.9350716631830398,0.029155103852294355
2567,NUP188--NUP188,No Change,IPR018864|IPR048883,-0.07295862188746272,Breast,1,0.706,0.9422873730043541,0.025816628547835743
2157,MED13--MED13,Reintroduction,IPR041285,-0.07297648144894955,Pancreas,1,0.749,0.9534050527484731,0.020722550778008143
2148,MDM2--IL26,No Change,IPR003121,-0.07299597903985566,Kidney,1,0.725,0.9489793025233909,0.02274325954099387
1204,ERN1--PCTP,No Annotation,,-0.07311392662945788,Esophagus/Stomach,1,0.747,0.9534050527484731,0.020722550778008143
3890,TEX29--PCCA,Reintroduction,IPR005479|IPR005482|IPR041265|IPR000089,-0.07312964439994131,Bone,1,0.728,0.9489793025233909,0.02274325954099387
2970,PTK2--TRAPPC9,Reintroduction,IPR058565|IPR058567|IPR058568,-0.07318458288420478,Soft Tissue,1,0.759,0.9542130518234165,0.020354647412261038
536,CARS1--DCHS1,Reintroduction,IPR002126|IPR002126|IPR002126|IPR002126|IPR002126|IPR002126|IPR002126|IPR002126|IPR002126|IPR002126|IPR002126|IPR002126|IPR002126|IPR002126|IPR002126|IPR002126|IPR002126|IPR002126|IPR002126|IPR002126,-0.07332034141804468,Lung,1,0.728,0.9489793025233909,0.02274325954099387
850,CRISPLD2--USP10,No Annotation,,-0.07353675630560395,Bone,1,0.706,0.9422873730043541,0.025816628547835743
137,AMBRA1--IFTAP,No Annotation,,-0.07363465147327797,Esophagus/Stomach,1,0.718,0.9451708297444732,0.02448969020989602
4489,ZNF320--WDR11,Bridges,IPR001909|IPR013087|IPR013087|IPR013087|IPR013087|IPR013087|IPR013087|IPR013087|IPR013087|IPR013087|IPR013087|IPR013087|IPR013087|IPR057853|IPR057854,-0.07365823784571479,CNS/Brain,1,0.732,0.9494257425742574,0.02253899706848647
4405,ZBTB38--PLS1,No Change,IPR002048|IPR001715|IPR001715|IPR001715|IPR001715,-0.07373155514524857,Lung,1,0.752,0.95368,0.020597325031198568
2741,PIGF--CRIPT,No Annotation,,-0.07374610334721698,Lung,1,0.733,0.9499166195590729,0.02231451392653648
849,CRIPT--PIGF,No Annotation,,-0.07374610334721698,Lung,1,0.725,0.9489793025233909,0.02274325954099387
198,AOPEP--RMI1,Bridges,IPR014782|IPR049363|IPR013894|IPR032199,-0.07389743858811217,Biliary Tract,1,0.739,0.9532277949005323,0.020803302670593476
4076,TRAK1--ARL13B,No Annotation,,-0.07394503878032699,Lung,1,0.726,0.9489793025233909,0.02274325954099387
2591,ORAI2--NRG3,No Change,IPR000742,-0.07423346428491095,Lymphoid,1,0.703,0.941371203271028,0.026239090979251794
1608,GTF2B--MUTYH,No Change,IPR000086,-0.07448411281466323,Breast,1,0.729,0.9489793025233909,0.02274325954099387
1609,GTF2B--MUTYH,No Change,IPR003265|IPR000086,-0.07448411281466323,Breast,1,0.716,0.9451708297444732,0.02448969020989602
1458,G3BP1--PPP2R2B,No Annotation,,-0.07479467360351577,CNS/Brain,1,0.71,0.9429953717095748,0.025490438806600586
2110,MAPRE1--BPI,Reintroduction,IPR001124,-0.07481550875214542,Lung,1,0.726,0.9489793025233909,0.02274325954099387
3439,SLC12A7--SLC12A7,No Change,IPR004841|IPR004841|IPR018491|IPR018491,-0.07488393989543718,CNS/Brain,1,0.73,0.9489793025233909,0.02274325954099387
1141,ELK3--CADPS,No Change,IPR010439,-0.07499155410678847,Bone,1,0.704,0.9421232876712329,0.025892261058734763
1140,ELK3--CADPS,No Annotation,,-0.07499155410678847,Bone,1,0.719,0.9456726907630522,0.024259152385051885
520,CAPN15--RAB11FIP3,Reintroduction,IPR057316|IPR019018,-0.07531133776393258,Uterus,1,0.728,0.9489793025233909,0.02274325954099387
199,AOX1--KCTD18,Reinforcement,IPR001041|IPR002888|IPR003131|IPR045704,-0.07540793294448592,CNS/Brain,1,0.745,0.9534050527484731,0.020722550778008143
1634,HARBI1--AMBRA1,No Annotation,,-0.07543582472968358,Breast,1,0.715,0.9447478386167146,0.02468409298375324
1108,EFNA4--RUSC1,Bridges,IPR001799|IPR004012|IPR001452,-0.07557637257516227,Lymphoid,1,0.713,0.9442822068168689,0.02489819368146958
3512,SLCO3A1--BACE2,No Annotation,,-0.0756506490544709,Soft Tissue,2,0.794,0.9548290315464372,0.020074384754578973
1240,EXT2--ALKBH3,Reintroduction,IPR040911,-0.07571581285331791,Bladder/Urinary Tract,1,0.724,0.9489793025233909,0.02274325954099387
3634,SRP54--CCDC175,No Annotation,,-0.07575113585100444,Bowel,1,0.731,0.9492027754177287,0.02264100059919677
1700,HOATZ--BTG4,No Change,IPR002087,-0.0757703663233637,Lung,1,0.757,0.9542130518234165,0.020354647412261038
3401,SFMBT1--CACNA1D,No Change,IPR005821|IPR005821|IPR005821|IPR005821|IPR031649|IPR014873|IPR031688,-0.07579926076122603,Biliary Tract,1,0.767,0.9545860477741586,0.020184917569790437
246,ARHGAP32--KCNJ1,Bridges,IPR042139|IPR001452|IPR040445|IPR041647,-0.07582015123722802,Biliary Tract,1,0.739,0.9532277949005323,0.020803302670593476
2475,NIBAN2--STXBP1,No Annotation,,-0.07632094670172614,Breast,1,0.705,0.9421232876712329,0.025892261058734763
1079,DYNC2H1--CERS3,Reintroduction,IPR013594|IPR013602|IPR003593|IPR003593|IPR049400|IPR003593|IPR054354|IPR024317|IPR024743|IPR035706|IPR004273|IPR041658,-0.07635362135792395,Esophagus/Stomach,1,0.75,0.9536189683860232,0.02062511898864324
2283,MSH5--NUDT3,No Annotation,,-0.07636203287302784,Pancreas,1,0.742,0.9532277949005323,0.020803302670593476
297,ASH1L--QSER1,Bridges,IPR006560|IPR001214|IPR003616|IPR001487|IPR001965|IPR001025|IPR025451,-0.07655876678191477,Lung,1,0.746,0.9534050527484731,0.020722550778008143
3033,R3HDM2--ANKS1B,No Change,IPR001660|IPR001660|IPR006020,-0.07660928544929184,Bone,1,0.711,0.9429953717095748,0.025490438806600586
864,CSNK1G2--SCAMP4,No Annotation,,-0.07662069506305888,Head and Neck,1,0.789,0.9548290315464372,0.020074384754578973
2542,NSRP1--ATP5PB,Reintroduction,IPR018612,-0.07670279120333551,Lung,1,0.766,0.9545860477741586,0.020184917569790437
3974,TMEM248--TPST1,No Change,IPR039587,-0.07690001886244975,Liver,1,0.737,0.9524083990980834,0.021176783294597427
2097,MAP4--CBFA2T3,No Change,IPR003894|IPR014896|IPR002893,-0.0769096999664752,Ovary/Fallopian Tube,1,0.743,0.9534050527484731,0.020722550778008143
1759,IMMP2L--DOCK4,No Annotation,,-0.07699313344937991,Lung,1,0.753,0.95368,0.020597325031198568
3436,SLAIN2--TMEM255B,No Annotation,,-0.07724704837804344,Lung,1,0.742,0.9532277949005323,0.020803302670593476
4303,VPS53--SRR,No Change,IPR001926,-0.07749959659531828,Esophagus/Stomach,1,0.752,0.95368,0.020597325031198568
1797,ISOC1--SPOCK1,No Change,IPR002350|IPR019577|IPR000716,-0.0779045953385154,Head and Neck,1,0.751,0.95368,0.020597325031198568
3801,TAS2R14--PTCHD1,No Annotation,,-0.07793613728984053,CNS/Brain,1,0.725,0.9489793025233909,0.02274325954099387
185,ANLN--DGKB,Reinforcement,IPR031970|IPR002219|IPR002219|IPR001206|IPR000756,-0.07794519831645114,Bone,1,0.723,0.9487564396107612,0.022845263346341477
3324,S100A10--RPTN,No Change,IPR013787|IPR002048,-0.078164225856429,Liver,1,0.728,0.9489793025233909,0.02274325954099387
1859,KCNS3--WRNIP1,Reintroduction,IPR032423|IPR021886,-0.07817065821795532,Breast,1,0.73,0.9489793025233909,0.02274325954099387
3106,RANBP17--WWC1,No Change,IPR001494,-0.0783716556505983,Pleura,1,0.749,0.9534050527484731,0.020722550778008143
3187,RFX2--RANBP3,No Change,IPR000156,-0.07861412996276265,Breast,1,0.75,0.9536189683860232,0.02062511898864324
2878,PPP6R3--PARP8,No Change,IPR012317,-0.07864789136087127,Skin,1,0.742,0.9532277949005323,0.020803302670593476
1641,HDAC4--ILKAP,No Annotation,,-0.07877647152669329,Esophagus/Stomach,1,0.738,0.9531633802816901,0.02083265122601264
1640,HDAC2--AK9,No Change,IPR003593|IPR003593,-0.07905614369225383,CNS/Brain,1,0.75,0.9536189683860232,0.02062511898864324
1679,HMBOX1--FGF20,Reintroduction,IPR044866,-0.07907889780701129,Bone,1,0.732,0.9494257425742574,0.02253899706848647
3885,TET3--IL4R,Reinforcement,IPR002857|IPR015319|IPR003961,-0.07915454728110785,Cervix,1,0.767,0.9545860477741586,0.020184917569790437
4488,ZNF318--XPO5,No Annotation,,-0.07926761145906702,Ovary/Fallopian Tube,1,0.758,0.9542130518234165,0.020354647412261038
2511,NPHP4--NPHP4,No Change,IPR058765|IPR058764|IPR058687|IPR058688|IPR058686|IPR058685,-0.0793233515998723,Lung,1,0.759,0.9542130518234165,0.020354647412261038
2286,MSL2--RNF14,No Change,IPR002867,-0.07933536762974674,Thyroid,1,0.782,0.9548290315464372,0.020074384754578973
728,CLSTN1--MRPL51,No Annotation,,-0.07936380440466739,Lymphoid,1,0.705,0.9421232876712329,0.025892261058734763
1753,IL4I1--ATF5,No Change,IPR004827,-0.07936879637712105,Lung,1,0.752,0.95368,0.020597325031198568
212,AP2A1--PRMT1,No Change,IPR055135,-0.07961354510243895,Ovary/Fallopian Tube,1,0.744,0.9534050527484731,0.020722550778008143
3679,STAT5B--STAT3,Reintroduction,IPR048988|IPR000980,-0.07980334355224164,Myeloid,1,0.689,0.9371299317709877,0.028200190607306278
1124,EIF2AK3--HNRNPLL,No Change,IPR000504|IPR000504|IPR000504|IPR034987,-0.07981184464926738,Lung,1,0.754,0.95368,0.020597325031198568
484,C2CD3--PAAF1,No Change,IPR057537|IPR000008|IPR000008|IPR000008|IPR000008|IPR000008|IPR000008,-0.07984559357162707,Lung,1,0.754,0.95368,0.020597325031198568
2042,LRP6--ATP8A2,Bridges,IPR000742|IPR032630,-0.0799562094005916,Bladder/Urinary Tract,1,0.748,0.9534050527484731,0.020722550778008143
2135,MCFD2--REEP1,No Annotation,,-0.07999687314043916,Skin,1,0.742,0.9532277949005323,0.020803302670593476
3071,RABL6--TRAF2,Reintroduction,IPR001293|IPR001293|IPR032070|IPR002083,-0.0800254897190899,Bowel,1,0.723,0.9487564396107612,0.022845263346341477
119,AKAP13--PDE8A,No Change,IPR057304|IPR000014|IPR002073,-0.0803143699303121,Bowel,1,0.729,0.9489793025233909,0.02274325954099387
3397,SETX--MED27,No Annotation,,-0.080477992499779,CNS/Brain,1,0.745,0.9534050527484731,0.020722550778008143
1899,KIF3B--NXPE2,Bridges,IPR001752|IPR057106,-0.08049866636454409,Bone,1,0.75,0.9536189683860232,0.02062511898864324
3658,ST3GAL3--TIE1,No Annotation,,-0.08067817743806219,Lung,1,0.749,0.9534050527484731,0.020722550778008143
3282,RPS6KB1--ARL15,No Annotation,,-0.08075403509124462,Bowel,1,0.71,0.9429953717095748,0.025490438806600586
4096,TRIP12--PLCL1,No Annotation,,-0.0807642174620275,Cervix,1,0.78,0.9548290315464372,0.020074384754578973
3030,QTRT2--SLC9A9,No Annotation,,-0.08091079313408368,Soft Tissue,1,0.745,0.9534050527484731,0.020722550778008143
1881,KIAA1217--RNF17,Bridges,IPR022782|IPR002999|IPR002999|IPR002999,-0.08095437715705593,Bowel,1,0.736,0.9521896162528217,0.02127655887147437
449,BRD4--NOTCH3,Reinforcement,IPR001487|IPR001487|IPR027353|IPR031354|IPR000742|IPR000742|IPR000742|IPR000742|IPR000742|IPR000742|IPR000742|IPR000742|IPR000742|IPR000742|IPR000742|IPR000742|IPR000742|IPR000742|IPR000742|IPR000742|IPR000742|IPR000742|IPR000742|IPR000742|IPR000742|IPR000742|IPR000742|IPR000742|IPR000742|IPR000742|IPR000742|IPR000742|IPR000742|IPR000742|IPR000742|IPR000742|IPR000742|IPR000742|IPR000800|IPR000800|IPR010660|IPR011656|IPR024600,-0.08099037280897797,Soft Tissue,1,0.747,0.9534050527484731,0.020722550778008143
2965,PTK2--SLC45A4,No Annotation,,-0.08114702632382789,Lung,1,0.749,0.9534050527484731,0.020722550778008143
1055,DPH5--SLC30A7,No Annotation,,-0.0812096157127513,CNS/Brain,1,0.739,0.9532277949005323,0.020803302670593476
1843,KANSL2--TMEM178B,Reintroduction,IPR025927,-0.0813339995479604,CNS/Brain,1,0.753,0.95368,0.020597325031198568
3731,SUSD6--SLC39A9,No Annotation,,-0.08136269240703864,Lung,1,0.74,0.9532277949005323,0.020803302670593476
610,CDC37--IL27RA,Bridges,IPR013855|IPR003961|IPR003961,-0.08156625892358846,Myeloid,2,0.783,0.9548290315464372,0.020074384754578973
305,ATCAY--SIRT2,No Annotation,,-0.08162040610350882,Eye,1,0.735,0.9514328063241108,0.021621877763821105
3764,SYT1--OSBPL8,No Change,IPR000008,-0.08180939294628835,Liver,1,0.755,0.9542130518234165,0.020354647412261038
1573,GPS2--MPP2,No Change,IPR004172|IPR001478|IPR001452|IPR008144,-0.08230089211965701,Prostate,1,0.742,0.9532277949005323,0.020803302670593476
1361,FHIT--PTPRG,No Change,IPR003961|IPR000242|IPR000242,-0.08235908857968127,Myeloid,1,0.718,0.9451708297444732,0.02448969020989602
4108,TRPC3--TRPC3,No Change,IPR013555|IPR005821,-0.08261522551856927,Lung,1,0.763,0.9545860477741586,0.020184917569790437
1325,FBXW7--ARFIP1,No Change,IPR010504,-0.08268798802867668,Uterus,1,0.752,0.95368,0.020597325031198568
3394,SETD4--SCAF4,No Annotation,,-0.0828686432024357,Cervix,1,0.771,0.9548290315464372,0.020074384754578973
249,ARHGAP4--MECP2,No Change,IPR001739,-0.083071617959353,Lung,1,0.765,0.9545860477741586,0.020184917569790437
3894,TFEB--TRERF1,No Annotation,,-0.08325287416164223,Esophagus/Stomach,1,0.781,0.9548290315464372,0.020074384754578973
3444,SLC16A9--IPMK,No Annotation,,-0.08329875587279954,CNS/Brain,1,0.751,0.95368,0.020597325031198568
3471,SLC35E2B--KIAA2013,No Annotation,,-0.08332139033898832,Ovary/Fallopian Tube,1,0.761,0.9545860477741586,0.020184917569790437
3792,TANC2--ERN1,No Change,IPR000719|IPR010513,-0.08332946094073576,Pancreas,1,0.767,0.9545860477741586,0.020184917569790437
2594,OSBPL1A--ULK4,No Change,IPR001849,-0.08360236504600996,Esophagus/Stomach,1,0.745,0.9534050527484731,0.020722550778008143
87,AFAP1--ABLIM2,No Annotation,,-0.08395798871337118,Pleura,1,0.722,0.9485300859598853,0.02294888938350092
865,CSNK1G2--TRAF7,No Annotation,,-0.08398855747382325,Ovary/Fallopian Tube,1,0.783,0.9548290315464372,0.020074384754578973
3477,SLC38A1--PRICKLE1,No Change,IPR001781|IPR001781|IPR001781,-0.0842984413057001,Skin,1,0.758,0.9542130518234165,0.020354647412261038
2204,MICAL3--TOP3B,No Change,IPR006171|IPR003601|IPR003602|IPR056452,-0.08434780680545824,Skin,1,0.753,0.95368,0.020597325031198568
870,CST9--CST9L,No Annotation,,-0.08440726288347541,Breast,1,0.731,0.9492027754177287,0.02264100059919677
4572,ZNF93--ZNF253,No Change,IPR001909|IPR013087|IPR013087|IPR013087|IPR013087|IPR013087|IPR013087|IPR013087|IPR013087|IPR013087|IPR013087|IPR013087,-0.08441177701295152,Lung,1,0.756,0.9542130518234165,0.020354647412261038
370,BACE2--MACROD2,No Change,IPR033121,-0.0844495211835762,Soft Tissue,1,0.768,0.9548290315464372,0.020074384754578973
1984,LECT2--TGFBI,No Change,IPR011489|IPR000782|IPR000782|IPR000782|IPR000782,-0.08445244045401831,Esophagus/Stomach,1,0.759,0.9542130518234165,0.020354647412261038
3825,TBC1D8--C12orf75,No Annotation,,-0.08447204912206195,Ovary/Fallopian Tube,1,0.768,0.9548290315464372,0.020074384754578973
4004,TNFAIP8--DMXL1,No Annotation,,-0.08456847363474804,Breast,1,0.731,0.9492027754177287,0.02264100059919677
2976,PTPN1--BCAS4,No Annotation,,-0.08467784088368462,Head and Neck,1,0.774,0.9548290315464372,0.020074384754578973
3567,SNX9--CYP2C19,No Change,IPR001452,-0.08484650562877802,Prostate,1,0.748,0.9534050527484731,0.020722550778008143
2521,NRCAM--DLD,No Change,IPR023753|IPR004099,-0.08496065811691059,Ovary/Fallopian Tube,1,0.749,0.9534050527484731,0.020722550778008143
206,AOX1--KCTD18,Reinforcement,IPR001041|IPR002888|IPR003131|IPR045704,-0.08500108093872379,Eye,1,0.76,0.9545860477741586,0.020184917569790437
172,ANKRD17--ANKRD17,No Change,IPR004087,-0.08500341529390143,Ovary/Fallopian Tube,1,0.758,0.9542130518234165,0.020354647412261038
3051,RAB27A--CCPG1,No Annotation,,-0.08504447323703344,Lung,1,0.794,0.9548290315464372,0.020074384754578973
347,AUP1--EVA1A,No Change,IPR003892,-0.08509386650795735,CNS/Brain,1,0.749,0.9534050527484731,0.020722550778008143
1721,HVCN1--TREX2,No Change,IPR013520,-0.08514144771844898,Lung,1,0.759,0.9542130518234165,0.020354647412261038
3668,STAG1--ACAD11,Bridges,IPR013721|IPR020839|IPR056396|IPR006091|IPR009075,-0.08519534528289313,Lung,1,0.756,0.9542130518234165,0.020354647412261038
1523,GLYCTK--CCR3,No Change,IPR017452,-0.08533002634086101,Pleura,1,0.747,0.9534050527484731,0.020722550778008143
3622,SPTBN2--PPP6R3,No Change,IPR001715|IPR001715|IPR001605|IPR001605|IPR001605,-0.08544756681870139,Esophagus/Stomach,1,0.763,0.9545860477741586,0.020184917569790437
1313,FBXO22--UBE2Q2,No Change,IPR001810,-0.08548443156399484,Ovary/Fallopian Tube,1,0.759,0.9542130518234165,0.020354647412261038
63,ADCY9--ZSCAN32,No Change,IPR044822|IPR013087|IPR013087|IPR013087|IPR013087|IPR013087|IPR013087,-0.08565656054196688,Uterus,1,0.766,0.9545860477741586,0.020184917569790437
2904,PRKD1--APOBR,No Annotation,,-0.08570237953020177,Bone,1,0.754,0.95368,0.020597325031198568
1850,KCNC2--CAPS2,Reinforcement,IPR000210|IPR002048,-0.08576612537285372,Lung,1,0.745,0.9534050527484731,0.020722550778008143
2881,PPP6R3--SYTL2,No Change,IPR000008|IPR000008,-0.08596478054129483,Skin,1,0.759,0.9542130518234165,0.020354647412261038
2080,MAML3--FAF1,No Change,IPR019082,-0.08603680597048517,Myeloid,1,0.765,0.9545860477741586,0.020184917569790437
1170,EPB41--CSMD2,Reintroduction,IPR000436|IPR000436|IPR000436|IPR000436|IPR000436|IPR000436|IPR000436|IPR000436|IPR000436|IPR000436,-0.08610265864191867,Lymphoid,1,0.728,0.9489793025233909,0.02274325954099387
458,BRWD1--HLCS,Bridges,IPR057452|IPR057451|IPR001487|IPR003142,-0.08635067591670667,Breast,1,0.756,0.9542130518234165,0.020354647412261038
668,CFAP69--STEAP1,No Annotation,,-0.08652280919630233,Cervix,1,0.764,0.9545860477741586,0.020184917569790437
4088,TRHDE--RALYL,Reintroduction,IPR045357,-0.08663639303569848,Bone,1,0.727,0.9489793025233909,0.02274325954099387
3994,TMLHE--CYTH3,No Change,IPR000904|IPR001849,-0.08669239799558756,Lung,1,0.773,0.9548290315464372,0.020074384754578973
1438,FRS2--TACC1,No Change,IPR007707,-0.08671578958232956,Soft Tissue,1,0.765,0.9545860477741586,0.020184917569790437
155,ANKRD11--FANCA,No Change,IPR031729|IPR055386|IPR055387|IPR055277,-0.08672689094280982,Lung,1,0.783,0.9548290315464372,0.020074384754578973
1990,LENEP--MEF2D,No Change,IPR022102,-0.08698314242824838,Biliary Tract,1,0.76,0.9545860477741586,0.020184917569790437
2336,MYLK--KLHL26,No Change,IPR000210|IPR011705,-0.08703727664986351,Cervix,1,0.812,0.9548290315464372,0.020074384754578973
1401,FOSL2--PLB1,No Annotation,,-0.08720966486976567,Pancreas,1,0.78,0.9548290315464372,0.020074384754578973
2731,PHLPP1--RELCH,No Change,IPR055071,-0.08733118580975208,Eye,1,0.762,0.9545860477741586,0.020184917569790437
364,B4GALT1--PAX5,No Annotation,,-0.08750886403465755,Pancreas,1,0.788,0.9548290315464372,0.020074384754578973
1965,LARS1--PCDHA7,No Change,IPR031904,-0.08754465027112648,Head and Neck,1,0.773,0.9548290315464372,0.020074384754578973
102,AGO2--STRN3,Reintroduction,IPR032474|IPR014811|IPR003100|IPR032472|IPR032473,-0.08755677340884083,Liver,1,0.785,0.9548290315464372,0.020074384754578973
1982,LDLRAD3--SYT9,No Change,IPR000008|IPR000008,-0.08756969220175988,Breast,1,0.74,0.9532277949005323,0.020803302670593476
3062,RAB8A--ADAM18,No Annotation,,-0.08772558938187722,Pancreas,1,0.767,0.9545860477741586,0.020184917569790437
2167,MEF2A--LYSMD4,No Annotation,,-0.0879121222979515,Bone,1,0.753,0.95368,0.020597325031198568
3986,TMEM60--MAGI2,No Change,IPR001478|IPR001478|IPR001478,-0.08799143901728099,Skin,1,0.745,0.9534050527484731,0.020722550778008143
2276,MRTFA--MRTFA,No Change,IPR003034,-0.08819644863885173,Lung,1,0.776,0.9548290315464372,0.020074384754578973
2275,MRTFA--MRTFA,No Change,IPR003034,-0.08842397794785892,Bladder/Urinary Tract,2,0.816,0.9548290315464372,0.020074384754578973
317,ATG5--PLCG2,Reintroduction,IPR057061|IPR000909|IPR000980|IPR000980|IPR001452|IPR001849|IPR001711|IPR000008,-0.08848668935921913,Head and Neck,1,0.77,0.9548290315464372,0.020074384754578973
2892,PRELID2--FGF3,No Annotation,,-0.08884063880846088,Bladder/Urinary Tract,1,0.776,0.9548290315464372,0.020074384754578973
3133,RBM12B--FSBP,No Annotation,,-0.08889636876503747,Bowel,1,0.74,0.9532277949005323,0.020803302670593476
1078,DYNC1LI2--BLMH,No Annotation,,-0.0890189866834325,Skin,1,0.756,0.9542130518234165,0.020354647412261038
1132,EIF4G3--HP1BP3,Reintroduction,IPR005818|IPR005818,-0.08911427035003278,Head and Neck,1,0.788,0.9548290315464372,0.020074384754578973
1861,KCTD3--KCNK2,No Annotation,,-0.08920728702777485,Lung,1,0.787,0.9548290315464372,0.020074384754578973
997,DHX38--PHLPP2,No Change,IPR001932,-0.08920736530435569,Skin,1,0.772,0.9548290315464372,0.020074384754578973
4471,ZNF14--ZNF506,No Change,IPR001909|IPR013087|IPR013087|IPR013087|IPR013087|IPR013087|IPR013087|IPR013087|IPR013087,-0.08928645982541536,Uterus,1,0.734,0.9509437694263917,0.021845162715404428
1205,ERN1--SMURF2,No Change,IPR001202|IPR001202|IPR001202|IPR000569,-0.08941955481201457,Pancreas,1,0.77,0.9548290315464372,0.020074384754578973
1974,LCOR--FLNB,No Change,IPR001715,-0.08947267362233645,Bone,1,0.745,0.9534050527484731,0.020722550778008143
3478,SLC38A6--TRMT5,Bridges,IPR013057|IPR030382,-0.08963565797221898,Liver,1,0.752,0.95368,0.020597325031198568
3616,SPINT2--YIF1B,No Annotation,,-0.08968379587978736,Lung,1,0.78,0.9548290315464372,0.020074384754578973
140,AMER1--ARHGEF9,No Change,IPR001849,-0.0896958203982679,Skin,1,0.742,0.9532277949005323,0.020803302670593476
1138,ELFN2--NF2,No Annotation,,-0.08971984958005197,Lung,1,0.776,0.9548290315464372,0.020074384754578973
4124,TSPAN9--TULP3,No Change,IPR000007,-0.0897943121241441,Uterus,1,0.772,0.9548290315464372,0.020074384754578973
3660,ST3GAL6--EPHA6,Reintroduction,IPR011641|IPR003961|IPR003961|IPR027936|IPR000719|IPR001660,-0.0898728980362766,Breast,1,0.773,0.9548290315464372,0.020074384754578973
3189,RFX3--GLIS3,No Change,IPR013087|IPR013087|IPR013087|IPR013087|IPR013087,-0.08990671642907175,Bone,1,0.773,0.9548290315464372,0.020074384754578973
632,CDK5RAP2--ADGRE3,No Annotation,,-0.09004885437805116,Biliary Tract,1,0.779,0.9548290315464372,0.020074384754578973
1829,JARID2--ZNF423,No Change,IPR013087|IPR013087|IPR013087|IPR013087|IPR013087|IPR013087|IPR013087|IPR013087|IPR013087|IPR013087|IPR013087|IPR013087|IPR013087|IPR013087|IPR013087|IPR013087|IPR013087|IPR013087|IPR013087|IPR013087|IPR013087|IPR013087|IPR013087|IPR013087|IPR013087|IPR013087|IPR013087|IPR013087|IPR013087|IPR013087,-0.09006993467595491,CNS/Brain,1,0.78,0.9548290315464372,0.020074384754578973
429,BIRC6--TTC27,No Change,IPR000608,-0.09024388471392211,Liver,1,0.781,0.9548290315464372,0.020074384754578973
1136,ELF2--CCDC148,No Annotation,,-0.09038640416332946,Ovary/Fallopian Tube,1,0.758,0.9542130518234165,0.020354647412261038
1010,DIAPH3--GPA33,Reinforcement,IPR010473|IPR010472|IPR003598|IPR003598,-0.09049456514291837,Ovary/Fallopian Tube,1,0.747,0.9534050527484731,0.020722550778008143
1688,HMGN4--HOXC6,No Change,IPR001356,-0.0905112998324997,Myeloid,1,0.753,0.95368,0.020597325031198568
1624,H2BC5--H3C6,Reinforcement,IPR007125|IPR007125,-0.09069794854109015,Lung,1,0.809,0.9548290315464372,0.020074384754578973
3961,TMEM182--EFCAB13,No Annotation,,-0.09071299410802358,Lymphoid,1,0.761,0.9545860477741586,0.020184917569790437
2003,LIN54--SCD5,No Change,IPR005804,-0.09085571693368537,Kidney,1,0.763,0.9545860477741586,0.020184917569790437
330,ATP2B4--PRELP,No Change,IPR000372,-0.0909346320834758,CNS/Brain,1,0.787,0.9548290315464372,0.020074384754578973
1580,GRB7--CDK12,No Annotation,,-0.09102827794997148,Ovary/Fallopian Tube,1,0.771,0.9548290315464372,0.020074384754578973
2997,PTPRR--RAB3IP,No Annotation,,-0.09106826904410342,Peripheral Nervous System,1,0.772,0.9548290315464372,0.020074384754578973
4218,UPP1--UPP1,No Annotation,,-0.09108811563990513,Lung,1,0.771,0.9548290315464372,0.020074384754578973
45,ACTN4--RYR1,No Change,IPR009460|IPR005821,-0.09118334983448256,Lung,1,0.746,0.9534050527484731,0.020722550778008143
1890,KIF18B--CDC42EP4,No Change,IPR000095|IPR029273,-0.09125529326271324,Skin,1,0.764,0.9545860477741586,0.020184917569790437
1354,FGFR3--TACC3,No Change,IPR003598|IPR003598|IPR003598,-0.09127718111159194,Breast,1,0.771,0.9548290315464372,0.020074384754578973
3912,THSD1--GPC6,No Annotation,,-0.0912927917561981,Soft Tissue,1,0.784,0.9548290315464372,0.020074384754578973
337,ATRN--TMC2,No Change,IPR000742,-0.09149317847780084,Bowel,1,0.742,0.9532277949005323,0.020803302670593476
3545,SMURF2--ARSG,No Change,IPR000008|IPR001202|IPR001202|IPR001202,-0.09150715827145252,Lymphoid,1,0.768,0.9548290315464372,0.020074384754578973
207,AOX1--KCTD18,Reinforcement,IPR001041|IPR002888|IPR003131|IPR045704,-0.09169123006890534,Skin,1,0.774,0.9548290315464372,0.020074384754578973
1464,GALNT3--SLC38A11,No Change,IPR013057,-0.09174613397767743,Bowel,1,0.74,0.9532277949005323,0.020803302670593476
2908,PRKRIP1--CUX1,No Annotation,,-0.09177058752343535,Lung,1,0.765,0.9545860477741586,0.020184917569790437
878,CTCF--RANBP10,No Change,IPR006595|IPR013144,-0.09200664742661366,Myeloid,1,0.731,0.9492027754177287,0.02264100059919677
493,C6orf62--TDP2,No Annotation,,-0.09209374143627214,Lymphoid,1,0.76,0.9545860477741586,0.020184917569790437
2298,MTERF1--PSPH,No Annotation,,-0.09217322833373927,Biliary Tract,1,0.765,0.9545860477741586,0.020184917569790437
3450,SLC20A2--DBX2,No Change,IPR001356,-0.09234645220754287,Breast,1,0.754,0.95368,0.020597325031198568
4182,UBE2G1--ZZEF1,No Annotation,,-0.0924005754964062,Ovary/Fallopian Tube,1,0.778,0.9548290315464372,0.020074384754578973
2056,LSAMP--LSAMP,No Change,IPR003598|IPR003598,-0.09253651838779739,Kidney,1,0.757,0.9542130518234165,0.020354647412261038
177,ANKRD28--HACL1,No Annotation,,-0.09277931742068855,Thyroid,1,0.798,0.9548290315464372,0.020074384754578973
2922,PRPF40B--PRPH,No Change,IPR006821|IPR039008,-0.09290914807533758,Liver,1,0.779,0.9548290315464372,0.020074384754578973
328,ATP2B4--OPTC,No Annotation,,-0.09294376829732659,Ovary/Fallopian Tube,1,0.789,0.9548290315464372,0.020074384754578973
1828,JAKMIP2--SPINK1,No Change,IPR002350,-0.09296631269745172,Bone,1,0.747,0.9534050527484731,0.020722550778008143
1579,GRB2--GRB2,Reinforcement,IPR001452|IPR000980|IPR000980|IPR001452,-0.09317605061749501,Head and Neck,1,0.777,0.9548290315464372,0.020074384754578973
495,C8orf33--POLN,No Change,IPR040940|IPR001098,-0.09361224982428729,Ovary/Fallopian Tube,1,0.782,0.9548290315464372,0.020074384754578973
4184,UBE2J2--PGR,No Change,IPR000536,-0.09371741616238026,Thyroid,1,0.809,0.9548290315464372,0.020074384754578973
802,COX10--NTN1,No Annotation,,-0.09385832492101924,Bone,1,0.748,0.9534050527484731,0.020722550778008143
3987,TMEM68--TOX,No Change,IPR009071,-0.09394398386664335,Pleura,1,0.758,0.9542130518234165,0.020354647412261038
242,ARHGAP26--BOP1,Bridges,IPR004148|IPR012953,-0.0940700836942471,Ovary/Fallopian Tube,1,0.786,0.9548290315464372,0.020074384754578973
1596,GSK3B--ME3,No Change,IPR012301|IPR012302,-0.09426873761940427,Kidney,1,0.774,0.9548290315464372,0.020074384754578973
3532,SMARCC1--CELSR3,Reinforcement,IPR032450|IPR000953|IPR007526|IPR001005|IPR032448|IPR032451|IPR000742|IPR000742|IPR000742|IPR001791|IPR000742|IPR001791|IPR000742|IPR000742|IPR002049|IPR002049|IPR001879|IPR032471|IPR057244|IPR017981,-0.09445796455161817,Uterus,1,0.766,0.9545860477741586,0.020184917569790437
1359,FHIT--PTPRG,No Change,IPR001148|IPR003961|IPR000242|IPR000242,-0.0946149424474597,Uterus,1,0.755,0.9542130518234165,0.020354647412261038
3023,QPCT--NDUFAF7,No Change,IPR007484,-0.09476807357480366,Uterus,1,0.776,0.9548290315464372,0.020074384754578973
3831,TBL1XR1--DDHD1,No Change,IPR004177,-0.09489910718620384,Peripheral Nervous System,1,0.765,0.9545860477741586,0.020184917569790437
1687,HMGN4--HOXC4,No Change,IPR001356,-0.09503599240943048,Myeloid,1,0.761,0.9545860477741586,0.020184917569790437
2777,PLCB4--SYCP2L,No Annotation,,-0.09512175768265649,Uterus,1,0.767,0.9545860477741586,0.020184917569790437
3560,SNTB2--IL34,No Change,IPR001478|IPR001849,-0.09536438060624379,CNS/Brain,1,0.81,0.9548290315464372,0.020074384754578973
700,CHST3--CDH23,No Change,IPR002126|IPR002126|IPR002126|IPR002126|IPR002126|IPR002126|IPR002126|IPR002126|IPR002126|IPR002126|IPR002126|IPR002126|IPR002126|IPR002126|IPR002126|IPR002126|IPR002126|IPR002126|IPR002126|IPR002126|IPR002126|IPR002126|IPR002126|IPR002126|IPR002126,-0.09553052503823636,Biliary Tract,1,0.792,0.9548290315464372,0.020074384754578973
3342,SBNO2--SBNO2,Reintroduction,IPR026937|IPR057332,-0.09569323957010169,Lung,1,0.81,0.9548290315464372,0.020074384754578973
4534,ZNF627--ACP5,No Change,IPR004843,-0.09569354091618967,Myeloid,1,0.758,0.9542130518234165,0.020354647412261038
3214,RIMBP2--CHFR,No Change,IPR000253|IPR001841|IPR040909,-0.09570683780118504,Peripheral Nervous System,1,0.764,0.9545860477741586,0.020184917569790437
752,CNIH3--MIA3,No Annotation,,-0.0957171398761659,CNS/Brain,1,0.793,0.9548290315464372,0.020074384754578973
312,ATF7IP--CLEC12A,No Change,IPR001304,-0.09576334008253788,Cervix,1,0.807,0.9548290315464372,0.020074384754578973
1807,ITGB6--RBMS1,No Annotation,,-0.09583426891673565,Skin,1,0.784,0.9548290315464372,0.020074384754578973
2304,MTMR11--PDE4DIP,Reintroduction,IPR056273|IPR010630,-0.09596359399061624,Breast,1,0.744,0.9534050527484731,0.020722550778008143
350,AVPI1--SFRP5,No Change,IPR001134,-0.09623766828432731,CNS/Brain,1,0.791,0.9548290315464372,0.020074384754578973
351,AVPI1--SFRP5,No Change,IPR020067|IPR001134,-0.09623766828432731,CNS/Brain,1,0.803,0.9548290315464372,0.020074384754578973
4216,UPF2--LEMD3,Bridges,IPR003890|IPR018996|IPR034394,-0.09627496358541524,Soft Tissue,1,0.776,0.9548290315464372,0.020074384754578973
219,APBB2--APP,No Change,IPR008154|IPR002223|IPR024329|IPR013803|IPR019543,-0.09628457908042556,Soft Tissue,1,0.77,0.9548290315464372,0.020074384754578973
3240,RNF144B--RNF144B,Reinforcement,IPR001841|IPR002867|IPR001841|IPR001841,-0.09633883216047132,Ovary/Fallopian Tube,1,0.796,0.9548290315464372,0.020074384754578973
3104,RAN--STX2,No Change,IPR006011|IPR000727,-0.09635310039574939,Breast,1,0.779,0.9548290315464372,0.020074384754578973
2199,MGST3--LRCH3,No Change,IPR001715,-0.09642634943210603,Bladder/Urinary Tract,1,0.792,0.9548290315464372,0.020074384754578973
710,CLEC16A--OTOA,Reintroduction,IPR019155,-0.09647267797856733,Lung,1,0.792,0.9548290315464372,0.020074384754578973
2195,MGA--NIPA1,No Annotation,,-0.09656287575679906,Skin,1,0.793,0.9548290315464372,0.020074384754578973
2412,NDN--CNTN1,No Change,IPR003961|IPR003961|IPR003961,-0.09664077262281266,Soft Tissue,1,0.783,0.9548290315464372,0.020074384754578973
1768,ING5--THAP4,No Annotation,,-0.09676004045041875,Lymphoid,1,0.784,0.9548290315464372,0.020074384754578973
782,COL11A1--COL11A1,No Change,IPR001791|IPR000885,-0.09679660872201923,Lung,1,0.805,0.9548290315464372,0.020074384754578973
2839,PPFIBP1--CCDC91,No Annotation,,-0.09687750657212961,Myeloid,1,0.752,0.95368,0.020597325031198568
2116,MARS1--TMEM120B,Reintroduction,IPR041598|IPR004046,-0.09694616487470986,CNS/Brain,1,0.779,0.9548290315464372,0.020074384754578973
494,C8orf33--HAUS3,No Annotation,,-0.09699323261687733,Ovary/Fallopian Tube,1,0.779,0.9548290315464372,0.020074384754578973
4266,VAV2--ELAVL2,No Change,IPR000504|IPR000504|IPR000504,-0.0971151250684723,Myeloid,1,0.739,0.9532277949005323,0.020803302670593476
265,ARID2--TMEM117,No Annotation,,-0.09715730649300658,Lymphoid,1,0.757,0.9542130518234165,0.020354647412261038
1083,DYSF--ZNF638,Reinforcement,IPR000008|IPR000008|IPR012968|IPR000690,-0.09752673997859172,Head and Neck,1,0.803,0.9548290315464372,0.020074384754578973
3134,RBM12B--RAD54B,No Change,IPR000330|IPR001650,-0.09792617176470378,Bowel,1,0.774,0.9548290315464372,0.020074384754578973
2430,NEK7--SYK,No Change,IPR000980|IPR000719,-0.09801624483415089,Lung,1,0.779,0.9548290315464372,0.020074384754578973
1413,FRMD4A--FAM107B,No Annotation,,-0.09829571254306992,Soft Tissue,1,0.757,0.9542130518234165,0.020354647412261038
356,AXL--CEACAM19,No Change,IPR003599|IPR003599,-0.09848112361467891,Kidney,1,0.763,0.9545860477741586,0.020184917569790437
1835,JTB--SNAPIN,No Annotation,,-0.09853733496956572,Ovary/Fallopian Tube,1,0.797,0.9548290315464372,0.020074384754578973
3826,TBCB--KMT5B,Reinforcement,IPR000626|IPR000938|IPR001214,-0.09856997620703861,Lung,1,0.793,0.9548290315464372,0.020074384754578973
919,CYRIB--ASAP1,No Change,IPR001452,-0.0987937266363669,Esophagus/Stomach,1,0.806,0.9548290315464372,0.020074384754578973
1311,FBXL7--TRIO,No Change,IPR001251|IPR000219|IPR001849|IPR001452|IPR000219|IPR001849|IPR001452|IPR003598|IPR000719,-0.09885613448823538,Ovary/Fallopian Tube,1,0.786,0.9548290315464372,0.020074384754578973
2489,NIPBL--TRIO,No Change,IPR001251|IPR000219|IPR001849|IPR001452|IPR000219|IPR001849|IPR001452|IPR003598|IPR000719,-0.09887181703558783,Myeloid,1,0.754,0.95368,0.020597325031198568
4430,ZFAND3--CMTR1,No Change,IPR001202,-0.0989676298081858,Head and Neck,1,0.807,0.9548290315464372,0.020074384754578973
2254,MRPL14--ZFAND3,No Change,IPR000058,-0.09899483404650519,Bone,1,0.79,0.9548290315464372,0.020074384754578973
3951,TMEM126A--TMEM126B,No Annotation,,-0.0990034319477161,Bone,1,0.766,0.9545860477741586,0.020184917569790437
1480,GATAD2A--LSM4,No Change,IPR001163,-0.09901291460813688,Bone,1,0.794,0.9548290315464372,0.020074384754578973
3850,TCF7L1--DNAH6,No Change,IPR041228,-0.09901597256740202,Ovary/Fallopian Tube,1,0.8,0.9548290315464372,0.020074384754578973
3223,RLF--TRIT1,No Change,IPR003604,-0.09921474619103592,Lung,1,0.782,0.9548290315464372,0.020074384754578973
4214,UNC45A--TXNRD1,No Change,IPR023753|IPR004099,-0.09934505365514065,CNS/Brain,1,0.792,0.9548290315464372,0.020074384754578973
787,COL5A1--TNFAIP8,No Annotation,,-0.09943599454582375,Soft Tissue,1,0.803,0.9548290315464372,0.020074384754578973
3379,SEMA3F--GNAI2,No Annotation,,-0.09945758852098874,Breast,1,0.764,0.9545860477741586,0.020184917569790437
3627,SRF--CRIP3,Bridges,IPR002100|IPR001781,-0.09964273779530969,Ovary/Fallopian Tube,1,0.799,0.9548290315464372,0.020074384754578973
4452,ZHX3--CHD6,No Change,IPR006576,-0.09979784284057558,Uterus,1,0.78,0.9548290315464372,0.020074384754578973
2394,NCOA1--FAM228A,No Change,IPR011598,-0.09985857582864362,CNS/Brain,1,0.794,0.9548290315464372,0.020074384754578973
2347,MYO9B--FCHO1,Reinforcement,IPR000159|IPR018808,-0.10015681868500015,Breast,2,0.846,0.9548290315464372,0.020074384754578973
234,ARFGEF2--BCAS1,Reintroduction,IPR032629|IPR032691|IPR000904|IPR015403,-0.10016927951064694,Skin,1,0.79,0.9548290315464372,0.020074384754578973
65,ADGRF3--OTOF,Reintroduction,IPR000008|IPR055072|IPR000008|IPR032362,-0.10017163351069495,Ovary/Fallopian Tube,1,0.797,0.9548290315464372,0.020074384754578973
3167,RDX--FDX1,No Change,IPR001041,-0.10022840953765096,Lymphoid,1,0.771,0.9548290315464372,0.020074384754578973
221,APEX2--ALAS2,No Change,IPR015118|IPR004839,-0.10040594943051902,CNS/Brain,1,0.78,0.9548290315464372,0.020074384754578973
2668,PCDH7--SLC2A9,No Change,IPR002126|IPR002126|IPR002126|IPR002126|IPR002126|IPR002126|IPR013585,-0.10060799658497202,Esophagus/Stomach,1,0.785,0.9548290315464372,0.020074384754578973
3806,TATDN1--DEPTOR,No Change,IPR001478,-0.10079616850908832,Bowel,1,0.762,0.9545860477741586,0.020184917569790437
1910,KLHL7--GLIS3,No Change,IPR000210|IPR013087|IPR013087|IPR013087|IPR013087|IPR013087,-0.10085382899661555,Bowel,1,0.764,0.9545860477741586,0.020184917569790437
1081,DYRK1A--KCNJ6,No Annotation,,-0.10089599628490864,Lymphoid,1,0.751,0.95368,0.020597325031198568
2369,NAT1--MSR1,No Change,IPR001190,-0.1009261670509002,Skin,1,0.79,0.9548290315464372,0.020074384754578973
3432,SIRT3--CD151,No Annotation,,-0.10095508575117915,Breast,1,0.814,0.9548290315464372,0.020074384754578973
2739,PIEZO1--RNF166,Bridges,IPR056769|IPR031805|IPR056768|IPR034734|IPR008598,-0.10108764808147702,Bladder/Urinary Tract,1,0.79,0.9548290315464372,0.020074384754578973
4462,ZMYND11--SLIT3,Reintroduction,IPR000483|IPR000372|IPR000483|IPR000372|IPR000483|IPR000372|IPR000483|IPR000742|IPR000742|IPR000742|IPR000742|IPR000742|IPR000742|IPR001791|IPR000742|IPR000742|IPR000742|IPR006207,-0.10125848079504059,Bladder/Urinary Tract,1,0.805,0.9548290315464372,0.020074384754578973
4281,VEZT--GPR78,No Annotation,,-0.10126185668402087,Soft Tissue,2,0.86,0.9548290315464372,0.020074384754578973
2973,PTP4A1--TMEM182,No Change,IPR000387,-0.1019609287179621,Esophagus/Stomach,1,0.813,0.9548290315464372,0.020074384754578973
2670,PCGF3--PDE6B,No Change,IPR001841,-0.10207623590582082,Biliary Tract,1,0.808,0.9548290315464372,0.020074384754578973
4414,ZC3H7B--ERBB3,No Change,IPR000494|IPR006211|IPR000494|IPR032778|IPR000719,-0.10208008902393666,Breast,1,0.794,0.9548290315464372,0.020074384754578973
3942,TMEM104--DLC1,Bridges,IPR013057|IPR001660|IPR000198|IPR002913,-0.10209295646920631,Eye,1,0.795,0.9548290315464372,0.020074384754578973
3803,TASOR2--UCN3,No Change,IPR000187,-0.10234444973863122,Lung,1,0.805,0.9548290315464372,0.020074384754578973
3054,RAB31--SS18,No Annotation,,-0.10249989922562432,Soft Tissue,1,0.784,0.9548290315464372,0.020074384754578973
46,ACTN4--RYR1,Reinforcement,IPR001715|IPR001715|IPR009460|IPR005821,-0.10251737455155815,Esophagus/Stomach,1,0.806,0.9548290315464372,0.020074384754578973
1270,FAM193B--CRIM1,Reintroduction,IPR004094|IPR004094|IPR004094|IPR001007|IPR001007|IPR001007|IPR001007|IPR045813,-0.10259949122912179,Bone,1,0.762,0.9545860477741586,0.020184917569790437
1056,DPP8--HACD3,No Annotation,,-0.10276512980187638,Esophagus/Stomach,1,0.792,0.9548290315464372,0.020074384754578973
4566,ZNF865--EPN1,Bridges,IPR013087|IPR013087|IPR013087|IPR013087|IPR013087|IPR013087|IPR013087|IPR013087|IPR013087|IPR013087|IPR013087|IPR013087|IPR013087|IPR013087|IPR013087|IPR013087|IPR013087|IPR013087|IPR013087|IPR013087|IPR013809,-0.10287746262644674,Skin,1,0.772,0.9548290315464372,0.020074384754578973
2532,NSD2--GRK4,Reinforcement,IPR000313|IPR009071|IPR000719|IPR000961,-0.10293851487864282,Bladder/Urinary Tract,1,0.793,0.9548290315464372,0.020074384754578973
2533,NSD2--GRK4,Reinforcement,IPR000313|IPR009071|IPR016137|IPR000719|IPR000961,-0.10293851487864282,Bladder/Urinary Tract,1,0.818,0.9548290315464372,0.020074384754578973
2137,MCM8--SHLD1,No Change,IPR053898,-0.10300395619128842,Liver,1,0.801,0.9548290315464372,0.020074384754578973
2385,NCAM2--MIS18A,No Annotation,,-0.10313472217469805,Skin,1,0.801,0.9548290315464372,0.020074384754578973
2027,LPP--LPP,No Annotation,,-0.10320821211475464,Breast,1,0.777,0.9548290315464372,0.020074384754578973
3238,RNF130--TBC1D9B,Reinforcement,IPR003137|IPR000195|IPR002048,-0.10351917797066759,Head and Neck,1,0.799,0.9548290315464372,0.020074384754578973
2194,MGA--MAPKBP1,No Change,IPR056161|IPR056162|IPR056364,-0.10352030733790626,Lymphoid,1,0.791,0.9548290315464372,0.020074384754578973
577,CCND3--NES,No Change,IPR039008,-0.10354485264615745,Lung,1,0.792,0.9548290315464372,0.020074384754578973
3588,SP1--ESPL1,No Change,IPR030397,-0.10356298884686654,Esophagus/Stomach,1,0.818,0.9548290315464372,0.020074384754578973
2032,LRBA--LRBA,No Change,IPR046852|IPR031570|IPR010508|IPR023362|IPR000409|IPR046851,-0.10361047897559059,Bone,1,0.741,0.9532277949005323,0.020803302670593476
2757,PIP5K1A--SCNM1,No Change,IPR031622|IPR031625,-0.10379420801535769,Esophagus/Stomach,1,0.796,0.9548290315464372,0.020074384754578973
3798,TAPBPL--CD200R1L,Reinforcement,IPR003599|IPR003597|IPR007110,-0.10392209785104098,Lung,1,0.82,0.9548290315464372,0.020074384754578973
2558,NUMA1--TTC28,No Change,IPR024983|IPR058900,-0.10418963547289026,Lung,1,0.783,0.9548290315464372,0.020074384754578973
78,ADIPOR2--LYPD6B,No Annotation,,-0.10425492783520214,Breast,1,0.792,0.9548290315464372,0.020074384754578973
4205,UBXN2A--NCOA1,Reintroduction,IPR014935|IPR014920|IPR010011|IPR010011,-0.10436314928404593,Bladder/Urinary Tract,1,0.79,0.9548290315464372,0.020074384754578973
1308,FBXL20--SNF8,No Annotation,,-0.10441110097139983,Breast,1,0.785,0.9548290315464372,0.020074384754578973
3003,PUM3--CDC37L1,No Change,IPR033133|IPR012959,-0.10442378669451742,Thyroid,1,0.806,0.9548290315464372,0.020074384754578973
3002,PUM3--CDC37L1,No Annotation,,-0.10442378669451742,Thyroid,1,0.814,0.9548290315464372,0.020074384754578973
2528,NRP2--BTNL8,Reinforcement,IPR000859|IPR003599|IPR003599|IPR001870,-0.1045317969556652,Breast,1,0.775,0.9548290315464372,0.020074384754578973
3979,TMEM35B--ZMYM6,No Annotation,,-0.10456028510394809,CNS/Brain,1,0.811,0.9548290315464372,0.020074384754578973
1385,FLRT1--NAA40,No Change,IPR000182,-0.10465178122970673,Lung,1,0.81,0.9548290315464372,0.020074384754578973
2734,PHTF2--DPYD,Reintroduction,IPR005720|IPR017896|IPR017896,-0.10490348824102755,Ovary/Fallopian Tube,1,0.819,0.9548290315464372,0.020074384754578973
3766,SYTL3--TULP4,Reintroduction,IPR001496|IPR000007,-0.10496482154582952,Lung,1,0.816,0.9548290315464372,0.020074384754578973
4285,VMP1--CLCN3,No Change,IPR000644|IPR000644,-0.1051161135030349,CNS/Brain,1,0.797,0.9548290315464372,0.020074384754578973
1611,GTF2H3--ATP6V0A2,No Annotation,,-0.10531614669236648,Lymphoid,1,0.786,0.9548290315464372,0.020074384754578973
3061,RAB7A--LRCH3,No Change,IPR001715,-0.10534305001590466,Breast,1,0.776,0.9548290315464372,0.020074384754578973
348,AURKB--SLC25A45,No Annotation,,-0.10543035441575847,Myeloid,1,0.771,0.9548290315464372,0.020074384754578973
1865,KDM2B--HPD,No Change,IPR003347|IPR041070,-0.10558244261253233,Uterus,1,0.794,0.9548290315464372,0.020074384754578973
1958,LARS1--PCDHA12,No Change,IPR002126|IPR002126|IPR002126|IPR002126|IPR002126|IPR031904,-0.10620283626275806,Head and Neck,1,0.83,0.9548290315464372,0.020074384754578973
1959,LARS1--PCDHA12,No Change,IPR031904,-0.10620283626275806,Head and Neck,1,0.828,0.9548290315464372,0.020074384754578973
715,CLIC4--SRRM1,No Change,IPR002483,-0.10636796415521034,Lung,1,0.822,0.9548290315464372,0.020074384754578973
1564,GPC6--GPC5,No Annotation,,-0.10648918200306776,Esophagus/Stomach,1,0.796,0.9548290315464372,0.020074384754578973
794,COMMD7--GSS,No Change,IPR004887,-0.10699327131053693,Head and Neck,1,0.816,0.9548290315464372,0.020074384754578973
252,ARHGAP5--SLC25A21,Reintroduction,IPR002713|IPR002713|IPR002713|IPR002713|IPR039007|IPR039006,-0.10727013730904225,Esophagus/Stomach,1,0.811,0.9548290315464372,0.020074384754578973
430,BMERB1--ABCC1,Reintroduction,IPR003439|IPR011527|IPR003439,-0.10744788211292006,Breast,1,0.822,0.9548290315464372,0.020074384754578973
1063,DRC7--ATP6V0D1,No Change,IPR056290|IPR056291|IPR056292,-0.10760329079747132,Liver,1,0.788,0.9548290315464372,0.020074384754578973
2636,PALLD--ANXA10,No Change,IPR003598,-0.10761532982040128,Bone,1,0.799,0.9548290315464372,0.020074384754578973
2635,PALLD--ANXA10,No Annotation,,-0.10761532982040128,Bone,1,0.793,0.9548290315464372,0.020074384754578973
107,AHCYL1--ELAPOR1,No Change,IPR056609|IPR056610|IPR056608|IPR044865|IPR056606,-0.10762383734352626,CNS/Brain,1,0.787,0.9548290315464372,0.020074384754578973
436,BMPR2--MTIF3,No Change,IPR000472,-0.10799075458000397,Esophagus/Stomach,1,0.821,0.9548290315464372,0.020074384754578973
3778,TAF6L--SCGB1A1,No Annotation,,-0.10801960151848058,Biliary Tract,1,0.815,0.9548290315464372,0.020074384754578973
2926,PRR5--ARHGAP8,No Change,IPR001251|IPR000198,-0.10806506297245418,Myeloid,1,0.783,0.9548290315464372,0.020074384754578973
4570,ZNF875--ZNF875,No Change,IPR001909|IPR048414|IPR013087|IPR013087|IPR013087|IPR013087|IPR013087|IPR013087|IPR013087|IPR013087|IPR013087|IPR013087|IPR013087|IPR013087|IPR013087,-0.10812263567915545,Head and Neck,1,0.823,0.9548290315464372,0.020074384754578973
1991,LENG8--LILRB1,Bridges,IPR000717|IPR003598|IPR003599|IPR003598|IPR003598,-0.10823528313772462,Esophagus/Stomach,1,0.792,0.9548290315464372,0.020074384754578973
2501,NME5--CDC23,No Change,IPR034907,-0.10824464171655813,Uterus,1,0.809,0.9548290315464372,0.020074384754578973
3862,TEAD1--ZNRF2,No Change,IPR001841,-0.10829526290654427,Thyroid,1,0.83,0.9548290315464372,0.020074384754578973
2429,NEK6--LHX2,No Annotation,,-0.10842259496759235,Ovary/Fallopian Tube,1,0.801,0.9548290315464372,0.020074384754578973
4392,ZBTB17--SLC22A15,No Annotation,,-0.10849601705992008,Ovary/Fallopian Tube,2,0.866,0.9548290315464372,0.020074384754578973
301,ASPH--EIF4EBP1,No Change,IPR007943,-0.108709179079379,Lung,1,0.807,0.9548290315464372,0.020074384754578973
4444,ZFYVE1--NUMB,Reinforcement,IPR047856|IPR047855|IPR006020|IPR010449,-0.1088159039681457,Ovary/Fallopian Tube,1,0.819,0.9548290315464372,0.020074384754578973
740,CLTC--VMP1,No Change,IPR015348,-0.10900587900380909,Liver,1,0.802,0.9548290315464372,0.020074384754578973
1166,ENTR1--ENTR1,No Annotation,,-0.10903516200492866,Bone,1,0.791,0.9548290315464372,0.020074384754578973
329,ATP2B4--PPM1D,No Annotation,,-0.10925671167368628,CNS/Brain,1,0.816,0.9548290315464372,0.020074384754578973
444,BRAP--ATXN2,No Annotation,,-0.10942137505899338,Pancreas,1,0.811,0.9548290315464372,0.020074384754578973
2088,MAP3K12--SP1,No Change,IPR013087|IPR013087|IPR013087,-0.10968089350994775,Uterus,1,0.798,0.9548290315464372,0.020074384754578973
3316,RUFY3--TMPRSS11A,No Change,IPR004012,-0.10972612185014367,Breast,1,0.805,0.9548290315464372,0.020074384754578973
1344,FGFR2--COL14A1,No Change,IPR003598|IPR003598|IPR003598,-0.10977450980019213,Lung,1,0.853,0.9548290315464372,0.020074384754578973
3080,RAD51B--GPHN,No Change,IPR058766,-0.11009387137508167,Pancreas,1,0.806,0.9548290315464372,0.020074384754578973
2573,NUP93--CETP,No Annotation,,-0.11025027658146709,Skin,1,0.807,0.9548290315464372,0.020074384754578973
1363,FHOD3--ELP2,No Annotation,,-0.11053562978254619,Lung,1,0.804,0.9548290315464372,0.020074384754578973
684,CHDH--CACNA1D,Reintroduction,IPR005821|IPR005821|IPR005821|IPR031649|IPR014873|IPR031688,-0.11065758353086066,Liver,1,0.831,0.9548290315464372,0.020074384754578973
1971,LASP1--PPP1R1B,No Annotation,,-0.11091728973867795,Skin,1,0.802,0.9548290315464372,0.020074384754578973
3716,SUFU--GBF1,No Change,IPR032691|IPR000904|IPR056604,-0.11116035834104683,Esophagus/Stomach,1,0.817,0.9548290315464372,0.020074384754578973
1287,FANCC--PTCH1,No Change,IPR000731,-0.1117744191379318,Esophagus/Stomach,1,0.825,0.9548290315464372,0.020074384754578973
3518,SMAD3--IQCH,No Change,IPR056855,-0.1119298942294665,Esophagus/Stomach,1,0.809,0.9548290315464372,0.020074384754578973
1670,HIRA--UFD1,No Annotation,,-0.11201606386822796,Uterus,1,0.8,0.9548290315464372,0.020074384754578973
3553,SNAPC3--CENPQ,No Annotation,,-0.11209892740979435,Bone,1,0.803,0.9548290315464372,0.020074384754578973
1814,ITPR2--GTF3C2,No Change,IPR014821|IPR016093|IPR000699|IPR000699|IPR013662|IPR005821,-0.11238430688811354,Skin,1,0.83,0.9548290315464372,0.020074384754578973
2144,MDM1--FAM186A,No Annotation,,-0.11263115374390527,Soft Tissue,1,0.805,0.9548290315464372,0.020074384754578973
964,DDX39A--CDH4,No Change,IPR002126|IPR002126|IPR002126|IPR002126|IPR002126|IPR000233,-0.11267797921125754,Skin,1,0.818,0.9548290315464372,0.020074384754578973
1031,DNAH11--PHF14,Reinforcement,IPR013594|IPR013602|IPR003593|IPR003593|IPR041466|IPR003593|IPR041589|IPR003593|IPR001965,-0.11279286323079969,Lymphoid,1,0.792,0.9548290315464372,0.020074384754578973
555,CCDC137--RPTOR,No Change,IPR029347,-0.11282616049229788,Soft Tissue,1,0.822,0.9548290315464372,0.020074384754578973
906,CTTN--CTSC,No Annotation,,-0.1128797293204991,Breast,1,0.818,0.9548290315464372,0.020074384754578973
1960,LARS1--PCDHA13,No Change,IPR031904,-0.11288461445107506,Head and Neck,1,0.839,0.9548290315464372,0.020074384754578973
4578,ZRANB2--DNAI4,No Change,IPR001876|IPR001876,-0.11295886498183391,Lung,1,0.825,0.9548290315464372,0.020074384754578973
2934,PSKH1--ZC3H14,No Change,IPR000571|IPR000571|IPR000571,-0.11301610891735406,Lung,1,0.838,0.9548290315464372,0.020074384754578973
4582,ZYG11A--SCP2,No Change,IPR003033,-0.11315567951053895,Breast,1,0.812,0.9548290315464372,0.020074384754578973
3549,SMYD3--SMYD3,No Annotation,,-0.11316276730950117,Kidney,1,0.807,0.9548290315464372,0.020074384754578973
505,CACNA1D--RHOA,No Change,IPR005225,-0.1135359324378508,Esophagus/Stomach,1,0.844,0.9548290315464372,0.020074384754578973
4413,ZC3H7A--TVP23A,No Annotation,,-0.11364628588854715,Lymphoid,1,0.792,0.9548290315464372,0.020074384754578973
3308,RTKN--MOGS,Reintroduction,IPR031335,-0.11376182864451098,Head and Neck,1,0.838,0.9548290315464372,0.020074384754578973
1037,DNAJC13--TLN2,No Change,IPR032425|IPR000299|IPR015224|IPR002558|IPR049108|IPR054060|IPR037438|IPR015009|IPR054060|IPR002558,-0.11376236472818388,Lung,1,0.831,0.9548290315464372,0.020074384754578973
1471,GAREM1--SDHAF3,No Annotation,,-0.1139930887075123,Liver,1,0.827,0.9548290315464372,0.020074384754578973
554,CCDC12--SETD2,Reintroduction,IPR001202|IPR013257,-0.1144617852474781,Bladder/Urinary Tract,1,0.821,0.9548290315464372,0.020074384754578973
1328,FCGRT--FLT3LG,No Annotation,,-0.11447089059559033,Breast,1,0.814,0.9548290315464372,0.020074384754578973
457,BRWD1--DSCAM,No Annotation,,-0.11457179528039539,Breast,1,0.809,0.9548290315464372,0.020074384754578973
3499,SLC7A1--SLC7A1,No Change,IPR029485,-0.11461873615269846,Bladder/Urinary Tract,2,0.866,0.9548290315464372,0.020074384754578973
349,AVIL--MDM1,No Annotation,,-0.11478703290754719,Soft Tissue,1,0.832,0.9548290315464372,0.020074384754578973
1911,KLHL7--TPCN2,No Change,IPR005821,-0.1148292923838568,Skin,1,0.802,0.9548290315464372,0.020074384754578973
4084,TREM1--BOC,No Change,IPR003599,-0.11500647744543106,Soft Tissue,1,0.82,0.9548290315464372,0.020074384754578973
729,CLSTN2--PRKCA,Reintroduction,IPR002219|IPR000008|IPR000719|IPR000961,-0.11510433146225357,Lymphoid,1,0.802,0.9548290315464372,0.020074384754578973
1800,ITCH--PIGT,No Annotation,,-0.11531347153608418,Head and Neck,1,0.823,0.9548290315464372,0.020074384754578973
70,ADGRL1--PRKACA,Reintroduction,IPR000961,-0.11567916171290873,Esophagus/Stomach,1,0.814,0.9548290315464372,0.020074384754578973
612,CDC42SE2--LYRM7,No Annotation,,-0.11582941856617489,Esophagus/Stomach,1,0.832,0.9548290315464372,0.020074384754578973
613,CDC42SE2--LYRM7,No Change,IPR008011,-0.11582941856617489,Esophagus/Stomach,1,0.818,0.9548290315464372,0.020074384754578973
1355,FHIT--ATXN7,No Annotation,,-0.1159078518827341,Lung,1,0.821,0.9548290315464372,0.020074384754578973
1750,IL1RAPL2--NRK,No Change,IPR001180,-0.1159180429809584,Lung,1,0.842,0.9548290315464372,0.020074384754578973
1472,GAREM2--RAB10,No Annotation,,-0.11594447054507623,Bladder/Urinary Tract,1,0.838,0.9548290315464372,0.020074384754578973
278,ARMH3--HIF1AN,No Change,IPR003347,-0.11601867824365468,Bladder/Urinary Tract,1,0.817,0.9548290315464372,0.020074384754578973
772,CNST--SMYD3,No Annotation,,-0.1160341714131713,Cervix,1,0.83,0.9548290315464372,0.020074384754578973
3047,RAB14--C5,No Change,IPR041425|IPR002890|IPR041555|IPR040839|IPR011625|IPR000020|IPR001599|IPR011626|IPR048843|IPR009048|IPR001134,-0.1161753303561987,Bowel,1,0.794,0.9548290315464372,0.020074384754578973
4065,TPX2--HM13,Reintroduction,IPR015128,-0.1162797895457435,CNS/Brain,1,0.841,0.9548290315464372,0.020074384754578973
1695,HNRNPD--MICA,Reintroduction,IPR012956,-0.11644306886873866,Lymphoid,1,0.803,0.9548290315464372,0.020074384754578973
1794,IRAK2--BRK1,No Change,IPR000488,-0.11647597091345033,Pancreas,1,0.839,0.9548290315464372,0.020074384754578973
4142,TUBD1--VMP1,No Annotation,,-0.11650809562642922,Breast,1,0.821,0.9548290315464372,0.020074384754578973
3031,R3HCC1L--HTRA1,No Change,IPR001478,-0.11654312493267299,Lymphoid,1,0.797,0.9548290315464372,0.020074384754578973
2460,NFIA--SCP2,Bridges,IPR019548|IPR003619|IPR055140|IPR003033,-0.1165479110449853,Lung,1,0.833,0.9548290315464372,0.020074384754578973
3933,TMBIM4--GRIP1,No Change,IPR001478|IPR001478|IPR001478|IPR001478|IPR001478|IPR001478|IPR001478,-0.11658591298540662,Breast,1,0.824,0.9548290315464372,0.020074384754578973
2367,NARS2--MMP10,Bridges,IPR004365|IPR002477|IPR001818|IPR000585,-0.11664089375896977,Lung,1,0.809,0.9548290315464372,0.020074384754578973
3688,STK3--ESRP1,Reinforcement,IPR000719|IPR000504|IPR000504|IPR000504,-0.11665505405316491,Bone,1,0.784,0.9548290315464372,0.020074384754578973
1806,ITGB4--ITGB4,No Change,IPR002369|IPR040622|IPR000742|IPR012896|IPR003644|IPR003961|IPR003961|IPR003961|IPR003961,-0.11665525139849944,Esophagus/Stomach,1,0.822,0.9548290315464372,0.020074384754578973
1777,INTS1--PRKAR1B,Bridges,IPR022145|IPR003117|IPR000595|IPR000595,-0.1167737351598664,Breast,1,0.821,0.9548290315464372,0.020074384754578973
2640,PANX2--PI4KA,No Change,IPR001263|IPR000403,-0.11730272130394288,CNS/Brain,1,0.831,0.9548290315464372,0.020074384754578973
2380,NBL1--RCC2,No Change,IPR058923,-0.11738208643260867,Breast,1,0.828,0.9548290315464372,0.020074384754578973
1213,ESRRA--VEGFB,No Annotation,,-0.117501324987768,Ovary/Fallopian Tube,1,0.83,0.9548290315464372,0.020074384754578973
2168,MEF2A--MEF2A,No Change,IPR002100|IPR022102,-0.11754652691347783,Lymphoid,1,0.796,0.9548290315464372,0.020074384754578973
2075,MADD--DDB2,No Change,IPR005113|IPR001194|IPR005112,-0.1177166738103192,Myeloid,1,0.82,0.9548290315464372,0.020074384754578973
3161,RCBTB1--CDADC1,No Annotation,,-0.11771720309404152,Esophagus/Stomach,1,0.823,0.9548290315464372,0.020074384754578973
1478,GATA6--DSG1,Reinforcement,IPR008013|IPR000679|IPR000679|IPR000233,-0.11797763656803542,Bowel,1,0.796,0.9548290315464372,0.020074384754578973
3617,SPNS2--PDE1B,Bridges,IPR020846|IPR013706|IPR002073,-0.11802208523662307,Myeloid,1,0.814,0.9548290315464372,0.020074384754578973
1598,GSR--GTF2E2,Reintroduction,IPR040501,-0.11804818599487374,Bone,1,0.803,0.9548290315464372,0.020074384754578973
1864,KDM2A--SYT12,No Change,IPR000008|IPR000008,-0.11811496777033222,Uterus,1,0.829,0.9548290315464372,0.020074384754578973
4554,ZNF710--WDR93,No Change,IPR013087|IPR013087|IPR013087|IPR013087|IPR013087|IPR013087|IPR013087|IPR013087|IPR013087|IPR013087|IPR013087,-0.11855579841833933,Breast,1,0.803,0.9548290315464372,0.020074384754578973
3191,RGL3--ECSIT,No Annotation,,-0.11884536358945261,Uterus,1,0.819,0.9548290315464372,0.020074384754578973
3192,RGL3--ECSIT,No Change,IPR000651,-0.11884536358945261,Uterus,1,0.814,0.9548290315464372,0.020074384754578973
3830,TBL1X--SHROOM2,No Change,IPR014799,-0.11884916762485842,Ovary/Fallopian Tube,1,0.84,0.9548290315464372,0.020074384754578973
2213,MIDEAS--HNF1B,No Annotation,,-0.1189055114342399,Ovary/Fallopian Tube,1,0.821,0.9548290315464372,0.020074384754578973
4314,WASF2--PAFAH2,No Annotation,,-0.11896100913268916,Skin,1,0.821,0.9548290315464372,0.020074384754578973
1397,FNDC3B--TNIK,No Change,IPR001180,-0.1189635205667291,Breast,1,0.808,0.9548290315464372,0.020074384754578973
3458,SLC25A3--ANKS1B,No Change,IPR001660|IPR001660|IPR006020,-0.11913527995814893,Lung,1,0.814,0.9548290315464372,0.020074384754578973
2041,LRP5--PARVB,Reinforcement,IPR000742|IPR000742|IPR000742|IPR000742|IPR001715|IPR001715,-0.11914831949922045,Soft Tissue,1,0.818,0.9548290315464372,0.020074384754578973
3581,SOS1--SLC12A1,Bridges,IPR000219|IPR001849|IPR000651|IPR018491,-0.11927012099960113,Peripheral Nervous System,1,0.809,0.9548290315464372,0.020074384754578973
1089,E2F8--CSRP3,No Change,IPR001781|IPR001781,-0.1192814654408633,Breast,1,0.839,0.9548290315464372,0.020074384754578973
3718,SUGP2--ARMC6,No Annotation,,-0.11931855286188636,Liver,1,0.867,0.9548290315464372,0.020074384754578973
500,CABIN1--VSTM2A,No Annotation,,-0.11969018885142738,Esophagus/Stomach,1,0.832,0.9548290315464372,0.020074384754578973
1517,GLI3--MRPL48,No Change,IPR027486,-0.1199413734522056,Esophagus/Stomach,1,0.829,0.9548290315464372,0.020074384754578973
3088,RAF1--SLC6A11,No Annotation,,-0.12000788029703659,Head and Neck,1,0.823,0.9548290315464372,0.020074384754578973
1617,GTPBP4--MYC,No Change,IPR041623|IPR005225|IPR012973,-0.12003060251369957,Bone,1,0.816,0.9548290315464372,0.020074384754578973
3945,TMEM109--ZNRD2,No Annotation,,-0.12004212744525328,Bladder/Urinary Tract,1,0.825,0.9548290315464372,0.020074384754578973
762,CNOT2--RSPH9,No Annotation,,-0.12033332826308712,Soft Tissue,1,0.841,0.9548290315464372,0.020074384754578973
744,CMBL--SEMA5A,Reintroduction,IPR016201|IPR057563,-0.12035764363278517,Bone,1,0.813,0.9548290315464372,0.020074384754578973
424,BICRA--MEGF8,No Annotation,,-0.12039090318269488,Lymphoid,1,0.799,0.9548290315464372,0.020074384754578973
4434,ZFP62--SIMC1,No Change,IPR013087|IPR013087|IPR013087|IPR013087|IPR013087|IPR013087|IPR013087|IPR013087|IPR013087|IPR013087|IPR013087|IPR013087|IPR013087|IPR013087|IPR013087|IPR013087|IPR013087|IPR013087|IPR013087|IPR013087|IPR013087|IPR013087|IPR013087|IPR013087|IPR013087,-0.12045173143876597,Esophagus/Stomach,1,0.846,0.9548290315464372,0.020074384754578973
3119,RARA--STARD3,No Annotation,,-0.12054393526849326,Lung,1,0.828,0.9548290315464372,0.020074384754578973
789,COL8A1--CMSS1,No Annotation,,-0.12063280295875706,Breast,1,0.843,0.9548290315464372,0.020074384754578973
1404,FOXO1--MRPS31,No Annotation,,-0.1208223036437605,Ovary/Fallopian Tube,1,0.825,0.9548290315464372,0.020074384754578973
1034,DNAJB6--PTPRN2,No Change,IPR000242,-0.120960635237754,Pancreas,1,0.834,0.9548290315464372,0.020074384754578973
628,CDK17--COPZ1,No Annotation,,-0.1212175817649673,Skin,1,0.835,0.9548290315464372,0.020074384754578973
3366,SCYL1--FRMD8,No Change,IPR000719,-0.12121845554553146,Bladder/Urinary Tract,1,0.833,0.9548290315464372,0.020074384754578973
1514,GLDN--CYP19A1,No Annotation,,-0.12143686225620699,Lung,1,0.831,0.9548290315464372,0.020074384754578973
664,CEP83--TMCC3,No Annotation,,-0.12151817611192325,Lymphoid,1,0.822,0.9548290315464372,0.020074384754578973
508,CADM2--CADM2,Reinforcement,IPR003598|IPR007110|IPR007110|IPR003598|IPR003585,-0.12162677034380082,Esophagus/Stomach,1,0.843,0.9548290315464372,0.020074384754578973
1358,FHIT--FHIT,No Change,IPR011146,-0.12163450218567523,Prostate,1,0.799,0.9548290315464372,0.020074384754578973
566,CCDC77--ATF7IP,No Change,IPR003961,-0.12166980837151657,Peripheral Nervous System,1,0.812,0.9548290315464372,0.020074384754578973
105,AGR2--AGR3,No Annotation,,-0.12184257914083699,Bowel,1,0.807,0.9548290315464372,0.020074384754578973
797,COPZ1--MKNK2,No Annotation,,-0.12201256488370975,Bone,1,0.809,0.9548290315464372,0.020074384754578973
2725,PHF3--ADGRB3,No Annotation,,-0.1220232315597348,Esophagus/Stomach,1,0.851,0.9548290315464372,0.020074384754578973
3130,RBBP8--MIB1,Reintroduction,IPR000433|IPR010606|IPR040847|IPR040847|IPR001841|IPR001841|IPR001841,-0.1221775346854323,Biliary Tract,1,0.844,0.9548290315464372,0.020074384754578973
354,AXIN2--CEP112,Reintroduction,IPR032101|IPR016137,-0.12229061903799868,Head and Neck,1,0.838,0.9548290315464372,0.020074384754578973
2240,MNAT1--PLXNA2,Reinforcement,IPR001841|IPR016201|IPR041019|IPR016201|IPR041362|IPR016201|IPR002909|IPR002909|IPR002909|IPR002909|IPR013548,-0.12229908152200233,Thyroid,1,0.838,0.9548290315464372,0.020074384754578973
248,ARHGAP35--VRK3,Reintroduction,IPR002713|IPR002713|IPR002713|IPR002713|IPR039007|IPR039006,-0.12235649346754932,Bowel,1,0.818,0.9548290315464372,0.020074384754578973
4544,ZNF654--FRMD4B,No Change,IPR021774,-0.12242421046384289,Skin,1,0.831,0.9548290315464372,0.020074384754578973
1740,IGF2R--SYTL3,Reinforcement,IPR044865|IPR000008|IPR000008,-0.12243137484499768,Ovary/Fallopian Tube,1,0.834,0.9548290315464372,0.020074384754578973
1488,GATD1--CHID1,No Annotation,,-0.12245705580466153,Uterus,1,0.82,0.9548290315464372,0.020074384754578973
3651,SSX2IP--SSX2IP,No Annotation,,-0.12258455261972068,Esophagus/Stomach,1,0.837,0.9548290315464372,0.020074384754578973
2781,PLEKHA7--SOX6,Reinforcement,IPR001202|IPR001202|IPR009071,-0.12264840406523372,Bladder/Urinary Tract,1,0.821,0.9548290315464372,0.020074384754578973
2089,MAP3K13--ATR,No Annotation,,-0.1227203647100254,CNS/Brain,1,0.823,0.9548290315464372,0.020074384754578973
1780,INVS--HSD17B3,No Annotation,,-0.12272125156551922,Soft Tissue,1,0.819,0.9548290315464372,0.020074384754578973
404,BCAS4--PTPN1,No Annotation,,-0.12281844314172455,Biliary Tract,1,0.836,0.9548290315464372,0.020074384754578973
2502,NME6--FBLN2,Reintroduction,IPR000742|IPR055088,-0.12306038927147271,Uterus,1,0.813,0.9548290315464372,0.020074384754578973
1795,IRF2--IRF2,No Change,IPR001346,-0.12315711229574777,Kidney,1,0.799,0.9548290315464372,0.020074384754578973
1916,KMT2A--ATP5MG,No Change,IPR002857,-0.12319144761266136,Breast,1,0.825,0.9548290315464372,0.020074384754578973
1051,DOCK5--CDCA2,No Change,IPR029334,-0.1232673983737366,CNS/Brain,1,0.833,0.9548290315464372,0.020074384754578973
4457,ZMAT3--PARP15,Reintroduction,IPR002589|IPR012317,-0.12335016243766407,Peripheral Nervous System,1,0.808,0.9548290315464372,0.020074384754578973
1724,HYDIN--TRAM1L1,Reinforcement,IPR053879|IPR053879|IPR006634,-0.12340462316194277,Soft Tissue,1,0.822,0.9548290315464372,0.020074384754578973
851,CRK--SMG6,No Change,IPR019458|IPR018834|IPR002716,-0.12344038960369527,Head and Neck,1,0.843,0.9548290315464372,0.020074384754578973
4107,TRPC3--C17orf67,No Annotation,,-0.12362753065228847,Soft Tissue,1,0.839,0.9548290315464372,0.020074384754578973
1173,EPB41L1--NR4A3,No Annotation,,-0.12373964302818209,Lung,1,0.828,0.9548290315464372,0.020074384754578973
1955,LARS1--PCDHA1,No Change,IPR031904,-0.12376611443265956,Head and Neck,1,0.832,0.9548290315464372,0.020074384754578973
1459,GAB2--ALG8,No Change,IPR001849,-0.12378857047377892,Peripheral Nervous System,1,0.817,0.9548290315464372,0.020074384754578973
3395,SETD5--SRGAP3,No Change,IPR001060|IPR049581|IPR000198|IPR001452,-0.12386583752277995,Breast,1,0.82,0.9548290315464372,0.020074384754578973
1247,FA2H--FA2H,No Change,IPR006694,-0.12417320091705131,Esophagus/Stomach,1,0.851,0.9548290315464372,0.020074384754578973
3742,SWAP70--WEE1,No Change,IPR000719,-0.124572944154411,Ovary/Fallopian Tube,1,0.831,0.9548290315464372,0.020074384754578973
3486,SLC4A7--NEK10,Reintroduction,IPR013769|IPR013769,-0.12466199749444785,Ovary/Fallopian Tube,1,0.833,0.9548290315464372,0.020074384754578973
1569,GPR180--GPC6,Reintroduction,IPR053880,-0.12494099541337154,Lung,1,0.851,0.9548290315464372,0.020074384754578973
894,CTPS1--CTPS1,Reintroduction,IPR017456,-0.1252971273510879,Liver,1,0.829,0.9548290315464372,0.020074384754578973
790,COLGALT2--ARPC5,No Annotation,,-0.12550183862556522,Ovary/Fallopian Tube,1,0.844,0.9548290315464372,0.020074384754578973
874,CTBS--GNG5,No Annotation,,-0.1258574470000452,Biliary Tract,1,0.847,0.9548290315464372,0.020074384754578973
542,CBARP--SBNO2,No Change,IPR039187|IPR026937|IPR057332,-0.12589943042711696,Cervix,1,0.866,0.9548290315464372,0.020074384754578973
1203,ERMN--ACVR1C,No Change,IPR000719,-0.12594069510556571,Soft Tissue,1,0.849,0.9548290315464372,0.020074384754578973
3421,SIN3A--MAP3K5,No Annotation,,-0.12602951092074682,CNS/Brain,1,0.837,0.9548290315464372,0.020074384754578973
3680,STIL--TAL1,No Change,IPR011598,-0.1262013515721516,Lymphoid,2,0.881,0.9548290315464372,0.020074384754578973
3775,TAF4--BRIP1,No Change,IPR006555,-0.1262489990561701,Breast,2,0.903,0.9548290315464372,0.020074384754578973
530,CARD11--CARD11,No Change,IPR001315,-0.12634030391031584,Esophagus/Stomach,1,0.857,0.9548290315464372,0.020074384754578973
2690,PDHX--CAT,Reintroduction,IPR010582,-0.12643658488017473,Uterus,1,0.831,0.9548290315464372,0.020074384754578973
2737,PIEZO1--CBFA2T3,No Change,IPR003894|IPR014896|IPR002893,-0.12651412700883596,Breast,1,0.826,0.9548290315464372,0.020074384754578973
4028,TOPORS--NDUFB6,No Annotation,,-0.1270221262176984,Lymphoid,1,0.823,0.9548290315464372,0.020074384754578973
602,CD47--IFT57,No Change,IPR007110|IPR013147,-0.1271057323972057,Esophagus/Stomach,1,0.831,0.9548290315464372,0.020074384754578973
717,CLIP1--ANKRD26,No Change,IPR039497|IPR021885,-0.12721959744141484,Soft Tissue,1,0.833,0.9548290315464372,0.020074384754578973
2403,NCOA3--PRKD2,No Change,IPR001849|IPR000719,-0.12728617233601852,Lymphoid,1,0.804,0.9548290315464372,0.020074384754578973
1738,IGF2BP2--TRA2B,No Change,IPR000504|IPR000504,-0.12758071026349532,Bowel,1,0.825,0.9548290315464372,0.020074384754578973
2070,LY6H--TRHR,No Annotation,,-0.12767460882617154,Lung,1,0.839,0.9548290315464372,0.020074384754578973
1893,KIF1C--HLCS,Bridges,IPR001752|IPR003142,-0.12775937415238142,Uterus,1,0.857,0.9548290315464372,0.020074384754578973
3781,TAFA2--DPY19L2,No Annotation,,-0.12776824779764867,Bone,1,0.834,0.9548290315464372,0.020074384754578973
3174,RERE--KCNK12,No Change,IPR013099,-0.12784271503759476,Peripheral Nervous System,1,0.838,0.9548290315464372,0.020074384754578973
4153,TXNDC11--ZC3H7A,Reinforcement,IPR013766|IPR000571,-0.12787815306784633,Myeloid,1,0.817,0.9548290315464372,0.020074384754578973
2535,NSD3--MOS,No Annotation,,-0.12805078953549862,Lung,1,0.853,0.9548290315464372,0.020074384754578973
2536,NSD3--MOS,No Change,IPR000719,-0.12805078953549862,Lung,1,0.833,0.9548290315464372,0.020074384754578973
931,DARS2--KLHL20,No Change,IPR004365,-0.1285146867207933,Eye,1,0.835,0.9548290315464372,0.020074384754578973
2000,LIMK2--DEPDC5,No Change,IPR055213|IPR048255|IPR000591|IPR045838,-0.12854448935408863,Bowel,1,0.816,0.9548290315464372,0.020074384754578973
881,CTCF--TSNAXIP1,No Change,IPR032755,-0.12871209037144415,Myeloid,1,0.819,0.9548290315464372,0.020074384754578973
378,BAHD1--NRG4,No Change,IPR000742,-0.12907013453839594,CNS/Brain,1,0.84,0.9548290315464372,0.020074384754578973
377,BAHD1--NRG4,No Annotation,,-0.12907013453839594,CNS/Brain,1,0.863,0.9548290315464372,0.020074384754578973
3197,RGS17--VWA8,No Change,IPR002035,-0.1295508896103121,Lung,1,0.856,0.9548290315464372,0.020074384754578973
3984,TMEM41A--IGF2BP2,No Change,IPR004087|IPR004087|IPR004087|IPR004087,-0.1298605626807267,Bladder/Urinary Tract,1,0.852,0.9548290315464372,0.020074384754578973
4111,TRPM3--TRPM3,No Change,IPR041491|IPR057366|IPR005821|IPR032415,-0.13024642221123772,Esophagus/Stomach,1,0.856,0.9548290315464372,0.020074384754578973
763,CNOT2--TSPAN8,No Annotation,,-0.13033089429803935,Peripheral Nervous System,1,0.829,0.9548290315464372,0.020074384754578973
1653,HELZ--HECW1,Reinforcement,IPR000571|IPR014016|IPR041677|IPR041679|IPR000569,-0.1303547168694265,Breast,1,0.845,0.9548290315464372,0.020074384754578973
2306,MTMR3--CABP7,No Annotation,,-0.13068948158262314,Bone,1,0.839,0.9548290315464372,0.020074384754578973
891,CTNND1--ZDHHC5,No Change,IPR001594,-0.13078559037141355,Cervix,1,0.885,0.9548290315464372,0.020074384754578973
4517,ZNF568--DENND1B,No Change,IPR001194|IPR005112,-0.13101164749159142,Soft Tissue,1,0.826,0.9548290315464372,0.020074384754578973
2203,MICAL3--NUP50,No Change,IPR015007|IPR000156,-0.1310882739126496,Peripheral Nervous System,1,0.808,0.9548290315464372,0.020074384754578973
3711,STX8--SLC29A1,No Annotation,,-0.13126078010834022,Bone,1,0.828,0.9548290315464372,0.020074384754578973
1479,GATAD2A--ARHGAP35,No Annotation,,-0.13136220171225138,Esophagus/Stomach,1,0.859,0.9548290315464372,0.020074384754578973
2843,PPFIBP1--SMCO2,No Annotation,,-0.13145731848783687,Breast,1,0.824,0.9548290315464372,0.020074384754578973
4483,ZNF256--TDRD12,Reintroduction,IPR011545|IPR002999,-0.13153863970369084,Breast,1,0.808,0.9548290315464372,0.020074384754578973
4482,ZNF256--TDRD12,Reinforcement,IPR001909|IPR013087|IPR013087|IPR013087|IPR013087|IPR013087|IPR013087|IPR013087|IPR013087|IPR013087|IPR013087|IPR013087|IPR013087|IPR013087|IPR013087|IPR011545|IPR002999,-0.13153863970369084,Breast,1,0.865,0.9548290315464372,0.020074384754578973
2786,PLEKHG5--DNAJC11,Reintroduction,IPR024586,-0.13178075063163375,Lung,1,0.85,0.9548290315464372,0.020074384754578973
124,AKT3--CEP170,No Change,IPR001849,-0.13223134550630694,Esophagus/Stomach,1,0.862,0.9548290315464372,0.020074384754578973
4144,TUBGCP3--MLPH,Reintroduction,IPR006788,-0.13234628732826811,Soft Tissue,1,0.844,0.9548290315464372,0.020074384754578973
3914,THYN1--SPATA19,No Annotation,,-0.13235159036619182,CNS/Brain,1,0.84,0.9548290315464372,0.020074384754578973
3841,TCEA2--ITGAE,No Change,IPR048285,-0.13240856772192724,Lung,1,0.836,0.9548290315464372,0.020074384754578973
883,CTNNA1--SIL1,No Annotation,,-0.13260757743919388,Prostate,1,0.807,0.9548290315464372,0.020074384754578973
1375,FKTN--SOWAHB,Bridges,IPR045587|IPR007074|IPR058889,-0.13274200573240363,Esophagus/Stomach,1,0.86,0.9548290315464372,0.020074384754578973
1581,GREB1--ROCK2,No Annotation,,-0.13289388585501832,Peripheral Nervous System,1,0.829,0.9548290315464372,0.020074384754578973
4104,TRMT10C--LIFR,No Change,IPR003961|IPR040817|IPR048497|IPR003961|IPR003961|IPR003961|IPR003961,-0.1330208025260914,Lymphoid,1,0.823,0.9548290315464372,0.020074384754578973
683,CHDH--ABHD6,No Change,IPR000073,-0.13335401889836962,Lung,1,0.869,0.9548290315464372,0.020074384754578973
3782,TANC1--CRLF1,No Annotation,,-0.13353294129035487,Liver,1,0.852,0.9548290315464372,0.020074384754578973
468,C11orf54--EED,No Annotation,,-0.13354803624083345,Peripheral Nervous System,1,0.843,0.9548290315464372,0.020074384754578973
2701,PDZD8--TRIP12,No Change,IPR057948|IPR004170|IPR000569,-0.13363431939925682,Bone,1,0.853,0.9548290315464372,0.020074384754578973
643,CELF1--SPI1,No Change,IPR000418,-0.1337948560157175,Lymphoid,1,0.837,0.9548290315464372,0.020074384754578973
261,ARID1A--ZDHHC18,No Annotation,,-0.13401539601384482,Lymphoid,1,0.828,0.9548290315464372,0.020074384754578973
343,ATXN1--NEDD9,No Change,IPR001452|IPR014928|IPR021901,-0.1340820003358973,Peripheral Nervous System,1,0.832,0.9548290315464372,0.020074384754578973
2861,PPP1R13L--ZNF541,No Change,IPR001005|IPR013087,-0.13436386855591576,CNS/Brain,1,0.842,0.9548290315464372,0.020074384754578973
2862,PPP1R13L--ZNF541,No Change,IPR013087,-0.13436386855591576,CNS/Brain,1,0.839,0.9548290315464372,0.020074384754578973
2830,PPARA--PPARA,No Change,IPR001628|IPR000536,-0.1344078839559874,Head and Neck,1,0.838,0.9548290315464372,0.020074384754578973
3078,RAD51B--AP5M1,No Change,IPR058766,-0.13454577147427416,Liver,1,0.848,0.9548290315464372,0.020074384754578973
882,CTDSP2--MDM1,No Change,IPR004274,-0.13477815494229173,Soft Tissue,1,0.843,0.9548290315464372,0.020074384754578973
2265,MRPS6--DYNAP,No Annotation,,-0.13483720192580223,Lung,1,0.842,0.9548290315464372,0.020074384754578973
2356,NAALADL2--RARRES1,No Change,IPR007484,-0.13497353050793015,Bowel,1,0.802,0.9548290315464372,0.020074384754578973
1669,HIRA--SULT4A1,No Annotation,,-0.13508993941580588,CNS/Brain,1,0.87,0.9548290315464372,0.020074384754578973
1121,EHHADH--PEX5L,No Annotation,,-0.13515536171051504,CNS/Brain,1,0.871,0.9548290315464372,0.020074384754578973
3517,SMAD3--IQCH,Bridges,IPR003619|IPR001132|IPR056855,-0.13666722368492748,Biliary Tract,1,0.856,0.9548290315464372,0.020074384754578973
4458,ZMIZ1--PPIF,No Change,IPR040797|IPR057847|IPR004181,-0.13759792547822464,Breast,1,0.85,0.9548290315464372,0.020074384754578973
4404,ZBTB33--ATP1B4,No Annotation,,-0.13761902347736057,Uterus,1,0.859,0.9548290315464372,0.020074384754578973
4333,WDTC1--TMEM222,No Annotation,,-0.13791489847804417,Lymphoid,1,0.831,0.9548290315464372,0.020074384754578973
123,AKR1C2--AKR1C3,No Annotation,,-0.1380254659374468,Biliary Tract,1,0.847,0.9548290315464372,0.020074384754578973
2841,PPFIBP1--FGD4,No Change,IPR000219|IPR001849|IPR000306|IPR001849,-0.1381670725122765,Uterus,1,0.85,0.9548290315464372,0.020074384754578973
4495,ZNF407--DCC,Reintroduction,IPR010560,-0.13819642913955507,Lung,1,0.868,0.9548290315464372,0.020074384754578973
2325,MYH9--BCR,No Change,IPR000219|IPR001849|IPR000008|IPR000198,-0.13830036700889145,Kidney,1,0.835,0.9548290315464372,0.020074384754578973
1922,KMT2C--NCAPG2,No Annotation,,-0.1383090796166558,CNS/Brain,1,0.839,0.9548290315464372,0.020074384754578973
2728,PHKB--ABCC11,No Change,IPR003439,-0.13844277349187978,Breast,1,0.857,0.9548290315464372,0.020074384754578973
814,CPNE4--ACP3,No Annotation,,-0.13886066046712683,Myeloid,2,0.908,0.9548290315464372,0.020074384754578973
2401,NCOA3--EYA2,No Change,IPR011598|IPR000014,-0.13934336152992916,CNS/Brain,1,0.847,0.9548290315464372,0.020074384754578973
2510,NPEPPS--VXN,No Change,IPR027900,-0.13952405313125055,Bladder/Urinary Tract,1,0.867,0.9548290315464372,0.020074384754578973
1473,GARRE1--GPI,Reintroduction,IPR035482,-0.13959998665190854,Biliary Tract,1,0.875,0.9548290315464372,0.020074384754578973
2809,POGZ--EIF3M,No Annotation,,-0.13967253824166428,CNS/Brain,1,0.853,0.9548290315464372,0.020074384754578973
1143,ELMO1--GPR141,No Change,IPR017452,-0.13980785011440056,Skin,1,0.857,0.9548290315464372,0.020074384754578973
38,ACOX1--ACOX1,Reinforcement,IPR029320|IPR006091|IPR055060|IPR002655|IPR055060|IPR002655,-0.13983275767906278,Breast,1,0.841,0.9548290315464372,0.020074384754578973
4188,UBE2R2--FAAH2,No Change,IPR023631,-0.13995799241169446,Cervix,1,0.882,0.9548290315464372,0.020074384754578973
992,DHTKD1--DHTKD1,Reinforcement,IPR001017|IPR005475|IPR031717|IPR031717,-0.14015315854309496,Lung,1,0.855,0.9548290315464372,0.020074384754578973
3052,RAB30--GRM5,Reintroduction,IPR017978|IPR019588,-0.14017370734214335,Pleura,1,0.868,0.9548290315464372,0.020074384754578973
2730,PHLDB1--CD3G,Reinforcement,IPR000253|IPR001849|IPR003598,-0.14032301806900896,Ovary/Fallopian Tube,1,0.861,0.9548290315464372,0.020074384754578973
3748,SYNE1--MYCT1,No Annotation,,-0.1406085339018004,Lymphoid,1,0.829,0.9548290315464372,0.020074384754578973
2508,NOTCH1--INPP5E,No Annotation,,-0.14064206753379008,Lung,1,0.874,0.9548290315464372,0.020074384754578973
3451,SLC20A2--KCNV1,No Change,IPR000210|IPR005821,-0.14086958701410043,Ovary/Fallopian Tube,1,0.845,0.9548290315464372,0.020074384754578973
3286,RPS6KB1--VMP1,No Annotation,,-0.1412210544418269,CNS/Brain,1,0.834,0.9548290315464372,0.020074384754578973
442,BPNT2--BPNT2,No Annotation,,-0.14138516170694915,Soft Tissue,1,0.837,0.9548290315464372,0.020074384754578973
3624,SREBF1--TOM1L2,No Annotation,,-0.1415229541338724,Pancreas,1,0.881,0.9548290315464372,0.020074384754578973
387,BAZ2A--ZFR,No Change,IPR003604|IPR003604|IPR003604|IPR006561,-0.1417484849283595,Breast,1,0.872,0.9548290315464372,0.020074384754578973
770,CNPY2--SMARCC2,Reinforcement,IPR008139|IPR000953|IPR007526|IPR001005|IPR032448|IPR032451,-0.14248994096749548,Esophagus/Stomach,1,0.86,0.9548290315464372,0.020074384754578973
3888,TEX2--CYB561,No Change,IPR006593,-0.14267228027526033,Esophagus/Stomach,1,0.864,0.9548290315464372,0.020074384754578973
2303,MTHFD1L--MTHFD1L,No Change,IPR020630|IPR020631,-0.14304358958732202,Uterus,1,0.829,0.9548290315464372,0.020074384754578973
2937,PSMB10--LCAT,No Annotation,,-0.1430967648601035,Lymphoid,1,0.845,0.9548290315464372,0.020074384754578973
178,ANKRD28--TBC1D5,No Change,IPR000195,-0.14315743724133562,Lung,1,0.865,0.9548290315464372,0.020074384754578973
558,CCDC170--CCDC170,No Annotation,,-0.14341375505844528,Breast,1,0.866,0.9548290315464372,0.020074384754578973
913,CYB5B--PMFBP1,No Change,IPR001199,-0.14343887945005562,Cervix,1,0.891,0.9548290315464372,0.020074384754578973
1427,FRS2--MINDY2,No Annotation,,-0.1434475139776113,Soft Tissue,1,0.871,0.9548290315464372,0.020074384754578973
3215,RIMBP2--ZNF605,No Change,IPR001909|IPR013087|IPR013087|IPR013087|IPR013087|IPR013087|IPR013087|IPR013087|IPR013087|IPR013087|IPR013087|IPR013087|IPR013087|IPR013087|IPR013087|IPR013087|IPR013087|IPR013087,-0.14376610552612545,Peripheral Nervous System,1,0.848,0.9548290315464372,0.020074384754578973
446,BRD1--MAPK12,Reintroduction,IPR019542|IPR001965|IPR001965|IPR001487,-0.14393372921414183,Bowel,1,0.842,0.9548290315464372,0.020074384754578973
2709,PGAP3--GSDMB,No Annotation,,-0.1440612957269057,Uterus,1,0.847,0.9548290315464372,0.020074384754578973
2710,PGAP3--GSDMB,Reintroduction,IPR041263,-0.1440612957269057,Uterus,1,0.868,0.9548290315464372,0.020074384754578973
1045,DNHD1--TRIM3,Reintroduction,IPR000315|IPR003649|IPR057750,-0.14447718858457337,Breast,1,0.86,0.9548290315464372,0.020074384754578973
2447,NF1--MACO1,No Change,IPR001936|IPR001251|IPR054071,-0.14467083121868668,CNS/Brain,1,0.877,0.9548290315464372,0.020074384754578973
4373,YAP1--CUL5,Reinforcement,IPR001202|IPR001202|IPR001373|IPR016158|IPR019559,-0.14545902045758935,Lung,1,0.875,0.9548290315464372,0.020074384754578973
515,CAMSAP2--DDX59,Reintroduction,IPR058042,-0.14575641930635155,Head and Neck,1,0.869,0.9548290315464372,0.020074384754578973
2762,PITPNM2--SBNO1,Reintroduction,IPR026937|IPR057332,-0.14584722862025712,Myeloid,1,0.855,0.9548290315464372,0.020074384754578973
4362,WWTR1--WWTR1,No Annotation,,-0.14585850931580024,Skin,1,0.858,0.9548290315464372,0.020074384754578973
534,CARM1--C19orf38,Bridges,IPR055135|IPR041066,-0.14598610597471084,Head and Neck,1,0.868,0.9548290315464372,0.020074384754578973
2855,PPME1--PPME1,No Change,IPR000073,-0.14666831857470586,Lung,1,0.868,0.9548290315464372,0.020074384754578973
3715,SUCO--SLC12A7,No Annotation,,-0.14698612561855595,Soft Tissue,1,0.863,0.9548290315464372,0.020074384754578973
539,CASP7--PLEKHS1,No Annotation,,-0.14703267306790585,Prostate,1,0.829,0.9548290315464372,0.020074384754578973
4060,TPRG1--TPRG1,Reinforcement,IPR022158|IPR022158,-0.1471436160563202,Lung,1,0.86,0.9548290315464372,0.020074384754578973
304,ATAD2B--PFN4,No Annotation,,-0.14721433104803616,Ovary/Fallopian Tube,1,0.871,0.9548290315464372,0.020074384754578973
271,ARL15--GABRB2,Reintroduction,IPR006029,-0.14742581084519002,Myeloid,1,0.832,0.9548290315464372,0.020074384754578973
398,BCAR3--GLMN,No Annotation,,-0.1475374119673128,Lung,1,0.877,0.9548290315464372,0.020074384754578973
2738,PIEZO1--PIEZO1,No Change,IPR056769|IPR031805|IPR056768|IPR056770|IPR031334,-0.14789018445268162,Lymphoid,1,0.85,0.9548290315464372,0.020074384754578973
336,ATP9A--KAZN,Bridges,IPR032631|IPR059089|IPR001660|IPR001660|IPR001660,-0.14831864967158126,Pleura,1,0.866,0.9548290315464372,0.020074384754578973
4356,WWOX--SRBD1,Reinforcement,IPR001202|IPR001202|IPR003029,-0.14833567660434097,Breast,1,0.885,0.9548290315464372,0.020074384754578973
3327,SAMD4B--PAK4,No Change,IPR058599|IPR001660,-0.14853540007589872,Lung,1,0.883,0.9548290315464372,0.020074384754578973
255,ARHGEF7--TSC22D1,No Annotation,,-0.14872297374467525,Esophagus/Stomach,1,0.877,0.9548290315464372,0.020074384754578973
3980,TMEM38B--FKTN,No Change,IPR007074,-0.14902416514995492,Lung,1,0.865,0.9548290315464372,0.020074384754578973
637,CDKAL1--TTC27,No Annotation,,-0.14909474638046602,Lymphoid,1,0.844,0.9548290315464372,0.020074384754578973
4242,USP49--MRPS10,No Change,IPR027486,-0.14923321444473986,CNS/Brain,1,0.873,0.9548290315464372,0.020074384754578973
4241,USP49--MRPS10,No Annotation,,-0.14923321444473986,CNS/Brain,1,0.859,0.9548290315464372,0.020074384754578973
1690,HNRNPA1--HNRNPA1,Reintroduction,IPR000504|IPR021662,-0.14931468894559208,Myeloid,1,0.837,0.9548290315464372,0.020074384754578973
1968,LARS1--PCDHAC2,No Change,IPR031904,-0.1493311221346809,Head and Neck,1,0.859,0.9548290315464372,0.020074384754578973
2832,PPARD--SCUBE3,No Change,IPR000742|IPR000742|IPR000742|IPR000742|IPR000742|IPR000742|IPR000742|IPR000742|IPR000742|IPR011641|IPR011641|IPR000742|IPR000859,-0.14936650063075113,Lung,1,0.871,0.9548290315464372,0.020074384754578973
775,CNTN1--USP15,No Change,IPR003598|IPR003599|IPR003598|IPR003598|IPR003598|IPR003598|IPR003961|IPR003961|IPR003961|IPR003961,-0.14943816883901412,Soft Tissue,1,0.865,0.9548290315464372,0.020074384754578973
4263,VARS1--EHMT2,No Change,IPR004046,-0.15006925417878883,CNS/Brain,1,0.866,0.9548290315464372,0.020074384754578973
2006,LLGL1--DRG2,No Change,IPR004095,-0.15012965890560356,Ovary/Fallopian Tube,1,0.877,0.9548290315464372,0.020074384754578973
415,BCL9--PLXNC1,No Change,IPR001627|IPR016201|IPR016201|IPR002909|IPR002909|IPR002909|IPR013548,-0.15020114246433014,Soft Tissue,1,0.855,0.9548290315464372,0.020074384754578973
3341,SBNO2--ATP5F1D,Reintroduction,IPR048937,-0.15031597266510113,Breast,1,0.869,0.9548290315464372,0.020074384754578973
4398,ZBTB20--LSAMP,No Change,IPR003598,-0.15041145186836727,Bone,1,0.856,0.9548290315464372,0.020074384754578973
2641,PAPLN--KIAA0513,No Change,IPR045371|IPR010294,-0.15044754190776155,Lymphoid,1,0.85,0.9548290315464372,0.020074384754578973
3729,SUPT6H--SLC13A2,No Annotation,,-0.15067675998052005,Uterus,1,0.864,0.9548290315464372,0.020074384754578973
2751,PIK3CB--NVL,Reintroduction,IPR003113|IPR000341|IPR002420,-0.15084623514883394,Breast,1,0.856,0.9548290315464372,0.020074384754578973
1127,EIF3A--SFXN4,No Annotation,,-0.15098781043243126,Esophagus/Stomach,1,0.881,0.9548290315464372,0.020074384754578973
879,CTCF--SCUBE2,No Change,IPR000742|IPR000742|IPR000742|IPR000742|IPR000742|IPR000742|IPR000742|IPR000742|IPR000742|IPR011641|IPR011641|IPR000742|IPR000859,-0.1510145654545257,Breast,1,0.846,0.9548290315464372,0.020074384754578973
1854,KCNMA1--KCNMA1,No Change,IPR005821|IPR003148|IPR003929|IPR003148|IPR048735,-0.1510223685125897,Lymphoid,1,0.838,0.9548290315464372,0.020074384754578973
3530,SMARCA4--VPS26C,No Annotation,,-0.15105317534439935,Myeloid,1,0.846,0.9548290315464372,0.020074384754578973
4577,ZPLD1--ZPLD1,No Change,IPR001507,-0.15108279746858383,Uterus,1,0.875,0.9548290315464372,0.020074384754578973
2308,MTMR4--SEPTIN4,No Annotation,,-0.151356920900716,Esophagus/Stomach,1,0.882,0.9548290315464372,0.020074384754578973
3032,R3HCC1L--RNLS,No Annotation,,-0.15139523899186563,Lymphoid,1,0.85,0.9548290315464372,0.020074384754578973
3953,TMEM131L--COX17,No Annotation,,-0.1514899316785472,Breast,1,0.865,0.9548290315464372,0.020074384754578973
1962,LARS1--PCDHA3,No Change,IPR031904,-0.15158741981120924,Head and Neck,1,0.884,0.9548290315464372,0.020074384754578973
142,AMPD1--SF3B3,No Change,IPR018846|IPR058543|IPR004871,-0.15161602915938968,Lung,1,0.886,0.9548290315464372,0.020074384754578973
3231,RNF10--SIRT4,No Change,IPR026590,-0.15162296237307782,Esophagus/Stomach,1,0.881,0.9548290315464372,0.020074384754578973
1226,EXOC2--MET,No Change,IPR002909|IPR002909|IPR002909|IPR000719,-0.15213460166131268,Bone,1,0.861,0.9548290315464372,0.020074384754578973
3368,SDF2--FAM222B,No Annotation,,-0.1521728824350392,Liver,1,0.853,0.9548290315464372,0.020074384754578973
3940,TMED9--RGS14,No Change,IPR016137|IPR003116|IPR003116,-0.15236505129768485,CNS/Brain,1,0.871,0.9548290315464372,0.020074384754578973
3675,STAT3--ACLY,Reinforcement,IPR013799|IPR013800|IPR013801|IPR048988|IPR000980|IPR032263|IPR003781|IPR005811,-0.15293632305026322,Esophagus/Stomach,1,0.875,0.9548290315464372,0.020074384754578973
567,CCDC80--CCDC80,No Change,IPR025232|IPR025232|IPR025232,-0.1533930065427386,Uterus,1,0.846,0.9548290315464372,0.020074384754578973
1489,GBA2--RGP1,No Annotation,,-0.15362207360804717,Head and Neck,1,0.872,0.9548290315464372,0.020074384754578973
4192,UBE3B--TIAM1,No Change,IPR001849|IPR040655|IPR003116|IPR001478|IPR000219|IPR001849,-0.15403617333845102,Lymphoid,1,0.858,0.9548290315464372,0.020074384754578973
3369,SDHAF3--PHF24,No Change,IPR031946,-0.15410993038650692,Liver,1,0.877,0.9548290315464372,0.020074384754578973
3867,TEAD4--B4GALNT3,No Change,IPR011658,-0.15418244161249017,Esophagus/Stomach,1,0.872,0.9548290315464372,0.020074384754578973
1069,DTL--PPP2R5A,No Annotation,,-0.15418995492530002,Lymphoid,1,0.843,0.9548290315464372,0.020074384754578973
2136,MCM5--TOM1,No Change,IPR027925|IPR033762|IPR001208|IPR041562,-0.15421785998086754,Skin,1,0.864,0.9548290315464372,0.020074384754578973
783,COL17A1--COL17A1,No Annotation,,-0.15457405762309823,Bowel,1,0.862,0.9548290315464372,0.020074384754578973
3264,ROCK1--EPS15,No Change,IPR000261|IPR000261,-0.1547672788370666,Head and Neck,1,0.894,0.9548290315464372,0.020074384754578973
4146,TULP4--B4GALT1,Reintroduction,IPR027791,-0.15492423216895276,Lung,1,0.851,0.9548290315464372,0.020074384754578973
893,CTNS--TRPV1,No Change,IPR005821,-0.15536795599479614,Esophagus/Stomach,1,0.892,0.9548290315464372,0.020074384754578973
578,CCND3--TRERF1,No Change,IPR013087|IPR000949|IPR001005|IPR013087|IPR013087,-0.155392927864942,Esophagus/Stomach,1,0.878,0.9548290315464372,0.020074384754578973
1105,EFEMP2--PACS1,Reintroduction,IPR001881|IPR000742|IPR000742|IPR000742,-0.15592716239132448,Lung,1,0.875,0.9548290315464372,0.020074384754578973
448,BRD4--NOTCH3,Reinforcement,IPR001487|IPR001487|IPR027353|IPR000742|IPR000742|IPR000742|IPR000742|IPR000742|IPR000742|IPR000742|IPR000742|IPR000742|IPR000742|IPR000742|IPR000742|IPR000742|IPR000742|IPR000742|IPR000742|IPR000742|IPR000742|IPR000742|IPR000742|IPR000742|IPR000742|IPR000742|IPR000742|IPR000742|IPR000742|IPR000742|IPR000742|IPR000742|IPR000742|IPR000742|IPR000742|IPR000742|IPR000742|IPR000800|IPR000800|IPR010660|IPR011656|IPR024600,-0.15619933318275303,Lung,1,0.888,0.9548290315464372,0.020074384754578973
1444,FRY--RXFP2,No Change,IPR017452,-0.156594600351655,Soft Tissue,1,0.867,0.9548290315464372,0.020074384754578973
3434,SKIL--MECOM,Bridges,IPR003380|IPR014890|IPR013087|IPR013087|IPR013087|IPR013087|IPR013087|IPR013087|IPR013087|IPR013087|IPR013087|IPR013087,-0.15681545430267563,Lung,1,0.876,0.9548290315464372,0.020074384754578973
884,CTNNB1--ULK4,No Annotation,,-0.15746237800806262,Pleura,1,0.871,0.9548290315464372,0.020074384754578973
4224,USP10--ABCB9,No Change,IPR011527|IPR003439,-0.15749187968270462,Prostate,1,0.85,0.9548290315464372,0.020074384754578973
3926,TKTL1--FLNA,No Annotation,,-0.15773189107322355,Myeloid,1,0.842,0.9548290315464372,0.020074384754578973
28,ACACB--FBXO21,Bridges,IPR005481|IPR005479|IPR005482|IPR049074|IPR000089|IPR013537|IPR011762|IPR011722,-0.15781547145792008,Bone,1,0.88,0.9548290315464372,0.020074384754578973
4024,TOM1L2--ALDH3A2,No Annotation,,-0.15803159554037194,Lung,1,0.886,0.9548290315464372,0.020074384754578973
719,CLIP1--KNTC1,Reintroduction,IPR055405|IPR019527,-0.15807968355770488,Lung,1,0.873,0.9548290315464372,0.020074384754578973
4062,TPX2--BCL2L1,No Change,IPR003093|IPR046371,-0.15819227749038045,Esophagus/Stomach,1,0.899,0.9548290315464372,0.020074384754578973
2514,NPR1--NUP210L,Bridges,IPR001828|IPR000719|IPR055098|IPR056897|IPR056898|IPR055099|IPR056899|IPR003343|IPR058779|IPR055094|IPR057586|IPR055095,-0.1583130115453688,Ovary/Fallopian Tube,1,0.864,0.9548290315464372,0.020074384754578973
2554,NUDT2--NME4,No Annotation,,-0.1583356068584903,Skin,1,0.864,0.9548290315464372,0.020074384754578973
3234,RNF115--TRNAU1AP,No Annotation,,-0.15841075720177167,Kidney,1,0.86,0.9548290315464372,0.020074384754578973
2490,NIPBL--UBE3A,No Annotation,,-0.15843948661811746,Breast,1,0.868,0.9548290315464372,0.020074384754578973
2663,PBRM1--SFMBT1,Reinforcement,IPR001487|IPR001487|IPR001487|IPR001487|IPR001487|IPR001487|IPR021987|IPR001660,-0.15849145211856402,Lung,1,0.887,0.9548290315464372,0.020074384754578973
1431,FRS2--PTPRR,No Change,IPR000242,-0.15926208536852837,Peripheral Nervous System,1,0.863,0.9548290315464372,0.020074384754578973
4051,TPD52--PAG1,No Annotation,,-0.15940659646407884,Lung,1,0.873,0.9548290315464372,0.020074384754578973
1508,GIGYF2--SAG,Bridges,IPR003169|IPR011022,-0.1595996293941934,CNS/Brain,1,0.885,0.9548290315464372,0.020074384754578973
1507,GIGYF2--SAG,Bridges,IPR003169|IPR011021|IPR011022,-0.1595996293941934,CNS/Brain,1,0.886,0.9548290315464372,0.020074384754578973
1873,KDSR--SERPINB2,No Annotation,,-0.15970237069506588,Uterus,1,0.886,0.9548290315464372,0.020074384754578973
3063,RABEP1--RABEP1,Reintroduction,IPR015390,-0.1600703308309039,Esophagus/Stomach,1,0.886,0.9548290315464372,0.020074384754578973
4245,USP54--PPP3CB,No Annotation,,-0.1602556317077413,Uterus,1,0.872,0.9548290315464372,0.020074384754578973
4078,TRAK1--XIRP1,No Annotation,,-0.16028973344588401,Peripheral Nervous System,1,0.864,0.9548290315464372,0.020074384754578973
2374,NBAS--AGBL4,Reintroduction,IPR029145|IPR013244,-0.16033980044635493,Peripheral Nervous System,1,0.871,0.9548290315464372,0.020074384754578973
4341,WLS--SERBP1,Reintroduction,IPR006861,-0.16040838714906275,Peripheral Nervous System,1,0.837,0.9548290315464372,0.020074384754578973
2262,MRPL33--SLC4A1AP,No Annotation,,-0.16054137742406552,Esophagus/Stomach,1,0.871,0.9548290315464372,0.020074384754578973
2782,PLEKHF1--DPY19L3,No Annotation,,-0.16066424696481243,Esophagus/Stomach,1,0.868,0.9548290315464372,0.020074384754578973
428,BIRC6--ITGA9,No Change,IPR013649|IPR048285|IPR048286,-0.16078848814381058,Esophagus/Stomach,1,0.886,0.9548290315464372,0.020074384754578973
4181,UBE2G1--ZZEF1,No Annotation,,-0.16098547471999453,Lymphoid,1,0.843,0.9548290315464372,0.020074384754578973
4183,UBE2G1--ZZEF1,No Change,IPR000433,-0.16098547471999453,Lymphoid,1,0.864,0.9548290315464372,0.020074384754578973
584,CCNT1--NUP107,No Change,IPR006671|IPR047320,-0.1609943120470757,Soft Tissue,1,0.891,0.9548290315464372,0.020074384754578973
3524,SMARCA4--C19orf44,Reintroduction,IPR014978|IPR014012|IPR006576|IPR000330|IPR001650|IPR029295,-0.161261785254476,Pancreas,1,0.899,0.9548290315464372,0.020074384754578973
2504,NOD1--RAB10,No Change,IPR001315|IPR007111|IPR041267,-0.16133106035473294,Breast,1,0.874,0.9548290315464372,0.020074384754578973
1161,EML6--SPTBN1,Reintroduction,IPR001605|IPR001605|IPR001605|IPR001605,-0.16156684764434617,Uterus,1,0.872,0.9548290315464372,0.020074384754578973
2237,MMP16--CNGB3,No Change,IPR000595,-0.16182742089366195,Lung,1,0.864,0.9548290315464372,0.020074384754578973
2747,PIK3C2A--TEAD1,Reintroduction,IPR041086,-0.1621570577133745,Prostate,1,0.853,0.9548290315464372,0.020074384754578973
3091,RAI1--WRAP53,No Annotation,,-0.16268659932825277,Soft Tissue,1,0.871,0.9548290315464372,0.020074384754578973
1428,FRS2--NAP1L1,No Annotation,,-0.1627349341190493,Soft Tissue,1,0.866,0.9548290315464372,0.020074384754578973
2360,NAP1L1--FRS2,No Change,IPR002404,-0.1627349341190493,Soft Tissue,1,0.88,0.9548290315464372,0.020074384754578973
1197,ERC1--WNK1,Reintroduction,IPR024678|IPR056865,-0.163475922303373,CNS/Brain,1,0.883,0.9548290315464372,0.020074384754578973
521,CAPN2--CAPN2,No Change,IPR001300|IPR022682|IPR002048|IPR002048,-0.16450191127395197,Ovary/Fallopian Tube,1,0.873,0.9548290315464372,0.020074384754578973
4143,TUBGCP2--TUBGCP2,Reintroduction,IPR040457,-0.16464795179348513,Lymphoid,1,0.885,0.9548290315464372,0.020074384754578973
1327,FBXW7--TMEM154,No Annotation,,-0.16471504883297264,Cervix,1,0.903,0.9548290315464372,0.020074384754578973
1394,FN1--FN1,Reinforcement,IPR000083|IPR000083|IPR000083|IPR000083|IPR000083|IPR000083|IPR000083|IPR000083|IPR000083|IPR000083|IPR000562|IPR000562|IPR000083|IPR000083|IPR000083|IPR003961|IPR003961|IPR003961|IPR003961|IPR003961|IPR003961|IPR003961|IPR003961|IPR003961|IPR003961|IPR003961|IPR003961|IPR003961|IPR003961|IPR003961|IPR003961|IPR003961|IPR000083|IPR000083|IPR000083,-0.16484320243573575,Ovary/Fallopian Tube,1,0.873,0.9548290315464372,0.020074384754578973
1442,FRS2--WASHC4,Reintroduction,IPR028282|IPR028283,-0.16503809476198983,Pancreas,1,0.897,0.9548290315464372,0.020074384754578973
1957,LARS1--PCDHA11,No Change,IPR031904,-0.16533174446008156,Head and Neck,1,0.885,0.9548290315464372,0.020074384754578973
1511,GLCE--IQGAP1,Reintroduction,IPR000593,-0.16533685763382264,Bowel,1,0.869,0.9548290315464372,0.020074384754578973
62,ADCY8--CYRIB,No Change,IPR032628|IPR001054,-0.16559746035486061,Bone,1,0.891,0.9548290315464372,0.020074384754578973
1566,GPI--UBA2,Reintroduction,IPR028077|IPR032426,-0.1657582980055884,Ovary/Fallopian Tube,1,0.872,0.9548290315464372,0.020074384754578973
658,CEP192--IMPA2,Reintroduction,IPR054085|IPR054086|IPR054089|IPR054090|IPR054091,-0.16610502076771622,Breast,1,0.892,0.9548290315464372,0.020074384754578973
3483,SLC43A2--SLC43A2,No Annotation,,-0.1662870315105953,Lymphoid,1,0.859,0.9548290315464372,0.020074384754578973
327,ATP2A2--IFT81,Reintroduction,IPR004014|IPR059000,-0.16658963309161862,Esophagus/Stomach,1,0.902,0.9548290315464372,0.020074384754578973
1390,FMN1--FMN1,No Change,IPR015425,-0.16671223135569377,Eye,1,0.869,0.9548290315464372,0.020074384754578973
456,BRPF3--MAPK14,No Change,IPR019542|IPR001965|IPR001965|IPR001487|IPR000313,-0.1671365992687537,Bone,1,0.877,0.9548290315464372,0.020074384754578973
413,BCL9--GRIP1,No Change,IPR001478|IPR001478|IPR001478|IPR001478|IPR001478|IPR001478|IPR001478,-0.16715049047842326,Soft Tissue,1,0.884,0.9548290315464372,0.020074384754578973
4063,TPX2--DEFB123,Bridges,IPR015128|IPR025933,-0.16736804372982444,Lung,1,0.892,0.9548290315464372,0.020074384754578973
689,CHML--KMO,No Annotation,,-0.16751900722939878,Esophagus/Stomach,1,0.882,0.9548290315464372,0.020074384754578973
572,CCDC9--CYB5B,No Annotation,,-0.167920774336828,Skin,1,0.898,0.9548290315464372,0.020074384754578973
671,CFTR--CTTNBP2,Reinforcement,IPR011527|IPR003439|IPR025837|IPR011527|IPR057568,-0.1680378671379954,Uterus,1,0.874,0.9548290315464372,0.020074384754578973
2618,PACSIN2--CABIN1,No Change,IPR015134,-0.1681861435697048,Thyroid,1,0.904,0.9548290315464372,0.020074384754578973
3019,PYROXD2--NHLRC2,Reintroduction,IPR045302,-0.16827488965251003,Esophagus/Stomach,1,0.896,0.9548290315464372,0.020074384754578973
67,ADGRG5--SCNN1B,No Annotation,,-0.16853041338151245,Skin,1,0.883,0.9548290315464372,0.020074384754578973
4337,WIPF2--RAPGEFL1,No Change,IPR001895,-0.16870644815816388,Lung,1,0.884,0.9548290315464372,0.020074384754578973
2755,PIP5K1A--POGZ,Reinforcement,IPR002498|IPR013087|IPR013087|IPR013087|IPR013087|IPR057618|IPR013087|IPR013087|IPR006600|IPR004875,-0.16895270888155778,Lung,1,0.896,0.9548290315464372,0.020074384754578973
3074,RAD21--EIF3H,Reintroduction,IPR045810,-0.16902038148094556,Bowel,1,0.851,0.9548290315464372,0.020074384754578973
4386,YTHDF2--TAF12,Bridges,IPR007275|IPR003228,-0.16966498172043382,Lymphoid,1,0.867,0.9548290315464372,0.020074384754578973
2145,MDM1--MYOC,No Change,IPR003112,-0.17013788318832562,Soft Tissue,1,0.873,0.9548290315464372,0.020074384754578973
3768,TADA2A--C17orf78,Reintroduction,IPR000433|IPR001005,-0.170184088678964,Biliary Tract,1,0.884,0.9548290315464372,0.020074384754578973
949,DCUN1D3--DNAH3,No Change,IPR013602|IPR003593|IPR041466|IPR003593|IPR041589|IPR024317|IPR024743|IPR035706|IPR004273|IPR041658|IPR041228,-0.17033912134381324,Ovary/Fallopian Tube,1,0.887,0.9548290315464372,0.020074384754578973
4480,ZNF227--GAB2,No Annotation,,-0.17060419523307474,Lung,1,0.906,0.9548290315464372,0.020074384754578973
4022,TOB2--ACO2,No Change,IPR001030|IPR000573,-0.17071515068692172,Ovary/Fallopian Tube,1,0.879,0.9548290315464372,0.020074384754578973
1208,ESCO1--DPP10,No Change,IPR002469|IPR001375,-0.17072724011397628,Uterus,1,0.882,0.9548290315464372,0.020074384754578973
3289,RPS6KB1--VMP1,No Annotation,,-0.170843710723595,Ovary/Fallopian Tube,1,0.892,0.9548290315464372,0.020074384754578973
2332,MYH9--RSPH14,No Annotation,,-0.17087396514032763,Kidney,1,0.882,0.9548290315464372,0.020074384754578973
735,CLTC--VMP1,No Annotation,,-0.17117843420110956,Bladder/Urinary Tract,1,0.885,0.9548290315464372,0.020074384754578973
3687,STK24--DOCK9,No Annotation,,-0.17133839336813894,Ovary/Fallopian Tube,1,0.893,0.9548290315464372,0.020074384754578973
4101,TRIT1--PPIE,No Annotation,,-0.17190911288172755,Lung,1,0.851,0.9548290315464372,0.020074384754578973
2146,MDM1--PRRC2C,No Annotation,,-0.17194861234646494,Soft Tissue,1,0.892,0.9548290315464372,0.020074384754578973
71,ADGRL3--ADGRL3,No Change,IPR000922|IPR003112|IPR001879|IPR032471|IPR057244|IPR017981|IPR003334|IPR003334,-0.1720818069217711,Breast,1,0.871,0.9548290315464372,0.020074384754578973
232,ARFGEF1--CPA6,Reinforcement,IPR032629|IPR032691|IPR000904|IPR000834,-0.17219621022996034,Biliary Tract,1,0.901,0.9548290315464372,0.020074384754578973
233,ARFGEF1--CPA6,Reinforcement,IPR032629|IPR032691|IPR000904|IPR003146|IPR000834,-0.17219621022996034,Biliary Tract,1,0.908,0.9548290315464372,0.020074384754578973
3542,SMG9--LYPD5,No Change,IPR016054,-0.17262150845309682,Pancreas,1,0.898,0.9548290315464372,0.020074384754578973
2467,NFX1--SPINK4,No Change,IPR002350,-0.1732017161310718,Ovary/Fallopian Tube,1,0.886,0.9548290315464372,0.020074384754578973
4125,TSPO--ADORA2A,No Change,IPR017452,-0.17358550464111872,Kidney,1,0.905,0.9548290315464372,0.020074384754578973
2093,MAP3K3--SMURF2,No Change,IPR000270,-0.17361931590551177,Soft Tissue,1,0.882,0.9548290315464372,0.020074384754578973
2047,LRRC41--IPP,No Annotation,,-0.1740361352763328,Peripheral Nervous System,1,0.886,0.9548290315464372,0.020074384754578973
3498,SLC7A1--SLC7A1,No Change,IPR029485,-0.17418980784969212,Liver,2,0.936,0.9548290315464372,0.020074384754578973
3509,SLC9A7--OGT,No Change,IPR029489,-0.17429557744875032,Lung,1,0.888,0.9548290315464372,0.020074384754578973
4532,ZNF609--ANKDD1A,No Change,IPR000488,-0.17456791869754348,Bone,1,0.884,0.9548290315464372,0.020074384754578973
2058,LSM12--HDAC5,Reinforcement,IPR047575|IPR023801,-0.17470605643877124,Uterus,1,0.865,0.9548290315464372,0.020074384754578973
2057,LSM12--HDAC5,No Change,IPR047575,-0.17470605643877124,Uterus,1,0.896,0.9548290315464372,0.020074384754578973
1786,IPO7--MYH9,No Change,IPR001494|IPR013713|IPR058669,-0.17502259468755355,Lung,1,0.883,0.9548290315464372,0.020074384754578973
2996,PTPRR--PTPRR,No Change,IPR059011|IPR000242,-0.17504723497028196,Peripheral Nervous System,1,0.873,0.9548290315464372,0.020074384754578973
1505,GIGYF2--GIGYF2,No Change,IPR003169,-0.17553436799977787,Breast,1,0.888,0.9548290315464372,0.020074384754578973
1894,KIF1C--MINK1,Reinforcement,IPR001752|IPR032405|IPR000253|IPR000719|IPR001180,-0.17569742389127332,Lung,1,0.881,0.9548290315464372,0.020074384754578973
3297,RRP1B--RRP1B,No Annotation,,-0.17604027778917952,Myeloid,1,0.874,0.9548290315464372,0.020074384754578973
3548,SMYD3--ESRRG,No Change,IPR001628|IPR000536,-0.17713949434091952,CNS/Brain,1,0.902,0.9548290315464372,0.020074384754578973
3913,THSD4--LRRC49,No Annotation,,-0.17732540327516383,Esophagus/Stomach,1,0.896,0.9548290315464372,0.020074384754578973
858,CRTC3--IQGAP1,Bridges,IPR024783|IPR001202|IPR001936|IPR000593,-0.17736505987241868,Uterus,1,0.884,0.9548290315464372,0.020074384754578973
2201,MIA2--GEMIN2,No Change,IPR001452,-0.17742189370642036,Ovary/Fallopian Tube,1,0.893,0.9548290315464372,0.020074384754578973
4496,ZNF415--CARD8,No Change,IPR001315,-0.17780927196230834,CNS/Brain,1,0.897,0.9548290315464372,0.020074384754578973
2712,PGLYRP3--EBPL,No Annotation,,-0.17812014141697743,Ovary/Fallopian Tube,1,0.895,0.9548290315464372,0.020074384754578973
2044,LRRC1--NDRG3,No Annotation,,-0.17838762937247113,Pancreas,1,0.889,0.9548290315464372,0.020074384754578973
203,AOX1--KCTD18,Reinforcement,IPR001041|IPR002888|IPR003131|IPR045704,-0.1787408697060888,Kidney,1,0.897,0.9548290315464372,0.020074384754578973
3650,SSR2--SLC25A44,No Annotation,,-0.17882345925730886,Liver,1,0.91,0.9548290315464372,0.020074384754578973
1661,HIC2--ARFGAP3,No Annotation,,-0.17890667007990735,Head and Neck,1,0.889,0.9548290315464372,0.020074384754578973
4567,ZNF865--NLRP11,No Change,IPR004020|IPR007111|IPR041075|IPR041267,-0.17898707449332565,Ovary/Fallopian Tube,1,0.872,0.9548290315464372,0.020074384754578973
4189,UBE2R2--SH3GL2,No Change,IPR001452,-0.17910699535439806,Esophagus/Stomach,1,0.892,0.9548290315464372,0.020074384754578973
2352,NAA16--DDX19A,No Annotation,,-0.17957119141595912,Lymphoid,1,0.874,0.9548290315464372,0.020074384754578973
2133,MBTD1--UTP18,No Annotation,,-0.1797663890529281,Bowel,1,0.857,0.9548290315464372,0.020074384754578973
2644,PAPSS2--PTEN,No Change,IPR014020,-0.18052170736018908,Bowel,1,0.885,0.9548290315464372,0.020074384754578973
2247,MPRIP--CCDC144A,Bridges,IPR001849|IPR039497|IPR021885,-0.18062715981276495,Soft Tissue,1,0.911,0.9548290315464372,0.020074384754578973
4067,TRABD--CAPN1,No Change,IPR002048,-0.1806544942442381,Ovary/Fallopian Tube,1,0.891,0.9548290315464372,0.020074384754578973
1804,ITGA3--KAT7,No Change,IPR013649|IPR048285,-0.1808205812685969,Lung,1,0.89,0.9548290315464372,0.020074384754578973
2975,PTPA--IFIH1,No Change,IPR006935|IPR041204|IPR001650|IPR021673,-0.18118194048212904,Uterus,1,0.892,0.9548290315464372,0.020074384754578973
1120,EHF--PAMR1,No Change,IPR000436|IPR000436|IPR001254,-0.18173928961073965,Bowel,1,0.883,0.9548290315464372,0.020074384754578973
2587,OPN3--KMO,No Annotation,,-0.18182719166811895,Esophagus/Stomach,1,0.899,0.9548290315464372,0.020074384754578973
408,BCL11B--BCL11B,No Change,IPR057448|IPR013087|IPR013087|IPR013087|IPR013087|IPR013087|IPR013087,-0.18202101824300024,Lymphoid,1,0.892,0.9548290315464372,0.020074384754578973
1156,EMC1--CAPZB,Reintroduction,IPR058545,-0.18285929386716618,Lung,1,0.898,0.9548290315464372,0.020074384754578973
2141,MCTP2--MESD,No Annotation,,-0.18298781979048215,Soft Tissue,1,0.899,0.9548290315464372,0.020074384754578973
1776,INPP5F--TIAL1,Reinforcement,IPR002013|IPR022158|IPR000504|IPR000504|IPR000504,-0.18327201936284374,Skin,1,0.885,0.9548290315464372,0.020074384754578973
73,ADGRL3--NOA1,Reinforcement,IPR000922|IPR003112|IPR048422,-0.1837133360986513,Bone,1,0.893,0.9548290315464372,0.020074384754578973
2470,NGRN--ZNF710,No Annotation,,-0.1839370708251417,Cervix,1,0.915,0.9548290315464372,0.020074384754578973
4006,TNFAIP8--HSD17B4,Reintroduction,IPR054357|IPR002539|IPR003033,-0.1841960172952552,Lung,1,0.888,0.9548290315464372,0.020074384754578973
2099,MAP4K4--AFF3,No Change,IPR043640,-0.1845268248228552,CNS/Brain,1,0.884,0.9548290315464372,0.020074384754578973
3207,RHOA--MVB12A,No Change,IPR023341|IPR023340,-0.1847805509824736,Skin,1,0.899,0.9548290315464372,0.020074384754578973
1024,DMRTA1--NLN,No Change,IPR001275|IPR005173,-0.1872304710763549,Biliary Tract,1,0.926,0.9548290315464372,0.020074384754578973
3500,SLC7A1--SLC7A1,No Change,IPR029485,-0.18751756082002996,Ovary/Fallopian Tube,1,0.916,0.9548290315464372,0.020074384754578973
655,CEP135--ADGRL3,Reintroduction,IPR001879|IPR032471|IPR057244|IPR017981|IPR003334|IPR003334,-0.18765245053067803,Bone,1,0.91,0.9548290315464372,0.020074384754578973
2968,PTK2--TRAPPC9,No Change,IPR058563|IPR058564|IPR058565|IPR058567|IPR058568,-0.18835640225232364,Lung,1,0.917,0.9548290315464372,0.020074384754578973
2858,PPP1R10--MDC1,Reinforcement,IPR003617|IPR001357|IPR001357,-0.18860504300397124,Esophagus/Stomach,1,0.899,0.9548290315464372,0.020074384754578973
3027,QPRT--QPRT,No Change,IPR022412|IPR002638,-0.18881967515542583,Eye,1,0.903,0.9548290315464372,0.020074384754578973
1848,KATNB1--ATP6V0D1,No Annotation,,-0.18887423264079325,Liver,1,0.901,0.9548290315464372,0.020074384754578973
796,COPS8--AGAP1,No Change,IPR001164,-0.18898682442089776,Breast,1,0.896,0.9548290315464372,0.020074384754578973
739,CLTC--VMP1,No Change,IPR015348,-0.18907696770353144,Bladder/Urinary Tract,1,0.894,0.9548290315464372,0.020074384754578973
759,CNOT1--SLC38A7,No Change,IPR013057,-0.18972131849629095,Uterus,1,0.9,0.9548290315464372,0.020074384754578973
4073,TRAF3--RCOR1,No Annotation,,-0.18981788843189568,Lung,1,0.903,0.9548290315464372,0.020074384754578973
3422,SINHCAF--DENND5B,Reintroduction,IPR001024|IPR004012,-0.1900701056452481,Ovary/Fallopian Tube,1,0.892,0.9548290315464372,0.020074384754578973
2903,PRKCI--MECOM,Reinforcement,IPR000270|IPR001214|IPR013087|IPR013087|IPR013087|IPR013087|IPR013087|IPR013087|IPR013087|IPR013087|IPR013087|IPR013087,-0.19053561097291022,Lung,1,0.903,0.9548290315464372,0.020074384754578973
3457,SLC25A26--REM1,No Annotation,,-0.19064307409253078,Uterus,1,0.876,0.9548290315464372,0.020074384754578973
2650,PARD6B--BCAS4,No Change,IPR000270|IPR001478,-0.19072803260778887,CNS/Brain,1,0.891,0.9548290315464372,0.020074384754578973
2312,MTX2--CCDC150,No Annotation,,-0.1908771396905123,Bone,1,0.886,0.9548290315464372,0.020074384754578973
3523,SMARCA4--C19orf38,No Change,IPR041066,-0.1910528835480494,Ovary/Fallopian Tube,1,0.91,0.9548290315464372,0.020074384754578973
1022,DLGAP2--NOX3,No Annotation,,-0.19120418088797697,Biliary Tract,1,0.919,0.9548290315464372,0.020074384754578973
875,CTCF--ENTHD1,No Annotation,,-0.19139684655265748,Esophagus/Stomach,1,0.906,0.9548290315464372,0.020074384754578973
1326,FBXW7--MND1,No Change,IPR040661,-0.19154329485805308,Pleura,1,0.878,0.9548290315464372,0.020074384754578973
3270,RPAP2--MTF2,Bridges,IPR007308|IPR002999|IPR001965|IPR001965|IPR025894,-0.19187307123291653,CNS/Brain,1,0.907,0.9548290315464372,0.020074384754578973
2838,PPFIA1--SIAE,Reintroduction,IPR057892,-0.19217962611264378,Lung,1,0.9,0.9548290315464372,0.020074384754578973
3589,SP1--PRR13,No Annotation,,-0.19228804763372856,Uterus,1,0.892,0.9548290315464372,0.020074384754578973
1555,GP1BA--SLC43A2,No Change,IPR000372,-0.1927480459240827,Bone,1,0.898,0.9548290315464372,0.020074384754578973
1048,DNMT1--TYK2,No Change,IPR000719,-0.19341681005669106,Myeloid,1,0.886,0.9548290315464372,0.020074384754578973
4332,WDR76--KIAA0825,No Annotation,,-0.1946973119539081,Bone,1,0.915,0.9548290315464372,0.020074384754578973
1745,IKZF2--ERBB4,No Change,IPR000494|IPR006211|IPR000494|IPR032778|IPR049328|IPR000719,-0.19492494356493878,Lymphoid,1,0.896,0.9548290315464372,0.020074384754578973
2829,PPARA--ATXN10,No Annotation,,-0.19507208711443827,Biliary Tract,1,0.895,0.9548290315464372,0.020074384754578973
3108,RANBP3--MUC16,Reintroduction,IPR000082|IPR000082|IPR000082|IPR000082,-0.1956574900043035,Bowel,1,0.889,0.9548290315464372,0.020074384754578973
2821,POMGNT2--POMGNT2,No Change,IPR049625|IPR003961,-0.19700806566282722,Peripheral Nervous System,1,0.884,0.9548290315464372,0.020074384754578973
461,BRWD3--HMGN5,Reintroduction,IPR057452|IPR057451|IPR001487,-0.1972609509437242,Lung,1,0.92,0.9548290315464372,0.020074384754578973
4010,TNIP1--SLC36A2,No Annotation,,-0.19778888447135354,Esophagus/Stomach,1,0.915,0.9548290315464372,0.020074384754578973
3305,RSRP1--THRAP3,No Annotation,,-0.19817578593686996,CNS/Brain,1,0.906,0.9548290315464372,0.020074384754578973
2860,PPP1R12B--LGR6,No Annotation,,-0.19844618066552405,Breast,1,0.89,0.9548290315464372,0.020074384754578973
527,CAPZA2--MTERF1,No Annotation,,-0.19849770922200483,Esophagus/Stomach,1,0.915,0.9548290315464372,0.020074384754578973
2361,NAP1L1--IL26,No Annotation,,-0.19855015844940133,Soft Tissue,1,0.908,0.9548290315464372,0.020074384754578973
2609,OXSR1--OXSR1,Reinforcement,IPR000719|IPR024678|IPR024678,-0.198959974632323,Pleura,1,0.911,0.9548290315464372,0.020074384754578973
100,AGMO--MEOX2,No Change,IPR001356,-0.1999755970391868,Bone,1,0.893,0.9548290315464372,0.020074384754578973
609,CDC25B--ADIPOQ,No Annotation,,-0.20059727072205683,Lung,1,0.914,0.9548290315464372,0.020074384754578973
272,ARL8B--ITPR1,No Annotation,,-0.2006079947907,Breast,1,0.898,0.9548290315464372,0.020074384754578973
2108,MAPKAPK2--RASSF5,No Change,IPR000159|IPR011524,-0.2006646152649273,Ovary/Fallopian Tube,1,0.897,0.9548290315464372,0.020074384754578973
273,ARMC6--SSX3,No Change,IPR001909,-0.20112607066395843,Prostate,1,0.883,0.9548290315464372,0.020074384754578973
2255,MRPL3--CPNE4,No Annotation,,-0.20119682319316357,Breast,1,0.908,0.9548290315464372,0.020074384754578973
1787,IPO8--ANAPC1,Bridges,IPR001494|IPR048971|IPR041221,-0.20217715126716224,Lung,1,0.909,0.9548290315464372,0.020074384754578973
1155,EMC1--AKR7A3,Reintroduction,IPR058545,-0.20223767391600023,Lymphoid,1,0.886,0.9548290315464372,0.020074384754578973
3386,SEPTIN9--VMP1,No Annotation,,-0.20247590480193475,Soft Tissue,1,0.915,0.9548290315464372,0.020074384754578973
2556,NUF2--TOMM40L,No Annotation,,-0.20254162382394925,Soft Tissue,1,0.911,0.9548290315464372,0.020074384754578973
1987,LEMD3--MKX,No Change,IPR003887,-0.2027134778874949,Soft Tissue,1,0.892,0.9548290315464372,0.020074384754578973
1592,GRSF1--ADAMTS3,Reinforcement,IPR000504|IPR000504|IPR002870|IPR001590|IPR041645|IPR045371|IPR010294|IPR010909,-0.20312281181069783,Lung,1,0.926,0.9548290315464372,0.020074384754578973
1333,FEM1B--KCNG3,No Annotation,,-0.20400316687394252,Breast,1,0.904,0.9548290315464372,0.020074384754578973
4202,UBQLN4--UBQLN4,Reinforcement,IPR000626|IPR006636|IPR006636|IPR006636|IPR006636|IPR006636|IPR006636|IPR015940,-0.20437780224717594,Esophagus/Stomach,1,0.909,0.9548290315464372,0.020074384754578973
4075,TRAF5--RBBP5,No Annotation,,-0.2046977021430451,Pleura,1,0.918,0.9548290315464372,0.020074384754578973
2492,NKAIN2--TTC27,No Annotation,,-0.20487827755499763,Lymphoid,1,0.915,0.9548290315464372,0.020074384754578973
2163,MED16--PLPPR3,No Change,IPR000326,-0.2049960699686772,Breast,1,0.932,0.9548290315464372,0.020074384754578973
4322,WDHD1--DLGAP5,No Annotation,,-0.20524061264597807,Uterus,1,0.89,0.9548290315464372,0.020074384754578973
3928,TM2D2--ADAM9,No Change,IPR002870|IPR001590|IPR001762|IPR006586|IPR000742,-0.2060334438249097,Ovary/Fallopian Tube,1,0.906,0.9548290315464372,0.020074384754578973
2221,MINDY3--ITGA8,No Change,IPR013649|IPR048285|IPR048286,-0.20629639001987352,CNS/Brain,1,0.915,0.9548290315464372,0.020074384754578973
507,CAD--KHK,No Change,IPR002474|IPR017926|IPR005483|IPR005483|IPR005479|IPR005483|IPR005480,-0.20685796564030104,Bladder/Urinary Tract,1,0.907,0.9548290315464372,0.020074384754578973
3447,SLC1A2--EMC8,No Annotation,,-0.2072664729794619,Soft Tissue,1,0.904,0.9548290315464372,0.020074384754578973
3014,PXN--PLA2G1B,No Change,IPR016090,-0.20753019716347434,Esophagus/Stomach,1,0.905,0.9548290315464372,0.020074384754578973
4195,UBE4B--TBCB,No Annotation,,-0.20799833390912642,Lung,1,0.915,0.9548290315464372,0.020074384754578973
4196,UBE4B--TBCB,No Change,IPR000938,-0.20799833390912642,Lung,1,0.901,0.9548290315464372,0.020074384754578973
954,DDAH1--SREK1,No Annotation,,-0.20813283444117708,Skin,1,0.903,0.9548290315464372,0.020074384754578973
18,ABI2--CYP20A1,No Annotation,,-0.2081979195461365,Uterus,1,0.915,0.9548290315464372,0.020074384754578973
274,ARMC7--SLC16A5,No Annotation,,-0.20820537150318302,CNS/Brain,1,0.912,0.9548290315464372,0.020074384754578973
3437,SLC12A4--DPEP2,No Annotation,,-0.20875999085866637,Uterus,1,0.89,0.9548290315464372,0.020074384754578973
1966,LARS1--PCDHA8,No Change,IPR031904,-0.20923209727314204,Head and Neck,1,0.909,0.9548290315464372,0.020074384754578973
2064,LTBP1--ITPR2,No Change,IPR000742|IPR000742|IPR017878|IPR000742|IPR017878|IPR000742|IPR000742|IPR000742|IPR000742|IPR000742|IPR000742|IPR000742|IPR000742|IPR000742|IPR000742|IPR000742|IPR017878|IPR000742|IPR000742|IPR017878|IPR000742|IPR000742,-0.20933701395958468,Soft Tissue,1,0.92,0.9548290315464372,0.020074384754578973
2807,POC5--CERT1,No Change,IPR002913,-0.20936510782062437,Kidney,1,0.897,0.9548290315464372,0.020074384754578973
3293,RPTOR--ENDOV,No Annotation,,-0.20949052968144488,Liver,1,0.907,0.9548290315464372,0.020074384754578973
4248,USP7--CARHSP1,No Change,IPR002059,-0.20951610070029525,Lymphoid,1,0.903,0.9548290315464372,0.020074384754578973
426,BIRC2--BIRC2,No Change,IPR041933|IPR001315|IPR001841,-0.20976594527225706,Head and Neck,1,0.924,0.9548290315464372,0.020074384754578973
1128,EIF3H--RALYL,No Annotation,,-0.2102613219521551,Uterus,1,0.906,0.9548290315464372,0.020074384754578973
3043,RAB10--GGCT,No Annotation,,-0.21031274762926738,Breast,1,0.913,0.9548290315464372,0.020074384754578973
1961,LARS1--PCDHA2,No Change,IPR031904,-0.21083570264960835,Head and Neck,1,0.914,0.9548290315464372,0.020074384754578973
4031,TP53--FXR2,Reinforcement,IPR013872|IPR040926|IPR004087|IPR004087|IPR022034|IPR032172,-0.21160022224359165,Myeloid,1,0.902,0.9548290315464372,0.020074384754578973
2767,PKN2--SOX5,No Change,IPR009071,-0.21173880042856086,Lung,1,0.917,0.9548290315464372,0.020074384754578973
1770,INPP4A--HJURP,No Change,IPR000008,-0.21179797246665721,Prostate,1,0.89,0.9548290315464372,0.020074384754578973
4141,TUBD1--CLTC,No Change,IPR003008,-0.21217271423853454,Bladder/Urinary Tract,1,0.913,0.9548290315464372,0.020074384754578973
4366,XRCC2--C8orf76,No Annotation,,-0.21221422245464958,Soft Tissue,1,0.911,0.9548290315464372,0.020074384754578973
4507,ZNF526--CXCL17,No Annotation,,-0.21288214510502387,Breast,1,0.906,0.9548290315464372,0.020074384754578973
1021,DLG3--DLG3,Reinforcement,IPR019590|IPR001478|IPR001478|IPR019583|IPR001478|IPR001452|IPR001452|IPR008144,-0.2134860207716964,Bowel,1,0.91,0.9548290315464372,0.020074384754578973
3547,SMYD3--CNST,No Annotation,,-0.2135582737498813,CNS/Brain,1,0.92,0.9548290315464372,0.020074384754578973
1963,LARS1--PCDHA4,No Change,IPR031904,-0.21446905669491279,Head and Neck,1,0.921,0.9548290315464372,0.020074384754578973
417,BCL9--TSPAN31,No Annotation,,-0.21451010541896526,Soft Tissue,1,0.914,0.9548290315464372,0.020074384754578973
3557,SNRNP40--NKAIN1,No Annotation,,-0.21464822617818627,Bladder/Urinary Tract,1,0.913,0.9548290315464372,0.020074384754578973
4328,WDR43--PLB1,Reintroduction,IPR035547|IPR035547|IPR035547,-0.21484425849866007,Ovary/Fallopian Tube,1,0.909,0.9548290315464372,0.020074384754578973
1642,HDAC5--GPATCH8,No Change,IPR024643|IPR023801,-0.21554615843516195,Uterus,1,0.879,0.9548290315464372,0.020074384754578973
1805,ITGB1--CCDC7,No Annotation,,-0.2155558292429041,CNS/Brain,1,0.907,0.9548290315464372,0.020074384754578973
937,DCAF8--COPA,No Annotation,,-0.2158436179696899,Breast,1,0.908,0.9548290315464372,0.020074384754578973
594,CCT2--UNC5A,Reintroduction,IPR003599|IPR000906|IPR033772|IPR000488,-0.21589134207826943,Soft Tissue,1,0.916,0.9548290315464372,0.020074384754578973
795,COPE--COPE,No Annotation,,-0.21684569156078193,Bowel,1,0.901,0.9548290315464372,0.020074384754578973
2884,PPTC7--TCTN1,Reintroduction,IPR011677|IPR011677,-0.21695013550092285,Ovary/Fallopian Tube,1,0.915,0.9548290315464372,0.020074384754578973
42,ACSL3--ALAS1,No Change,IPR015118|IPR004839,-0.21702121323478463,CNS/Brain,1,0.915,0.9548290315464372,0.020074384754578973
41,ACSL3--ALAS1,No Change,IPR004839,-0.21702121323478463,CNS/Brain,1,0.913,0.9548290315464372,0.020074384754578973
2418,NDUFAF6--NCOR1,No Annotation,,-0.21707935366024222,Breast,1,0.908,0.9548290315464372,0.020074384754578973
3392,SETD2--SCAP,No Change,IPR057041|IPR000731|IPR057042,-0.21715753437040106,Lung,1,0.928,0.9548290315464372,0.020074384754578973
963,DDX19A--VAC14,No Change,IPR014014|IPR011545|IPR001650,-0.21758627740548037,Peripheral Nervous System,1,0.903,0.9548290315464372,0.020074384754578973
2586,OPA1--EXOC1,No Annotation,,-0.2190119482792246,Bone,1,0.907,0.9548290315464372,0.020074384754578973
2935,PSMA3--ACTR10,No Change,IPR000426,-0.21918719688377708,Esophagus/Stomach,1,0.934,0.9548290315464372,0.020074384754578973
1,A4GALT--CRYBB1,No Change,IPR001064|IPR001064,-0.21920832553719122,Lung,1,0.92,0.9548290315464372,0.020074384754578973
492,C5orf47--NSG2,No Annotation,,-0.21924712965086882,Lymphoid,1,0.914,0.9548290315464372,0.020074384754578973
3631,SRGAP1--RXYLT1,No Change,IPR057539|IPR057538,-0.22041949457745943,Liver,1,0.927,0.9548290315464372,0.020074384754578973
1153,ELP2--MOCOS,No Annotation,,-0.22052904601365853,Bone,1,0.913,0.9548290315464372,0.020074384754578973
1719,HUWE1--ARHGAP6,No Change,IPR000198,-0.22056990090778633,Head and Neck,1,0.926,0.9548290315464372,0.020074384754578973
1956,LARS1--PCDHA10,No Change,IPR031904,-0.22058745818426684,Head and Neck,1,0.902,0.9548290315464372,0.020074384754578973
4290,VMP1--ZNF521,No Annotation,,-0.22123499699073307,Uterus,1,0.92,0.9548290315464372,0.020074384754578973
2340,MYO5C--SHC4,No Change,IPR000980,-0.22129905597588856,Lung,1,0.924,0.9548290315464372,0.020074384754578973
853,CRKL--AP3D1,Reinforcement,IPR000980|IPR001452|IPR010474|IPR058898,-0.2220996871762972,Head and Neck,1,0.924,0.9548290315464372,0.020074384754578973
852,CRKL--AP3D1,Reinforcement,IPR000980|IPR001452|IPR002553|IPR010474|IPR058898,-0.2220996871762972,Head and Neck,1,0.925,0.9548290315464372,0.020074384754578973
1338,FGFR1--NSD3,Reintroduction,IPR001965|IPR001965|IPR001965|IPR001965|IPR000313|IPR006560|IPR001214|IPR003616|IPR001965|IPR041306,-0.22260688933455175,Liver,1,0.915,0.9548290315464372,0.020074384754578973
1810,ITPK1--ISM2,Reinforcement,IPR041429|IPR005533,-0.22271190042656805,Lymphoid,1,0.892,0.9548290315464372,0.020074384754578973
1267,FAM171A1--FAM171A1,No Change,IPR048530|IPR049175,-0.22274042495295215,CNS/Brain,1,0.914,0.9548290315464372,0.020074384754578973
3941,TMEM104--CDK12,No Change,IPR013057,-0.22345781711223828,Breast,1,0.929,0.9548290315464372,0.020074384754578973
1723,HYDIN--MGMT,Bridges,IPR053879|IPR053879|IPR014048,-0.22390894037028067,Soft Tissue,1,0.919,0.9548290315464372,0.020074384754578973
4372,YAF2--LRRK2,Reinforcement,IPR001876|IPR005225|IPR032171|IPR000719|IPR056602,-0.22401667266612038,Lung,1,0.917,0.9548290315464372,0.020074384754578973
1259,FAM133B--CDK6,No Annotation,,-0.22422611453565616,Breast,1,0.908,0.9548290315464372,0.020074384754578973
2572,NUP62--ATF5,No Change,IPR004827,-0.22449567194745446,Lung,1,0.918,0.9548290315464372,0.020074384754578973
2804,PMP22--GAS7,Reintroduction,IPR001202|IPR001060|IPR037957,-0.22620759756825104,Bone,1,0.918,0.9548290315464372,0.020074384754578973
4251,UTP4--VAC14,No Change,IPR021841,-0.22698968578274792,Lung,1,0.915,0.9548290315464372,0.020074384754578973
2338,MYO1C--GALK1,No Change,IPR019539|IPR006204|IPR013750,-0.2271410591305253,CNS/Brain,1,0.922,0.9548290315464372,0.020074384754578973
3357,SCFD2--POLR2B,No Change,IPR007642|IPR007645|IPR007646|IPR007647|IPR007120|IPR007641,-0.22781406365377113,Esophagus/Stomach,1,0.928,0.9548290315464372,0.020074384754578973
1244,FA2H--FA2H,No Change,IPR006694,-0.2279565230141536,CNS/Brain,3,0.951,0.9563803680981595,0.019369347355662783
2796,PLXNB2--MAPK12,Reintroduction,IPR001627|IPR016201|IPR041019|IPR016201|IPR016201|IPR002909|IPR002909|IPR002909,-0.22843144150006464,Esophagus/Stomach,1,0.914,0.9548290315464372,0.020074384754578973
2900,PRKCE--TTC7A,No Change,IPR000008,-0.22973570493550857,Lung,1,0.92,0.9548290315464372,0.020074384754578973
3006,PXDN--MYT1L,No Annotation,,-0.23004191783353783,Soft Tissue,1,0.921,0.9548290315464372,0.020074384754578973
1484,GATAD2B--NUP210L,Reintroduction,IPR055098|IPR056897|IPR056898|IPR055099|IPR056899|IPR003343|IPR058779|IPR055094|IPR057586|IPR055095,-0.23028997314537644,Ovary/Fallopian Tube,1,0.933,0.9548290315464372,0.020074384754578973
1485,GATAD2B--NUP210L,Reintroduction,IPR056898|IPR055099|IPR056899|IPR003343|IPR058779|IPR055094|IPR057586|IPR055095,-0.23028997314537644,Ovary/Fallopian Tube,1,0.93,0.9548290315464372,0.020074384754578973
3834,TBL1XR1--RGS17,No Change,IPR016137,-0.2304811671912629,Breast,2,0.941,0.9548290315464372,0.020074384754578973
1283,FAM83F--TNRC6B,Bridges,IPR012461|IPR019486|IPR032226|IPR034925,-0.2305876574367837,Soft Tissue,1,0.931,0.9548290315464372,0.020074384754578973
4079,TRAP1--CREBBP,No Change,IPR000197|IPR003101|IPR001487|IPR010303|IPR056484|IPR031162|IPR000433|IPR000197|IPR014744,-0.2317096496774195,Uterus,1,0.912,0.9548290315464372,0.020074384754578973
4324,WDPCP--NEK11,No Annotation,,-0.23199716268779333,Lung,1,0.918,0.9548290315464372,0.020074384754578973
1789,IQCE--EIF3B,No Annotation,,-0.2324407281715439,Liver,1,0.914,0.9548290315464372,0.020074384754578973
2341,MYO6--IMPG1,No Change,IPR004009|IPR001609|IPR049016|IPR032412,-0.2330157806080086,Pancreas,1,0.926,0.9548290315464372,0.020074384754578973
2398,NCOA2--TRAM1,No Annotation,,-0.23302114705229088,Lung,1,0.923,0.9548290315464372,0.020074384754578973
2362,NAP1L1--MDGA1,No Change,IPR003598|IPR003598|IPR003598|IPR003598|IPR003598|IPR003598|IPR003961|IPR000998,-0.23534941710718138,Soft Tissue,1,0.929,0.9548290315464372,0.020074384754578973
2326,MYH9--EIF3D,No Annotation,,-0.2361319195752026,Breast,2,0.942,0.9548290315464372,0.020074384754578973
1964,LARS1--PCDHA5,No Change,IPR031904,-0.23643014802811613,Head and Neck,1,0.923,0.9548290315464372,0.020074384754578973
3480,SLC39A11--PSMD11,Reintroduction,IPR000717|IPR040780,-0.23681698567903772,Biliary Tract,1,0.934,0.9548290315464372,0.020074384754578973
4061,TPST1--TRIM47,No Change,IPR058030|IPR001870,-0.23730795729908977,Lung,1,0.925,0.9548290315464372,0.020074384754578973
1462,GALNT18--CCT3,No Annotation,,-0.2373092814496589,Skin,1,0.919,0.9548290315464372,0.020074384754578973
1979,LDLR--SMARCA4,No Change,IPR000742|IPR000742|IPR000742,-0.23856797845585934,Pancreas,1,0.919,0.9548290315464372,0.020074384754578973
1757,ILRUN--SPDEF,Bridges,IPR039517|IPR003118|IPR000418,-0.23871680695932335,Breast,1,0.921,0.9548290315464372,0.020074384754578973
1437,FRS2--SLC9A9,No Annotation,,-0.2405718815688162,Soft Tissue,1,0.914,0.9548290315464372,0.020074384754578973
3501,SLC7A1--SLC7A1,No Change,IPR029485,-0.24110636359248472,Lung,1,0.921,0.9548290315464372,0.020074384754578973
730,CLTC--CLTC,Reinforcement,IPR015348|IPR015348,-0.24172336117078475,CNS/Brain,1,0.927,0.9548290315464372,0.020074384754578973
3243,RNF180--GMPS,No Change,IPR004739|IPR001674,-0.24206782214507674,Ovary/Fallopian Tube,1,0.93,0.9548290315464372,0.020074384754578973
1070,DTNB--DTNB,No Change,IPR015153|IPR015154|IPR000433,-0.24300797955847106,Breast,1,0.919,0.9548290315464372,0.020074384754578973
699,CHST3--AGPAT3,No Annotation,,-0.2436413557983647,Uterus,1,0.911,0.9548290315464372,0.020074384754578973
1671,HIVEP1--HIVEP1,No Change,IPR013087|IPR013087|IPR013087|IPR013087|IPR013087,-0.243785844986974,Lung,1,0.922,0.9548290315464372,0.020074384754578973
2743,PIGL--PIPOX,No Annotation,,-0.24479624770971264,Breast,1,0.927,0.9548290315464372,0.020074384754578973
1604,GTDC1--R3HDM1,No Annotation,,-0.24584811030794443,Bone,1,0.917,0.9548290315464372,0.020074384754578973
184,ANKS3--UBALD1,No Annotation,,-0.2462862053143975,Bowel,1,0.914,0.9548290315464372,0.020074384754578973
4336,WIPF2--PPP1R1B,No Annotation,,-0.24662680034197798,Esophagus/Stomach,1,0.936,0.9548290315464372,0.020074384754578973
3684,STK11--POLR2E,Bridges,IPR000719|IPR000783,-0.24678298049948277,Esophagus/Stomach,1,0.93,0.9548290315464372,0.020074384754578973
1246,FA2H--FA2H,No Change,IPR006694,-0.24678712125532545,Ovary/Fallopian Tube,1,0.917,0.9548290315464372,0.020074384754578973
4463,ZMYND8--NCOA3,No Change,IPR011598|IPR000014|IPR014935|IPR032565|IPR014920|IPR010011,-0.24718200413032232,Biliary Tract,1,0.952,0.9563803680981595,0.019369347355662783
1264,FAM168A--RAB6A,No Change,IPR005225,-0.247439526273597,Uterus,1,0.933,0.9548290315464372,0.020074384754578973
1272,FAM20C--RAPGEF1,No Change,IPR000651|IPR001895,-0.2474765194366827,CNS/Brain,1,0.939,0.9548290315464372,0.020074384754578973
4378,YARS1--TRIM62,Bridges,IPR002547|IPR001870,-0.24883499038478857,Biliary Tract,1,0.921,0.9548290315464372,0.020074384754578973
2277,MRTFA--PHF5A,No Annotation,,-0.25002705536877534,Lung,1,0.926,0.9548290315464372,0.020074384754578973
3136,RBM25--CEP128,No Annotation,,-0.2502964817904253,Ovary/Fallopian Tube,1,0.925,0.9548290315464372,0.020074384754578973
977,DENND4A--ADAM19,No Change,IPR002870|IPR001590|IPR001762|IPR006586|IPR000742,-0.2515279832210273,Lymphoid,1,0.916,0.9548290315464372,0.020074384754578973
3196,RGS17--UST,No Annotation,,-0.25222667578861696,Soft Tissue,1,0.934,0.9548290315464372,0.020074384754578973
3736,SVEP1--MYLK,Reinforcement,IPR002035|IPR011641|IPR000436|IPR000436|IPR000436|IPR003410|IPR003410|IPR000436|IPR011641|IPR011641|IPR011641|IPR000742|IPR000742|IPR000742|IPR000742|IPR000742|IPR000742|IPR001759|IPR000436|IPR000436|IPR000742|IPR000436|IPR000436|IPR000436|IPR003598|IPR003598|IPR003598|IPR003598|IPR003598|IPR003598|IPR003598|IPR003598|IPR003961|IPR000719|IPR003598,-0.2530758920036803,Esophagus/Stomach,1,0.943,0.9548290315464372,0.020074384754578973
2534,NSD2--TACC3,Bridges,IPR000313|IPR009071|IPR001841|IPR001841|IPR047441|IPR001965|IPR000313|IPR006560|IPR001214|IPR003616|IPR007707,-0.2541749315797348,Ovary/Fallopian Tube,1,0.929,0.9548290315464372,0.020074384754578973
885,CTNNB1--ULK4,No Annotation,,-0.25496308130911816,Esophagus/Stomach,2,0.95,0.9562568605927552,0.019425436014129414
2859,PPP1R12A--PAWR,No Annotation,,-0.2552476642757474,Ovary/Fallopian Tube,1,0.919,0.9548290315464372,0.020074384754578973
1362,FHL3--POGZ,Reintroduction,IPR013087|IPR013087|IPR013087|IPR013087|IPR057618|IPR013087|IPR013087|IPR006600|IPR004875,-0.25642959450646075,Lung,1,0.942,0.9548290315464372,0.020074384754578973
1039,DNAJC17--PPP1R14D,No Change,IPR001623|IPR000504,-0.258757519948442,Breast,1,0.935,0.9548290315464372,0.020074384754578973
2301,MTG1--ADAM12,Reinforcement,IPR030378|IPR006073|IPR001590|IPR001762|IPR006586|IPR000742,-0.25877601481928564,Skin,1,0.924,0.9548290315464372,0.020074384754578973
809,CPM--CPM,No Change,IPR000834,-0.2592344210700993,Head and Neck,1,0.919,0.9548290315464372,0.020074384754578973
1500,GEMIN7--RELB,Reintroduction,IPR002909|IPR032400,-0.2594390563973359,Kidney,1,0.924,0.9548290315464372,0.020074384754578973
2967,PTK2--TRAPPC9,Bridges,IPR000299|IPR058568,-0.26121925521846895,Biliary Tract,1,0.933,0.9548290315464372,0.020074384754578973
1946,LAMA5--GATA5,Reinforcement,IPR008211|IPR002049|IPR000742|IPR000742|IPR000742|IPR000742|IPR000742|IPR000742|IPR000742|IPR000742|IPR002049|IPR002049|IPR002049|IPR000742|IPR002049|IPR000034|IPR002049|IPR000742|IPR000742|IPR000742|IPR000742|IPR000742|IPR000742|IPR000679,-0.26181609541847745,Lung,1,0.94,0.9548290315464372,0.020074384754578973
4194,UBE4B--PARK7,No Annotation,,-0.2640104141202333,Soft Tissue,1,0.943,0.9548290315464372,0.020074384754578973
4070,TRAF2--RABL6,No Annotation,,-0.2659065177419636,Biliary Tract,1,0.949,0.9558798330404218,0.019596700953682194
4064,TPX2--HM13,No Annotation,,-0.2662324761543429,Lung,1,0.936,0.9548290315464372,0.020074384754578973
4032,TP53--GLP2R,No Annotation,,-0.2672936624345805,Lung,1,0.931,0.9548290315464372,0.020074384754578973
1897,KIF23--GLCE,No Change,IPR059154|IPR010598,-0.26767588366976397,Lung,1,0.936,0.9548290315464372,0.020074384754578973
4270,VCL--ADK,No Annotation,,-0.26966110845568014,Skin,1,0.919,0.9548290315464372,0.020074384754578973
3528,SMARCA4--LDLR,Reinforcement,IPR014978|IPR014012|IPR006576|IPR000330|IPR001650|IPR029295|IPR000742|IPR000742|IPR000742,-0.2705496340716281,Lung,1,0.932,0.9548290315464372,0.020074384754578973
3863,TEAD3--ARMC12,No Annotation,,-0.27095149575952987,Bowel,1,0.937,0.9548290315464372,0.020074384754578973
438,BNIP5--KCTD20,No Change,IPR000210,-0.27128779963471616,Liver,1,0.934,0.9548290315464372,0.020074384754578973
216,APBA1--PTAR1,No Annotation,,-0.2714893773790752,Lung,1,0.946,0.9551662629376788,0.01992102549313404
3725,SUN1--POMT1,No Annotation,,-0.27386625308936596,CNS/Brain,1,0.927,0.9548290315464372,0.020074384754578973
4116,TSC2--MAPK8IP3,Reintroduction,IPR032486|IPR034744,-0.27494760603106483,Ovary/Fallopian Tube,2,0.959,0.9592092059336823,0.018086661782630097
2149,MDM2--KCNMB4,No Change,IPR003121,-0.27532013798701654,Peripheral Nervous System,1,0.924,0.9548290315464372,0.020074384754578973
3494,SLC7A1--SLC7A1,No Change,IPR029485,-0.2753461707121632,Pancreas,1,0.959,0.9592092059336823,0.018086661782630097
1851,KCNC2--FRS2,Reinforcement,IPR000210|IPR002404,-0.2754822734210441,Soft Tissue,1,0.938,0.9548290315464372,0.020074384754578973
4313,WARS2--ZNF687,No Change,IPR013087|IPR013087|IPR013087|IPR013087|IPR013087|IPR013087|IPR013087|IPR013087|IPR013087|IPR013087|IPR013087|IPR013087|IPR013087|IPR013087,-0.27662982662626456,Skin,1,0.918,0.9548290315464372,0.020074384754578973
4149,TUT1--SZT2,No Change,IPR013087,-0.27755583599812444,Lung,1,0.907,0.9548290315464372,0.020074384754578973
3976,TMEM255A--ATP1B4,No Annotation,,-0.27755710975086445,Uterus,1,0.94,0.9548290315464372,0.020074384754578973
4476,ZNF217--BCAS1,No Annotation,,-0.27824921699587474,Lung,1,0.941,0.9548290315464372,0.020074384754578973
153,ANKRD11--CCND3,No Change,IPR006671|IPR004367,-0.278576992214401,Skin,1,0.918,0.9548290315464372,0.020074384754578973
841,CREBBP--CREBBP,Reinforcement,IPR000197|IPR003101|IPR001487|IPR010303|IPR056484|IPR000433|IPR000197|IPR014744,-0.2792817736546396,Skin,1,0.934,0.9548290315464372,0.020074384754578973
174,ANKRD26--NCKAP1L,No Annotation,,-0.28002162696252214,Soft Tissue,1,0.928,0.9548290315464372,0.020074384754578973
2713,PGLYRP3--S100A2,No Change,IPR013787|IPR002048,-0.28008871487204967,Ovary/Fallopian Tube,1,0.93,0.9548290315464372,0.020074384754578973
843,CREBBP--SLX4,No Change,IPR000210,-0.28032144922220004,Lung,1,0.934,0.9548290315464372,0.020074384754578973
1720,HVCN1--HAUS7,No Annotation,,-0.28090987106008025,Lung,1,0.933,0.9548290315464372,0.020074384754578973
2215,MIER2--PPFIA3,No Change,IPR001660|IPR001660|IPR001660,-0.28114390166915676,Prostate,1,0.92,0.9548290315464372,0.020074384754578973
3082,RAD54B--VIRMA,No Annotation,,-0.28223100809356144,CNS/Brain,1,0.933,0.9548290315464372,0.020074384754578973
1967,LARS1--PCDHAC1,No Change,IPR031904,-0.28374479141158027,Head and Neck,1,0.928,0.9548290315464372,0.020074384754578973
3918,TIAM1--KCTD10,No Change,IPR000210,-0.28535560634318824,Lymphoid,1,0.935,0.9548290315464372,0.020074384754578973
1293,FARS2--LSAMP,No Change,IPR003598|IPR003598|IPR003598,-0.28748935202472936,Esophagus/Stomach,1,0.936,0.9548290315464372,0.020074384754578973
1648,HECTD1--MED26,Reintroduction,IPR031417|IPR031416,-0.2877923739531848,Breast,1,0.92,0.9548290315464372,0.020074384754578973
959,DDX1--LPIN1,Reintroduction,IPR031703|IPR013209,-0.28933701912134646,Peripheral Nervous System,1,0.929,0.9548290315464372,0.020074384754578973
4433,ZFP36L1--ACTN1,Reintroduction,IPR001715|IPR002048|IPR014837,-0.2906091356834602,Ovary/Fallopian Tube,1,0.944,0.9548290315464372,0.020074384754578973
2969,PTK2--TRAPPC9,Reintroduction,IPR058565|IPR058567|IPR058568,-0.2907932306887534,Breast,1,0.939,0.9548290315464372,0.020074384754578973
2452,NFATC3--CDH1,Reinforcement,IPR011539|IPR002909|IPR002126|IPR002126|IPR002126|IPR002126|IPR002126|IPR000233,-0.29199507442362616,Lung,1,0.937,0.9548290315464372,0.020074384754578973
1229,EXOC4--FAM185A,Reintroduction,IPR007191,-0.2921409216912122,Head and Neck,1,0.941,0.9548290315464372,0.020074384754578973
2142,MDGA1--RSPH9,No Annotation,,-0.2940905095263761,Soft Tissue,1,0.935,0.9548290315464372,0.020074384754578973
1486,GATAD2B--PGLYRP3,No Change,IPR002502|IPR002502,-0.29412248270054886,Ovary/Fallopian Tube,1,0.925,0.9548290315464372,0.020074384754578973
573,CCDC9--DHX34,Reintroduction,IPR056382,-0.2942732504608857,Breast,1,0.94,0.9548290315464372,0.020074384754578973
1781,INVS--TGFBR1,No Annotation,,-0.2970505703580582,Soft Tissue,1,0.929,0.9548290315464372,0.020074384754578973
1673,HJURP--EIF4E2,No Change,IPR021052|IPR022102|IPR022102,-0.29714508502094455,Prostate,1,0.913,0.9548290315464372,0.020074384754578973
68,ADGRG6--VTA1,Bridges,IPR000859|IPR001759|IPR041212,-0.29752320019776696,Bladder/Urinary Tract,1,0.931,0.9548290315464372,0.020074384754578973
3100,RALY--CHMP4B,No Annotation,,-0.29823188987271304,Skin,1,0.943,0.9548290315464372,0.020074384754578973
1697,HNRNPM--CD320,Reintroduction,IPR024666,-0.2994006173510542,Lung,1,0.939,0.9548290315464372,0.020074384754578973
4042,TP53--SHBG,No Annotation,,-0.2999587494080922,Lung,1,0.938,0.9548290315464372,0.020074384754578973
3005,PWWP2B--LYST,No Change,IPR000313,-0.30031402157917053,Esophagus/Stomach,1,0.948,0.9558798330404218,0.019596700953682194
3344,SCAF11--ARID2,No Change,IPR001841,-0.3008979433416613,Bladder/Urinary Tract,1,0.948,0.9558798330404218,0.019596700953682194
340,ATRX--ATRX,No Change,IPR025766|IPR000330|IPR001650|IPR058901,-0.30553437573996794,CNS/Brain,1,0.937,0.9548290315464372,0.020074384754578973
3162,RCC1--EYA3,No Change,IPR006545,-0.3059327975063929,Breast,2,0.959,0.9592092059336823,0.018086661782630097
2677,PCYT1A--CSNK2A2,No Annotation,,-0.30950625826890166,Bone,1,0.951,0.9563803680981595,0.019369347355662783
1086,E2F2--ASAP3,Bridges,IPR003316|IPR004148|IPR001849|IPR001164,-0.3096075243240939,Bowel,1,0.928,0.9548290315464372,0.020074384754578973
4298,VPS37A--PIGN,Reintroduction,IPR017852,-0.31031895189327047,Breast,1,0.929,0.9548290315464372,0.020074384754578973
83,ADORA2B--PIGL,No Annotation,,-0.3113705970312698,CNS/Brain,1,0.946,0.9551662629376788,0.01992102549313404
1353,FGFR3--TACC3,No Change,IPR003598|IPR003598|IPR003598,-0.31256922195029213,Esophagus/Stomach,1,0.944,0.9548290315464372,0.020074384754578973
2143,MDGA1--SLC9A9,No Annotation,,-0.31318636455694826,Soft Tissue,1,0.949,0.9558798330404218,0.019596700953682194
1273,FAM210A--SYNDIG1,No Annotation,,-0.31638048349437475,Cervix,1,0.946,0.9551662629376788,0.01992102549313404
3638,SRSF7--RBPJ,Bridges,IPR000504|IPR001878|IPR015351|IPR015350|IPR038007,-0.3171291075557398,Soft Tissue,1,0.931,0.9548290315464372,0.020074384754578973
3810,TAX1BP1--AHCY,No Change,IPR015878,-0.3188225495433416,Breast,1,0.954,0.9569218989280245,0.01912350657919575
3496,SLC7A1--SLC7A1,No Change,IPR029485,-0.31945463014020614,Pleura,1,0.939,0.9548290315464372,0.020074384754578973
44,ACTG1--NPLOC4,No Change,IPR001876,-0.3199184939038491,Bladder/Urinary Tract,1,0.944,0.9548290315464372,0.020074384754578973
197,ANXA3--ANXA3,No Annotation,,-0.3214944612053572,Breast,1,0.946,0.9551662629376788,0.01992102549313404
514,CAMKMT--SLC3A1,No Annotation,,-0.3227843446897196,Uterus,1,0.932,0.9548290315464372,0.020074384754578973
1920,KMT2A--PHLDB1,Reinforcement,IPR002857|IPR001965|IPR001965|IPR001965|IPR001849,-0.3236173133682162,Ovary/Fallopian Tube,1,0.955,0.9572966768692609,0.018953448680943508
1943,LAMA3--LAMA3,Reintroduction,IPR008211|IPR002049|IPR000742|IPR000742|IPR000742|IPR000742|IPR000742|IPR002049|IPR002049|IPR000742|IPR000742|IPR002049|IPR000034|IPR002049|IPR000742|IPR000742|IPR009254|IPR010307|IPR001791|IPR001791|IPR001791|IPR001791,-0.3253731559730267,Head and Neck,1,0.94,0.9548290315464372,0.020074384754578973
4558,ZNF770--AQR,No Annotation,,-0.32665078417149584,Myeloid,1,0.94,0.9548290315464372,0.020074384754578973
1426,FRS2--MDM2,No Change,IPR001876|IPR001841,-0.3294890884628693,Soft Tissue,1,0.936,0.9548290315464372,0.020074384754578973
4156,TXNRD1--NFYB,Bridges,IPR002109|IPR003958,-0.3297479443347041,Lung,2,0.954,0.9569218989280245,0.01912350657919575
3907,THRA--ACLY,No Change,IPR003781|IPR005811,-0.33256568625721816,Esophagus/Stomach,1,0.949,0.9558798330404218,0.019596700953682194
299,ASH1L--SSR2,No Annotation,,-0.3338658914807322,Biliary Tract,1,0.931,0.9548290315464372,0.020074384754578973
4250,UTP4--CARMIL2,Reintroduction,IPR031943,-0.3339408916636379,Breast,1,0.943,0.9548290315464372,0.020074384754578973
2371,NAV1--IPO9,Reintroduction,IPR056840|IPR058669,-0.3353418345672311,Skin,1,0.953,0.9569218989280245,0.01912350657919575
2068,LUZP1--TMCO4,No Annotation,,-0.33715105883956414,Bowel,1,0.929,0.9548290315464372,0.020074384754578973
279,ARMH3--KCNIP2,No Change,IPR002048,-0.337231989477673,Myeloid,1,0.957,0.9586727113830018,0.01832963464441614
3145,RBM47--NSUN7,No Change,IPR001678,-0.337557666150068,Lung,1,0.959,0.9592092059336823,0.018086661782630097
4237,USP43--AHSP,No Annotation,,-0.34227989004846093,Liver,1,0.946,0.9551662629376788,0.01992102549313404
2236,MMP11--SMARCB1,No Annotation,,-0.34420288750553535,CNS/Brain,1,0.96,0.96,0.017728766960431602
3076,RAD50--PDLIM4,No Change,IPR031847|IPR001781,-0.344620779515062,Uterus,1,0.925,0.9548290315464372,0.020074384754578973
1904,KIRREL1--SP1,No Change,IPR013087|IPR013087|IPR013087,-0.34900265121323765,Skin,1,0.934,0.9548290315464372,0.020074384754578973
3488,SLC5A12--KIF18A,No Annotation,,-0.3490957538521522,Esophagus/Stomach,1,0.941,0.9548290315464372,0.020074384754578973
2971,PTK2--TRAPPC9,Reintroduction,IPR058568,-0.35042441451055406,Bladder/Urinary Tract,1,0.958,0.9592092059336823,0.018086661782630097
1271,FAM200A--PRKCH,Reintroduction,IPR002219|IPR002219|IPR000719|IPR000961,-0.350543481477466,Soft Tissue,1,0.952,0.9563803680981595,0.019369347355662783
513,CAMKMT--NBAS,Reintroduction,IPR054751,-0.3543548619796067,Peripheral Nervous System,1,0.937,0.9548290315464372,0.020074384754578973
2026,LPP--KNTC1,Reintroduction,IPR055404|IPR055405|IPR019527,-0.3554242282115618,Lung,1,0.945,0.9551662629376788,0.01992102549313404
3083,RAD54L--LURAP1,No Annotation,,-0.3558679342257968,Lung,1,0.936,0.9548290315464372,0.020074384754578973
1501,GEMIN8--GLRA2,No Change,IPR006202|IPR006029,-0.3583910251524369,Esophagus/Stomach,1,0.944,0.9548290315464372,0.020074384754578973
960,DDX10--CUL5,Reinforcement,IPR014014|IPR011545|IPR001650|IPR025313|IPR001373|IPR016158|IPR019559,-0.3595035028670651,Lung,1,0.939,0.9548290315464372,0.020074384754578973
2355,NAA38--VPS53,Reintroduction,IPR031745,-0.3598773552231341,Lung,1,0.938,0.9548290315464372,0.020074384754578973
1560,GPATCH8--LSM12,No Annotation,,-0.3605255091765421,Pleura,1,0.946,0.9551662629376788,0.01992102549313404
4347,WNK1--KDM6A,No Change,IPR003347|IPR048562|IPR048560,-0.3607861487962092,Myeloid,1,0.943,0.9548290315464372,0.020074384754578973
1872,KDM6A--WNK1,Reintroduction,IPR024678|IPR056865,-0.3607861487962092,Myeloid,1,0.949,0.9558798330404218,0.019596700953682194
320,ATL2--HS1BP3,No Change,IPR015894,-0.3631769614859947,Esophagus/Stomach,1,0.938,0.9548290315464372,0.020074384754578973
220,APC--KCNN2,Reintroduction,IPR032038,-0.36347183584612724,Bowel,1,0.943,0.9548290315464372,0.020074384754578973
4115,TSC1--IL9R,No Change,IPR003961,-0.36752706152892295,Lung,1,0.949,0.9558798330404218,0.019596700953682194
2897,PRKAR2A--SLC25A20,No Change,IPR003117,-0.3684103511472104,Bladder/Urinary Tract,1,0.936,0.9548290315464372,0.020074384754578973
3221,RLF--C1QTNF12,No Change,IPR001073,-0.36986619189258935,Lung,1,0.95,0.9562568605927552,0.019425436014129414
1487,GATC--EED,No Annotation,,-0.3714175459185468,Breast,1,0.936,0.9548290315464372,0.020074384754578973
4016,TNS3--CDK14,No Change,IPR000387,-0.37364401476704884,Bowel,1,0.934,0.9548290315464372,0.020074384754578973
3287,RPS6KB1--VMP1,No Annotation,,-0.3741552903337796,Lung,1,0.952,0.9563803680981595,0.019369347355662783
1896,KIF22--RAB6A,No Change,IPR001752,-0.38003415025917253,Bladder/Urinary Tract,1,0.944,0.9548290315464372,0.020074384754578973
4178,UBE2D2--AK6,No Annotation,,-0.3836471166555475,Bone,1,0.947,0.9557550077041602,0.01965341780531276
3924,TIPRL--DCAF6,No Annotation,,-0.3969357047588103,Head and Neck,1,0.938,0.9548290315464372,0.020074384754578973
3404,SFPQ--ZFP36L1,Reinforcement,IPR000504|IPR000504|IPR012975|IPR000571|IPR000571,-0.4001437340611351,Myeloid,1,0.941,0.9548290315464372,0.020074384754578973
2674,PCM1--MTUS1,No Annotation,,-0.4006725946430393,Pancreas,1,0.955,0.9572966768692609,0.018953448680943508
2343,MYO6--SENP6,No Annotation,,-0.410362728971293,Lung,1,0.956,0.9580896174863388,0.018593866120327106
1535,GNB1--NADK,No Annotation,,-0.4108672701841758,CNS/Brain,1,0.948,0.9558798330404218,0.019596700953682194
1949,LAMB3--NSF,Reintroduction,IPR003593|IPR041569|IPR003593|IPR054419,-0.41124199846456505,Soft Tissue,1,0.952,0.9563803680981595,0.019369347355662783
3279,RPS18--VPS52,No Change,IPR048319|IPR048361,-0.41586609963873183,Lung,1,0.94,0.9548290315464372,0.020074384754578973
3273,RPL27--RUNDC1,No Change,IPR004012,-0.4257893241424173,Breast,1,0.937,0.9548290315464372,0.020074384754578973
1012,DIDO1--SLC17A9,No Annotation,,-0.4279244795397007,Bowel,1,0.942,0.9548290315464372,0.020074384754578973
4459,ZMYM2--MTOR,No Change,IPR024585|IPR003151|IPR057564|IPR009076|IPR000403|IPR003152,-0.4318818122449323,Lung,1,0.957,0.9586727113830018,0.01832963464441614
159,ANKRD11--RAB6A,No Annotation,,-0.4357809766863946,Lymphoid,1,0.955,0.9572966768692609,0.018953448680943508
3697,STRADB--NOP58,No Annotation,,-0.43998392280268417,Breast,1,0.954,0.9569218989280245,0.01912350657919575
1941,LAGE3--FAM50A,No Change,IPR048337,-0.4447993526957545,Uterus,1,0.943,0.9548290315464372,0.020074384754578973
695,CHMP6--RPTOR,No Annotation,,-0.4462379715844889,Ovary/Fallopian Tube,1,0.945,0.9551662629376788,0.01992102549313404
2561,NUMB--HEATR4,No Annotation,,-0.451661104674811,Uterus,1,0.939,0.9548290315464372,0.020074384754578973
4421,ZDHHC16--PPP1R2,No Annotation,,-0.45435606600253636,Lung,1,0.949,0.9558798330404218,0.019596700953682194
1662,HIF1A--ICAM3,Reintroduction,IPR003987|IPR003987|IPR003987|IPR003988|IPR048679|IPR003599|IPR003599,-0.4573848517258625,Ovary/Fallopian Tube,1,0.952,0.9563803680981595,0.019369347355662783
2059,LSM12--KANSL1,Bridges,IPR047575|IPR029332,-0.4860758428484462,Pleura,1,0.944,0.9548290315464372,0.020074384754578973
3835,TBL1XR1--TBL1XR1,No Annotation,,-0.5094729002542173,Lung,1,0.94,0.9548290315464372,0.020074384754578973
3225,RLF--UBE2J2,No Change,IPR000608,-0.5211236061756941,Lung,1,0.954,0.9569218989280245,0.01912350657919575
3224,RLF--UBE2J2,No Annotation,,-0.5211236061756941,Lung,1,0.951,0.9563803680981595,0.019369347355662783
2323,MYH9--APOL1,No Annotation,,-0.6411495671010744,Pancreas,1,0.954,0.9569218989280245,0.01912350657919575
2942,PSMD14--MFSD11,No Annotation,,-0.6546554845201251,Ovary/Fallopian Tube,1,0.95,0.9562568605927552,0.019425436014129414
2324,MYH9--APOL2,No Annotation,,-0.6586129291908022,Pancreas,1,0.951,0.9563803680981595,0.019369347355662783
266,ARID4A--PSMA3,No Annotation,,-0.6598016371297918,Liver,1,0.958,0.9592092059336823,0.018086661782630097
2259,MRPL33--FOSL2,No Annotation,,-0.6638098254084284,Bladder/Urinary Tract,1,0.94,0.9548290315464372,0.020074384754578973
4099,TRIT1--EP400,Reinforcement,IPR003604|IPR031575|IPR014012|IPR000330|IPR001650|IPR001005,-0.6679808156790448,Lung,1,0.953,0.9569218989280245,0.01912350657919575
2309,MTMR4--SEPTIN4,Reintroduction,IPR035997,-0.6755608869593298,Lymphoid,1,0.959,0.9592092059336823,0.018086661782630097
2667,PCBP2--ESPL1,Bridges,IPR004087|IPR030397,-0.815432511084002,Breast,1,0.947,0.9557550077041602,0.01965341780531276
