,fusion_protein,dansy_impact,domain_architecture,MDDS,Lineage,N,FPR,q,log_q,duplication,rank,potential_dependence,novel
1156,NEDD4L--NEDD4L,Novel,IPR000008|IPR001202|IPR001202|IPR001202|IPR001202|IPR001202|IPR001202|IPR001202|IPR001202|IPR000569,3.116599452434713,Bladder/Urinary Tract,1,0.0001,0.000581578947368421,3.2353913229316995,True,1.0,True,True
1157,NEDD4L--NEDD4L,Novel,IPR000008|IPR001202|IPR001202|IPR001202|IPR001202|IPR001202|IPR001202|IPR001202|IPR001202|IPR000569,1.7384965421405318,Biliary Tract,1,0.0001,0.000581578947368421,3.2353913229316995,True,2.0,True,True
1158,NEDD4L--NEDD4L,Novel,IPR000008|IPR001202|IPR001202|IPR001202|IPR001202|IPR001202|IPR001202|IPR001202|IPR001202|IPR000569,1.67786351505576,Skin,1,0.0001,0.000581578947368421,3.2353913229316995,True,3.0,True,True
569,EWSR1--CREM,Pre-existing,IPR004827,1.4170892595203433,Skin,1,0.0001,0.000581578947368421,3.2353913229316995,False,4.0,True,False
194,BCR--ABL1,Novel,IPR015123|IPR000219|IPR001849|IPR001452|IPR000980|IPR000719|IPR015015,1.3607681175944246,Myeloid,9,0.0001,0.000581578947368421,3.2353913229316995,False,5.0,True,True
752,GSK3B--GSK3B,Pre-existing,IPR000719|IPR000719,1.3275869211657894,Bowel,1,0.0001,0.000581578947368421,3.2353913229316995,True,6.0,True,False
573,EWSR1--FLI1,Pre-existing,IPR000418,1.156640633564547,CNS/Brain,1,0.0001,0.000581578947368421,3.2353913229316995,False,7.5,True,False
648,FLI1--EWSR1,Novel,IPR003118|IPR000504|IPR001876,1.156640633564547,CNS/Brain,1,0.0001,0.000581578947368421,3.2353913229316995,False,7.5,True,True
2152,ZDHHC17--OARD1,No Annotation,,1.1489754597701738,Soft Tissue,1,0.0001,0.000581578947368421,3.2353913229316995,False,9.0,True,False
208,BRD4--NUTM1,Novel,IPR001487|IPR001487|IPR027353|IPR024309,1.0705757316221085,Head and Neck,2,0.0001,0.000581578947368421,3.2353913229316995,False,10.0,True,True
10,ABL1--BCR,Pre-existing,IPR000198,1.0663243728583682,Myeloid,6,0.0001,0.000581578947368421,3.2353913229316995,False,11.0,True,False
1596,RTN4IP1--CRYBG1,Novel,IPR013154|IPR001064|IPR001064|IPR001064|IPR001064|IPR001064|IPR001064|IPR000772,1.060632796473665,Breast,1,0.0001,0.000581578947368421,3.2353913229316995,False,12.0,True,True
913,KMT2A--MLLT1,Novel,IPR002857|IPR055129|IPR040930,1.0537586360964766,Lymphoid,1,0.0001,0.000581578947368421,3.2353913229316995,False,13.0,True,True
1270,PAX3--FOXO1,Novel,IPR001523|IPR001356|IPR022106|IPR032068|IPR032067,1.0442968426160764,Soft Tissue,7,0.0001,0.000581578947368421,3.2353913229316995,False,14.0,True,True
221,C2CD5--KRAS,Novel,IPR000008|IPR056431|IPR056431|IPR056431|IPR056430|IPR005225,1.0436297824237069,Biliary Tract,1,0.0001,0.000581578947368421,3.2353913229316995,False,15.0,True,True
2140,YAP1--MAML2,Novel,IPR001202|IPR001202|IPR048452,1.0386618282265119,Ovary/Fallopian Tube,1,0.0001,0.000581578947368421,3.2353913229316995,False,16.0,True,True
568,EWSR1--ATF1,Pre-existing,IPR004827,1.0281298830113963,Soft Tissue,1,0.0001,0.000581578947368421,3.2353913229316995,False,17.0,True,False
1022,MBNL1--RAF1,Novel,IPR000571|IPR000571|IPR000571|IPR000571|IPR002219|IPR000719,0.999875626443232,Myeloid,1,0.0001,0.000581578947368421,3.2353913229316995,False,18.0,True,True
1271,PAX7--FOXO1,Novel,IPR001523|IPR001356|IPR022106|IPR032068|IPR032067,0.9970819983329032,Soft Tissue,1,0.0001,0.000581578947368421,3.2353913229316995,False,19.0,True,True
1500,RARA--PML,Pre-existing,IPR057617,0.9959499546462325,Myeloid,1,0.0001,0.000581578947368421,3.2353913229316995,False,20.5,True,False
1354,PML--RARA,Novel,IPR001841|IPR000315|IPR000315|IPR001628|IPR000536,0.9959499546462325,Myeloid,1,0.0001,0.000581578947368421,3.2353913229316995,False,20.5,True,True
899,KIF5A--STK24,Pre-existing,IPR048288,0.9904706443672938,Bone,1,0.0001,0.000581578947368421,3.2353913229316995,False,22.0,True,False
216,C17orf75--NR1D1,Pre-existing,IPR001628|IPR000536,0.9767000429784889,Breast,1,0.0001,0.000581578947368421,3.2353913229316995,False,23.0,True,False
699,GDPD5--CCM2,Novel,IPR030395|IPR032375,0.9667083729099812,Skin,1,0.0001,0.000581578947368421,3.2353913229316995,False,24.0,True,True
1961,TRHDE--KIF5A,Novel,IPR045357|IPR059182,0.9580834376793406,Soft Tissue,1,0.0001,0.000581578947368421,3.2353913229316995,False,25.0,True,True
1272,PAX8--PAX8,Novel,IPR001523|IPR001523|IPR022130,0.9486780708357996,Kidney,1,0.0001,0.000581578947368421,3.2353913229316995,True,26.0,True,True
360,COG5--COG5,Pre-existing,IPR049176|IPR048485,0.8671414164271465,Skin,1,0.0001,0.000581578947368421,3.2353913229316995,True,27.0,True,False
1292,PDGFRA--FGFR1,Pre-existing,IPR003598|IPR003599|IPR003598|IPR003598,0.8567084643038602,Peripheral Nervous System,1,0.0001,0.000581578947368421,3.2353913229316995,False,28.5,True,False
626,FGFR1--PDGFRA,Pre-existing,IPR003598|IPR003598|IPR003598,0.8567084643038602,Peripheral Nervous System,1,0.0001,0.000581578947368421,3.2353913229316995,False,28.5,True,False
398,CRTC1--MAML2,Pre-existing,IPR048452,0.8410598962857049,Lung,1,0.0001,0.000581578947368421,3.2353913229316995,False,30.0,True,False
990,MAML2--YAP1,Pre-existing,IPR019082,0.8368140027754764,CNS/Brain,1,0.0001,0.000581578947368421,3.2353913229316995,False,31.5,True,False
2139,YAP1--MAML2,Novel,IPR001202|IPR001202|IPR048452,0.8368140027754764,CNS/Brain,1,0.0001,0.000581578947368421,3.2353913229316995,False,31.5,True,True
1868,TENM4--IGHMBP2,Pre-existing,IPR041679|IPR001374|IPR000058,0.81082522823401,Skin,1,0.0001,0.000581578947368421,3.2353913229316995,False,33.0,True,False
815,IGHMBP2--EEF1AKMT3,Pre-existing,IPR048761,0.7473812580873433,CNS/Brain,1,0.0001,0.000581578947368421,3.2353913229316995,False,34.0,True,False
908,KMT2A--AFDN,Novel,IPR002857|IPR000159|IPR000159|IPR000253|IPR002710|IPR001478,0.7408705833405516,Myeloid,2,0.0001,0.000581578947368421,3.2353913229316995,False,35.0,True,True
624,FGF19--KLHL7,Pre-existing,IPR011705,0.7204618395549262,Skin,1,0.0001,0.000581578947368421,3.2353913229316995,False,36.0,True,False
2171,ZNF277--LMO3,Pre-existing,IPR001781|IPR001781,0.71205351486668,Lymphoid,1,0.0001,0.000581578947368421,3.2353913229316995,False,37.0,True,False
386,CPSF6--CPM,Pre-existing,IPR000834,0.706487548316646,Peripheral Nervous System,1,0.0001,0.000581578947368421,3.2353913229316995,False,38.0,True,False
1602,RUNX1--RUNX1T1,Novel,IPR013524|IPR003894|IPR014896|IPR002893,0.6879740367129408,Myeloid,2,0.0001,0.000581578947368421,3.2353913229316995,False,39.0,True,True
1253,OXR1--ZNF346,Pre-existing,IPR003604|IPR003604,0.6859813522121339,Breast,1,0.0001,0.000581578947368421,3.2353913229316995,False,40.0,True,False
1958,TRAPPC8--DSC1,Pre-existing,IPR014868|IPR002126|IPR002126|IPR002126|IPR002126|IPR002126,0.6801627893107183,CNS/Brain,1,0.0001,0.000581578947368421,3.2353913229316995,False,41.0,True,False
1299,PDSS2--CRYBG1,Pre-existing,IPR001064|IPR001064|IPR001064|IPR001064|IPR001064|IPR001064|IPR000772,0.6771342008533967,Lung,1,0.0001,0.000581578947368421,3.2353913229316995,False,42.0,True,False
1630,SDCBP2--NR2C1,Pre-existing,IPR001628|IPR000536,0.6667364965794818,Soft Tissue,1,0.0001,0.000581578947368421,3.2353913229316995,False,43.0,True,False
207,BRD4--NUTM1,Novel,IPR001487|IPR001487|IPR027353|IPR024309,0.6449627593622831,Lung,1,0.0001,0.000581578947368421,3.2353913229316995,False,44.0,True,True
818,IKZF3--WIPF2,No Annotation,,0.6189858359269532,Lung,1,0.0001,0.000581578947368421,3.2353913229316995,False,45.0,True,False
183,BAIAP2--PSMD12,Pre-existing,IPR040896,0.6154005445615052,Breast,1,0.0001,0.000581578947368421,3.2353913229316995,False,46.0,True,False
1118,MYH9--MYH9,Pre-existing,IPR004009|IPR001609|IPR002928,0.6153182279230128,Lung,1,0.0001,0.000581578947368421,3.2353913229316995,True,47.0,True,False
696,GBF1--WBP1L,No Annotation,,0.6003923882009723,Esophagus/Stomach,1,0.0001,0.000581578947368421,3.2353913229316995,False,48.0,True,False
1847,TBL1XR1--TP63,Pre-existing,IPR011615|IPR010991|IPR001660,0.5879924089630755,Lymphoid,1,0.0001,0.000581578947368421,3.2353913229316995,False,49.0,True,False
572,EWSR1--FLI1,Pre-existing,IPR000418,0.5872333964080575,Bone,13,0.0001,0.000581578947368421,3.2353913229316995,False,50.0,True,False
246,CBFA2T3--GLIS2,Novel,IPR003894|IPR014896|IPR013087|IPR013087|IPR013087|IPR013087|IPR013087,0.5791066374512652,Myeloid,1,0.0001,0.000581578947368421,3.2353913229316995,False,51.0,True,True
909,KMT2A--AFF1,Novel,IPR002857|IPR043640,0.5682387149681378,Myeloid,1,0.0001,0.000581578947368421,3.2353913229316995,False,52.5,True,True
44,AFF1--KMT2A,Pre-existing,IPR001965|IPR001965|IPR001965|IPR001487|IPR001965|IPR001214|IPR003616,0.5682387149681378,Myeloid,1,0.0001,0.000581578947368421,3.2353913229316995,False,52.5,True,False
1983,TTC27--BIRC6,No Annotation,,0.5524811589731656,Ovary/Fallopian Tube,1,0.0001,0.000581578947368421,3.2353913229316995,False,54.0,True,False
584,FADD--LRP5,Novel,IPR001875|IPR000742|IPR000742|IPR000742,0.5517042142174311,Peripheral Nervous System,1,0.0001,0.000581578947368421,3.2353913229316995,False,55.0,True,True
1790,STRN3--FMNL2,Pre-existing,IPR015425|IPR014767,0.5510469002747284,Soft Tissue,1,0.0001,0.000581578947368421,3.2353913229316995,False,56.0,True,False
1149,NCOA6--SPDEF,Pre-existing,IPR003118|IPR000418,0.5501236370403941,Lymphoid,1,0.0001,0.000581578947368421,3.2353913229316995,False,57.0,True,False
2098,VTI1A--UBE2D1,Pre-existing,IPR007705,0.5438784348846223,Esophagus/Stomach,1,0.0001,0.000581578947368421,3.2353913229316995,False,58.0,True,False
627,FGFR2--ACADSB,Novel,IPR003598|IPR013786|IPR006091|IPR009075,0.5288529741656457,Breast,1,0.0001,0.000581578947368421,3.2353913229316995,False,59.0,True,True
128,ARID4B--BCL6,Pre-existing,IPR013087,0.5267219244251691,Lymphoid,1,0.0001,0.000581578947368421,3.2353913229316995,False,60.0,True,False
1604,SAE1--BBC3,No Annotation,,0.5228728466314766,Head and Neck,1,0.0001,0.000581578947368421,3.2353913229316995,False,61.0,True,False
1228,NUCB1--RUVBL2,Novel,IPR057576|IPR003593|IPR041048,0.5183097359267854,Eye,1,0.0001,0.000581578947368421,3.2353913229316995,False,62.0,True,True
788,HM13--BCL2L1,No Annotation,,0.5104238729064023,Lung,1,0.0001,0.000581578947368421,3.2353913229316995,False,63.0,True,False
1233,NUP107--NR2C1,Pre-existing,IPR001628|IPR000536,0.5083466574396764,Soft Tissue,1,0.0001,0.000581578947368421,3.2353913229316995,False,64.0,True,False
1931,TOGARAM1--FANCM,Novel,IPR034085|IPR031879|IPR006166,0.5029607095931452,Breast,1,0.1,0.3374045801526718,0.47184902630667236,False,65.0,True,True
390,CRADD--LYZ,Pre-existing,IPR001315,0.5029395142406192,Soft Tissue,1,0.0001,0.000581578947368421,3.2353913229316995,False,66.5,True,False
389,CRADD--LYZ,Novel,IPR001315|IPR019799,0.5029395142406192,Soft Tissue,1,0.0001,0.000581578947368421,3.2353913229316995,False,66.5,True,True
687,GART--DONSON,Pre-existing,IPR020562|IPR011761|IPR020560,0.5028662949178258,Peripheral Nervous System,1,0.0001,0.000581578947368421,3.2353913229316995,False,68.0,True,False
2008,UBA2--GPI,Pre-existing,IPR035482,0.49701352620066197,Bowel,1,0.0001,0.000581578947368421,3.2353913229316995,False,69.0,False,False
235,CAND1--ACSS3,Pre-existing,IPR000873|IPR025110,0.49642532793451843,Lymphoid,1,0.0001,0.000581578947368421,3.2353913229316995,False,70.0,False,False
646,FIP1L1--PDGFRA,Novel,IPR007854|IPR000719,0.49583888415959165,Myeloid,1,0.0001,0.000581578947368421,3.2353913229316995,False,71.0,False,True
1207,NPLOC4--NPLOC4,Novel,IPR024682|IPR007716|IPR007716|IPR007717|IPR001876,0.4956266614640914,Liver,1,0.0001,0.000581578947368421,3.2353913229316995,True,72.0,False,True
1238,NUP214--ABL1,Novel,IPR039462|IPR041553|IPR001452|IPR000980|IPR000719|IPR015015,0.4943064129450688,Lymphoid,1,0.0001,0.000581578947368421,3.2353913229316995,False,73.0,False,True
954,LEMD3--RILPL1,Pre-existing,IPR003887,0.493106068191504,Skin,1,0.0001,0.000581578947368421,3.2353913229316995,False,74.0,False,False
1910,TMEM248--TMEM248,Novel,IPR039587|IPR039587,0.49056096686180006,Bladder/Urinary Tract,1,0.0001,0.000581578947368421,3.2353913229316995,True,75.0,False,True
709,GLRA3--SPIDR,Pre-existing,IPR028032,0.4818852072303912,Lymphoid,1,0.0001,0.000581578947368421,3.2353913229316995,False,76.0,False,False
1151,NDE1--MPV17L,No Annotation,,0.4794829137666062,Cervix,1,0.0001,0.000581578947368421,3.2353913229316995,False,77.0,False,False
222,C2orf69--ROCK2,Pre-existing,IPR000719|IPR000961|IPR011072|IPR015008|IPR001849,0.478213047827254,Uterus,1,0.0001,0.000581578947368421,3.2353913229316995,False,79.0,False,False
223,C2orf69--ROCK2,Pre-existing,IPR000961|IPR011072|IPR015008|IPR001849,0.478213047827254,Uterus,1,0.0001,0.000581578947368421,3.2353913229316995,False,79.0,False,False
1563,ROCK2--C2orf69,No Annotation,,0.478213047827254,Uterus,1,0.0001,0.000581578947368421,3.2353913229316995,False,79.0,False,False
535,ELP6--PTPN23,Pre-existing,IPR025304|IPR000242,0.4764478319107603,Bowel,1,0.0001,0.000581578947368421,3.2353913229316995,False,81.5,False,False
1444,PTPN23--ELP6,No Annotation,,0.4764478319107603,Bowel,1,0.0001,0.000581578947368421,3.2353913229316995,False,81.5,False,False
1106,MTDH--TRHR,No Annotation,,0.4727269021406247,Lung,1,0.0001,0.000581578947368421,3.2353913229316995,False,83.0,False,False
768,HAS3--UTP4,No Annotation,,0.468102881485858,CNS/Brain,1,0.0001,0.000581578947368421,3.2353913229316995,False,84.0,False,False
628,FGFR2--ATE1,Pre-existing,IPR003598|IPR003598,0.4665806645959548,Breast,1,0.0001,0.000581578947368421,3.2353913229316995,False,85.0,False,False
897,KIF24--GNE,Novel,IPR001660|IPR003331,0.46539651408085164,Head and Neck,1,0.0001,0.000581578947368421,3.2353913229316995,False,86.0,False,True
1571,RPRD2--ARHGAP9,Pre-existing,IPR001452|IPR001202|IPR001849|IPR000198,0.4641890578158296,CNS/Brain,1,0.0001,0.000581578947368421,3.2353913229316995,False,87.0,False,False
1947,TPM3--NTRK1,Pre-existing,IPR040665|IPR000719,0.46409560683956746,Bowel,1,0.0001,0.000581578947368421,3.2353913229316995,False,88.0,False,False
615,FBXO42--SPATA21,Novel,IPR001810|IPR002048,0.4638124905124802,Cervix,1,0.0001,0.000581578947368421,3.2353913229316995,False,89.0,False,True
1843,TBC1D31--NUP133,Pre-existing,IPR007187,0.46228615132381223,Breast,1,0.0001,0.000581578947368421,3.2353913229316995,False,90.0,False,False
1092,MRPS6--SLC37A1,No Annotation,,0.4582274513749967,Head and Neck,1,0.0001,0.000581578947368421,3.2353913229316995,False,91.0,False,False
607,FBXL20--CDK12,No Annotation,,0.4535604019330045,Breast,1,0.0001,0.000581578947368421,3.2353913229316995,False,92.0,False,False
1879,THEM6--FANCI,Pre-existing,IPR029314,0.45243059967757515,Ovary/Fallopian Tube,1,0.0001,0.000581578947368421,3.2353913229316995,False,93.0,False,False
668,FRS2--CD37,Pre-existing,IPR002404,0.4521951134396201,Breast,1,0.1,0.3374045801526718,0.47184902630667236,False,94.0,False,False
1628,SCNN1D--ZFAT,Pre-existing,IPR013087|IPR013087|IPR013087|IPR013087|IPR013087|IPR013087|IPR013087,0.4464016152227901,Lung,1,0.0001,0.000581578947368421,3.2353913229316995,False,95.0,False,False
1670,SLC19A2--NME7,Pre-existing,IPR006602|IPR034907|IPR034907,0.4383500722050586,Soft Tissue,1,0.0001,0.000581578947368421,3.2353913229316995,False,96.0,False,False
1303,PELP1--RAP1GAP2,Pre-existing,IPR012583,0.4377597146764332,Lung,1,0.0001,0.000581578947368421,3.2353913229316995,False,97.0,False,False
1679,SLC34A2--ROS1,Pre-existing,IPR000719,0.4356454678965332,Lung,1,0.0001,0.000581578947368421,3.2353913229316995,False,98.0,False,False
337,CLTC--VMP1,Pre-existing,IPR059828,0.4349102194947597,Head and Neck,2,0.0001,0.000581578947368421,3.2353913229316995,False,99.0,False,False
2134,XRRA1--CARNS1,Pre-existing,IPR041472|IPR011761,0.4334748303343866,Breast,1,0.0001,0.000581578947368421,3.2353913229316995,False,100.0,False,False
340,CLTC--VMP1,Pre-existing,IPR059828,0.4293052290034711,Biliary Tract,1,0.0001,0.000581578947368421,3.2353913229316995,False,101.0,False,False
1071,MLLT10--CCNT1,Novel,IPR001965|IPR047320,0.4252504436554125,Soft Tissue,1,0.0001,0.000581578947368421,3.2353913229316995,False,102.0,False,True
961,LMAN2--KAT6B,Pre-existing,IPR005052,0.4224017534782458,Breast,1,0.0001,0.000581578947368421,3.2353913229316995,False,103.0,False,False
540,EML4--ALK,Pre-existing,IPR000719,0.41342492713331414,Bowel,1,0.1,0.3374045801526718,0.47184902630667236,False,104.0,False,False
270,CDCA8--GRIK3,Novel,IPR018851|IPR001828|IPR001320,0.41180454445516873,Lung,1,0.0001,0.000581578947368421,3.2353913229316995,False,105.0,False,True
1939,TP53--HSF2BP,Pre-existing,IPR013872|IPR040926|IPR011615,0.40699013419788554,Pleura,1,0.0001,0.000581578947368421,3.2353913229316995,False,106.0,False,False
635,FGFR3--TACC3,Novel,IPR003598|IPR003598|IPR003598|IPR000719|IPR007707,0.40517055395768076,Bone,1,0.0001,0.000581578947368421,3.2353913229316995,False,107.0,False,True
1040,MED16--SBNO2,Pre-existing,IPR039187|IPR026937|IPR057332,0.4047033774441028,Lymphoid,1,0.0001,0.000581578947368421,3.2353913229316995,False,108.0,False,False
919,KRAS--SOX5,Pre-existing,IPR009071,0.4036317154029398,Esophagus/Stomach,1,0.0001,0.000581578947368421,3.2353913229316995,False,109.0,False,False
447,DHX29--CDC20B,Pre-existing,IPR056890|IPR056328|IPR011545|IPR001650|IPR007502|IPR011709,0.40230890903042366,Lung,1,0.0001,0.000581578947368421,3.2353913229316995,False,110.0,False,False
678,GABBR1--FARS2,Novel,IPR000436|IPR000436|IPR002319|IPR005121,0.4004071679183175,Biliary Tract,1,0.0001,0.000581578947368421,3.2353913229316995,False,111.0,False,True
1940,TP53BP1--KDM2A,Pre-existing,IPR002857|IPR001965|IPR001810,0.3976481133923754,Head and Neck,1,0.0001,0.000581578947368421,3.2353913229316995,False,112.0,False,False
556,ERC1--WNK1,Pre-existing,IPR056865,0.39712504654601416,Cervix,1,0.0001,0.000581578947368421,3.2353913229316995,False,113.0,False,False
1044,MEGF6--PLCH2,Novel,IPR011489|IPR000742|IPR001849|IPR002048|IPR002048|IPR015359|IPR000909|IPR001711|IPR000008,0.3894208621978098,Pancreas,1,0.0001,0.000581578947368421,3.2353913229316995,False,114.0,False,True
1564,RPAIN--RPAIN,Pre-existing,IPR028158|IPR028155|IPR028159,0.3848611191592246,Lymphoid,1,0.0001,0.000581578947368421,3.2353913229316995,True,115.0,False,False
1348,PLK3--KIF2C,Pre-existing,IPR001752,0.3843526925530242,Soft Tissue,1,0.1,0.3374045801526718,0.47184902630667236,False,116.0,False,False
1073,MLLT10--USP15,Pre-existing,IPR001965|IPR001965,0.3824020779297034,Soft Tissue,1,0.0001,0.000581578947368421,3.2353913229316995,False,117.0,False,False
2144,YTHDF2--RCC1,Novel,IPR007275|IPR058923,0.3817459190228792,Lung,1,0.0001,0.000581578947368421,3.2353913229316995,False,118.0,False,True
982,LSS--MCM3AP,Pre-existing,IPR031910|IPR031907,0.38138894761278086,Bladder/Urinary Tract,1,0.0001,0.000581578947368421,3.2353913229316995,False,119.0,False,False
1096,MSH5--AIF1,No Annotation,,0.3787896479121049,Esophagus/Stomach,1,0.1,0.3374045801526718,0.47184902630667236,False,120.0,False,False
1986,TTC39C--LAMA3,Pre-existing,IPR002049|IPR000034|IPR002049|IPR000742|IPR000742|IPR009254|IPR010307|IPR001791|IPR001791|IPR001791|IPR001791|IPR001791,0.37530323044892894,Ovary/Fallopian Tube,1,0.0001,0.000581578947368421,3.2353913229316995,False,121.0,False,False
1859,TCF3--PBX1,Pre-existing,IPR001356,0.3751977323997613,Lymphoid,2,0.0001,0.000581578947368421,3.2353913229316995,False,122.0,False,False
2087,VPS35--CMIP,No Annotation,,0.3719021827092034,Lung,1,0.0001,0.000581578947368421,3.2353913229316995,False,123.0,False,False
1567,RPIA--RPIA,No Annotation,,0.371863821014224,Ovary/Fallopian Tube,1,0.0001,0.000581578947368421,3.2353913229316995,True,124.0,False,False
2141,YAP1--MAML2,Novel,IPR001202|IPR001202|IPR048452,0.37151117199866746,Head and Neck,1,0.0001,0.000581578947368421,3.2353913229316995,False,125.0,False,True
777,HELLS--ZKSCAN5,Pre-existing,IPR001909|IPR013087|IPR013087|IPR013087|IPR013087|IPR013087|IPR013087|IPR013087|IPR013087|IPR013087|IPR013087|IPR013087|IPR013087|IPR013087,0.37111384881669085,Pancreas,1,0.0001,0.000581578947368421,3.2353913229316995,False,126.5,False,False
2160,ZKSCAN5--HELLS,Pre-existing,IPR001650,0.37111384881669085,Pancreas,1,0.0001,0.000581578947368421,3.2353913229316995,False,126.5,False,False
2096,VTI1A--GFRA1,Pre-existing,IPR007705,0.37064662821162253,Esophagus/Stomach,1,0.1,0.3374045801526718,0.47184902630667236,False,128.0,False,False
1603,RUNX1--TSPEAR,Novel,IPR013524|IPR048287,0.36640844927986155,Myeloid,1,0.0001,0.000581578947368421,3.2353913229316995,False,129.0,False,True
1698,SMARCA4--QTRT1,Pre-existing,IPR014978|IPR014012|IPR006576|IPR000330,0.3662459342843776,Ovary/Fallopian Tube,1,0.0001,0.000581578947368421,3.2353913229316995,False,130.0,False,False
249,CCDC6--ANK3,No Annotation,,0.3654694878970344,Breast,1,0.0001,0.000581578947368421,3.2353913229316995,False,131.0,False,False
1640,SENP6--KHDC1,Pre-existing,IPR031952,0.36385861715998247,Head and Neck,1,0.0001,0.000581578947368421,3.2353913229316995,False,132.0,False,False
1527,RILPL1--TMEM132B,Novel,IPR034743|IPR031435|IPR055422|IPR055421|IPR031437|IPR055423|IPR055424|IPR031436,0.3634987366155868,Skin,1,0.0001,0.000581578947368421,3.2353913229316995,False,133.0,False,True
175,B9D1--CD82,No Annotation,,0.3632853635479648,Lung,1,0.0001,0.000581578947368421,3.2353913229316995,False,134.0,False,False
210,BRD8--HSPA9,No Annotation,,0.3624871145888092,Peripheral Nervous System,1,0.0001,0.000581578947368421,3.2353913229316995,False,135.0,False,False
708,GLIPR1--KRR1,Pre-existing,IPR041174|IPR004087,0.36218960713056864,Soft Tissue,2,0.0001,0.000581578947368421,3.2353913229316995,False,136.0,False,False
1699,SMARCA5--ADAMTS20,Novel,IPR000330|IPR001650|IPR015194|IPR001005|IPR010294|IPR012314,0.35825731235146574,CNS/Brain,1,0.0001,0.000581578947368421,3.2353913229316995,False,137.0,False,True
1049,METAP1D--FARSB,No Annotation,,0.3572179842758668,Peripheral Nervous System,1,0.0001,0.000581578947368421,3.2353913229316995,False,138.0,False,False
1170,NFAT5--VPS4A,Pre-existing,IPR003593|IPR041569|IPR015415,0.35698802573567956,Lung,1,0.0001,0.000581578947368421,3.2353913229316995,False,139.0,False,False
315,CIT--RFC5,Novel,IPR000719|IPR000961|IPR003593|IPR047854|IPR013748,0.35369562019253203,Lung,1,0.0001,0.000581578947368421,3.2353913229316995,False,140.0,False,True
103,ARGLU1--EFNB2,No Annotation,,0.3521479283267147,Bowel,1,0.0001,0.000581578947368421,3.2353913229316995,False,141.0,False,False
2078,VEGFA--KIF6,Pre-existing,IPR056524,0.3502307984091824,Pancreas,1,0.1,0.3374045801526718,0.47184902630667236,False,142.0,False,False
900,KIRREL1--MUC1,Pre-existing,IPR000082,0.3482592834108392,Eye,1,0.0001,0.000581578947368421,3.2353913229316995,False,143.0,False,False
1436,PTK2--TRAPPC9,Novel,IPR000299|IPR058565|IPR058567|IPR058568,0.34549801614440906,Ovary/Fallopian Tube,1,0.0001,0.000581578947368421,3.2353913229316995,False,144.0,False,True
1761,SS18--SSX1,Pre-existing,IPR007726,0.34401331629775145,Soft Tissue,1,0.0001,0.000581578947368421,3.2353913229316995,False,145.0,False,False
1202,NOL9--DNAJC11,Novel,IPR057573|IPR055225|IPR024586,0.34355109252350813,Head and Neck,1,0.1,0.3374045801526718,0.47184902630667236,False,146.0,False,True
633,FGFR2--OPTN,Novel,IPR003598|IPR003598|IPR003598|IPR000719|IPR032419|IPR034735,0.3422882179270095,Biliary Tract,1,0.0001,0.000581578947368421,3.2353913229316995,False,147.0,False,True
266,CDC123--SLC35E3,No Annotation,,0.3362548338030675,Soft Tissue,1,0.0001,0.000581578947368421,3.2353913229316995,False,148.0,False,False
1493,RAD51C--ATXN7,Pre-existing,IPR013243,0.3338679492541556,Breast,1,0.1,0.3374045801526718,0.47184902630667236,False,149.0,False,False
1655,SHMT1--DOK5,Pre-existing,IPR002404,0.3338008530138584,Bone,1,0.0001,0.000581578947368421,3.2353913229316995,False,150.0,False,False
65,ALG9--SIK2,Pre-existing,IPR015940,0.3329291612680284,Lymphoid,1,0.0001,0.000581578947368421,3.2353913229316995,False,151.0,False,False
1420,PSMD1--SPATA3,Pre-existing,IPR048570,0.32995829846361674,Pancreas,1,0.0001,0.000581578947368421,3.2353913229316995,False,152.0,False,False
2034,UCK1--MED27,No Annotation,,0.32976602987263226,Ovary/Fallopian Tube,1,0.0001,0.000581578947368421,3.2353913229316995,False,153.0,False,False
2017,UBE2L3--KRAS,Pre-existing,IPR005225,0.32753905060637445,Prostate,1,0.0001,0.000581578947368421,3.2353913229316995,False,154.0,False,False
1043,MEF2D--HNRNPUL1,Pre-existing,IPR002100|IPR022102,0.32718338315873186,Lymphoid,1,0.0001,0.000581578947368421,3.2353913229316995,False,155.0,False,False
1248,OTULIN--SKP2,No Annotation,,0.31924259802795707,Myeloid,1,0.0001,0.000581578947368421,3.2353913229316995,False,156.0,False,False
2129,XPO5--MRPS18A,Pre-existing,IPR001494|IPR013598,0.31833226419770444,Head and Neck,1,0.0001,0.000581578947368421,3.2353913229316995,False,157.0,False,False
1836,TATDN1--GSDMB,Pre-existing,IPR041263,0.31586391277488834,Breast,2,0.0001,0.000581578947368421,3.2353913229316995,False,158.0,False,False
1132,NAV3--TSPAN31,No Annotation,,0.3158522745268861,Soft Tissue,1,0.0001,0.000581578947368421,3.2353913229316995,False,159.0,False,False
488,DVL1--SSU72,No Annotation,,0.3149979563479417,Lung,1,0.0001,0.000581578947368421,3.2353913229316995,False,160.0,False,False
1428,PTEN--KCTD7,Pre-existing,IPR057890,0.3102159936404315,Kidney,1,0.0001,0.000581578947368421,3.2353913229316995,False,161.0,False,False
1224,NSRP1--MRPL45,Pre-existing,IPR007379,0.3069910117221671,Lymphoid,1,0.0001,0.000581578947368421,3.2353913229316995,False,162.0,False,False
2115,WNK1--ERC1,Pre-existing,IPR000719|IPR024678|IPR056865,0.30675961235978433,Esophagus/Stomach,1,0.0001,0.000581578947368421,3.2353913229316995,False,163.0,False,False
1237,NUP210--WNT7A,No Annotation,,0.3067375842074827,Lung,1,0.0001,0.000581578947368421,3.2353913229316995,False,164.0,False,False
565,ETV6--RUNX1,Novel,IPR003118|IPR013524|IPR013711,0.3049848691037352,Lymphoid,1,0.1,0.3374045801526718,0.47184902630667236,False,165.0,False,True
1886,TICRR--EWSR1,Novel,IPR053919|IPR032746|IPR053920|IPR000504|IPR001876,0.30368365170161504,Bone,1,0.0001,0.000581578947368421,3.2353913229316995,False,166.0,False,True
2138,YAP1--HMGCLL1,Pre-existing,IPR000891,0.30072289968932714,Skin,1,0.0001,0.000581578947368421,3.2353913229316995,False,167.0,False,False
313,CHMP6--RPTOR,No Annotation,,0.3006800195392537,Uterus,1,0.0001,0.000581578947368421,3.2353913229316995,False,168.0,False,False
1689,SLC4A7--SUMF1,Pre-existing,IPR013769|IPR013769,0.30062870542257747,Pancreas,1,0.0001,0.000581578947368421,3.2353913229316995,False,169.0,False,False
1485,RABL6--CDC16,No Annotation,,0.2976122429944296,Lung,1,0.1,0.3374045801526718,0.47184902630667236,False,170.0,False,False
587,FAM117B--BMPR2,No Annotation,,0.29510284391368574,Ovary/Fallopian Tube,1,0.1,0.3374045801526718,0.47184902630667236,False,171.0,False,False
2029,UBQLN4--IQGAP3,Novel,IPR000626|IPR006636|IPR006636|IPR001715|IPR001936|IPR000593,0.2939216503007326,Pancreas,1,0.0001,0.000581578947368421,3.2353913229316995,False,172.0,False,True
1600,RUNX1--PRDM7,Pre-existing,IPR001214,0.293315223278822,Lymphoid,1,0.0001,0.000581578947368421,3.2353913229316995,False,173.0,False,False
840,IQGAP1--FAM174B,No Annotation,,0.29289516423634687,Bowel,1,0.0001,0.000581578947368421,3.2353913229316995,False,174.0,False,False
1421,PSMD11--PSMD11,Pre-existing,IPR040773|IPR000717|IPR040780,0.2925907728965089,CNS/Brain,1,0.0001,0.000581578947368421,3.2353913229316995,True,175.0,False,False
1424,PTBP2--ELAVL4,Pre-existing,IPR000504|IPR000504,0.29248555531494846,Bone,1,0.0001,0.000581578947368421,3.2353913229316995,False,176.0,False,False
1373,PPM1G--HSD17B14,No Annotation,,0.2924346604028022,Peripheral Nervous System,1,0.0001,0.000581578947368421,3.2353913229316995,False,177.0,False,False
828,INPP5B--SF3A3,Pre-existing,IPR031896|IPR000300|IPR048869,0.2877176676202857,CNS/Brain,1,0.2,0.5068807339449541,0.2950942155834753,False,178.0,False,False
783,HIF1A--SNAPC1,No Annotation,,0.2872730712318272,Kidney,2,0.0001,0.000581578947368421,3.2353913229316995,False,179.0,False,False
1549,RNF169--SLCO2B1,Novel,IPR001841|IPR002350,0.28171623143188756,Skin,1,0.1,0.3374045801526718,0.47184902630667236,False,180.0,False,True
53,AHCYL1--ANKRD29,No Annotation,,0.28121880357825746,Skin,1,0.0001,0.000581578947368421,3.2353913229316995,False,181.0,False,False
1252,OXR1--RIMS2,Novel,IPR018392|IPR001478|IPR000008|IPR000008,0.2802946391517691,Esophagus/Stomach,1,0.0001,0.000581578947368421,3.2353913229316995,False,182.0,False,True
1372,PPL--SEC14L5,Novel,IPR055419|IPR011074|IPR001251|IPR009038,0.28010439881803517,Lung,1,0.0001,0.000581578947368421,3.2353913229316995,False,183.0,False,True
1367,PPFIBP1--MRPS35,No Annotation,,0.27973803000444625,Skin,1,0.0001,0.000581578947368421,3.2353913229316995,False,184.0,False,False
948,LDLR--BRK1,No Annotation,,0.27962506873050125,Ovary/Fallopian Tube,1,0.0001,0.000581578947368421,3.2353913229316995,False,185.0,False,False
0,AACS--DHX37,Novel,IPR032387|IPR007502|IPR011709|IPR056371,0.2779881343564965,Skin,1,0.1,0.3374045801526718,0.47184902630667236,False,186.0,False,True
1972,TRPM7--EXD1,No Annotation,,0.2767427401524723,Peripheral Nervous System,1,0.0001,0.000581578947368421,3.2353913229316995,False,187.0,False,False
1768,ST3GAL3--SSBP3,No Annotation,,0.2755038857614498,Lung,1,0.1,0.3374045801526718,0.47184902630667236,False,188.0,False,False
288,CENPH--CCNB1,Pre-existing,IPR004367,0.27534135886074107,Ovary/Fallopian Tube,2,0.1,0.3374045801526718,0.47184902630667236,False,189.0,False,False
55,AHCYL1--RAD51C,No Annotation,,0.2750312584577549,Breast,2,0.0001,0.000581578947368421,3.2353913229316995,False,190.0,False,False
38,ADNP--ADAM9,Pre-existing,IPR001762|IPR006586|IPR000742,0.27425324701431997,Ovary/Fallopian Tube,1,0.0001,0.000581578947368421,3.2353913229316995,False,191.0,False,False
1265,PARD3--KDM3A,Pre-existing,IPR054294|IPR054504|IPR054503|IPR003347,0.2735353755940144,Ovary/Fallopian Tube,1,0.1,0.3374045801526718,0.47184902630667236,False,192.0,False,False
72,ANGPT1--TAX1BP1,Pre-existing,IPR041641|IPR041641,0.27227145000402453,Skin,1,0.0001,0.000581578947368421,3.2353913229316995,False,193.0,False,False
1799,SUMF1--LRRFIP2,No Annotation,,0.2719949160922612,Breast,2,0.1,0.3374045801526718,0.47184902630667236,False,194.0,False,False
1897,TMEM123--MMP20,Pre-existing,IPR000585,0.2714149105024874,Breast,1,0.1,0.3374045801526718,0.47184902630667236,False,195.0,False,False
1680,SLC35A3--TMIGD3,No Annotation,,0.27115240880994856,Skin,1,0.0001,0.000581578947368421,3.2353913229316995,False,196.0,False,False
1840,TBC1D22A--GRAMD4,Pre-existing,IPR004182,0.2697926219221973,Ovary/Fallopian Tube,1,0.0001,0.000581578947368421,3.2353913229316995,False,197.0,False,False
1885,TIAM1--ATP5PO,Pre-existing,IPR001849|IPR040655|IPR003116|IPR001478,0.26718897944628384,Bladder/Urinary Tract,1,0.1,0.3374045801526718,0.47184902630667236,False,198.0,False,False
875,KCNN4--PAFAH1B3,No Annotation,,0.26716912577207136,Pleura,1,0.0001,0.000581578947368421,3.2353913229316995,False,199.0,False,False
1459,PXDN--PXDN,Novel,IPR000483|IPR003598|IPR003598|IPR003598|IPR003598|IPR003598|IPR003598|IPR003598|IPR034824|IPR001007,0.26699606682224036,Uterus,1,0.0001,0.000581578947368421,3.2353913229316995,True,200.0,False,True
1304,PEX14--PGD,No Annotation,,0.26664955570817006,Lung,1,0.0001,0.000581578947368421,3.2353913229316995,False,201.0,False,False
1091,MRPS10--HPR,Novel,IPR027486|IPR001254,0.26518909628419124,Prostate,1,0.0001,0.000581578947368421,3.2353913229316995,False,202.0,False,True
1880,THOC2--MTSS1,Pre-existing,IPR003124,0.26498292496719733,Lymphoid,1,0.0001,0.000581578947368421,3.2353913229316995,False,203.0,False,False
17,ACAP2--PPP1R2,No Annotation,,0.2646329172979462,Myeloid,1,0.0001,0.000581578947368421,3.2353913229316995,False,204.0,False,False
1360,POLR1A--AFF3,Novel,IPR007080|IPR000722|IPR007066|IPR043640,0.26348478845849166,Lung,1,0.0001,0.000581578947368421,3.2353913229316995,False,205.0,False,True
1785,STMP1--FGFR2,No Annotation,,0.26291195926338934,Biliary Tract,1,0.1,0.3374045801526718,0.47184902630667236,False,206.0,False,False
910,KMT2A--AFF1,Novel,IPR002857|IPR043640,0.26106271441858875,Lymphoid,2,0.0001,0.000581578947368421,3.2353913229316995,False,208.0,False,True
45,AFF1--KMT2A,Pre-existing,IPR001965|IPR001965|IPR001965|IPR001487|IPR001965|IPR001214|IPR003616,0.26106271441858875,Lymphoid,2,0.0001,0.000581578947368421,3.2353913229316995,False,208.0,False,False
43,AFF1--KMT2A,Pre-existing,IPR001965|IPR001965|IPR001487|IPR001965|IPR001214|IPR003616,0.26106271441858875,Lymphoid,2,0.0001,0.000581578947368421,3.2353913229316995,False,208.0,False,False
1622,SCFD2--KIT,Pre-existing,IPR003599|IPR003598|IPR003599|IPR000719,0.26088776126626007,CNS/Brain,1,0.0001,0.000581578947368421,3.2353913229316995,False,210.0,False,False
1521,RFT1--UQCRC2,No Annotation,,0.2602127232059193,Breast,1,0.1,0.3374045801526718,0.47184902630667236,False,211.0,False,False
673,FUS--GABRA3,Pre-existing,IPR006202|IPR006029,0.2576721513172776,Soft Tissue,1,0.2,0.5068807339449541,0.2950942155834753,False,212.0,False,False
1678,SLC2A8--GARNL3,Pre-existing,IPR001180,0.2571116896975406,Bowel,1,0.1,0.3374045801526718,0.47184902630667236,False,213.0,False,False
1305,PEX5--LPL,Pre-existing,IPR001024,0.25709470827173553,Cervix,1,0.0001,0.000581578947368421,3.2353913229316995,False,214.0,False,False
271,CDH1--CDH3,Novel,IPR014868|IPR002126|IPR000233,0.25709210772358054,Lung,1,0.0001,0.000581578947368421,3.2353913229316995,False,215.0,False,True
1574,RPS24--EMP1,No Annotation,,0.2550766364535494,Soft Tissue,1,0.1,0.3374045801526718,0.47184902630667236,False,216.0,False,False
1524,RHPN2--CPNE8,No Annotation,,0.2542982973050694,Pancreas,1,0.0001,0.000581578947368421,3.2353913229316995,False,217.0,False,False
513,EFTUD2--EFTUD2,Pre-existing,IPR031950|IPR000795|IPR004161|IPR041095|IPR005517|IPR000640,0.2533299176529764,Ovary/Fallopian Tube,1,0.0001,0.000581578947368421,3.2353913229316995,True,218.0,False,False
1313,PHF20L1--SAMD12,Pre-existing,IPR002999|IPR002999,0.25170067342826286,Breast,1,0.0001,0.000581578947368421,3.2353913229316995,False,219.0,False,False
1208,NPLOC4--PDE6G,No Annotation,,0.25140176852389895,Lung,1,0.0001,0.000581578947368421,3.2353913229316995,False,220.0,False,False
1816,SYNRG--EVX1,Novel,IPR000261|IPR001356,0.2511051063370951,Liver,1,0.0001,0.000581578947368421,3.2353913229316995,False,221.0,False,True
1585,RPTOR--EYA2,Novel,IPR029347|IPR006545,0.25000513522018997,CNS/Brain,1,0.2,0.5068807339449541,0.2950942155834753,False,222.0,False,True
1733,SPCS2--DCPS,No Annotation,,0.2486795547927138,Bone,1,0.0001,0.000581578947368421,3.2353913229316995,False,223.0,False,False
1633,SEC24D--FAT4,Novel,IPR006895|IPR002126|IPR002126|IPR002126|IPR002126|IPR002126|IPR002126|IPR002126|IPR002126|IPR002126|IPR002126|IPR002126|IPR002126|IPR002126|IPR002126|IPR002126|IPR002126|IPR002126|IPR002126|IPR000742|IPR000742|IPR000742|IPR000742|IPR001791|IPR000742|IPR001791|IPR000742,0.24850786371437927,Lymphoid,1,0.1,0.3374045801526718,0.47184902630667236,False,224.0,False,True
1243,OMA1--ST6GALNAC5,Pre-existing,IPR001915,0.24801075269878037,CNS/Brain,1,0.1,0.3374045801526718,0.47184902630667236,False,225.0,False,False
1505,RAVER1--TRIR,No Annotation,,0.24757182431332264,Bone,1,0.0001,0.000581578947368421,3.2353913229316995,False,226.0,False,False
660,FMN2--RYR2,Pre-existing,IPR013662|IPR002048|IPR009460|IPR005821,0.24735315057935803,Breast,1,0.1,0.3374045801526718,0.47184902630667236,False,227.0,False,False
817,IKZF3--BMERB1,No Annotation,,0.24540640642839368,Esophagus/Stomach,1,0.0001,0.000581578947368421,3.2353913229316995,False,228.0,False,False
1315,PHF3--EYS,Pre-existing,IPR001791|IPR000742|IPR000742|IPR001791|IPR000742|IPR000742|IPR001791,0.2446954435126049,CNS/Brain,1,0.1,0.3374045801526718,0.47184902630667236,False,229.0,False,False
1104,MTBP--DEPTOR,Novel,IPR029421|IPR000591|IPR001478,0.24455769415562523,Skin,1,0.0001,0.000581578947368421,3.2353913229316995,False,230.0,False,True
810,IGF1R--IGF1R,Novel,IPR000494|IPR006211|IPR000494|IPR003961|IPR003961|IPR003961|IPR000494|IPR003961|IPR003961|IPR003961|IPR000719,0.24431032031941496,Lung,1,0.0001,0.000581578947368421,3.2353913229316995,True,231.0,False,True
1383,PPP5C--ERCC1,Novel,IPR013235|IPR004843|IPR047260,0.2442196962996493,CNS/Brain,1,0.0001,0.000581578947368421,3.2353913229316995,False,232.0,False,True
1235,NUP205--STRA8,Pre-existing,IPR057021,0.24153337559038607,Ovary/Fallopian Tube,1,0.0001,0.000581578947368421,3.2353913229316995,False,233.0,False,False
567,EWSR1--ARHGAP19,Pre-existing,IPR000198,0.2399488176365683,Kidney,1,0.0001,0.000581578947368421,3.2353913229316995,False,234.0,False,False
1260,PAGR1--CDH1,Pre-existing,IPR002126|IPR002126|IPR002126|IPR002126|IPR002126|IPR000233,0.2393278103263365,Breast,1,0.0001,0.000581578947368421,3.2353913229316995,False,235.0,False,False
2012,UBASH3B--IL10RA,No Annotation,,0.23803779734997765,Bone,1,0.1,0.3374045801526718,0.47184902630667236,False,236.0,False,False
1205,NOTCH2--PDE4DIP,Pre-existing,IPR012943|IPR056273|IPR010630,0.2371029602981844,Lung,1,0.0001,0.000581578947368421,3.2353913229316995,False,237.0,False,False
1357,POFUT1--TM9SF4,No Annotation,,0.23704908609274838,Breast,1,0.0001,0.000581578947368421,3.2353913229316995,False,238.0,False,False
1740,SPIDR--STRN4,No Annotation,,0.23379108195718545,Bone,1,0.1,0.3374045801526718,0.47184902630667236,False,239.0,False,False
2005,UAP1--RGS4,Pre-existing,IPR016137,0.2331552408567699,Lung,1,0.1,0.3374045801526718,0.47184902630667236,False,240.0,False,False
571,EWSR1--FEV,Pre-existing,IPR000418,0.2316558934571194,Bone,1,0.0001,0.000581578947368421,3.2353913229316995,False,241.0,False,False
694,GBF1--MRC2,Pre-existing,IPR000772|IPR000562|IPR001304|IPR001304|IPR001304|IPR001304|IPR001304|IPR001304|IPR001304|IPR001304,0.23077167874251758,Breast,1,0.0001,0.000581578947368421,3.2353913229316995,False,242.0,False,False
1951,TPX2--HM13,Pre-existing,IPR015128,0.2303311141371068,Lymphoid,1,0.0001,0.000581578947368421,3.2353913229316995,False,243.0,False,False
1981,TTC17--API5,No Annotation,,0.2299800261848736,CNS/Brain,1,0.1,0.3374045801526718,0.47184902630667236,False,244.0,False,False
387,CPSF6--CPM,Pre-existing,IPR000834,0.22859010333112223,Soft Tissue,1,0.0001,0.000581578947368421,3.2353913229316995,False,245.0,False,False
1844,TBC1D31--ZNF704,Pre-existing,IPR013087,0.22830509293757956,Breast,2,0.0001,0.000581578947368421,3.2353913229316995,False,246.0,False,False
357,CNTLN--ADAMTSL1,Pre-existing,IPR010294|IPR003598|IPR056272|IPR003598|IPR003598|IPR003598|IPR010909,0.22744801712343174,Pleura,1,0.0001,0.000581578947368421,3.2353913229316995,False,247.0,False,False
1833,TASP1--ESF1,Pre-existing,IPR012580,0.22702297895537432,Ovary/Fallopian Tube,1,0.1,0.3374045801526718,0.47184902630667236,False,248.0,False,False
433,DDX42--NSF,No Annotation,,0.22607817806259045,Peripheral Nervous System,1,0.0001,0.000581578947368421,3.2353913229316995,False,249.0,False,False
1061,MICALL1--POLR2F,No Annotation,,0.22572828361512537,Kidney,1,0.2,0.5068807339449541,0.2950942155834753,False,250.0,False,False
1659,SIK3--PCSK7,Pre-existing,IPR002884,0.2252436094774744,Lung,1,0.0001,0.000581578947368421,3.2353913229316995,False,251.0,False,False
149,ASH1L--RIT1,Pre-existing,IPR006560|IPR001214,0.22475722710915258,Breast,1,0.0001,0.000581578947368421,3.2353913229316995,False,252.0,False,False
1546,RNF130--OTP,Pre-existing,IPR001356|IPR003654,0.2245180110049511,Soft Tissue,1,0.2,0.5068807339449541,0.2950942155834753,False,253.0,False,False
48,AGAP2--CTDSP2,Pre-existing,IPR004274,0.22389998265233832,Peripheral Nervous System,1,0.0001,0.000581578947368421,3.2353913229316995,False,254.0,False,False
917,KNTC1--CTDSP2,Novel,IPR055402|IPR055403|IPR004274,0.22379457184436186,Peripheral Nervous System,1,0.1,0.3374045801526718,0.47184902630667236,False,255.0,False,True
1193,NKAPD1--ADAR,Pre-existing,IPR042371|IPR042371|IPR014720|IPR014720|IPR014720|IPR002466,0.22222994949359529,Soft Tissue,1,0.0001,0.000581578947368421,3.2353913229316995,False,256.0,False,False
672,FUS--DDIT3,Pre-existing,IPR004827,0.21867738855157826,Soft Tissue,1,0.0001,0.000581578947368421,3.2353913229316995,False,257.0,False,False
180,BACE2--TAPT1,No Annotation,,0.21797058492217375,Lung,1,0.1,0.3374045801526718,0.47184902630667236,False,258.0,False,False
274,CDH12--RILPL2,Pre-existing,IPR021563,0.21782002296191458,Skin,1,0.0001,0.000581578947368421,3.2353913229316995,False,259.0,False,False
1973,TRRAP--LMOD2,Pre-existing,IPR003124,0.21653881598455385,Lung,1,0.0001,0.000581578947368421,3.2353913229316995,False,260.0,False,False
404,CSNK1G3--SEC24A,Pre-existing,IPR006895|IPR006896|IPR012990|IPR006900|IPR007123,0.21638229650440435,Soft Tissue,1,0.1,0.3374045801526718,0.47184902630667236,False,261.0,False,False
1487,RAD18--EML6,Novel,IPR001841|IPR006642|IPR003034|IPR055439|IPR055442,0.21510878531066802,CNS/Brain,1,0.1,0.3374045801526718,0.47184902630667236,False,262.0,False,True
1382,PPP4R3A--HEATR3,No Annotation,,0.2122384200405758,Lung,1,0.0001,0.000581578947368421,3.2353913229316995,False,263.0,False,False
989,MAEA--WRAP53,No Annotation,,0.2120441480130278,Bone,1,0.0001,0.000581578947368421,3.2353913229316995,False,264.0,False,False
1013,MARS1--AVIL,Novel,IPR041598|IPR004046|IPR007123|IPR007123|IPR007123|IPR007123|IPR007123|IPR007123|IPR003128,0.2117767860981658,Soft Tissue,1,0.0001,0.000581578947368421,3.2353913229316995,False,265.0,False,True
763,GYS1--EIF4EBP1,No Annotation,,0.21173091649407277,Pleura,1,0.1,0.3374045801526718,0.47184902630667236,False,266.0,False,False
1052,MFSD1--DGKG,No Annotation,,0.21142568367262282,Head and Neck,1,0.0001,0.000581578947368421,3.2353913229316995,False,267.0,False,False
1138,NBN--NBN,Novel,IPR000253|IPR001357|IPR032429|IPR032429|IPR013908,0.20945979497220446,Lung,1,0.1,0.3374045801526718,0.47184902630667236,True,268.0,False,True
519,EHMT1--COL5A1,Pre-existing,IPR000885,0.20723767160152984,Breast,1,0.2,0.5068807339449541,0.2950942155834753,False,269.0,False,False
959,LIX1L--MSRB2,Pre-existing,IPR002579,0.2063607533441923,Lymphoid,1,0.0001,0.000581578947368421,3.2353913229316995,False,270.0,False,False
1105,MTCH2--MTCH2,No Annotation,,0.20631556626534853,Head and Neck,1,0.1,0.3374045801526718,0.47184902630667236,True,271.0,False,False
606,FBXL12--CARM1,Novel,IPR001810|IPR055135,0.20629054097994512,Esophagus/Stomach,1,0.0001,0.000581578947368421,3.2353913229316995,False,272.0,False,True
630,FGFR2--COL14A1,Pre-existing,IPR003598|IPR003598|IPR003598|IPR000719,0.20608746351557433,Bowel,1,0.1,0.3374045801526718,0.47184902630667236,False,273.0,False,False
968,LRIG3--MDM2,Pre-existing,IPR003121|IPR001876|IPR001841,0.2054132612966425,Breast,1,0.0001,0.000581578947368421,3.2353913229316995,False,274.0,False,False
514,EFTUD2--IFIH1,Pre-existing,IPR021673,0.20520815033576476,Lymphoid,1,0.0001,0.000581578947368421,3.2353913229316995,False,275.0,False,False
1967,TRIP12--TRIP12,Novel,IPR057948|IPR004170|IPR004170|IPR000569,0.204775047553432,Lymphoid,1,0.2,0.5068807339449541,0.2950942155834753,True,276.0,False,True
922,L3MBTL2--EP300,Novel,IPR012313|IPR000433|IPR000197|IPR014744,0.20462666079338507,Lung,1,0.0001,0.000581578947368421,3.2353913229316995,False,277.0,False,True
1477,RAB11FIP4--NF1,Novel,IPR002048|IPR001936|IPR001251|IPR054071,0.2040393154496778,Ovary/Fallopian Tube,1,0.1,0.3374045801526718,0.47184902630667236,False,278.0,False,True
570,EWSR1--ERG,Pre-existing,IPR000418,0.2039324172790449,Bone,3,0.0001,0.000581578947368421,3.2353913229316995,False,279.0,False,False
102,ARFGEF2--SULF2,Pre-existing,IPR024609,0.20325693246651086,Breast,2,0.1,0.3374045801526718,0.47184902630667236,False,280.0,False,False
1466,PYROXD2--HPSE2,No Annotation,,0.2029392960151883,Skin,1,0.1,0.3374045801526718,0.47184902630667236,False,281.0,False,False
441,DENND5B--PIGT,Pre-existing,IPR005113|IPR001194|IPR005112,0.2023744854369618,Ovary/Fallopian Tube,1,0.1,0.3374045801526718,0.47184902630667236,False,282.0,False,False
1101,MTAP--BNC2,Pre-existing,IPR013087|IPR013087|IPR013087|IPR013087|IPR013087|IPR013087,0.20229917873778508,Bone,1,0.1,0.3374045801526718,0.47184902630667236,False,283.0,False,False
904,KLHDC2--SNTB1,Pre-existing,IPR055108,0.20228305314289605,Breast,2,0.1,0.3374045801526718,0.47184902630667236,False,284.0,False,False
956,LIMD1--LARS2,No Annotation,,0.20078539727068212,Skin,1,0.1,0.3374045801526718,0.47184902630667236,False,285.0,False,False
1636,SEMA3A--ARFGEF2,Pre-existing,IPR032691|IPR000904|IPR015403|IPR046455,0.2007609516881798,Ovary/Fallopian Tube,1,0.0001,0.000581578947368421,3.2353913229316995,False,286.0,False,False
1247,OTUD5--GRIPAP1,Pre-existing,IPR003323,0.2004295807095402,Breast,1,0.2,0.5068807339449541,0.2950942155834753,False,287.0,False,False
27,ADAM9--SSPN,Pre-existing,IPR002870|IPR001590,0.19957131081579055,Ovary/Fallopian Tube,1,0.1,0.3374045801526718,0.47184902630667236,False,288.0,False,False
1606,SAMD5--SASH1,Novel,IPR001660|IPR021090|IPR001452|IPR001660|IPR058666|IPR001660,0.19949516153377075,Thyroid,1,0.1,0.3374045801526718,0.47184902630667236,False,289.0,False,True
574,EXOC4--CHIC2,Novel,IPR007191|IPR048630|IPR019383,0.19900613564124153,Skin,1,0.0001,0.000581578947368421,3.2353913229316995,False,290.0,False,True
312,CHMP6--BAIAP2,Pre-existing,IPR001452,0.19750869483087888,Liver,1,0.1,0.3374045801526718,0.47184902630667236,False,291.0,False,False
2046,USP34--XPO1,Pre-existing,IPR013598|IPR014877,0.19739986812984095,Pleura,1,0.1,0.3374045801526718,0.47184902630667236,False,292.0,False,False
1128,NARS1--TMX3,No Annotation,,0.19696765596001342,Uterus,1,0.0001,0.000581578947368421,3.2353913229316995,False,293.0,False,False
1281,PCNX3--XRRA1,No Annotation,,0.19580907263867375,Uterus,1,0.2,0.5068807339449541,0.2950942155834753,False,294.0,False,False
1808,SYNE1--NAV3,Novel,IPR001715|IPR001715|IPR057057|IPR057932|IPR057126|IPR003593|IPR057568,0.19479524030592343,Soft Tissue,1,0.0001,0.000581578947368421,3.2353913229316995,False,295.0,False,True
671,FSD1--CLSTN2,Novel,IPR003649|IPR017903|IPR002126|IPR045588,0.1941222864765468,Soft Tissue,1,0.0001,0.000581578947368421,3.2353913229316995,False,296.0,False,True
1291,PDGFC--EMCN,No Annotation,,0.19380427433628417,Lung,1,0.1,0.3374045801526718,0.47184902630667236,False,297.0,False,False
2051,USP43--GAS7,Pre-existing,IPR001202|IPR001060|IPR037957,0.19351862715270107,Bone,1,0.0001,0.000581578947368421,3.2353913229316995,False,298.0,False,False
1592,RSRC1--MFSD1,No Annotation,,0.1919903523397982,Head and Neck,1,0.0001,0.000581578947368421,3.2353913229316995,False,299.0,False,False
1468,QKI--PACRG,No Annotation,,0.1912173050990921,CNS/Brain,1,0.0001,0.000581578947368421,3.2353913229316995,False,300.0,False,False
2189,ZNF644--BCAR3,Pre-existing,IPR000980|IPR001895,0.19048789480153627,Soft Tissue,1,0.1,0.3374045801526718,0.47184902630667236,False,301.5,False,False
2188,ZNF644--BCAR3,Novel,IPR013087|IPR013087|IPR013087|IPR013087|IPR013087|IPR013087|IPR013087|IPR000980|IPR001895,0.19048789480153627,Soft Tissue,1,0.0001,0.000581578947368421,3.2353913229316995,False,301.5,False,True
914,KMT2A--MLLT3,Novel,IPR002857|IPR040930,0.1893604043055082,Myeloid,5,0.0001,0.000581578947368421,3.2353913229316995,False,303.0,False,True
1954,TRAF2--TSPAN1,Pre-existing,IPR001841|IPR049441,0.1890006099801209,Lung,1,0.0001,0.000581578947368421,3.2353913229316995,False,304.0,False,False
2181,ZNF577--ZNF841,Pre-existing,IPR001909|IPR013087|IPR013087|IPR013087|IPR013087|IPR013087|IPR013087|IPR013087|IPR013087|IPR013087|IPR013087|IPR013087|IPR013087|IPR013087|IPR013087|IPR013087|IPR013087|IPR013087|IPR013087|IPR013087|IPR013087|IPR013087|IPR013087|IPR013087,0.18885148271972388,Prostate,1,0.0001,0.000581578947368421,3.2353913229316995,False,305.5,False,False
2182,ZNF577--ZNF841,Pre-existing,IPR013087|IPR013087|IPR013087|IPR013087|IPR013087|IPR013087|IPR013087|IPR013087|IPR013087|IPR013087|IPR013087|IPR013087|IPR013087|IPR013087|IPR013087|IPR013087|IPR013087|IPR013087|IPR013087|IPR013087|IPR013087|IPR013087|IPR013087,0.18885148271972388,Prostate,1,0.2,0.5068807339449541,0.2950942155834753,False,305.5,False,False
681,GALNT7--ORC4,Novel,IPR001173|IPR032705,0.18871307605605245,Breast,1,0.0001,0.000581578947368421,3.2353913229316995,False,307.0,False,True
1518,RERE--VMP1,Pre-existing,IPR059828,0.18790324342283365,Soft Tissue,1,0.0001,0.000581578947368421,3.2353913229316995,False,308.0,False,False
70,AMPH--LNX1,Novel,IPR004148|IPR001478|IPR001478,0.18772190764941982,Skin,1,0.1,0.3374045801526718,0.47184902630667236,False,309.0,False,True
539,EML4--ALK,Pre-existing,IPR000719,0.1874027912609319,Lung,3,0.0001,0.000581578947368421,3.2353913229316995,False,310.0,False,False
1578,RPS6KB1--VMP1,Novel,IPR000719|IPR059828,0.1866149352370226,Esophagus/Stomach,1,0.0001,0.000581578947368421,3.2353913229316995,False,311.0,False,True
452,DIP2C--SFMBT2,Pre-existing,IPR021987|IPR001660,0.18443741301619423,Ovary/Fallopian Tube,1,0.2,0.5068807339449541,0.2950942155834753,False,312.0,False,False
1172,NFE2--CBX5,Pre-existing,IPR000953|IPR000953,0.1834682727232403,Myeloid,1,0.1,0.3374045801526718,0.47184902630667236,False,313.0,False,False
2089,VPS35L--CCP110,No Annotation,,0.1833122177939278,Ovary/Fallopian Tube,1,0.1,0.3374045801526718,0.47184902630667236,False,314.0,False,False
234,CAMSAP2--HACD3,No Annotation,,0.18282036135394744,Lymphoid,1,0.1,0.3374045801526718,0.47184902630667236,False,315.0,False,False
1915,TMEM38B--FKTN,Pre-existing,IPR007074,0.18264966343544378,Bone,1,0.0001,0.000581578947368421,3.2353913229316995,False,316.0,False,False
2131,XPR1--TRMT1L,No Annotation,,0.1825551713013353,Lung,1,0.2,0.5068807339449541,0.2950942155834753,False,317.0,False,False
1907,TMEM230--SDC4,Pre-existing,IPR003585,0.18126790380440388,Head and Neck,1,0.0001,0.000581578947368421,3.2353913229316995,False,318.0,False,False
323,CLIC4--FMNL2,Pre-existing,IPR010472|IPR015425|IPR014767,0.18085996453090075,CNS/Brain,1,0.0001,0.000581578947368421,3.2353913229316995,False,319.0,False,False
178,BABAM2--SNX17,Pre-existing,IPR000159|IPR048767|IPR037836,0.1808534327797739,Ovary/Fallopian Tube,1,0.0001,0.000581578947368421,3.2353913229316995,False,320.0,False,False
1369,PPIE--NFYC,Pre-existing,IPR007125,0.18083451665515315,Thyroid,1,0.0001,0.000581578947368421,3.2353913229316995,False,321.0,False,False
1962,TRHDE--MGAT4C,Novel,IPR045357|IPR056576,0.18072618642227023,Soft Tissue,1,0.0001,0.000581578947368421,3.2353913229316995,False,322.0,False,True
244,CASC3--THRA,No Annotation,,0.18040238315943402,Ovary/Fallopian Tube,1,0.0001,0.000581578947368421,3.2353913229316995,False,323.0,False,False
1891,TMCO3--RBM14,No Annotation,,0.18001202372582412,Pancreas,1,0.0001,0.000581578947368421,3.2353913229316995,False,324.0,False,False
501,ECHDC1--NKAIN2,No Annotation,,0.17962285480975843,Myeloid,1,0.0001,0.000581578947368421,3.2353913229316995,False,325.0,False,False
2071,VCL--ADK,No Annotation,,0.17941149333089762,CNS/Brain,1,0.1,0.3374045801526718,0.47184902630667236,False,326.0,False,False
358,CNTN1--SBNO1,Pre-existing,IPR003598|IPR003599|IPR003598|IPR003598|IPR003598|IPR003598,0.179313583987379,Lung,1,0.0001,0.000581578947368421,3.2353913229316995,False,327.0,False,False
1980,TTC12--CWF19L2,Pre-existing,IPR006768|IPR006767,0.17877632141194535,Lung,1,0.0001,0.000581578947368421,3.2353913229316995,False,328.0,False,False
1514,RECK--ZNF780B,Pre-existing,IPR013087|IPR013087|IPR013087|IPR013087|IPR013087|IPR013087|IPR013087|IPR013087|IPR013087|IPR013087|IPR013087|IPR013087|IPR013087|IPR013087|IPR013087|IPR013087|IPR013087|IPR013087|IPR013087|IPR013087|IPR013087|IPR013087|IPR013087,0.1782482299609734,Pancreas,1,0.2,0.5068807339449541,0.2950942155834753,False,329.0,False,False
1136,NBAS--DDX1,Pre-existing,IPR001650,0.17809193796938208,Lung,1,0.0001,0.000581578947368421,3.2353913229316995,False,330.0,False,False
110,ARHGAP29--IGSF3,Novel,IPR057028|IPR003599|IPR003598|IPR003599,0.1779973466405882,Pancreas,1,0.1,0.3374045801526718,0.47184902630667236,False,331.0,False,True
848,ITFG2--CACNA1C,Pre-existing,IPR031688,0.1774422736239269,Skin,1,0.0001,0.000581578947368421,3.2353913229316995,False,332.0,False,False
1102,MTAP--CDH15,Pre-existing,IPR002126|IPR002126|IPR002126|IPR002126|IPR002126|IPR000233,0.1765311148356159,Liver,1,0.0001,0.000581578947368421,3.2353913229316995,False,333.0,False,False
1711,SNRNP70--RUVBL2,Pre-existing,IPR003593|IPR041048,0.1749168545114933,Bladder/Urinary Tract,1,0.0001,0.000581578947368421,3.2353913229316995,False,334.0,False,False
1453,PUM2--RBKS,No Annotation,,0.1741947283095881,Pancreas,1,0.0001,0.000581578947368421,3.2353913229316995,False,335.0,False,False
1320,PHTF1--LRIF1,No Annotation,,0.17270628323234272,Breast,1,0.1,0.3374045801526718,0.47184902630667236,False,336.0,False,False
62,AKT3--DNAH14,Novel,IPR001849|IPR000719|IPR035699|IPR035699|IPR041466|IPR024317|IPR024743|IPR035706|IPR035706|IPR041228,0.1725000078984801,Pancreas,1,0.0001,0.000581578947368421,3.2353913229316995,False,337.0,False,True
306,CHD4--POLR3B,Pre-existing,IPR007641,0.17249119445724737,Bone,1,0.0001,0.000581578947368421,3.2353913229316995,False,338.0,False,False
1935,TONSL--STMN3,No Annotation,,0.1719279286073354,Breast,1,0.1,0.3374045801526718,0.47184902630667236,False,339.0,False,False
1720,SOS1--ADCY3,Pre-existing,IPR001054|IPR001054,0.1719105827064324,Lung,1,0.0001,0.000581578947368421,3.2353913229316995,False,340.0,False,False
369,COMMD10--AP3S1,No Annotation,,0.1717398510553803,Myeloid,1,0.0001,0.000581578947368421,3.2353913229316995,False,341.0,False,False
209,BRD8--ETF1,No Annotation,,0.17100506070995447,Uterus,1,0.1,0.3374045801526718,0.47184902630667236,False,342.0,False,False
1283,PDCD1LG2--TPGS2,Pre-existing,IPR003599,0.17096705952452806,Breast,1,0.1,0.3374045801526718,0.47184902630667236,False,343.0,False,False
1817,SYNRG--PEMT,Pre-existing,IPR000261,0.16972210235980245,Ovary/Fallopian Tube,1,0.2,0.5068807339449541,0.2950942155834753,False,344.0,False,False
1598,RTTN--ROCK1,Novel,IPR029249|IPR000719|IPR000961|IPR011072|IPR015008|IPR001849,0.16967492820942454,CNS/Brain,1,0.1,0.3374045801526718,0.47184902630667236,False,345.0,False,True
770,HAVCR1--ARHGAP26,Novel,IPR003599|IPR000198|IPR001452,0.16875989267344424,Uterus,1,0.0001,0.000581578947368421,3.2353913229316995,False,346.0,False,True
1665,SKP2--TTC23L,Pre-existing,IPR001810,0.16864602389257602,Liver,1,0.0001,0.000581578947368421,3.2353913229316995,False,347.0,False,False
593,FAM168A--SLC43A1,No Annotation,,0.1686390265828691,Breast,1,0.0001,0.000581578947368421,3.2353913229316995,False,348.0,False,False
1953,TRAF2--EPB41L4B,Novel,IPR001841|IPR049441|IPR001293|IPR014847,0.16840463137548722,Bladder/Urinary Tract,1,0.1,0.3374045801526718,0.47184902630667236,False,349.0,False,True
21,ACOT8--ANGPT1,No Annotation,,0.16810048351579313,Bone,1,0.0001,0.000581578947368421,3.2353913229316995,False,350.0,False,False
1937,TOX--TOX,Pre-existing,IPR009071|IPR009071,0.16787419076557714,Pleura,1,0.0001,0.000581578947368421,3.2353913229316995,True,351.0,False,False
1084,MPZL3--MPZL2,Pre-existing,IPR003599,0.16754155947245153,Head and Neck,1,0.0001,0.000581578947368421,3.2353913229316995,False,352.0,False,False
800,HSD17B12--KIAA1549L,No Annotation,,0.16752625563629725,Bladder/Urinary Tract,1,0.1,0.3374045801526718,0.47184902630667236,False,353.0,False,False
191,BCAT2--CKM,Pre-existing,IPR022413|IPR022414,0.16744943442298865,Biliary Tract,1,0.2,0.5068807339449541,0.2950942155834753,False,354.0,False,False
430,DDA1--C19orf81,No Annotation,,0.16738551049875625,Myeloid,1,0.0001,0.000581578947368421,3.2353913229316995,False,355.0,False,False
1074,MLLT6--GTF2A2,Pre-existing,IPR001965|IPR001965,0.16721592436408128,Bone,1,0.0001,0.000581578947368421,3.2353913229316995,False,356.5,False,False
757,GTF2A2--MLLT6,Pre-existing,IPR015872|IPR015871,0.16721592436408128,Bone,1,0.1,0.3374045801526718,0.47184902630667236,False,356.5,False,False
76,ANKRD13B--TAOK1,No Annotation,,0.16664729115595597,Lung,1,0.0001,0.000581578947368421,3.2353913229316995,False,358.0,False,False
1195,NKD1--ARHGAP6,Pre-existing,IPR000198,0.1663610069453763,Head and Neck,1,0.0001,0.000581578947368421,3.2353913229316995,False,359.0,False,False
1024,MCAT--CCDC134,No Annotation,,0.16488963907685844,Soft Tissue,1,0.0001,0.000581578947368421,3.2353913229316995,False,360.0,False,False
1608,SAMM50--BPIFB4,No Annotation,,0.16474332763955316,Liver,1,0.0001,0.000581578947368421,3.2353913229316995,False,361.0,False,False
541,EML5--NRDE2,Pre-existing,IPR055439|IPR055442|IPR055439|IPR055442,0.1644124088787961,Peripheral Nervous System,1,0.1,0.3374045801526718,0.47184902630667236,False,362.0,False,False
552,ERBIN--NLN,Pre-existing,IPR055414,0.16437455062135264,Cervix,1,0.2,0.5068807339449541,0.2950942155834753,False,363.0,False,False
2075,VCL--VCL,No Annotation,,0.16432655065513257,CNS/Brain,1,0.0001,0.000581578947368421,3.2353913229316995,True,364.0,False,False
129,ARIH2--SOS1,No Annotation,,0.16355331698202785,Breast,1,0.1,0.3374045801526718,0.47184902630667236,False,365.0,False,False
202,BNIP3L--PPP2R2A,No Annotation,,0.163516501752078,Biliary Tract,1,0.2,0.5068807339449541,0.2950942155834753,False,366.0,False,False
912,KMT2A--MLLT1,Novel,IPR002857|IPR040930,0.16279254082590067,Myeloid,1,0.1,0.3374045801526718,0.47184902630667236,False,367.5,False,True
1070,MLLT1--KMT2A,Pre-existing,IPR001965|IPR001965|IPR001965|IPR001487|IPR001965|IPR001214|IPR003616,0.16279254082590067,Myeloid,1,0.0001,0.000581578947368421,3.2353913229316995,False,367.5,False,False
88,ANP32E--GOLPH3L,No Annotation,,0.1626903132165155,Bowel,1,0.0001,0.000581578947368421,3.2353913229316995,False,369.0,False,False
1038,MED13L--TMEM132B,Pre-existing,IPR031437|IPR055423|IPR055424|IPR031436,0.1623681272194078,Bone,1,0.1,0.3374045801526718,0.47184902630667236,False,370.0,False,False
1409,PRPF39--FANCM,Pre-existing,IPR006166,0.16180706252564156,Pancreas,1,0.0001,0.000581578947368421,3.2353913229316995,False,371.0,False,False
680,GALNT2--EGLN1,No Annotation,,0.16155902782596973,Bone,1,0.0001,0.000581578947368421,3.2353913229316995,False,372.0,False,False
146,ASB7--FGD6,Pre-existing,IPR000219|IPR001849|IPR000306|IPR001849,0.16152261218631325,Soft Tissue,2,0.0001,0.000581578947368421,3.2353913229316995,False,373.0,False,False
74,ANKHD1--PCDH1,No Annotation,,0.16133984467872536,Breast,2,0.1,0.3374045801526718,0.47184902630667236,False,374.0,False,False
1850,TC2N--TRIP11,No Annotation,,0.16098056900782526,Breast,1,0.0001,0.000581578947368421,3.2353913229316995,False,375.0,False,False
2088,VPS35L--ANKRD30B,No Annotation,,0.16080723188169682,Cervix,1,0.2,0.5068807339449541,0.2950942155834753,False,376.0,False,False
1719,SORT1--PSMA5,No Annotation,,0.1607538528446225,Breast,1,0.2,0.5068807339449541,0.2950942155834753,False,377.0,False,False
1434,PTGFRN--USP33,Novel,IPR003599|IPR003599|IPR003599|IPR003599|IPR003599|IPR006615,0.16073149118769797,CNS/Brain,1,0.1,0.3374045801526718,0.47184902630667236,False,379.0,False,True
1435,PTGFRN--USP33,Novel,IPR003599|IPR003599|IPR003599|IPR003599|IPR003599|IPR006615|IPR006615,0.16073149118769797,CNS/Brain,1,0.2,0.5068807339449541,0.2950942155834753,False,379.0,False,True
1433,PTGFRN--USP33,Novel,IPR003599|IPR003599|IPR003599|IPR003599|IPR003599|IPR001394|IPR006615|IPR006615,0.16073149118769797,CNS/Brain,1,0.3,0.6368876080691642,0.19593720110576304,False,379.0,False,True
1528,RIMS2--ATP6V1C1,No Annotation,,0.16048075493986447,Breast,1,0.1,0.3374045801526718,0.47184902630667236,False,381.0,False,False
586,FAF1--AGBL4,Pre-existing,IPR000834,0.1602094311363761,Lung,1,0.0001,0.000581578947368421,3.2353913229316995,False,382.0,False,False
724,GNPTAB--NUP37,No Annotation,,0.1598231653444639,Esophagus/Stomach,1,0.0001,0.000581578947368421,3.2353913229316995,False,383.0,False,False
1923,TMTC4--NALCN,No Annotation,,0.15973763861616994,Breast,1,0.0001,0.000581578947368421,3.2353913229316995,False,384.0,False,False
333,CLTC--RPS6KB1,Pre-existing,IPR000719|IPR000961,0.15956511324994688,Ovary/Fallopian Tube,1,0.1,0.3374045801526718,0.47184902630667236,False,385.0,False,False
75,ANKRD13B--PCTP,No Annotation,,0.15902212912085506,Breast,1,0.0001,0.000581578947368421,3.2353913229316995,False,386.0,False,False
1302,PEDS1--PHACTR3,No Annotation,,0.15820316107217264,Bladder/Urinary Tract,1,0.0001,0.000581578947368421,3.2353913229316995,False,387.0,False,False
1869,TERT--ALK,Novel,IPR021891|IPR000477|IPR000998|IPR055163|IPR000719,0.15765653623059822,Peripheral Nervous System,1,0.2,0.5068807339449541,0.2950942155834753,False,388.0,False,True
469,DNAJC6--PDE1C,Pre-existing,IPR000387|IPR014020,0.15749526341842401,Biliary Tract,2,0.0001,0.000581578947368421,3.2353913229316995,False,389.0,False,False
1646,SETDB1--SMCP,Pre-existing,IPR040880|IPR002999|IPR002999,0.15645963532858598,Biliary Tract,1,0.2,0.5068807339449541,0.2950942155834753,False,390.0,False,False
806,IFNGR2--IFNAR1,Pre-existing,IPR003961,0.15631676714845968,Lung,1,0.0001,0.000581578947368421,3.2353913229316995,False,391.0,False,False
425,DCAF10--CENPP,No Annotation,,0.15600458697750472,Esophagus/Stomach,1,0.0001,0.000581578947368421,3.2353913229316995,False,392.0,False,False
1656,SHPK--TAX1BP3,Pre-existing,IPR001478,0.15564939479635728,Pleura,1,0.2,0.5068807339449541,0.2950942155834753,False,393.0,False,False
1141,NCAN--UPF1,Novel,IPR003599|IPR000538|IPR000538|IPR000742|IPR000742|IPR041679,0.15548259492802574,Ovary/Fallopian Tube,1,0.1,0.3374045801526718,0.47184902630667236,False,394.0,False,True
52,AGPAT5--MCPH1,No Annotation,,0.15502135578326365,Breast,1,0.1,0.3374045801526718,0.47184902630667236,False,395.0,False,False
1006,MAP7--MAP3K5,Pre-existing,IPR025136|IPR043969|IPR000719|IPR046873,0.1549164488092925,Bowel,1,0.1,0.3374045801526718,0.47184902630667236,False,396.0,False,False
1621,SCARB1--PUS1,Pre-existing,IPR020097,0.15456748343989452,Breast,2,0.1,0.3374045801526718,0.47184902630667236,False,397.0,False,False
1209,NR3C1--NR3C1,Novel,IPR001628|IPR001628|IPR000536,0.15430987668793167,Lymphoid,1,0.1,0.3374045801526718,0.47184902630667236,True,398.0,False,True
355,CNOT6--S100Z,Pre-existing,IPR013787|IPR002048,0.15420974443599866,Prostate,1,0.1,0.3374045801526718,0.47184902630667236,False,399.0,False,False
1917,TMEM38B--UNC13B,No Annotation,,0.1541935477123065,Myeloid,1,0.0001,0.000581578947368421,3.2353913229316995,False,400.0,False,False
1327,PIGG--CHRDL2,Pre-existing,IPR001007|IPR001007|IPR045716,0.15417068623043087,Skin,1,0.0001,0.000581578947368421,3.2353913229316995,False,401.0,False,False
976,LRRFIP1--MLPH,No Annotation,,0.153602497465208,Ovary/Fallopian Tube,1,0.2,0.5068807339449541,0.2950942155834753,False,402.0,False,False
124,ARID1B--RPS6KA2,Pre-existing,IPR000961|IPR000719,0.15309889980647232,Skin,1,0.2,0.5068807339449541,0.2950942155834753,False,403.5,False,False
123,ARID1B--RPS6KA2,Pre-existing,IPR000719|IPR000961|IPR000719,0.15309889980647232,Skin,1,0.1,0.3374045801526718,0.47184902630667236,False,403.5,False,False
1116,MYBL1--ADCY8,Pre-existing,IPR001005,0.15308641732760397,Breast,1,0.1,0.3374045801526718,0.47184902630667236,False,405.0,False,False
1613,SBNO2--SLC2A13,No Annotation,,0.15292072475651813,Breast,1,0.0001,0.000581578947368421,3.2353913229316995,False,406.0,False,False
980,LSM14A--PSMC4,Pre-existing,IPR003593|IPR041569,0.15244595028891536,Head and Neck,1,0.1,0.3374045801526718,0.47184902630667236,False,407.0,False,False
1911,TMEM25--TECTA,Novel,IPR007110|IPR002919|IPR001846|IPR014853|IPR000742|IPR001007|IPR001846|IPR014853|IPR001507|IPR000742,0.15201622968136547,Bone,1,0.1,0.3374045801526718,0.47184902630667236,False,408.0,False,True
927,LAMB2--ADGRG5,Novel,IPR008211|IPR002049|IPR002049|IPR000742|IPR002049|IPR000742|IPR013015|IPR000742|IPR057244|IPR017981,0.15175976008106434,Ovary/Fallopian Tube,1,0.0001,0.000581578947368421,3.2353913229316995,False,409.0,False,True
1611,SASH1--SASH1,Novel,IPR058666|IPR021090|IPR021090|IPR001452|IPR001660|IPR058666|IPR001660,0.1509073888701821,Skin,1,0.1,0.3374045801526718,0.47184902630667236,True,410.0,False,True
1230,NUDCD3--PDE1C,Novel,IPR025934|IPR013706|IPR002073,0.15027070381710445,Biliary Tract,1,0.0001,0.000581578947368421,3.2353913229316995,False,411.0,False,True
755,GSS--GSS,Novel,IPR004887|IPR004887,0.15015635326541182,Ovary/Fallopian Tube,1,0.0001,0.000581578947368421,3.2353913229316995,True,412.0,False,True
2085,VPS18--ZFYVE19,Pre-existing,IPR044553,0.1500999347054167,Breast,1,0.0001,0.000581578947368421,3.2353913229316995,False,413.0,False,False
153,ATG4A--VSIG1,No Annotation,,0.14917224787190259,CNS/Brain,1,0.0001,0.000581578947368421,3.2353913229316995,False,414.0,False,False
82,ANKS1B--ASAP1,Pre-existing,IPR001164|IPR001452,0.14914406721093768,Breast,1,0.0001,0.000581578947368421,3.2353913229316995,False,415.0,False,False
1268,PARVB--BANK1,No Annotation,,0.1490845110516013,Breast,1,0.0001,0.000581578947368421,3.2353913229316995,False,416.0,False,False
885,KHSRP--KHSRP,Novel,IPR004087|IPR004087|IPR004087|IPR004087|IPR015096|IPR015096|IPR004087|IPR004087|IPR004087|IPR004087|IPR015096|IPR015096,0.14873495862749217,Ovary/Fallopian Tube,1,0.0001,0.000581578947368421,3.2353913229316995,True,417.0,False,True
995,MAN2C1--SIN3A,Novel,IPR054723|IPR031693,0.14857159327508063,Esophagus/Stomach,1,0.1,0.3374045801526718,0.47184902630667236,False,418.0,False,True
439,DENND5A--LMO1,Pre-existing,IPR001781|IPR001781,0.14816216227270262,CNS/Brain,1,0.1,0.3374045801526718,0.47184902630667236,False,419.0,False,False
489,DYM--ZNF641,Pre-existing,IPR001909|IPR013087|IPR013087|IPR013087|IPR013087|IPR013087,0.14799330450742998,Bone,1,0.1,0.3374045801526718,0.47184902630667236,False,420.0,False,False
1632,SEC23A--TRAPPC6B,Pre-existing,IPR006895,0.1472130743963846,Liver,1,0.1,0.3374045801526718,0.47184902630667236,False,421.0,False,False
2049,USP42--VWDE,Pre-existing,IPR000742|IPR000742|IPR000742|IPR000742|IPR000742|IPR000742|IPR000742|IPR000742|IPR000742,0.14700941583406413,Soft Tissue,1,0.1,0.3374045801526718,0.47184902630667236,False,422.0,False,False
949,LDLR--MYH14,Pre-existing,IPR002928,0.14666590298712315,Soft Tissue,1,0.1,0.3374045801526718,0.47184902630667236,False,423.0,False,False
1586,RRP1B--RASA1,Pre-existing,IPR000980|IPR001452|IPR000980|IPR001849|IPR000008|IPR001936,0.14648039208403543,Lung,1,0.1,0.3374045801526718,0.47184902630667236,False,424.0,False,False
1065,MIIP--MFN2,Pre-existing,IPR006884,0.14603444844851243,Head and Neck,1,0.1,0.3374045801526718,0.47184902630667236,False,425.0,False,False
414,CUL5--DNAL1,No Annotation,,0.1459396691231354,Esophagus/Stomach,1,0.1,0.3374045801526718,0.47184902630667236,False,426.0,False,False
182,BAG6--NELFE,Pre-existing,IPR000504,0.145641706189499,Lung,1,0.3,0.6368876080691642,0.19593720110576304,False,427.0,False,False
2199,ZNF79--RALGPS1,Pre-existing,IPR001849,0.14553534281305597,Breast,1,0.1,0.3374045801526718,0.47184902630667236,False,428.0,False,False
1341,PLA2R1--RBMS1,Novel,IPR000772|IPR000562|IPR001304|IPR001304|IPR001304|IPR001304|IPR000504,0.14509533047977388,Breast,1,0.1,0.3374045801526718,0.47184902630667236,False,429.0,False,True
1275,PBX1--COPA,Pre-existing,IPR006692|IPR056176|IPR010714,0.14488955092487202,Bladder/Urinary Tract,1,0.1,0.3374045801526718,0.47184902630667236,False,430.0,False,False
1375,PPP1CB--PLB1,Pre-existing,IPR031675|IPR004843,0.1447762063564164,Breast,1,0.0001,0.000581578947368421,3.2353913229316995,False,431.0,False,False
729,GON4L--RIT1,No Annotation,,0.14463511832389092,Skin,1,0.0001,0.000581578947368421,3.2353913229316995,False,432.0,False,False
999,MAP3K21--DISC1,Pre-existing,IPR001452|IPR000719,0.14444180987668326,Soft Tissue,1,0.2,0.5068807339449541,0.2950942155834753,False,433.0,False,False
1718,SORL1--PCCA,Novel,IPR006581|IPR003961|IPR003961|IPR003961|IPR000089,0.1440119764922167,Lung,1,0.0001,0.000581578947368421,3.2353913229316995,False,434.0,False,True
190,BCAT1--TSPAN11,No Annotation,,0.14291366029131575,Soft Tissue,1,0.0001,0.000581578947368421,3.2353913229316995,False,435.0,False,False
2077,VDAC2--ZEB1,Pre-existing,IPR008598|IPR013087|IPR013087|IPR001356|IPR013087|IPR013087|IPR013087,0.1427244992192322,Esophagus/Stomach,1,0.2,0.5068807339449541,0.2950942155834753,False,436.0,False,False
2064,UVRAG--SETMAR,Pre-existing,IPR041426,0.14260442117555622,Lymphoid,1,0.2,0.5068807339449541,0.2950942155834753,False,437.5,False,False
2063,UVRAG--SETMAR,Pre-existing,IPR001214|IPR003616|IPR041426,0.14260442117555622,Lymphoid,1,0.2,0.5068807339449541,0.2950942155834753,False,437.5,False,False
1765,SSH3--ANKRD13D,Pre-existing,IPR043588|IPR014876,0.1420112111171915,Head and Neck,1,0.0001,0.000581578947368421,3.2353913229316995,False,439.0,False,False
1555,RNF220--QSOX1,Pre-existing,IPR041269|IPR040986|IPR017905,0.14111625774689032,Uterus,1,0.1,0.3374045801526718,0.47184902630667236,False,440.0,False,False
549,EPN2--SPACA3,Novel,IPR013809|IPR019799,0.1408938474268719,Pancreas,1,0.1,0.3374045801526718,0.47184902630667236,False,441.0,False,True
1548,RNF135--C17orf78,Pre-existing,IPR001841,0.1405986324813348,Ovary/Fallopian Tube,1,0.1,0.3374045801526718,0.47184902630667236,False,442.0,False,False
1772,ST7--MET,Pre-existing,IPR001627|IPR016201|IPR002909|IPR002909|IPR002909|IPR002909|IPR000719,0.14050756235472978,Biliary Tract,1,0.0001,0.000581578947368421,3.2353913229316995,False,443.0,False,False
483,DTD1--RALGAPA2,No Annotation,,0.14025315526012322,Lung,1,0.0001,0.000581578947368421,3.2353913229316995,False,444.0,False,False
1641,SENP6--PDK1,No Annotation,,0.13991456980693232,Lymphoid,1,0.0001,0.000581578947368421,3.2353913229316995,False,445.0,False,False
1062,MID1--YIPF6,Novel,IPR001841|IPR000315|IPR000315|IPR006977,0.13971813248924977,Bowel,1,0.0001,0.000581578947368421,3.2353913229316995,False,446.0,False,True
2043,USP32--PTRH2,No Annotation,,0.13955961740163841,Soft Tissue,1,0.1,0.3374045801526718,0.47184902630667236,False,447.0,False,False
93,AP3B1--BHMT,Pre-existing,IPR003726,0.1390263275773879,Bone,1,0.1,0.3374045801526718,0.47184902630667236,False,448.0,False,False
184,BAIAP2L1--BCAS4,No Annotation,,0.13882173404585724,Ovary/Fallopian Tube,1,0.2,0.5068807339449541,0.2950942155834753,False,449.0,False,False
825,IMMT--POLR1A,Pre-existing,IPR007066|IPR007083|IPR007081,0.13849550550509704,CNS/Brain,1,0.0001,0.000581578947368421,3.2353913229316995,False,450.0,False,False
1011,MARK3--BSPRY,Pre-existing,IPR001870,0.13815204426814157,Ovary/Fallopian Tube,1,0.0001,0.000581578947368421,3.2353913229316995,False,451.0,False,False
1782,STK3--NIPAL2,No Annotation,,0.13788794644662777,Uterus,1,0.3,0.6368876080691642,0.19593720110576304,False,452.0,False,False
1390,PREX1--CPNE1,No Annotation,,0.13763760549650908,Breast,2,0.0001,0.000581578947368421,3.2353913229316995,False,453.0,False,False
1597,RTRAF--SLC25A21,No Annotation,,0.13675986359112835,Prostate,1,0.1,0.3374045801526718,0.47184902630667236,False,454.0,False,False
1643,SESN3--MAML2,Pre-existing,IPR048452,0.13631302791365318,Soft Tissue,1,0.1,0.3374045801526718,0.47184902630667236,False,455.0,False,False
325,CLIC4--SRRM1,Pre-existing,IPR002483,0.13625419286261908,Ovary/Fallopian Tube,1,0.1,0.3374045801526718,0.47184902630667236,False,456.0,False,False
950,LDLRAD3--EPHX2,No Annotation,,0.13607384453449167,Head and Neck,1,0.1,0.3374045801526718,0.47184902630667236,False,457.0,False,False
1430,PTEN--PAPSS2,Pre-existing,IPR024951,0.13598895986633996,Uterus,1,0.1,0.3374045801526718,0.47184902630667236,False,458.0,False,False
637,FGFR3--TACC3,Pre-existing,IPR003598|IPR003598|IPR003598|IPR000719,0.13579309114672494,Bladder/Urinary Tract,2,0.0001,0.000581578947368421,3.2353913229316995,False,459.0,False,False
599,FANCM--TC2N,Novel,IPR011545|IPR000008,0.1354814596314051,Skin,1,0.1,0.3374045801526718,0.47184902630667236,False,460.0,False,True
602,FAT2--USP10,Novel,IPR002126|IPR002126|IPR002126|IPR002126|IPR002126|IPR002126|IPR002126|IPR002126|IPR002126|IPR002126|IPR002126|IPR002126|IPR002126|IPR002126|IPR002126|IPR002126|IPR002126|IPR002126|IPR002126|IPR002126|IPR002126|IPR002126|IPR002126|IPR002126|IPR002126|IPR002126|IPR002126|IPR002126|IPR002126|IPR002126|IPR002126|IPR002126|IPR001394,0.13516067873915277,Esophagus/Stomach,1,0.2,0.5068807339449541,0.2950942155834753,False,461.0,False,True
659,FMN1--TFDP2,Pre-existing,IPR003316|IPR014889,0.13499682117772616,Lymphoid,1,0.0001,0.000581578947368421,3.2353913229316995,False,462.0,False,False
533,ELP2--GALNT1,Pre-existing,IPR000772,0.1348596077105258,CNS/Brain,1,0.1,0.3374045801526718,0.47184902630667236,False,463.0,False,False
1451,PTPRM--TTC39C,Pre-existing,IPR000998|IPR003599|IPR003961|IPR003961|IPR003961,0.13458811603516713,Uterus,1,0.2,0.5068807339449541,0.2950942155834753,False,464.0,False,False
1007,MAP7D1--LRMDA,No Annotation,,0.13457891810701988,Biliary Tract,1,0.1,0.3374045801526718,0.47184902630667236,False,465.0,False,False
730,GOPC--ROS1,Pre-existing,IPR001478|IPR000719,0.13438886470384814,CNS/Brain,1,0.1,0.3374045801526718,0.47184902630667236,False,466.0,False,False
634,FGFR2--PHGDH,Novel,IPR003598|IPR003598|IPR003598|IPR000719|IPR045626,0.13431559615307959,Biliary Tract,2,0.1,0.3374045801526718,0.47184902630667236,False,467.0,False,True
1068,MKLN1--CLSTN2,Novel,IPR010565|IPR006595|IPR002126|IPR002126|IPR045588,0.1342828094015286,Breast,1,0.2,0.5068807339449541,0.2950942155834753,False,468.0,False,True
1404,PRKD2--ZNF28,Novel,IPR057764|IPR002219|IPR002219|IPR001849|IPR001909|IPR013087|IPR013087|IPR013087|IPR013087|IPR013087|IPR013087|IPR013087|IPR013087|IPR013087|IPR013087|IPR013087|IPR013087|IPR013087|IPR013087|IPR013087|IPR013087|IPR013087|IPR013087,0.13397007749662676,Lung,1,0.2,0.5068807339449541,0.2950942155834753,False,469.0,False,True
775,HEG1--CLSTN2,Novel,IPR000742|IPR000742|IPR002126|IPR045588,0.13387033906028914,Skin,1,0.0001,0.000581578947368421,3.2353913229316995,False,470.0,False,True
1895,TMEM104--RAB37,Novel,IPR013057|IPR005225,0.13379411366886831,Breast,1,0.1,0.3374045801526718,0.47184902630667236,False,471.0,False,True
1708,SNED1--DNAH7,No Annotation,,0.13283324457519236,Breast,1,0.0001,0.000581578947368421,3.2353913229316995,False,472.0,False,False
613,FBXO28--IFI16,Pre-existing,IPR004021,0.13244439313000267,Breast,1,0.0001,0.000581578947368421,3.2353913229316995,False,473.0,False,False
35,ADGRL3--SPTBN2,Novel,IPR000922|IPR003112|IPR001879|IPR001715|IPR001605|IPR001605|IPR001605|IPR001605,0.13117500088401923,CNS/Brain,1,0.0001,0.000581578947368421,3.2353913229316995,False,474.0,False,True
81,ANKS1A--SLC7A8,No Annotation,,0.13096221358236146,Lymphoid,1,0.0001,0.000581578947368421,3.2353913229316995,False,475.0,False,False
1446,PTPRF--FOXJ3,Pre-existing,IPR003598|IPR003598|IPR003598|IPR003961|IPR003961|IPR003961|IPR003961|IPR003961|IPR003961|IPR003961,0.12943183172353281,CNS/Brain,1,0.1,0.3374045801526718,0.47184902630667236,False,476.0,False,False
716,GNA11--YJU2,No Annotation,,0.12930044616401212,CNS/Brain,1,0.1,0.3374045801526718,0.47184902630667236,False,477.0,False,False
1223,NSRP1--EFCAB5,Pre-existing,IPR002048,0.12915282037448023,Ovary/Fallopian Tube,1,0.1,0.3374045801526718,0.47184902630667236,False,478.0,False,False
566,EVC--CRMP1,No Annotation,,0.12906451564854646,CNS/Brain,1,0.1,0.3374045801526718,0.47184902630667236,False,479.0,False,False
317,CKAP5--MTCH2,Pre-existing,IPR034085|IPR034085,0.1290116315036883,Bladder/Urinary Tract,1,0.1,0.3374045801526718,0.47184902630667236,False,480.0,False,False
69,AMOTL1--MACROD1,Pre-existing,IPR002589,0.1289810961455709,Head and Neck,1,0.1,0.3374045801526718,0.47184902630667236,False,481.0,False,False
2102,WDFY2--SERPINE3,No Annotation,,0.12887823782923807,Esophagus/Stomach,1,0.0001,0.000581578947368421,3.2353913229316995,False,482.0,False,False
1063,MIDEAS--NVL,Novel,IPR000949|IPR041569,0.12845465386170313,Lung,1,0.2,0.5068807339449541,0.2950942155834753,False,483.0,False,True
1560,RO60--CDC73,Novel,IPR008858|IPR031336,0.1283946427066203,Lung,1,0.0001,0.000581578947368421,3.2353913229316995,False,484.0,False,True
1620,SCARA5--NUGGC,No Annotation,,0.12764673948265162,CNS/Brain,1,0.0001,0.000581578947368421,3.2353913229316995,False,485.0,False,False
1124,NAA16--EDAR,Pre-existing,IPR034052|IPR056762,0.1273416542220623,Breast,1,0.2,0.5068807339449541,0.2950942155834753,False,486.0,False,False
553,ERC1--KLRG1,No Annotation,,0.12716804689126604,Cervix,1,0.0001,0.000581578947368421,3.2353913229316995,False,487.0,False,False
144,ASAP1--TAFA5,No Annotation,,0.12682853542919803,Lung,1,0.0001,0.000581578947368421,3.2353913229316995,False,488.0,False,False
2042,USP32--APPBP2,Pre-existing,IPR057368|IPR002048,0.12652416146325948,CNS/Brain,2,0.0001,0.000581578947368421,3.2353913229316995,False,489.0,False,False
1217,NSF--ADNP2,Novel,IPR003338|IPR004201|IPR003593|IPR013087|IPR013087|IPR013087|IPR013087|IPR013087|IPR013087|IPR013087|IPR013087|IPR001356,0.12629218910447682,Myeloid,1,0.2,0.5068807339449541,0.2950942155834753,False,490.5,False,True
39,ADNP2--NSF,Pre-existing,IPR003593|IPR054419,0.12629218910447682,Myeloid,1,0.0001,0.000581578947368421,3.2353913229316995,False,490.5,False,False
1395,PRKCE--MBOAT2,Pre-existing,IPR000008|IPR002219|IPR002219,0.12594360100255275,Breast,1,0.1,0.3374045801526718,0.47184902630667236,False,492.5,False,False
1023,MBOAT2--PRKCE,Pre-existing,IPR000961,0.12594360100255275,Breast,1,0.1,0.3374045801526718,0.47184902630667236,False,492.5,False,False
1806,SYMPK--FHOD1,Pre-existing,IPR015425,0.1257140422942678,Bladder/Urinary Tract,1,0.1,0.3374045801526718,0.47184902630667236,False,494.0,False,False
1725,SPAG9--MBTD1,Pre-existing,IPR034743,0.12562122690352726,Bowel,1,0.1,0.3374045801526718,0.47184902630667236,False,495.0,False,False
1492,RAD51B--GPHN,Novel,IPR058766|IPR003593|IPR005111,0.12551443113822347,Ovary/Fallopian Tube,1,0.2,0.5068807339449541,0.2950942155834753,False,496.0,False,True
1342,PLAA--NBEA,Novel,IPR015155|IPR010508|IPR023362|IPR000409|IPR046851,0.12536797408089723,CNS/Brain,1,0.0001,0.000581578947368421,3.2353913229316995,False,497.0,False,True
196,BEND5--ZFP69B,Pre-existing,IPR001909|IPR013087|IPR013087|IPR013087|IPR013087|IPR013087|IPR013087|IPR013087|IPR013087|IPR013087,0.12492281652228085,Lung,1,0.0001,0.000581578947368421,3.2353913229316995,False,498.0,False,False
1590,RRS1--SDC2,Pre-existing,IPR003585,0.12487857682405838,Lung,1,0.3,0.6368876080691642,0.19593720110576304,False,499.0,False,False
275,CDH13--DDX19B,Pre-existing,IPR014014|IPR011545|IPR001650,0.12381898849651601,Lung,1,0.1,0.3374045801526718,0.47184902630667236,False,500.0,False,False
2206,ZNRF3--TTC28,Pre-existing,IPR024983|IPR058900,0.12353237848002824,CNS/Brain,1,0.0001,0.000581578947368421,3.2353913229316995,False,501.0,False,False
338,CLTC--VMP1,Pre-existing,IPR059828,0.12306670985574775,CNS/Brain,1,0.2,0.5068807339449541,0.2950942155834753,False,502.0,False,False
1361,POLR3D--XPO7,Pre-existing,IPR001494|IPR057947,0.12299243009810737,Biliary Tract,1,0.1,0.3374045801526718,0.47184902630667236,False,503.0,False,False
1515,RELB--NECTIN2,Pre-existing,IPR003599|IPR007110|IPR003599,0.1227393701710082,Ovary/Fallopian Tube,1,0.3,0.6368876080691642,0.19593720110576304,False,504.0,False,False
2101,WBP2--TAF12,Pre-existing,IPR003228,0.12227688620988034,Myeloid,1,0.1,0.3374045801526718,0.47184902630667236,False,505.0,False,False
1945,TPD52--ZNF704,No Annotation,,0.12203999513998755,Uterus,1,0.0001,0.000581578947368421,3.2353913229316995,False,506.0,False,False
2136,XYLB--OXSR1,Novel,IPR018484|IPR024678,0.1218191277876936,Skin,1,0.1,0.3374045801526718,0.47184902630667236,False,507.0,False,True
738,GPN1--GTF3C2,No Annotation,,0.12173303673916408,Bladder/Urinary Tract,1,0.2,0.5068807339449541,0.2950942155834753,False,508.0,False,False
795,HNRNPR--TCEA3,Novel,IPR041337|IPR000504|IPR000504|IPR001222,0.12170601988709395,Ovary/Fallopian Tube,1,0.0001,0.000581578947368421,3.2353913229316995,False,509.0,False,True
1853,TCF12--ADAMTS20,No Annotation,,0.12156286496634605,Soft Tissue,1,0.2,0.5068807339449541,0.2950942155834753,False,510.5,False,False
1854,TCF12--ADAMTS20,Pre-existing,IPR012314,0.12156286496634605,Soft Tissue,1,0.1,0.3374045801526718,0.47184902630667236,False,510.5,False,False
1483,RABGAP1L--KLHL20,Pre-existing,IPR006020|IPR022164,0.12137131341348935,Lymphoid,1,0.2,0.5068807339449541,0.2950942155834753,False,512.5,False,False
1482,RABGAP1L--KLHL20,Novel,IPR006020|IPR022164|IPR000210|IPR011705,0.12137131341348935,Lymphoid,1,0.1,0.3374045801526718,0.47184902630667236,False,512.5,False,True
1085,MROH1--PARP10,Pre-existing,IPR056282,0.12132958099361185,Bone,1,0.3,0.6368876080691642,0.19593720110576304,False,514.0,False,False
1072,MLLT10--PICALM,Pre-existing,IPR001965,0.12110808942833615,Myeloid,2,0.2,0.5068807339449541,0.2950942155834753,False,515.5,False,False
1323,PICALM--MLLT10,Novel,IPR011417|IPR001965|IPR049773,0.12110808942833615,Myeloid,2,0.2,0.5068807339449541,0.2950942155834753,False,515.5,False,True
1142,NCAPG2--ESYT2,Pre-existing,IPR031468|IPR000008|IPR000008|IPR000008,0.1209816460821504,Myeloid,1,0.0001,0.000581578947368421,3.2353913229316995,False,517.0,False,False
529,ELOA--ELOA,Novel,IPR003617|IPR001810|IPR001810,0.12053000246086576,Bone,1,0.2,0.5068807339449541,0.2950942155834753,True,518.0,False,True
544,EP300--L3MBTL2,Pre-existing,IPR000197|IPR003101,0.12048945006793095,Myeloid,1,0.0001,0.000581578947368421,3.2353913229316995,False,519.0,False,False
1672,SLC20A1--POLR1B,Pre-existing,IPR007641,0.12018900836870089,Breast,1,0.4,0.7216326530612246,0.14168382368747812,False,520.0,False,False
1903,TMEM179B--TAF6L,No Annotation,,0.11961695495487898,Lymphoid,1,0.4,0.7216326530612246,0.14168382368747812,False,521.0,False,False
1054,MFSD14B--ZNF367,Pre-existing,IPR013087|IPR013087,0.11929729523537612,Breast,1,0.2,0.5068807339449541,0.2950942155834753,False,522.0,False,False
1358,POLA2--CAPN1,Novel,IPR013627|IPR002048|IPR002048,0.11910930250854301,Breast,1,0.1,0.3374045801526718,0.47184902630667236,False,523.0,False,True
791,HMGA2--MSRB3,No Annotation,,0.11892507074194125,Head and Neck,1,0.0001,0.000581578947368421,3.2353913229316995,False,524.0,False,False
1540,RNF10--RAB35,No Annotation,,0.11746361540932204,Ovary/Fallopian Tube,1,0.1,0.3374045801526718,0.47184902630667236,False,525.0,False,False
1842,TBC1D30--COX10,No Annotation,,0.11707364337453958,Bone,1,0.1,0.3374045801526718,0.47184902630667236,False,526.0,False,False
463,DNAH6--MCEE,No Annotation,,0.1167873439314544,Esophagus/Stomach,1,0.0001,0.000581578947368421,3.2353913229316995,False,527.0,False,False
1690,SLC5A12--MUC15,No Annotation,,0.1163956508568634,Liver,1,0.0001,0.000581578947368421,3.2353913229316995,False,528.0,False,False
284,CDKAL1--MOB3B,No Annotation,,0.11633701477217248,Lung,1,0.1,0.3374045801526718,0.47184902630667236,False,529.0,False,False
1649,SF1--MACROD1,Pre-existing,IPR002589,0.11618659322630331,Bowel,1,0.1,0.3374045801526718,0.47184902630667236,False,530.0,False,False
1784,STK3--PTPRM,Pre-existing,IPR000719,0.1160113335933238,Peripheral Nervous System,1,0.1,0.3374045801526718,0.47184902630667236,False,531.0,False,False
18,ACBD6--RABGAP1L,Pre-existing,IPR000582,0.11510555337390047,Lung,1,0.1,0.3374045801526718,0.47184902630667236,False,532.0,False,False
785,HIRA--MTMR3,Pre-existing,IPR055410,0.1150712531063444,Lymphoid,1,0.2,0.5068807339449541,0.2950942155834753,False,533.5,False,False
1112,MTMR3--HIRA,Novel,IPR035888|IPR046352|IPR003595|IPR011494,0.1150712531063444,Lymphoid,1,0.2,0.5068807339449541,0.2950942155834753,False,533.5,False,True
248,CCDC12--IQSEC1,Pre-existing,IPR000904|IPR001849,0.1149030573534193,Ovary/Fallopian Tube,1,0.1,0.3374045801526718,0.47184902630667236,False,535.0,False,False
1,AARS1--MTSS2,Pre-existing,IPR003124,0.11489395831049187,Cervix,1,0.1,0.3374045801526718,0.47184902630667236,False,536.0,False,False
973,LRPPRC--B4GALT6,Novel,IPR033443|IPR027995|IPR027791,0.11464126676027979,Bowel,1,0.1,0.3374045801526718,0.47184902630667236,False,537.0,False,True
385,CPSF3--ASAP2,Novel,IPR001279|IPR001452,0.1145543276973248,Lung,1,0.2,0.5068807339449541,0.2950942155834753,False,538.0,False,True
341,CLTC--YPEL2,No Annotation,,0.11450518178933235,Lung,1,0.0001,0.000581578947368421,3.2353913229316995,False,539.0,False,False
1285,PDE3A--CMAS,No Annotation,,0.11445638732657763,Cervix,1,0.1,0.3374045801526718,0.47184902630667236,False,540.0,False,False
1941,TP53I13--DHX8,Pre-existing,IPR007502|IPR011709,0.11400212542698344,Lymphoid,1,0.2,0.5068807339449541,0.2950942155834753,False,541.0,False,False
41,AFAP1--NAA15,No Annotation,,0.11375154780058022,Kidney,1,0.0001,0.000581578947368421,3.2353913229316995,False,542.0,False,False
1392,PRG4--HMCN1,Pre-existing,IPR003598|IPR006605|IPR000742|IPR000742|IPR000742|IPR000742|IPR000742|IPR000742|IPR000742|IPR000742,0.11367563359532408,Breast,1,0.1,0.3374045801526718,0.47184902630667236,False,543.5,False,False
1393,PRG4--HMCN1,Pre-existing,IPR006605|IPR000742|IPR000742|IPR000742|IPR000742|IPR000742|IPR000742|IPR000742|IPR000742,0.11367563359532408,Breast,1,0.1,0.3374045801526718,0.47184902630667236,False,543.5,False,False
1916,TMEM38B--GDAP1,Pre-existing,IPR010987,0.11354598282614035,Esophagus/Stomach,1,0.0001,0.000581578947368421,3.2353913229316995,False,545.0,False,False
1769,ST3GAL4--STT3A,No Annotation,,0.11259234192575301,CNS/Brain,1,0.3,0.6368876080691642,0.19593720110576304,False,546.0,False,False
527,EIF3L--GCAT,No Annotation,,0.11207855672074966,Skin,1,0.2,0.5068807339449541,0.2950942155834753,False,547.0,False,False
247,CBL--FOXR1,Pre-existing,IPR001766,0.11202635585540088,Esophagus/Stomach,1,0.0001,0.000581578947368421,3.2353913229316995,False,548.0,False,False
2176,ZNF454--KCNIP1,No Annotation,,0.11193933020083759,Soft Tissue,1,0.2,0.5068807339449541,0.2950942155834753,False,549.0,False,False
1284,PDCD6--TERT,Pre-existing,IPR000477|IPR049139,0.11180593109268314,Soft Tissue,1,0.3,0.6368876080691642,0.19593720110576304,False,550.0,False,False
321,CLEC16A--RBFOX1,Novel,IPR019155|IPR000504|IPR025670,0.11177751122428334,Breast,1,0.2,0.5068807339449541,0.2950942155834753,False,551.0,False,True
364,COL4A3--FBXO36,Pre-existing,IPR001810,0.11175891823995479,Lymphoid,1,0.2,0.5068807339449541,0.2950942155834753,False,552.0,False,False
1144,NCKAP5--ZRANB3,Pre-existing,IPR001650|IPR001876|IPR002711,0.11170033387008721,Breast,1,0.1,0.3374045801526718,0.47184902630667236,False,553.0,False,False
1863,TCP11L1--QSER1,Pre-existing,IPR025451,0.11158863926835214,Myeloid,1,0.4,0.7216326530612246,0.14168382368747812,False,554.0,False,False
2006,UBA2--GPI,Novel,IPR000594|IPR035482,0.11148285655358176,Liver,1,0.0001,0.000581578947368421,3.2353913229316995,False,555.0,False,True
1240,NUP98--STIM1,Novel,IPR007230|IPR001660|IPR032393,0.1113557466221911,Bladder/Urinary Tract,1,0.2,0.5068807339449541,0.2950942155834753,False,556.0,False,True
1878,THAP12--ARRB1,Pre-existing,IPR011021|IPR011022,0.11118305710430612,Breast,1,0.0001,0.000581578947368421,3.2353913229316995,False,557.0,False,False
2113,WNK1--ELOA,Pre-existing,IPR001810,0.111085381748537,Ovary/Fallopian Tube,1,0.1,0.3374045801526718,0.47184902630667236,False,558.0,False,False
1832,TAOK1--CCDC144A,Pre-existing,IPR000719,0.1108796199358999,CNS/Brain,1,0.0001,0.000581578947368421,3.2353913229316995,False,559.0,False,False
726,GOLGB1--MOV10L1,Pre-existing,IPR003106|IPR003106|IPR003106|IPR003106,0.11063029535170245,Lung,1,0.0001,0.000581578947368421,3.2353913229316995,False,560.0,False,False
1135,NBAS--CYRIA,No Annotation,,0.11060797272023189,Peripheral Nervous System,1,0.0001,0.000581578947368421,3.2353913229316995,False,561.0,False,False
1783,STK3--OSR2,Novel,IPR000719|IPR013087|IPR013087|IPR013087|IPR013087|IPR013087,0.10977358969482984,Head and Neck,1,0.1,0.3374045801526718,0.47184902630667236,False,562.0,False,True
429,DCUN1D1--UTP6,No Annotation,,0.10950706768419245,Peripheral Nervous System,1,0.2,0.5068807339449541,0.2950942155834753,False,563.0,False,False
3,ABCB10--PCNX2,Pre-existing,IPR007735,0.1094286279970501,Soft Tissue,1,0.1,0.3374045801526718,0.47184902630667236,False,564.0,False,False
459,DMTN--NPM2,No Annotation,,0.10942059108291173,Bowel,1,0.1,0.3374045801526718,0.47184902630667236,False,565.0,False,False
2018,UBE2R2--CEP290,No Annotation,,0.10928647140427931,Soft Tissue,1,0.0001,0.000581578947368421,3.2353913229316995,False,566.0,False,False
523,EIF2B1--AACS,No Annotation,,0.10911230913420716,Skin,1,0.4,0.7216326530612246,0.14168382368747812,False,567.0,False,False
894,KIF20B--GBE1,Novel,IPR001752|IPR006047|IPR006048,0.10897896727512517,Lymphoid,1,0.4,0.7216326530612246,0.14168382368747812,False,568.5,False,True
693,GBE1--KIF20B,No Annotation,,0.10897896727512517,Lymphoid,1,0.3,0.6368876080691642,0.19593720110576304,False,568.5,False,False
1362,POLR3H--C10orf105,Pre-existing,IPR005576,0.10894976563978476,Ovary/Fallopian Tube,1,0.2,0.5068807339449541,0.2950942155834753,False,570.0,False,False
1539,RNASEH2A--RTBDN,Pre-existing,IPR018143,0.10889100083040518,Bladder/Urinary Tract,1,0.1,0.3374045801526718,0.47184902630667236,False,571.0,False,False
225,CAB39--TP53,Pre-existing,IPR013872|IPR040926|IPR011615|IPR010991,0.10863025544135263,Bone,1,0.3,0.6368876080691642,0.19593720110576304,False,572.0,False,False
426,DCLK2--EDNRA,Pre-existing,IPR003533,0.10852753281156002,Bone,1,0.3,0.6368876080691642,0.19593720110576304,False,573.0,False,False
1776,STAG1--ZFYVE1,Novel,IPR013721|IPR000306|IPR000306,0.10835122402747745,Esophagus/Stomach,1,0.1,0.3374045801526718,0.47184902630667236,False,574.0,False,True
863,JAKMIP2--DPYSL3,No Annotation,,0.1083152729261927,Lymphoid,1,0.4,0.7216326530612246,0.14168382368747812,False,575.0,False,False
522,EIF2AK3--PRKD3,Pre-existing,IPR002219|IPR002219|IPR001849|IPR000719,0.10806897423311558,Breast,1,0.1,0.3374045801526718,0.47184902630667236,False,576.0,False,False
117,ARHGEF3--RRP9,No Annotation,,0.10790042370280219,CNS/Brain,1,0.0001,0.000581578947368421,3.2353913229316995,False,577.0,False,False
1865,TEAD1--ABCC8,Novel,IPR000818|IPR011527|IPR003439|IPR011527|IPR003439,0.10746765175499493,CNS/Brain,1,0.2,0.5068807339449541,0.2950942155834753,False,578.5,False,True
1864,TEAD1--ABCC8,Novel,IPR000818|IPR003439|IPR011527|IPR003439,0.10746765175499493,CNS/Brain,1,0.3,0.6368876080691642,0.19593720110576304,False,578.5,False,True
1920,TMEM94--ARMC7,No Annotation,,0.10706716518631115,Esophagus/Stomach,1,0.3,0.6368876080691642,0.19593720110576304,False,580.0,False,False
187,BBX--TRAT1,Pre-existing,IPR009071|IPR019102,0.1067519631433685,Bladder/Urinary Tract,1,0.1,0.3374045801526718,0.47184902630667236,False,581.0,False,False
802,HSDL2--CFDP1,Pre-existing,IPR011421,0.10667287565152499,Skin,1,0.0001,0.000581578947368421,3.2353913229316995,False,582.0,False,False
1687,SLC4A4--RASGRF1,Novel,IPR013769|IPR011531|IPR000651|IPR000651|IPR001895,0.1060746189629765,Pancreas,1,0.2,0.5068807339449541,0.2950942155834753,False,583.0,False,True
506,EED--POLD3,No Annotation,,0.1056257083638282,Breast,1,0.2,0.5068807339449541,0.2950942155834753,False,584.0,False,False
1912,TMEM259--SBNO2,Pre-existing,IPR026937|IPR057332,0.10552430454728068,Bowel,1,0.0001,0.000581578947368421,3.2353913229316995,False,585.0,False,False
2163,ZMYND8--SULF2,Novel,IPR001965|IPR001487|IPR024609,0.10550216738374955,Esophagus/Stomach,1,0.0001,0.000581578947368421,3.2353913229316995,False,586.0,False,True
443,DEPDC1B--PDE4D,Novel,IPR000591|IPR040844|IPR002073,0.10550053740268985,Ovary/Fallopian Tube,1,0.2,0.5068807339449541,0.2950942155834753,False,587.0,False,True
1443,PTPN21--CEP128,No Annotation,,0.10546697051023082,CNS/Brain,1,0.2,0.5068807339449541,0.2950942155834753,False,588.0,False,False
2109,WFDC2--SCNN1G,Pre-existing,IPR008197,0.1052171008663593,Lung,1,0.1,0.3374045801526718,0.47184902630667236,False,589.0,False,False
167,ATRX--VSIG4,Novel,IPR025766|IPR003599|IPR003598,0.10449855960578978,Cervix,1,0.1,0.3374045801526718,0.47184902630667236,False,590.0,False,True
1016,MATN2--ERICH5,Pre-existing,IPR002035|IPR000742|IPR000742|IPR000742,0.10427973074085434,Lung,1,0.1,0.3374045801526718,0.47184902630667236,False,591.0,False,False
428,DCTN2--CNTN1,Pre-existing,IPR003961|IPR003961|IPR003961,0.10403139510068633,Soft Tissue,1,0.2,0.5068807339449541,0.2950942155834753,False,592.0,False,False
1287,PDE4D--ARL15,No Annotation,,0.10329630505339643,Peripheral Nervous System,1,0.3,0.6368876080691642,0.19593720110576304,False,593.0,False,False
2067,VASH2--PACC1,No Annotation,,0.10280822261832173,Eye,1,0.2,0.5068807339449541,0.2950942155834753,False,594.0,False,False
1350,PLXNA1--CHCHD6,Pre-existing,IPR001627|IPR016201|IPR041019|IPR016201,0.10244342885160601,Bladder/Urinary Tract,1,0.1,0.3374045801526718,0.47184902630667236,False,595.0,False,False
1257,PABPN1--CHD8,Pre-existing,IPR000953|IPR000953|IPR000330|IPR001650|IPR056342|IPR006576|IPR006576,0.10218355568480203,Lung,1,0.2,0.5068807339449541,0.2950942155834753,False,596.0,False,False
686,GART--CRYZL1,Pre-existing,IPR020562|IPR011761|IPR020560|IPR016188,0.10207685926840684,Breast,1,0.0001,0.000581578947368421,3.2353913229316995,False,597.0,False,False
381,CPNE8--DCTN2,No Annotation,,0.10196136015559479,Skin,1,0.3,0.6368876080691642,0.19593720110576304,False,598.0,False,False
1190,NIPA1--RAD51,Pre-existing,IPR003593|IPR020587,0.10177997201844188,Skin,1,0.1,0.3374045801526718,0.47184902630667236,False,599.0,False,False
1686,SLC49A3--ARL15,No Annotation,,0.10173879373894221,Breast,1,0.3,0.6368876080691642,0.19593720110576304,False,600.0,False,False
705,GIPC1--TECR,Pre-existing,IPR049127|IPR001104,0.10158953232770393,Skin,1,0.2,0.5068807339449541,0.2950942155834753,False,601.0,False,False
1867,TEDC2--MLST8,No Annotation,,0.1014741918164919,Skin,1,0.2,0.5068807339449541,0.2950942155834753,False,602.0,False,False
301,CHD2--AGBL1,Pre-existing,IPR040626|IPR000834,0.10135469612434594,Lung,1,0.1,0.3374045801526718,0.47184902630667236,False,603.0,False,False
1226,NTM--JAM3,Pre-existing,IPR003598|IPR003598,0.10125021283915461,Soft Tissue,1,0.2,0.5068807339449541,0.2950942155834753,False,604.0,False,False
218,C22orf39--UFD1,No Annotation,,0.10118489121878872,Uterus,1,0.2,0.5068807339449541,0.2950942155834753,False,605.0,False,False
1517,RELN--RELN,Novel,IPR002861|IPR000742|IPR000742|IPR000742|IPR000742|IPR000742|IPR000742|IPR000742|IPR000742|IPR000742|IPR000742|IPR000742,0.10114000126376095,Liver,1,0.1,0.3374045801526718,0.47184902630667236,True,606.0,False,True
809,IFT81--TCHP,Pre-existing,IPR041146,0.10084714858725645,Skin,1,0.1,0.3374045801526718,0.47184902630667236,False,607.0,False,False
203,BPTF--NUP214,Novel,IPR018501|IPR001965|IPR028941|IPR041553,0.10082224498258902,Bladder/Urinary Tract,1,0.1,0.3374045801526718,0.47184902630667236,False,608.0,False,True
780,HEXD--OGFOD3,Pre-existing,IPR005123,0.10072401225928675,Esophagus/Stomach,1,0.1,0.3374045801526718,0.47184902630667236,False,609.0,False,False
563,ETFA--SCAPER,Novel,IPR014730|IPR003604,0.10064613408927914,Lung,1,0.0001,0.000581578947368421,3.2353913229316995,False,610.0,False,True
158,ATP2A2--IFT81,Pre-existing,IPR004014,0.10051300335087052,Cervix,1,0.3,0.6368876080691642,0.19593720110576304,False,611.0,False,False
2035,UCK2--SELL,Pre-existing,IPR001304|IPR000742|IPR000436|IPR000436,0.10037604215508204,Esophagus/Stomach,1,0.1,0.3374045801526718,0.47184902630667236,False,612.0,False,False
597,FAM222B--SEZ6,Pre-existing,IPR000436|IPR000859|IPR000436|IPR000859|IPR000436|IPR000436|IPR000436,0.10037600684013256,Myeloid,1,0.2,0.5068807339449541,0.2950942155834753,False,613.0,False,False
267,CDC25A--SPINK8,Pre-existing,IPR002350,0.09983956847210344,Peripheral Nervous System,1,0.3,0.6368876080691642,0.19593720110576304,False,614.0,False,False
826,IMMT--REEP1,No Annotation,,0.09969242838788019,Soft Tissue,1,0.2,0.5068807339449541,0.2950942155834753,False,615.0,False,False
1968,TRIP12--TRIP12,Novel,IPR057948|IPR057948|IPR004170|IPR000569,0.09940166797620548,Lung,1,0.3,0.6368876080691642,0.19593720110576304,True,616.0,False,True
265,CD9--VWF,Pre-existing,IPR001846|IPR014853|IPR002919|IPR001007|IPR001846|IPR014853|IPR002919|IPR001007|IPR001846|IPR014853|IPR058753|IPR032361|IPR002035|IPR002035|IPR002035|IPR001846|IPR014853|IPR001007|IPR001007|IPR001007|IPR006207,0.09928824607719973,Uterus,1,0.3,0.6368876080691642,0.19593720110576304,False,617.0,False,False
1999,TYRO3--RTF1,Novel,IPR003598|IPR004343,0.09928129035775271,Breast,1,0.3,0.6368876080691642,0.19593720110576304,False,618.0,False,True
1134,NBAS--ATP23,No Annotation,,0.09885407924559636,Peripheral Nervous System,1,0.2,0.5068807339449541,0.2950942155834753,False,619.0,False,False
2183,ZNF587B--KCNJ6,Pre-existing,IPR040445|IPR041647,0.09867449751338726,Peripheral Nervous System,1,0.1,0.3374045801526718,0.47184902630667236,False,620.0,False,False
1343,PLAUR--LYPD5,Pre-existing,IPR016054|IPR016054|IPR016054,0.09862555525653452,Bowel,1,0.1,0.3374045801526718,0.47184902630667236,False,621.0,False,False
1774,ST7--PRKAG2,Pre-existing,IPR000644|IPR000644|IPR000644|IPR000644,0.09844911782386893,Breast,1,0.2,0.5068807339449541,0.2950942155834753,False,622.0,False,False
1501,RARA--ZPBP2,Pre-existing,IPR048805,0.09816435129372036,Esophagus/Stomach,1,0.1,0.3374045801526718,0.47184902630667236,False,623.0,False,False
1654,SH2B3--NECTIN2,Novel,IPR015012|IPR001849|IPR000980|IPR003599|IPR007110|IPR003599,0.09790294381613443,Skin,1,0.2,0.5068807339449541,0.2950942155834753,False,624.0,False,True
654,FLNB--SLMAP,Pre-existing,IPR001715|IPR001715,0.09771973455174571,Peripheral Nervous System,1,0.4,0.7216326530612246,0.14168382368747812,False,625.0,False,False
2058,UVRAG--DYNC2H1,No Annotation,,0.09750209548315558,Esophagus/Stomach,1,0.2,0.5068807339449541,0.2950942155834753,False,626.5,False,False
2059,UVRAG--DYNC2H1,Pre-existing,IPR041228,0.09750209548315558,Esophagus/Stomach,1,0.1,0.3374045801526718,0.47184902630667236,False,626.5,False,False
290,CENPU--ENPP6,No Annotation,,0.0972220720632492,CNS/Brain,2,0.0001,0.000581578947368421,3.2353913229316995,False,628.0,False,False
135,ARMC9--PSMD1,Pre-existing,IPR040623,0.09715677082380952,Skin,1,0.1,0.3374045801526718,0.47184902630667236,False,629.0,False,False
296,CEP72--PDCD6,Novel,IPR003603|IPR002048|IPR002048,0.09711617581870499,Head and Neck,1,0.2,0.5068807339449541,0.2950942155834753,False,630.0,False,True
399,CRTC1--TMEM59L,No Annotation,,0.09694695599384873,Lung,1,0.4,0.7216326530612246,0.14168382368747812,False,631.0,False,False
2040,URB2--GALNT2,Pre-existing,IPR001173|IPR000772,0.09678400569137632,Pleura,1,0.0001,0.000581578947368421,3.2353913229316995,False,632.0,False,False
1861,TCF7L1--ELMOD3,No Annotation,,0.09654532645195735,Uterus,1,0.2,0.5068807339449541,0.2950942155834753,False,633.0,False,False
1934,TOM1L2--NECAB2,Novel,IPR002014|IPR007138,0.09642139775832101,Lymphoid,1,0.3,0.6368876080691642,0.19593720110576304,False,634.0,False,True
280,CDK17--LYZ,Pre-existing,IPR019799,0.0963285264356224,Soft Tissue,1,0.1,0.3374045801526718,0.47184902630667236,False,635.0,False,False
1497,RANBP2--CCDC138,No Annotation,,0.09601667488916008,Breast,1,0.1,0.3374045801526718,0.47184902630667236,False,636.0,False,False
1866,TECPR2--PPP2R5C,No Annotation,,0.09578839669443062,Ovary/Fallopian Tube,1,0.1,0.3374045801526718,0.47184902630667236,False,637.0,False,False
701,GGA3--NUP85,No Annotation,,0.09553162263771608,Bowel,1,0.1,0.3374045801526718,0.47184902630667236,False,638.0,False,False
1964,TRHDE--SRGAP1,Novel,IPR045357|IPR000198|IPR001452,0.09486787774034422,Soft Tissue,1,0.0001,0.000581578947368421,3.2353913229316995,False,639.0,False,True
2193,ZNF680--XPA,Pre-existing,IPR001909,0.09481390747625598,Soft Tissue,1,0.2,0.5068807339449541,0.2950942155834753,False,640.0,False,False
160,ATP2A2--IFT81,Pre-existing,IPR004014|IPR059000|IPR044492,0.09474287377865223,CNS/Brain,1,0.0001,0.000581578947368421,3.2353913229316995,False,641.0,False,False
1033,ME3--TYR,No Annotation,,0.09438737231846095,Liver,1,0.2,0.5068807339449541,0.2950942155834753,False,642.0,False,False
2110,WIPI1--SLC16A5,No Annotation,,0.09396598046252613,Skin,1,0.1,0.3374045801526718,0.47184902630667236,False,643.0,False,False
1789,STRN--SULT1C2,No Annotation,,0.09370800081453316,Breast,1,0.1,0.3374045801526718,0.47184902630667236,False,644.0,False,False
256,CCDC91--PPFIBP1,Pre-existing,IPR001660|IPR001660|IPR001660,0.09359796054397991,Lung,1,0.1,0.3374045801526718,0.47184902630667236,False,645.0,False,False
886,KIAA0319L--LEFTY1,Pre-existing,IPR001111|IPR001839,0.09350914400693543,CNS/Brain,1,0.3,0.6368876080691642,0.19593720110576304,False,646.0,False,False
1415,PSD3--RBPMS,Pre-existing,IPR000504,0.09319082712294968,CNS/Brain,1,0.1,0.3374045801526718,0.47184902630667236,False,647.0,False,False
1513,RCOR1--MPV17L2,No Annotation,,0.0931483607389424,Biliary Tract,1,0.2,0.5068807339449541,0.2950942155834753,False,648.0,False,False
1389,PRDX3--LRRC27,No Annotation,,0.09313128730482005,Pancreas,1,0.1,0.3374045801526718,0.47184902630667236,False,649.0,False,False
622,FGD4--DNM1L,Novel,IPR000219|IPR001849|IPR000306|IPR001849|IPR000375|IPR003130,0.09303084772821402,Ovary/Fallopian Tube,1,0.1,0.3374045801526718,0.47184902630667236,False,650.0,False,True
713,GMCL1--ANXA4,Pre-existing,IPR000210|IPR011705,0.09293455682264126,Esophagus/Stomach,1,0.1,0.3374045801526718,0.47184902630667236,False,651.0,False,False
503,EDC3--CYP1A1,No Annotation,,0.09241531669842817,CNS/Brain,1,0.1,0.3374045801526718,0.47184902630667236,False,652.0,False,False
834,IP6K1--PEDS1,No Annotation,,0.09240951386391591,Cervix,1,0.1,0.3374045801526718,0.47184902630667236,False,653.0,False,False
1288,PDE4D--C5orf47,No Annotation,,0.09176643821347528,Prostate,1,0.3,0.6368876080691642,0.19593720110576304,False,654.0,False,False
508,EEF1B2--NRP2,Novel,IPR018940|IPR000421|IPR000998|IPR022579,0.09127143662008388,Soft Tissue,1,0.1,0.3374045801526718,0.47184902630667236,False,655.0,False,True
683,GALNT8--PRMT8,Novel,IPR001173|IPR055135,0.09080596814129885,Lung,1,0.0001,0.000581578947368421,3.2353913229316995,False,656.0,False,True
176,BABAM2--DPYSL5,Pre-existing,IPR006680,0.09080484465594817,Breast,1,0.0001,0.000581578947368421,3.2353913229316995,False,657.0,False,False
471,DNM3--FAM174B,No Annotation,,0.09069961564835377,Soft Tissue,2,0.0001,0.000581578947368421,3.2353913229316995,False,658.0,False,False
437,DENND4A--SYCP2,Pre-existing,IPR023341|IPR005113|IPR001194|IPR005112,0.09050255140882882,Skin,1,0.1,0.3374045801526718,0.47184902630667236,False,659.0,False,False
4,ABCB6--PLCD4,Pre-existing,IPR001849|IPR002048|IPR002048|IPR002048|IPR000909|IPR001711|IPR000008,0.08980671932188228,Bone,1,0.1,0.3374045801526718,0.47184902630667236,False,660.0,False,False
2165,ZNF124--RABGAP1L,No Annotation,,0.08977168260341725,Lung,1,0.2,0.5068807339449541,0.2950942155834753,False,661.0,False,False
1396,PRKCE--SNX17,Novel,IPR000008|IPR000159|IPR048767|IPR037836,0.08955575371692309,Pancreas,1,0.0001,0.000581578947368421,3.2353913229316995,False,662.0,False,True
1088,MRPL3--CPNE4,Pre-existing,IPR002035,0.08934717488407366,Esophagus/Stomach,1,0.1,0.3374045801526718,0.47184902630667236,False,663.0,False,False
1058,MIB1--DSG1,Novel,IPR010606|IPR000433|IPR010606|IPR000233,0.08924675500381009,Lung,1,0.2,0.5068807339449541,0.2950942155834753,False,664.0,False,True
507,EED--PPFIA1,Pre-existing,IPR057892|IPR001660|IPR001660|IPR001660,0.08914752592053338,Bone,1,0.1,0.3374045801526718,0.47184902630667236,False,665.0,False,False
1553,RNF215--SYN3,No Annotation,,0.08910004253969803,Bone,1,0.1,0.3374045801526718,0.47184902630667236,False,666.0,False,False
928,LAMC1--DHX9,Pre-existing,IPR011709,0.08883297229034416,Uterus,1,0.2,0.5068807339449541,0.2950942155834753,False,667.0,False,False
490,DYNC1LI1--PXK,Pre-existing,IPR003124,0.08880837539362924,Skin,1,0.1,0.3374045801526718,0.47184902630667236,False,668.0,False,False
58,AKAP10--POM121C,No Annotation,,0.08846908581170182,CNS/Brain,1,0.1,0.3374045801526718,0.47184902630667236,False,669.0,False,False
417,CWC25--FBXO47,Novel,IPR019339|IPR056622,0.08844964211596053,Bowel,1,0.2,0.5068807339449541,0.2950942155834753,False,670.0,False,True
1834,TASP1--PLCB1,Pre-existing,IPR028400|IPR000909|IPR001711|IPR000008|IPR014815,0.08838479952617827,CNS/Brain,1,0.4,0.7216326530612246,0.14168382368747812,False,671.0,False,False
731,GORAB--OBI1,No Annotation,,0.08816871957691087,Breast,1,0.2,0.5068807339449541,0.2950942155834753,False,672.0,False,False
472,DNM3--MPZ,Pre-existing,IPR003599|IPR019566,0.08779726958490693,Soft Tissue,1,0.3,0.6368876080691642,0.19593720110576304,False,673.0,False,False
1942,TP73--PACSIN2,Pre-existing,IPR001060|IPR037453|IPR001452,0.08779136791372137,Lung,1,0.1,0.3374045801526718,0.47184902630667236,False,674.0,False,False
2187,ZNF627--ZNF441,Pre-existing,IPR001909|IPR013087|IPR013087|IPR013087|IPR013087|IPR013087|IPR013087|IPR013087|IPR013087|IPR013087|IPR013087|IPR013087|IPR013087|IPR013087|IPR013087|IPR013087|IPR013087|IPR013087|IPR013087|IPR013087|IPR013087,0.08730970316977057,Breast,1,0.1,0.3374045801526718,0.47184902630667236,False,675.0,False,False
1507,RBM14--BBS1,Novel,IPR000504|IPR056419,0.08717021302677416,CNS/Brain,1,0.1,0.3374045801526718,0.47184902630667236,False,676.0,False,True
655,FLOT2--SEZ6,Pre-existing,IPR000859|IPR000436|IPR000859|IPR000436|IPR000436|IPR000436,0.08705549121980641,Lung,1,0.1,0.3374045801526718,0.47184902630667236,False,677.0,False,False
663,FNBP4--NUP160,Novel,IPR001202|IPR056547|IPR056535|IPR056536,0.08646319764197252,Esophagus/Stomach,1,0.1,0.3374045801526718,0.47184902630667236,False,678.0,False,True
2013,UBE2E1--COL24A1,Pre-existing,IPR000885,0.08613602686820039,Breast,1,0.5,0.7926829268292683,0.1009004957408611,False,679.0,False,False
1588,RRP1B--TRAPPC10,Pre-existing,IPR056917|IPR022233,0.0858656226874747,Lymphoid,1,0.3,0.6368876080691642,0.19593720110576304,False,680.0,False,False
2,ABCA2--SHB,Pre-existing,IPR000980,0.08564694134610268,Head and Neck,1,0.2,0.5068807339449541,0.2950942155834753,False,681.0,False,False
631,FGFR2--COL14A1,Pre-existing,IPR003598|IPR003598|IPR003598|IPR000719,0.08535021349046043,Myeloid,1,0.2,0.5068807339449541,0.2950942155834753,False,682.0,False,False
804,ICAM5--ANO8,Novel,IPR003987|IPR003987|IPR003599|IPR048679|IPR003599|IPR049452|IPR049452,0.085170896311102,Lung,2,0.4,0.7216326530612246,0.14168382368747812,False,683.0,False,True
138,ARMH3--NAA25,No Annotation,,0.08500585951115648,Skin,1,0.2,0.5068807339449541,0.2950942155834753,False,684.0,False,False
876,KCNQ5--MAP3K11,Pre-existing,IPR005821,0.08495592044494939,Peripheral Nervous System,1,0.1,0.3374045801526718,0.47184902630667236,False,685.0,False,False
862,JAK2--UHRF2,Novel,IPR000299|IPR000980|IPR000719|IPR001841|IPR003105|IPR001841,0.08447138757322807,Breast,1,0.2,0.5068807339449541,0.2950942155834753,False,686.0,False,True
1175,NFIA--EHF,Novel,IPR019548|IPR003619|IPR000418,0.08444703589500481,Breast,1,0.4,0.7216326530612246,0.14168382368747812,False,687.0,False,True
504,EDEM2--DNAH14,Pre-existing,IPR041228,0.0841597602970176,Esophagus/Stomach,1,0.1,0.3374045801526718,0.47184902630667236,False,688.0,False,False
2062,UVRAG--PELI3,Novel,IPR000008|IPR048334|IPR048335,0.08365183124184873,Esophagus/Stomach,1,0.0001,0.000581578947368421,3.2353913229316995,False,689.0,False,True
824,IMMP2L--DOCK4,Pre-existing,IPR027357,0.08358787249636174,Myeloid,1,0.1,0.3374045801526718,0.47184902630667236,False,690.0,False,False
1888,TKT--CFAP20DC,No Annotation,,0.0833590447185478,Ovary/Fallopian Tube,1,0.2,0.5068807339449541,0.2950942155834753,False,691.0,False,False
2184,ZNF609--ANKDD1A,Pre-existing,IPR000488,0.0833585335278674,CNS/Brain,1,0.2,0.5068807339449541,0.2950942155834753,False,692.0,False,False
1218,NSF--SAMD12,Pre-existing,IPR003338|IPR004201,0.0833558787264616,Pancreas,1,0.0001,0.000581578947368421,3.2353913229316995,False,693.0,False,False
326,CLIP2--EIF4H,No Annotation,,0.08283491806400055,CNS/Brain,1,0.2,0.5068807339449541,0.2950942155834753,False,694.0,False,False
1179,NFIX--GCDH,Novel,IPR019548|IPR003619|IPR006091|IPR009075,0.08236483658808214,Ovary/Fallopian Tube,1,0.1,0.3374045801526718,0.47184902630667236,False,695.0,False,True
2154,ZDHHC5--CTNND2,No Annotation,,0.08216374413486077,Peripheral Nervous System,1,0.3,0.6368876080691642,0.19593720110576304,False,696.0,False,False
1702,SMARCC1--MAP4,No Annotation,,0.0820872629645558,Lung,1,0.1,0.3374045801526718,0.47184902630667236,False,697.0,False,False
1210,NRDE2--CALM1,Pre-existing,IPR002048|IPR002048,0.08207314716670253,Lung,1,0.3,0.6368876080691642,0.19593720110576304,False,698.0,False,False
2159,ZFYVE9--USP33,Pre-existing,IPR006615,0.08203309668135181,Breast,1,0.2,0.5068807339449541,0.2950942155834753,False,699.0,False,False
2001,TYW3--ATP13A5,Pre-existing,IPR059000|IPR044492,0.08202772947298431,Bone,1,0.2,0.5068807339449541,0.2950942155834753,False,700.0,False,False
2146,YY1--SLC25A47,No Annotation,,0.0819895638173013,Uterus,1,0.3,0.6368876080691642,0.19593720110576304,False,701.0,False,False
1086,MROH1--PLEC,Novel,IPR056282|IPR005326|IPR001715|IPR001715|IPR001452|IPR041573,0.08195680262945637,Bone,1,0.1,0.3374045801526718,0.47184902630667236,False,702.0,False,True
1579,RPS6KB1--VMP1,Pre-existing,IPR059828,0.08188963001460396,Breast,3,0.3,0.6368876080691642,0.19593720110576304,False,703.0,False,False
1990,TTLL5--IFT43,No Annotation,,0.08108900743416698,Bone,1,0.2,0.5068807339449541,0.2950942155834753,False,704.0,False,False
1503,RASAL2--RALGPS2,Pre-existing,IPR001849|IPR001849,0.08089091601741363,Lung,1,0.2,0.5068807339449541,0.2950942155834753,False,705.0,False,False
356,CNPY3--BICRAL,Pre-existing,IPR015671,0.08059056596972194,Lung,1,0.1,0.3374045801526718,0.47184902630667236,False,706.0,False,False
351,CNOT2--AGAP2,Pre-existing,IPR001849|IPR001164,0.08034075915801411,Soft Tissue,1,0.2,0.5068807339449541,0.2950942155834753,False,707.0,False,False
2021,UBE2V1--PABPC1L,Pre-existing,IPR002004,0.08010898705336314,Lymphoid,1,0.3,0.6368876080691642,0.19593720110576304,False,708.0,False,False
297,CERT1--NREP,No Annotation,,0.07999900130892078,Bone,1,0.1,0.3374045801526718,0.47184902630667236,False,709.0,False,False
1896,TMEM117--JADE1,Pre-existing,IPR019542|IPR001965|IPR001965,0.0797399960121967,Skin,1,0.1,0.3374045801526718,0.47184902630667236,False,710.0,False,False
314,CHRNB1--TXNDC17,Pre-existing,IPR006202,0.07964930431744395,Lung,1,0.2,0.5068807339449541,0.2950942155834753,False,711.0,False,False
1078,MN1--PATZ1,Pre-existing,IPR013087|IPR013087|IPR013087|IPR013087|IPR013087|IPR013087|IPR013087|IPR013087,0.07929337448729988,CNS/Brain,1,0.0001,0.000581578947368421,3.2353913229316995,False,712.0,False,False
831,INTS3--IL6R,No Annotation,,0.07923497504484797,Bone,1,0.4,0.7216326530612246,0.14168382368747812,False,713.0,False,False
721,GNAQ--VDR,Pre-existing,IPR001628|IPR000536,0.07885947337362724,Esophagus/Stomach,1,0.0001,0.000581578947368421,3.2353913229316995,False,714.0,False,False
734,GPC6--GCHFR,No Annotation,,0.07864029547013907,Skin,3,0.1,0.3374045801526718,0.47184902630667236,False,715.0,False,False
579,EXOSC1--RRP12,Novel,IPR025721|IPR012978,0.07863828701853767,Myeloid,1,0.3,0.6368876080691642,0.19593720110576304,False,716.0,False,True
1431,PTEN--PRDX3,Pre-existing,IPR019479,0.07817868190110186,Breast,1,0.0001,0.000581578947368421,3.2353913229316995,False,717.0,False,False
49,AGAP3--BRAF,Pre-existing,IPR000719,0.07799445105147501,Skin,1,0.2,0.5068807339449541,0.2950942155834753,False,718.0,False,False
1900,TMEM135--DLG2,Novel,IPR031926|IPR001478|IPR019583|IPR001478|IPR001452|IPR008144,0.07769043097195792,Lung,1,0.3,0.6368876080691642,0.19593720110576304,False,719.0,False,True
1589,RRP8--GMDS,No Annotation,,0.0776295066193316,Breast,1,0.2,0.5068807339449541,0.2950942155834753,False,720.0,False,False
1890,TMA16--NPY5R,Pre-existing,IPR017452,0.0775597932582746,Head and Neck,1,0.0001,0.000581578947368421,3.2353913229316995,False,721.0,False,False
1909,TMEM245--PRXL2C,No Annotation,,0.07751843937781627,Bone,1,0.4,0.7216326530612246,0.14168382368747812,False,722.0,False,False
732,GORASP2--CDADC1,Pre-existing,IPR024958,0.07742187196513486,CNS/Brain,1,0.4,0.7216326530612246,0.14168382368747812,False,723.0,False,False
432,DDX19A--DDX19B,Pre-existing,IPR001650,0.07731124727094169,Breast,1,0.2,0.5068807339449541,0.2950942155834753,False,724.0,False,False
108,ARHGAP26--RNF130,Pre-existing,IPR004148|IPR001849,0.07727982525217097,Kidney,1,0.2,0.5068807339449541,0.2950942155834753,False,725.0,False,False
988,MADD--WAPL,Pre-existing,IPR005113|IPR001194|IPR005112|IPR056574,0.07719795452748243,Bowel,1,0.4,0.7216326530612246,0.14168382368747812,False,726.0,False,False
736,GPC6--GPC5,No Annotation,,0.07717600198452915,Skin,1,0.2,0.5068807339449541,0.2950942155834753,False,727.0,False,False
970,LRMDA--RNLS,No Annotation,,0.07700367378416186,Thyroid,1,0.3,0.6368876080691642,0.19593720110576304,False,728.0,False,False
2036,UGGT2--ATP6V0D1,Pre-existing,IPR040693|IPR040694|IPR040692|IPR040525|IPR040497,0.07697900474119107,Head and Neck,1,0.3,0.6368876080691642,0.19593720110576304,False,729.0,False,False
1189,NIN--ALKBH1,Pre-existing,IPR002048|IPR005123,0.076942781281328,Bone,1,0.1,0.3374045801526718,0.47184902630667236,False,730.0,False,False
384,CPNE8--TBK1,Novel,IPR000008|IPR041309,0.0763828006635752,Skin,1,0.2,0.5068807339449541,0.2950942155834753,False,732.0,False,True
382,CPNE8--TBK1,Novel,IPR000008|IPR000008|IPR041087|IPR041309,0.0763828006635752,Skin,1,0.1,0.3374045801526718,0.47184902630667236,False,732.0,False,True
383,CPNE8--TBK1,Novel,IPR000008|IPR000008|IPR041309,0.0763828006635752,Skin,1,0.4,0.7216326530612246,0.14168382368747812,False,732.0,False,True
714,GMDS--FKBP5,No Annotation,,0.07599167179399127,Lymphoid,1,0.3,0.6368876080691642,0.19593720110576304,False,734.0,False,False
1617,SCAMP2--WDR72,Pre-existing,IPR057848,0.07569733158418473,Lung,2,0.3,0.6368876080691642,0.19593720110576304,False,735.0,False,False
1978,TSPAN5--ADH4,Pre-existing,IPR013154|IPR013149,0.07562797184469691,Peripheral Nervous System,1,0.5,0.7926829268292683,0.1009004957408611,False,736.0,False,False
1759,SRPK2--PUS7,No Annotation,,0.07555885916764457,Uterus,1,0.3,0.6368876080691642,0.19593720110576304,False,737.0,False,False
955,LEPROT--KIF3C,No Annotation,,0.07533616667900733,Lung,1,0.2,0.5068807339449541,0.2950942155834753,False,738.0,False,False
335,CLTC--VMP1,Novel,IPR015348|IPR059828,0.0753131747403325,Skin,1,0.0001,0.000581578947368421,3.2353913229316995,False,739.0,False,True
2055,UST--SASH1,Pre-existing,IPR021090|IPR001452|IPR001660|IPR058666|IPR001660,0.07530268147371426,Skin,2,0.0001,0.000581578947368421,3.2353913229316995,False,740.0,False,False
2168,ZNF184--PPP2R5D,No Annotation,,0.0751094946143019,Esophagus/Stomach,1,0.1,0.3374045801526718,0.47184902630667236,False,741.0,False,False
762,GUSB--ITPRID1,Novel,IPR006104|IPR006102|IPR029326,0.07504690087911042,Liver,1,0.2,0.5068807339449541,0.2950942155834753,False,742.0,False,True
1661,SIRT2--RYR1,Pre-existing,IPR005821,0.07485534615129213,Bone,1,0.2,0.5068807339449541,0.2950942155834753,False,743.0,False,False
1512,RCN1--DNAJC24,Novel,IPR002048|IPR007872,0.07479822922009266,Lung,1,0.3,0.6368876080691642,0.19593720110576304,False,744.0,False,True
1957,TRAPPC10--AGPAT3,No Annotation,,0.07467990274628006,Kidney,1,0.4,0.7216326530612246,0.14168382368747812,False,745.0,False,False
1728,SPAG9--NME1,Pre-existing,IPR034743,0.07439410705596138,Lymphoid,1,0.2,0.5068807339449541,0.2950942155834753,False,746.5,False,False
1727,SPAG9--NME1,Novel,IPR034743|IPR034907,0.07439410705596138,Lymphoid,1,0.3,0.6368876080691642,0.19593720110576304,False,746.5,False,True
1120,MYO1D--CADPS,Novel,IPR001609|IPR001849|IPR010439|IPR010439,0.0743628430291136,Bone,1,0.0001,0.000581578947368421,3.2353913229316995,False,748.0,False,True
632,FGFR2--COL14A1,Pre-existing,IPR003598|IPR003598|IPR003598|IPR000719,0.0743098661450105,CNS/Brain,1,0.4,0.7216326530612246,0.14168382368747812,False,749.0,False,False
86,ANOS1--BMX,Pre-existing,IPR001849|IPR000980|IPR000719,0.07404538674074891,Head and Neck,1,0.1,0.3374045801526718,0.47184902630667236,False,750.0,False,False
1704,SMG5--INSRR,Novel,IPR019458|IPR018834|IPR000719,0.07401684411592535,Ovary/Fallopian Tube,1,0.1,0.3374045801526718,0.47184902630667236,False,751.0,False,True
242,CARS1--ATL1,Pre-existing,IPR032678,0.07346738899807714,Lung,1,0.2,0.5068807339449541,0.2950942155834753,False,752.0,False,False
2052,USP45--OPN3,Pre-existing,IPR001607,0.0732099368619962,Pleura,1,0.2,0.5068807339449541,0.2950942155834753,False,753.0,False,False
57,AK4--DNAJC6,Pre-existing,IPR000387|IPR014020|IPR001623,0.07294041419369844,Liver,1,0.1,0.3374045801526718,0.47184902630667236,False,754.0,False,False
921,KSR1--MPP3,Novel,IPR046861|IPR002219|IPR004172|IPR004172|IPR001478|IPR001452|IPR008144,0.07291036961682668,Lung,1,0.2,0.5068807339449541,0.2950942155834753,False,755.0,False,True
2068,VAV2--DEUP1,Novel,IPR001715|IPR031470|IPR057656,0.07263337758583109,Esophagus/Stomach,1,0.1,0.3374045801526718,0.47184902630667236,False,756.0,False,True
747,GRIP1--METAP2,Pre-existing,IPR000994,0.07258244588012985,Soft Tissue,1,0.3,0.6368876080691642,0.19593720110576304,False,757.0,False,False
838,IPO8--ASPSCR1,Pre-existing,IPR001012,0.07243719813487604,Uterus,1,0.2,0.5068807339449541,0.2950942155834753,False,758.0,False,False
155,ATG7--SLC6A11,Pre-existing,IPR032197,0.07228170019207637,Uterus,1,0.2,0.5068807339449541,0.2950942155834753,False,759.0,False,False
1791,STRN3--SHFL,No Annotation,,0.07190140758046437,Pancreas,1,0.2,0.5068807339449541,0.2950942155834753,False,760.0,False,False
1995,TWSG1--IMPA2,No Annotation,,0.07157254779682833,Peripheral Nervous System,1,0.1,0.3374045801526718,0.47184902630667236,False,761.0,False,False
1504,RASSF3--INVS,No Annotation,,0.0713024746116771,Skin,1,0.2,0.5068807339449541,0.2950942155834753,False,762.0,False,False
2044,USP34--XPO1,Novel,IPR056850|IPR013598|IPR014877,0.07129193648809783,Breast,1,0.2,0.5068807339449541,0.2950942155834753,False,763.0,False,True
1146,NCLN--GNA11,No Annotation,,0.07107424579174376,Soft Tissue,1,0.1,0.3374045801526718,0.47184902630667236,False,764.0,False,False
1154,NDUFAF6--SPTB,No Annotation,,0.07075238819896856,Lung,1,0.1,0.3374045801526718,0.47184902630667236,False,765.0,False,False
1203,NOS1AP--ATF6,Pre-existing,IPR004827,0.07043338183622927,Esophagus/Stomach,1,0.1,0.3374045801526718,0.47184902630667236,False,766.0,False,False
1319,PHLPP2--TXNL4B,No Annotation,,0.0702334870706593,Skin,1,0.0001,0.000581578947368421,3.2353913229316995,False,767.0,False,False
1846,TBCD--SCARA5,Pre-existing,IPR001190,0.07001655463591176,Skin,1,0.2,0.5068807339449541,0.2950942155834753,False,768.0,False,False
1753,SRGAP1--CHD1L,Novel,IPR001060|IPR002589,0.06967975748034663,Soft Tissue,1,0.2,0.5068807339449541,0.2950942155834753,False,769.0,False,True
329,CLPX--CCDC171,No Annotation,,0.06957501017246195,CNS/Brain,1,0.2,0.5068807339449541,0.2950942155834753,False,770.0,False,False
774,HECTD1--MDGA2,Pre-existing,IPR000998,0.06947253185309886,Esophagus/Stomach,1,0.1,0.3374045801526718,0.47184902630667236,False,771.0,False,False
2155,ZDHHC7--ABCB9,Pre-existing,IPR011527|IPR003439,0.06927922567012593,Prostate,1,0.1,0.3374045801526718,0.47184902630667236,False,772.0,False,False
1974,TSEN15--TTC33,No Annotation,,0.06922468077206287,Breast,1,0.1,0.3374045801526718,0.47184902630667236,False,773.0,False,False
883,KHDC1--PRKN,Pre-existing,IPR002867|IPR002867,0.06920123600751038,Pleura,1,0.1,0.3374045801526718,0.47184902630667236,False,774.0,False,False
1615,SCAI--PSMB7,Pre-existing,IPR024689,0.06891942872192794,Ovary/Fallopian Tube,1,0.1,0.3374045801526718,0.47184902630667236,False,775.0,False,False
2032,UBR5--ENPP2,Novel,IPR024725|IPR003126|IPR001212|IPR001212|IPR001604,0.06891715912069352,Thyroid,1,0.1,0.3374045801526718,0.47184902630667236,False,776.0,False,True
188,BCAS3--TG,Novel,IPR048382|IPR022175|IPR000716|IPR000716|IPR000716|IPR000716|IPR000716|IPR000716|IPR000716|IPR000716|IPR000716|IPR000716|IPR011641|IPR000716|IPR002018,0.06881377097377521,Breast,1,0.4,0.7216326530612246,0.14168382368747812,False,777.0,False,True
1557,RNF8--TBC1D22B,Pre-existing,IPR000253,0.06872803946424398,Bone,1,0.3,0.6368876080691642,0.19593720110576304,False,778.0,False,False
96,APIP--SLC1A2,No Annotation,,0.06861150342007058,Bowel,1,0.4,0.7216326530612246,0.14168382368747812,False,779.0,False,False
255,CCDC91--ASIC2,No Annotation,,0.06846289438918304,Esophagus/Stomach,1,0.2,0.5068807339449541,0.2950942155834753,False,780.0,False,False
1841,TBC1D2B--PTPRR,Novel,IPR001849|IPR000195|IPR059011|IPR000242,0.06845700232450648,Biliary Tract,1,0.2,0.5068807339449541,0.2950942155834753,False,781.0,False,True
1736,SPECC1L--ADCY2,No Annotation,,0.06830753472395049,Bowel,1,0.2,0.5068807339449541,0.2950942155834753,False,782.0,False,False
1386,PPWD1--NLN,No Annotation,,0.06829978688346938,Skin,2,0.1,0.3374045801526718,0.47184902630667236,False,783.0,False,False
2057,UVRAG--ATM,Novel,IPR000008|IPR003151|IPR000403|IPR003152,0.0681921164195721,Esophagus/Stomach,1,0.5,0.7926829268292683,0.1009004957408611,False,784.0,False,True
1399,PRKCI--ERICH6,Novel,IPR000270|IPR002219|IPR000719|IPR029281,0.06787489508955313,Lung,1,0.1,0.3374045801526718,0.47184902630667236,False,785.0,False,True
475,DOCK4--IMMP2L,Pre-existing,IPR001452|IPR032376|IPR027007,0.06785041558998971,Skin,2,0.2,0.5068807339449541,0.2950942155834753,False,786.0,False,False
1594,RTEL1--ZNF429,Pre-existing,IPR006554,0.06765637482499891,Peripheral Nervous System,1,0.4,0.7216326530612246,0.14168382368747812,False,787.0,False,False
1848,TBX4--LUC7L2,Pre-existing,IPR046360,0.06685772305210355,Breast,1,0.4,0.7216326530612246,0.14168382368747812,False,788.0,False,False
2172,ZNF292--SYNCRIP,No Annotation,,0.06631499427627069,Bladder/Urinary Tract,1,0.1,0.3374045801526718,0.47184902630667236,False,789.0,False,False
1254,OXTR--SSUH2,Pre-existing,IPR001305,0.0661736266611341,Esophagus/Stomach,1,0.3,0.6368876080691642,0.19593720110576304,False,790.0,False,False
580,EXT1--DCTN6,No Annotation,,0.06604865590016862,Lung,1,0.1,0.3374045801526718,0.47184902630667236,False,791.0,False,False
1638,SEMA5A--PLEKHG4B,Pre-existing,IPR000219|IPR001849,0.06589135914821875,Peripheral Nervous System,1,0.1,0.3374045801526718,0.47184902630667236,False,792.0,False,False
2090,VPS45--PLEKHO1,No Annotation,,0.0658613035301677,Lymphoid,1,0.1,0.3374045801526718,0.47184902630667236,False,793.0,False,False
415,CUX1--HBP1,Novel,IPR057476|IPR009071,0.06584293681508852,Esophagus/Stomach,1,0.3,0.6368876080691642,0.19593720110576304,False,794.0,False,True
610,FBXL7--CTNND2,No Annotation,,0.06573413647998909,CNS/Brain,1,0.1,0.3374045801526718,0.47184902630667236,False,795.0,False,False
855,ITPR1--AKAP13,Pre-existing,IPR001849,0.06558803669497068,Lymphoid,1,0.4,0.7216326530612246,0.14168382368747812,False,796.0,False,False
1212,NRP1--ITGB1,Novel,IPR000859|IPR000859|IPR040622|IPR057073|IPR013111|IPR012896|IPR014836,0.06555964454712433,Esophagus/Stomach,1,0.1,0.3374045801526718,0.47184902630667236,False,797.0,False,True
2061,UVRAG--NUDT3,Pre-existing,IPR000008,0.06549715810893761,Breast,1,0.2,0.5068807339449541,0.2950942155834753,False,798.0,False,False
929,LAMC1--LAMC2,Novel,IPR008211|IPR002049|IPR000742|IPR000742|IPR000742|IPR000034|IPR002049|IPR000742|IPR000742|IPR000742|IPR000742,0.06528450787288503,Cervix,1,0.4,0.7216326530612246,0.14168382368747812,False,799.0,False,True
283,CDK5RAP2--STOM,Pre-existing,IPR012943,0.06512671746164313,Esophagus/Stomach,1,0.1,0.3374045801526718,0.47184902630667236,False,800.0,False,False
125,ARID2--ITGA5,Pre-existing,IPR013649|IPR048285|IPR048286,0.0649830959512827,CNS/Brain,1,0.6,0.8440483768300445,0.07363266097121902,False,801.0,False,False
669,FRY--CYBRD1,Pre-existing,IPR025614|IPR029473|IPR029473,0.06480949993533641,CNS/Brain,1,0.1,0.3374045801526718,0.47184902630667236,False,802.0,False,False
276,CDH13--HYDIN,Pre-existing,IPR033768|IPR053879|IPR053879,0.06451355834603523,Cervix,1,0.2,0.5068807339449541,0.2950942155834753,False,803.0,False,False
1034,MEAF6--SCMH1,Pre-existing,IPR033763|IPR021987|IPR001660,0.06444471784159972,Lung,1,0.1,0.3374045801526718,0.47184902630667236,False,804.0,False,False
1090,MRPL48--PICK1,Pre-existing,IPR001478|IPR010504,0.06436063655597743,Ovary/Fallopian Tube,1,0.3,0.6368876080691642,0.19593720110576304,False,805.0,False,False
482,DST--DST,Pre-existing,IPR001715|IPR001715|IPR001452|IPR041573|IPR002048|IPR003108,0.0642670234150712,Bowel,1,0.3,0.6368876080691642,0.19593720110576304,True,806.0,False,False
1675,SLC25A40--ABCB1,Pre-existing,IPR011527|IPR003439|IPR011527|IPR003439,0.06399492884187191,Peripheral Nervous System,1,0.4,0.7216326530612246,0.14168382368747812,False,807.0,False,False
2081,VIP--CRYBG1,Pre-existing,IPR001064|IPR001064|IPR001064|IPR001064|IPR001064|IPR001064|IPR000772,0.06362350195922216,Bone,1,0.1,0.3374045801526718,0.47184902630667236,False,808.0,False,False
1739,SPIDR--SLC66A1,Pre-existing,IPR028026,0.06346768564169797,Thyroid,1,0.2,0.5068807339449541,0.2950942155834753,False,809.0,False,False
2179,ZNF552--SMAD2,Pre-existing,IPR003619|IPR001132,0.06332295467683442,Bone,1,0.1,0.3374045801526718,0.47184902630667236,False,810.0,False,False
1406,PRMT3--NAV2,Novel,IPR013087|IPR049482|IPR057126|IPR003593|IPR057568,0.06295648270220836,Lung,1,0.2,0.5068807339449541,0.2950942155834753,False,811.0,False,True
1857,TCF12--TCF12,Novel,IPR011598|IPR011598,0.062357971109575513,Lung,1,0.2,0.5068807339449541,0.2950942155834753,True,812.0,False,True
645,FHOD3--ZCCHC7,Pre-existing,IPR001878|IPR001878|IPR001878|IPR001878,0.062196776318907465,Pancreas,1,0.6,0.8440483768300445,0.07363266097121902,False,813.0,False,False
1165,NF1--INA,No Annotation,,0.0621542778387624,Esophagus/Stomach,1,0.1,0.3374045801526718,0.47184902630667236,False,814.0,False,False
1575,RPS6KA5--ZBP1,Pre-existing,IPR042371,0.06203568586921282,Esophagus/Stomach,1,0.4,0.7216326530612246,0.14168382368747812,False,815.0,False,False
1872,TEX10--ECM2,Pre-existing,IPR024679,0.06196948788193117,Thyroid,1,0.3,0.6368876080691642,0.19593720110576304,False,816.0,False,False
871,KAT6B--DDX50,Novel,IPR048589|IPR005818|IPR011545|IPR001650|IPR059027|IPR012562,0.061927621955116426,Pancreas,1,0.2,0.5068807339449541,0.2950942155834753,False,817.0,False,True
509,EEPD1--CAMK2B,Novel,IPR003583|IPR003583|IPR003583|IPR013543,0.061902307598990514,Lung,1,0.3,0.6368876080691642,0.19593720110576304,False,818.0,False,True
958,LIN9--PARP1,Novel,IPR033471|IPR001510|IPR049296|IPR012982|IPR001357|IPR008893|IPR004102|IPR012317,0.06183425332854518,Lung,1,0.3,0.6368876080691642,0.19593720110576304,False,819.0,False,True
1032,ME3--TAFA2,No Annotation,,0.061804804137914636,Bone,1,0.2,0.5068807339449541,0.2950942155834753,False,820.0,False,False
918,KPNA1--ADCY5,Pre-existing,IPR001054,0.06177009187670103,CNS/Brain,1,0.3,0.6368876080691642,0.19593720110576304,False,821.0,False,False
2128,WWOX--VAT1L,Pre-existing,IPR001202|IPR001202,0.06173097710334787,Lung,1,0.4,0.7216326530612246,0.14168382368747812,False,822.0,False,False
2000,TYW1--TNPO3,Novel,IPR001094|IPR013598,0.06153835129763008,Biliary Tract,1,0.3,0.6368876080691642,0.19593720110576304,False,823.0,False,True
1676,SLC25A44--DAP3,No Annotation,,0.06129282929295082,Ovary/Fallopian Tube,1,0.2,0.5068807339449541,0.2950942155834753,False,824.0,False,False
116,ARHGEF12--POU2F3,Pre-existing,IPR000327|IPR001356,0.06128518029886787,Soft Tissue,1,0.2,0.5068807339449541,0.2950942155834753,False,825.0,False,False
1307,PGGT1B--TRIM36,Pre-existing,IPR047066|IPR000315|IPR017903|IPR003961|IPR001870,0.0609260413172456,Pleura,1,0.3,0.6368876080691642,0.19593720110576304,False,826.0,False,False
835,IPO11--KIAA0825,Pre-existing,IPR001494,0.060786087410946515,Liver,1,0.2,0.5068807339449541,0.2950942155834753,False,827.0,False,False
1098,MSL2--GSK3B,Pre-existing,IPR001841,0.06067187735150413,Biliary Tract,1,0.2,0.5068807339449541,0.2950942155834753,False,828.0,False,False
1039,MED15--TEF,Novel,IPR019087|IPR004827,0.06063914482010638,Myeloid,1,0.2,0.5068807339449541,0.2950942155834753,False,829.0,False,True
264,CD44--PAMR1,Pre-existing,IPR000742|IPR000859|IPR000742|IPR000436|IPR000436|IPR001254,0.060546879879803006,Esophagus/Stomach,1,0.3,0.6368876080691642,0.19593720110576304,False,830.0,False,False
751,GSK3A--GRIK5,Pre-existing,IPR001828|IPR001320,0.06041303421696543,Lung,1,0.3,0.6368876080691642,0.19593720110576304,False,831.0,False,False
285,CDKN2A--MTAP,No Annotation,,0.06026117568865688,CNS/Brain,1,0.1,0.3374045801526718,0.47184902630667236,False,832.0,False,False
147,ASCC1--MICU1,Novel,IPR004088|IPR002048,0.06019913834300727,Lung,1,0.1,0.3374045801526718,0.47184902630667236,False,833.0,False,True
2153,ZDHHC20--MYO16,Pre-existing,IPR001609|IPR039482|IPR029353,0.05993749158432953,Breast,1,0.1,0.3374045801526718,0.47184902630667236,False,834.0,False,False
1660,SIK3--RNF214,Pre-existing,IPR056872|IPR056870|IPR001841,0.059911637022046445,Esophagus/Stomach,1,0.3,0.6368876080691642,0.19593720110576304,False,835.0,False,False
656,FLVCR1--CDC42BPA,Pre-existing,IPR014930|IPR002219|IPR001849|IPR001180|IPR000095,0.059407022205618665,Esophagus/Stomach,1,0.1,0.3374045801526718,0.47184902630667236,False,836.0,False,False
799,HS6ST2--GPC3,No Annotation,,0.05898746579966551,Breast,1,0.3,0.6368876080691642,0.19593720110576304,False,837.0,False,False
1066,MINDY3--DCLRE1C,Novel,IPR025257|IPR011084,0.05894499194719209,Breast,1,0.3,0.6368876080691642,0.19593720110576304,False,838.0,False,True
930,LARP1B--TBCK,Novel,IPR006630|IPR000195|IPR001763,0.05880723777321273,Bone,1,0.1,0.3374045801526718,0.47184902630667236,False,839.0,False,True
498,E2F5--PDE4DIP,Pre-existing,IPR056273|IPR010630,0.05879163650097574,Soft Tissue,1,0.2,0.5068807339449541,0.2950942155834753,False,840.0,False,False
516,EHBP1--KAT7,Pre-existing,IPR002717,0.058736382795350414,Lymphoid,1,0.1,0.3374045801526718,0.47184902630667236,False,841.0,False,False
1150,NCOA7--TPD52L1,No Annotation,,0.05828427613678515,Lung,1,0.0001,0.000581578947368421,3.2353913229316995,False,842.0,False,False
1601,RUNX1--PTPRR,Pre-existing,IPR059011|IPR000242,0.058121561626301735,Lung,1,0.2,0.5068807339449541,0.2950942155834753,False,843.0,False,False
2079,VEGFB--DNAJC4,Novel,IPR000072|IPR001623,0.058067040514752775,Peripheral Nervous System,1,0.2,0.5068807339449541,0.2950942155834753,False,844.0,False,True
486,DTNB--KLHL29,Novel,IPR015153|IPR015154|IPR000433|IPR000210|IPR011705|IPR056737,0.0580611126247146,Lung,1,0.5,0.7926829268292683,0.1009004957408611,False,845.0,False,True
1648,SETX--TNRC6A,Pre-existing,IPR032226|IPR034924,0.05774759790608193,CNS/Brain,1,0.2,0.5068807339449541,0.2950942155834753,False,846.0,False,False
1418,PSMA6--ABHD12B,Pre-existing,IPR022742,0.057735906720346945,Bladder/Urinary Tract,1,0.1,0.3374045801526718,0.47184902630667236,False,847.0,False,False
1119,MYO18A--UVRAG,Pre-existing,IPR001478|IPR004009|IPR001609|IPR002928,0.05763087038389853,Peripheral Nervous System,1,0.1,0.3374045801526718,0.47184902630667236,False,848.0,False,False
1289,PDE8A--SLC28A1,Pre-existing,IPR011642|IPR011657,0.05742792104565132,Breast,1,0.7,0.8824871648602395,0.05429160239442746,False,849.0,False,False
585,FAF1--AGBL4,Novel,IPR044541|IPR000834,0.057222289097255206,Pancreas,1,0.5,0.7926829268292683,0.1009004957408611,False,850.0,False,True
1059,MICALL1--EIF3L,Pre-existing,IPR001715|IPR001781,0.05693601647602954,Head and Neck,1,0.3,0.6368876080691642,0.19593720110576304,False,851.0,False,False
114,ARHGAP5--NUBPL,Pre-existing,IPR002713|IPR002713|IPR002713|IPR002713|IPR039007|IPR039006,0.05677630946445249,Liver,1,0.1,0.3374045801526718,0.47184902630667236,False,852.0,False,False
442,DEPDC1B--ELOVL7,Pre-existing,IPR000591,0.05634667669288618,Breast,2,0.6,0.8440483768300445,0.07363266097121902,False,853.0,False,False
808,IFT80--LCA5,No Annotation,,0.05542858055644152,Pancreas,1,0.2,0.5068807339449541,0.2950942155834753,False,854.0,False,False
1921,TMF1--EOGT,Pre-existing,IPR049625,0.055394655569697956,Uterus,1,0.1,0.3374045801526718,0.47184902630667236,False,855.0,False,False
1290,PDE8A--SND1,Pre-existing,IPR016071|IPR016071|IPR016071|IPR002999|IPR016071,0.05484668744144347,Esophagus/Stomach,1,0.4,0.7216326530612246,0.14168382368747812,False,856.0,False,False
420,CYRIB--ASAP1,Pre-existing,IPR001164|IPR001452,0.05470181577922865,Lung,1,0.4,0.7216326530612246,0.14168382368747812,False,857.0,False,False
1830,TANC2--CA4,Pre-existing,IPR001148,0.05446176038290816,Breast,2,0.1,0.3374045801526718,0.47184902630667236,False,858.0,False,False
952,LEF1--LEF1,Novel,IPR013558|IPR009071|IPR009071,0.054357997032112415,Skin,1,0.4,0.7216326530612246,0.14168382368747812,True,859.0,False,True
334,CLTC--VMP1,Novel,IPR015348|IPR059828,0.05414275742683827,Lung,1,0.2,0.5068807339449541,0.2950942155834753,False,860.0,False,True
820,IL1RAPL1--RADX,Pre-existing,IPR003599|IPR003598,0.05409425948734676,Skin,2,0.4,0.7216326530612246,0.14168382368747812,False,861.0,False,False
1020,MB21D2--FGF12,No Annotation,,0.053995290843712865,Lymphoid,1,0.4,0.7216326530612246,0.14168382368747812,False,862.0,False,False
528,ELL2--TRIP12,No Annotation,,0.05372747234223253,Bone,1,0.1,0.3374045801526718,0.47184902630667236,False,863.0,False,False
2112,WNK1--CWC22,Pre-existing,IPR003890|IPR003891,0.053709696382166605,Breast,1,0.3,0.6368876080691642,0.19593720110576304,False,864.0,False,False
846,ITCH--ITCH,Novel,IPR000008|IPR001202|IPR001202|IPR001202|IPR001202|IPR001202|IPR001202|IPR000569,0.053598311134330265,Ovary/Fallopian Tube,1,0.1,0.3374045801526718,0.47184902630667236,True,865.0,False,True
1544,RNF121--SCAF11,Pre-existing,IPR001841|IPR057031,0.05357610961781649,Breast,1,0.2,0.5068807339449541,0.2950942155834753,False,866.0,False,False
903,KLC1--MARK3,Pre-existing,IPR001772,0.05304003323763186,Ovary/Fallopian Tube,1,0.5,0.7926829268292683,0.1009004957408611,False,867.0,False,False
926,LAMB1--LAMB4,No Annotation,,0.05295782654013195,Ovary/Fallopian Tube,1,0.2,0.5068807339449541,0.2950942155834753,False,868.0,False,False
590,FAM133B--CDK6,No Annotation,,0.05294627149518877,Lung,1,0.3,0.6368876080691642,0.19593720110576304,False,869.0,False,False
991,MAML3--CLGN,Pre-existing,IPR019082,0.052683408139067675,Esophagus/Stomach,1,0.3,0.6368876080691642,0.19593720110576304,False,870.0,False,False
2122,WWOX--CA5A,Pre-existing,IPR001202|IPR001202,0.05263189534127588,Skin,1,0.3,0.6368876080691642,0.19593720110576304,False,871.0,False,False
603,FBN2--FBN1,Novel,IPR040872|IPR000742|IPR000742|IPR000742|IPR017878|IPR000742|IPR000742|IPR000742|IPR017878|IPR000742|IPR017878|IPR000742|IPR000742|IPR000742|IPR000742|IPR000742|IPR000742|IPR000742|IPR000742|IPR000742|IPR000742|IPR000742|IPR000742|IPR017878|IPR000742|IPR000742|IPR017878|IPR000742|IPR000742|IPR000742|IPR000742|IPR000742|IPR000742|IPR000742|IPR017878|IPR000742|IPR000742|IPR000742|IPR000742|IPR000742|IPR017878|IPR000742|IPR000742|IPR000742|IPR000742|IPR000742|IPR000742|IPR000742,0.052514360842022746,Skin,1,0.2,0.5068807339449541,0.2950942155834753,False,872.0,False,True
257,CCDC97--HNRNPUL1,Pre-existing,IPR001870,0.052449792544769766,Bowel,1,0.4,0.7216326530612246,0.14168382368747812,False,873.0,False,False
465,DNAJC11--ADAM9,Pre-existing,IPR001762|IPR006586|IPR000742,0.05204217991640741,Bone,1,0.2,0.5068807339449541,0.2950942155834753,False,874.0,False,False
2065,VAPA--PPP4R1,Pre-existing,IPR033461,0.05197790810095155,Peripheral Nervous System,1,0.3,0.6368876080691642,0.19593720110576304,False,875.0,False,False
890,KIF12--AMBP,Novel,IPR001752|IPR002223|IPR002223,0.05173598966763414,Lymphoid,1,0.1,0.3374045801526718,0.47184902630667236,False,876.0,False,True
1449,PTPRK--PRKCA,Pre-existing,IPR002219|IPR000008|IPR000719|IPR000961,0.051632205678877365,Thyroid,1,0.2,0.5068807339449541,0.2950942155834753,False,877.0,False,False
1266,PARD3--TMTC1,Novel,IPR021922|IPR001478|IPR001478|IPR001478|IPR013618,0.0512868679901667,Lung,1,0.5,0.7926829268292683,0.1009004957408611,False,878.0,False,True
1131,NAV3--MRPS18A,Pre-existing,IPR001715,0.05113787333352317,Soft Tissue,1,0.3,0.6368876080691642,0.19593720110576304,False,879.0,False,False
2200,ZNF875--SPIDR,No Annotation,,0.051034986768232975,Ovary/Fallopian Tube,1,0.4,0.7216326530612246,0.14168382368747812,False,880.0,False,False
793,HMGXB3--PPARGC1B,Novel,IPR009071|IPR000504,0.0509306901402512,Breast,1,0.2,0.5068807339449541,0.2950942155834753,False,881.0,False,True
77,ANKRD13C--PTGER3,No Annotation,,0.050866128388540405,Bowel,1,0.1,0.3374045801526718,0.47184902630667236,False,882.0,False,False
1426,PTBP2--MYSM1,Pre-existing,IPR000504|IPR000504,0.05064631221964377,CNS/Brain,1,0.2,0.5068807339449541,0.2950942155834753,False,883.0,False,False
1619,SCAPER--TSPAN3,No Annotation,,0.05046105303763672,Cervix,1,0.1,0.3374045801526718,0.47184902630667236,False,884.0,False,False
1256,P4HA1--PLA2G12B,Pre-existing,IPR013547,0.049903658936889736,Cervix,1,0.2,0.5068807339449541,0.2950942155834753,False,885.0,False,False
561,ESRP1--DPY19L4,No Annotation,,0.0494537286825545,Lung,1,0.1,0.3374045801526718,0.47184902630667236,False,886.0,False,False
1402,PRKD1--STXBP6,Novel,IPR057764|IPR028258|IPR037822,0.04926348364210005,Skin,1,0.2,0.5068807339449541,0.2950942155834753,False,887.5,False,True
1403,PRKD1--STXBP6,Novel,IPR057764|IPR037822,0.04926348364210005,Skin,1,0.4,0.7216326530612246,0.14168382368747812,False,887.5,False,True
227,CABLES1--RBBP8,Pre-existing,IPR013882,0.04900786150891659,Lung,1,0.5,0.7926829268292683,0.1009004957408611,False,889.0,False,False
363,COL24A1--GSTM2,Pre-existing,IPR048287,0.048999249307209294,Breast,1,0.7,0.8824871648602395,0.05429160239442746,False,890.0,False,False
1552,RNF213--SLC43A2,Pre-existing,IPR003593|IPR003593|IPR001841|IPR046439,0.04891392056378383,CNS/Brain,1,0.1,0.3374045801526718,0.47184902630667236,False,891.0,False,False
47,AFF4--HSPA4,No Annotation,,0.048864960722632786,Ovary/Fallopian Tube,1,0.3,0.6368876080691642,0.19593720110576304,False,892.0,False,False
30,ADCY1--GRXCR1,No Annotation,,0.04876475128424754,Bone,1,0.5,0.7926829268292683,0.1009004957408611,False,893.0,False,False
1550,RNF213--RBAK,Pre-existing,IPR013087|IPR013087|IPR013087|IPR013087|IPR013087|IPR013087|IPR013087|IPR013087|IPR013087|IPR013087|IPR013087|IPR013087|IPR013087|IPR013087|IPR013087|IPR013087,0.0486286746168928,Bowel,1,0.5,0.7926829268292683,0.1009004957408611,False,894.0,False,False
2072,VCL--ADK,No Annotation,,0.048273862013405784,Head and Neck,1,0.3,0.6368876080691642,0.19593720110576304,False,895.0,False,False
413,CUL4A--ATP11A,Pre-existing,IPR001373,0.048158730939889344,Soft Tissue,1,0.3,0.6368876080691642,0.19593720110576304,False,896.0,False,False
1593,RSRC1--MLF1,No Annotation,,0.04796662984354528,Head and Neck,1,0.3,0.6368876080691642,0.19593720110576304,False,897.0,False,False
1510,RBMS3--ANO10,Pre-existing,IPR000504|IPR000504,0.04748162306284588,CNS/Brain,1,0.4,0.7216326530612246,0.14168382368747812,False,898.0,False,False
1258,PACS1--CTSW,Pre-existing,IPR013201|IPR000668,0.047439914672551466,Lung,1,0.1,0.3374045801526718,0.47184902630667236,False,899.0,False,False
1405,PRMT1--BCL2L12,No Annotation,,0.04742947778459389,Breast,1,0.2,0.5068807339449541,0.2950942155834753,False,900.0,False,False
1542,RNF103--CD8A,No Annotation,,0.04734556032492075,Lung,1,0.2,0.5068807339449541,0.2950942155834753,False,901.0,False,False
1717,SORD--TERB2,No Annotation,,0.047321748031285395,Liver,1,0.3,0.6368876080691642,0.19593720110576304,False,902.0,False,False
1798,SUGP2--CARM1,Pre-existing,IPR055135,0.047316584117237825,Breast,1,0.2,0.5068807339449541,0.2950942155834753,False,903.0,False,False
847,ITFG1--ITFG1,Pre-existing,IPR057089,0.04697500037215824,Peripheral Nervous System,1,0.4,0.7216326530612246,0.14168382368747812,True,904.0,False,False
67,ALS2--MPP4,Novel,IPR000219|IPR057248|IPR008144,0.046514706209918225,Lung,1,0.3,0.6368876080691642,0.19593720110576304,False,905.0,False,True
520,EIF2AK2--SULT6B1,Pre-existing,IPR014720,0.046466044104938875,Lung,1,0.5,0.7926829268292683,0.1009004957408611,False,906.0,False,False
1267,PARN--ANKS3,Novel,IPR001374|IPR001660,0.04641344585090406,Skin,1,0.2,0.5068807339449541,0.2950942155834753,False,907.0,False,True
236,CAND1--HYDIN,Pre-existing,IPR033768|IPR053879|IPR053879,0.04636733096090882,Soft Tissue,1,0.4,0.7216326530612246,0.14168382368747812,False,908.0,False,False
2151,ZCCHC14--DOCK3,Novel,IPR001660|IPR001878|IPR032376|IPR027007|IPR056372|IPR026800,0.046319747140361765,Esophagus/Stomach,1,0.3,0.6368876080691642,0.19593720110576304,False,909.0,False,True
2120,WWC2--TENM3,Novel,IPR001202|IPR001202|IPR022385|IPR028916,0.04621360896108717,Cervix,1,0.3,0.6368876080691642,0.19593720110576304,False,910.0,False,True
856,ITPR2--FGFR1OP2,No Annotation,,0.045946016899789936,Biliary Tract,1,0.2,0.5068807339449541,0.2950942155834753,False,911.0,False,False
15,ABR--TRPV1,No Annotation,,0.045927163935478854,Uterus,1,0.1,0.3374045801526718,0.47184902630667236,False,912.0,False,False
435,DDX60--DDX60L,Pre-existing,IPR055124|IPR011545|IPR001650|IPR059032,0.04577824311087024,Biliary Tract,1,0.1,0.3374045801526718,0.47184902630667236,False,913.0,False,False
1925,TNFSF10--NCEH1,Pre-existing,IPR013094|IPR013094,0.045703191492547215,Ovary/Fallopian Tube,1,0.6,0.8440483768300445,0.07363266097121902,False,914.0,False,False
142,ASAP1--ESX1,Pre-existing,IPR004148,0.045250358063679566,Skin,1,0.5,0.7926829268292683,0.1009004957408611,False,915.0,False,False
1777,STARD10--FCHSD2,Pre-existing,IPR001452|IPR001452,0.04522624302508537,Ovary/Fallopian Tube,2,0.4,0.7216326530612246,0.14168382368747812,False,916.0,False,False
1737,SPIDR--CYRIB,No Annotation,,0.04522325597290647,Ovary/Fallopian Tube,1,0.4,0.7216326530612246,0.14168382368747812,False,917.0,False,False
322,CLEC16A--TNFRSF17,Pre-existing,IPR019155,0.044976590685791684,Lung,1,0.4,0.7216326530612246,0.14168382368747812,False,918.0,False,False
1191,NIPBL--SIMC1,No Annotation,,0.04433736091676346,Bone,1,0.2,0.5068807339449541,0.2950942155834753,False,919.0,False,False
1490,RAD51--ARPP19,No Annotation,,0.04391938691886338,Peripheral Nervous System,1,0.4,0.7216326530612246,0.14168382368747812,False,920.0,False,False
1427,PTCH1--PRXL2C,No Annotation,,0.043667914586863435,CNS/Brain,1,0.4,0.7216326530612246,0.14168382368747812,False,921.0,False,False
588,FAM117B--BMPR2,Pre-existing,IPR000472|IPR000719,0.043602369351116145,Prostate,1,0.4,0.7216326530612246,0.14168382368747812,False,922.0,False,False
1807,SYNC--YARS1,Pre-existing,IPR002547,0.04357254029265885,CNS/Brain,1,0.5,0.7926829268292683,0.1009004957408611,False,923.0,False,False
259,CCNK--HHIPL1,Pre-existing,IPR012938|IPR001190,0.04343808745288311,CNS/Brain,1,0.1,0.3374045801526718,0.47184902630667236,False,924.0,False,False
979,LSM12--PAIP1,Pre-existing,IPR047575,0.043337993939680956,Esophagus/Stomach,1,0.3,0.6368876080691642,0.19593720110576304,False,925.0,False,False
1494,RALGAPB--WFDC2,Novel,IPR046859|IPR008197|IPR008197,0.043230894784725776,Lung,1,0.1,0.3374045801526718,0.47184902630667236,False,926.0,False,True
1214,NRXN3--PRKD1,Novel,IPR001791|IPR000742|IPR002219|IPR002219|IPR001849|IPR000719,0.043197020246592346,Bone,1,0.2,0.5068807339449541,0.2950942155834753,False,927.0,False,True
1631,SEC14L1--SAR1B,Pre-existing,IPR005225,0.04309439866442176,Pleura,1,0.0001,0.000581578947368421,3.2353913229316995,False,928.0,False,False
1538,RMND1--CNOT2,Pre-existing,IPR003734,0.04305788242662577,Soft Tissue,1,0.2,0.5068807339449541,0.2950942155834753,False,929.0,False,False
2186,ZNF610--ZNF880,Pre-existing,IPR001909|IPR013087|IPR013087|IPR013087|IPR013087|IPR013087|IPR013087|IPR013087|IPR013087|IPR013087|IPR013087|IPR013087|IPR013087|IPR013087|IPR013087,0.04305566904312723,Peripheral Nervous System,1,0.4,0.7216326530612246,0.14168382368747812,False,930.0,False,False
455,DIS3L2--SPP2,Pre-existing,IPR033771|IPR041505,0.04288331614853767,CNS/Brain,1,0.5,0.7926829268292683,0.1009004957408611,False,931.0,False,False
728,GON4L--DDX19B,Pre-existing,IPR014014|IPR011545|IPR001650,0.042813954710968966,Uterus,1,0.6,0.8440483768300445,0.07363266097121902,False,932.0,False,False
448,DHX38--AMPD1,No Annotation,,0.04271417534212457,CNS/Brain,2,0.5,0.7926829268292683,0.1009004957408611,False,933.0,False,False
166,ATRNL1--ATP6V0D2,Pre-existing,IPR000742|IPR000859|IPR000742,0.04253167680248843,Bladder/Urinary Tract,1,0.3,0.6368876080691642,0.19593720110576304,False,934.0,False,False
530,ELOVL6--ENPEP,Pre-existing,IPR014782|IPR024571,0.04240771793248776,Lung,1,0.3,0.6368876080691642,0.19593720110576304,False,935.5,False,False
531,ELOVL6--ENPEP,Pre-existing,IPR045357|IPR014782|IPR024571,0.04240771793248776,Lung,1,0.3,0.6368876080691642,0.19593720110576304,False,935.5,False,False
1429,PTEN--LIPM,Novel,IPR000387|IPR000073,0.04236444542800329,Skin,1,0.1,0.3374045801526718,0.47184902630667236,False,937.0,False,True
1036,MED13L--LYZ,No Annotation,,0.04203075555258704,Lung,1,0.2,0.5068807339449541,0.2950942155834753,False,938.5,False,False
1037,MED13L--LYZ,Pre-existing,IPR019799,0.04203075555258704,Lung,1,0.3,0.6368876080691642,0.19593720110576304,False,938.5,False,False
402,CSNK1D--SSR2,Pre-existing,IPR000719,0.04200630839892495,Cervix,1,0.2,0.5068807339449541,0.2950942155834753,False,940.0,False,False
375,COQ8A--PSEN2,No Annotation,,0.04184106263202053,Esophagus/Stomach,1,0.3,0.6368876080691642,0.19593720110576304,False,941.0,False,False
250,CCDC6--ANK3,Pre-existing,IPR000906|IPR000906|IPR040745|IPR000488,0.0417644643304588,Ovary/Fallopian Tube,1,0.3,0.6368876080691642,0.19593720110576304,False,942.0,False,False
869,KAT5--RASIP1,Pre-existing,IPR000953,0.04112791034437105,Ovary/Fallopian Tube,1,0.4,0.7216326530612246,0.14168382368747812,False,943.0,False,False
1297,PDS5B--GTPBP10,No Annotation,,0.040201342760728356,Ovary/Fallopian Tube,1,0.3,0.6368876080691642,0.19593720110576304,False,944.0,False,False
1873,TFB1M--NOX3,No Annotation,,0.04000915611856573,Breast,1,0.1,0.3374045801526718,0.47184902630667236,False,945.5,False,False
1874,TFB1M--NOX3,Pre-existing,IPR013112|IPR013121,0.04000915611856573,Breast,1,0.4,0.7216326530612246,0.14168382368747812,False,945.5,False,False
1413,PRRG2--KASH5,Novel,IPR000294|IPR039508|IPR028168,0.03985050880840331,Ovary/Fallopian Tube,1,0.5,0.7926829268292683,0.1009004957408611,False,947.0,False,True
1667,SLC12A4--PRMT7,Pre-existing,IPR055135,0.03961328153876817,Lung,1,0.4,0.7216326530612246,0.14168382368747812,False,948.0,False,False
1922,TMOD3--TMOD2,No Annotation,,0.039514665158899766,Esophagus/Stomach,1,0.3,0.6368876080691642,0.19593720110576304,False,949.0,False,False
1160,NEMF--L2HGDH,Pre-existing,IPR008532,0.03931285587475802,Ovary/Fallopian Tube,1,0.4,0.7216326530612246,0.14168382368747812,False,950.0,False,False
1561,ROBO1--ROBO1,Novel,IPR003598|IPR003598|IPR003598|IPR003598|IPR003598|IPR003961|IPR003598|IPR003961|IPR003961|IPR003961,0.03922394188001041,Soft Tissue,1,0.3,0.6368876080691642,0.19593720110576304,True,951.0,False,True
720,GNAQ--PRUNE2,Pre-existing,IPR001251,0.039152796172589654,Lung,1,0.3,0.6368876080691642,0.19593720110576304,False,952.0,False,False
2105,WDR43--TRIM54,Pre-existing,IPR017903,0.03897450908872149,Esophagus/Stomach,1,0.0001,0.000581578947368421,3.2353913229316995,False,953.0,False,False
1650,SF1--MEN1,No Annotation,,0.03886772549211456,Esophagus/Stomach,1,0.2,0.5068807339449541,0.2950942155834753,False,954.0,False,False
451,DIP2B--ASIC1,No Annotation,,0.03882484411175713,Bone,1,0.2,0.5068807339449541,0.2950942155834753,False,955.0,False,False
1182,NFX1--BAG1,Novel,IPR001841|IPR000967|IPR000967|IPR000967|IPR003103,0.03880833122182947,Lung,1,0.5,0.7926829268292683,0.1009004957408611,False,956.0,False,True
1566,RPF1--TMED5,No Annotation,,0.03842206765957085,Biliary Tract,1,0.3,0.6368876080691642,0.19593720110576304,False,957.0,False,False
2104,WDPCP--KIFAP3,No Annotation,,0.03829873997806997,Bladder/Urinary Tract,1,0.2,0.5068807339449541,0.2950942155834753,False,958.0,False,False
289,CENPT--DPEP3,No Annotation,,0.03811265882632655,Lung,1,0.3,0.6368876080691642,0.19593720110576304,False,959.0,False,False
1787,STON2--NUP98,Pre-existing,IPR007230|IPR021967,0.03799618549600557,Esophagus/Stomach,1,0.3,0.6368876080691642,0.19593720110576304,False,960.0,False,False
1018,MB21D2--FGF12,No Annotation,,0.037857898647436654,Esophagus/Stomach,2,0.2,0.5068807339449541,0.2950942155834753,False,961.0,False,False
177,BABAM2--KPNA7,No Annotation,,0.03777227345485735,CNS/Brain,1,0.6,0.8440483768300445,0.07363266097121902,False,962.0,False,False
1713,SNX13--PHF14,Novel,IPR003114|IPR016137|IPR001683|IPR013937|IPR001965|IPR001965|IPR001965,0.03775844189163086,Skin,1,0.6,0.8440483768300445,0.07363266097121902,False,963.0,False,True
113,ARHGAP5--AKAP6,Pre-existing,IPR002713|IPR002713|IPR002713|IPR002713|IPR039007|IPR039006,0.03775575312757269,Lung,1,0.3,0.6368876080691642,0.19593720110576304,False,964.0,False,False
277,CDH4--EYA2,Pre-existing,IPR006545,0.037589587178925646,Peripheral Nervous System,1,0.3,0.6368876080691642,0.19593720110576304,False,965.0,False,False
1002,MAP3K3--TANC2,Pre-existing,IPR058018|IPR058056,0.03758823287521445,Biliary Tract,1,0.2,0.5068807339449541,0.2950942155834753,False,966.0,False,False
1385,PPP6R2--TMEM62,Pre-existing,IPR056230,0.03737792468956161,Bone,1,0.1,0.3374045801526718,0.47184902630667236,False,967.0,False,False
715,GMIP--ATP13A1,Pre-existing,IPR031160,0.037177709913339664,Skin,1,0.2,0.5068807339449541,0.2950942155834753,False,968.0,False,False
2010,UBAC2--TMCO3,No Annotation,,0.03659814099650417,Bone,1,0.2,0.5068807339449541,0.2950942155834753,False,969.0,False,False
1246,OSBPL9--TTC34,No Annotation,,0.0364308390882735,Ovary/Fallopian Tube,1,0.4,0.7216326530612246,0.14168382368747812,False,970.0,False,False
1227,NUCB1--LBP,Pre-existing,IPR001124,0.0363633106072548,CNS/Brain,1,0.2,0.5068807339449541,0.2950942155834753,False,971.0,False,False
29,ADAMTS20--OS9,Pre-existing,IPR002870|IPR001590|IPR041645|IPR045371|IPR010294,0.036271773251348505,CNS/Brain,1,0.3,0.6368876080691642,0.19593720110576304,False,972.0,False,False
416,CUX1--MARK3,Pre-existing,IPR015940|IPR001772,0.03600656514779317,Myeloid,1,0.3,0.6368876080691642,0.19593720110576304,False,973.0,False,False
1794,SUCO--DNM3,Pre-existing,IPR003130,0.035989600676923805,CNS/Brain,1,0.5,0.7926829268292683,0.1009004957408611,False,974.0,False,False
1312,PHF20--STX8,Pre-existing,IPR002999|IPR002999|IPR022255|IPR013087,0.0359090567908799,CNS/Brain,1,0.4,0.7216326530612246,0.14168382368747812,False,975.0,False,False
889,KIAA1958--HSDL2,Pre-existing,IPR003033,0.0358371406033064,Bowel,1,0.1,0.3374045801526718,0.47184902630667236,False,976.0,False,False
1735,SPECC1--TATDN1,No Annotation,,0.0357003114429663,Breast,1,0.3,0.6368876080691642,0.19593720110576304,False,977.0,False,False
2191,ZNF670--AGT,Pre-existing,IPR023796,0.03563705817744733,Breast,1,0.5,0.7926829268292683,0.1009004957408611,False,978.0,False,False
1178,NFIC--ZNF14,Pre-existing,IPR001909|IPR013087|IPR013087|IPR013087|IPR013087|IPR013087|IPR013087|IPR013087|IPR013087|IPR013087|IPR013087|IPR013087|IPR013087|IPR013087|IPR013087|IPR013087|IPR013087|IPR013087|IPR013087|IPR013087,0.03562129862609219,Skin,1,0.3,0.6368876080691642,0.19593720110576304,False,979.0,False,False
468,DNAJC3--VWA8,Pre-existing,IPR003593|IPR003593|IPR002035,0.03557366517790715,Bowel,1,0.2,0.5068807339449541,0.2950942155834753,False,980.0,False,False
1003,MAP3K5--MAP7,Pre-existing,IPR046872,0.03543932125433157,Bowel,1,0.5,0.7926829268292683,0.1009004957408611,False,981.0,False,False
554,ERC1--SYCP2,No Annotation,,0.03524565005545225,Lung,1,0.1,0.3374045801526718,0.47184902630667236,False,982.0,False,False
1559,RNLS--ATAD1,Pre-existing,IPR003593|IPR041569,0.034969641655807335,CNS/Brain,1,0.6,0.8440483768300445,0.07363266097121902,False,983.0,False,False
2205,ZNRF3--CRYBB1,Pre-existing,IPR001064,0.034602976548647676,Breast,1,0.4,0.7216326530612246,0.14168382368747812,False,984.0,False,False
1093,MRRF--ELP1,Pre-existing,IPR056165|IPR056167|IPR056166|IPR056169,0.034341682189811464,Esophagus/Stomach,1,0.4,0.7216326530612246,0.14168382368747812,False,986.0,False,False
532,ELP1--MRRF,Pre-existing,IPR023584,0.034341682189811464,Esophagus/Stomach,1,0.2,0.5068807339449541,0.2950942155834753,False,986.0,False,False
1094,MRRF--ELP1,Pre-existing,IPR056167|IPR056166|IPR056169,0.034341682189811464,Esophagus/Stomach,1,0.4,0.7216326530612246,0.14168382368747812,False,986.0,False,False
1682,SLC37A1--ABCG1,Pre-existing,IPR013525,0.03393213404024828,Breast,1,0.4,0.7216326530612246,0.14168382368747812,False,988.0,False,False
717,GNAI1--KPNA7,Pre-existing,IPR002652,0.033919175216806055,CNS/Brain,1,0.6,0.8440483768300445,0.07363266097121902,False,989.0,False,False
1277,PCGF2--PIP4K2B,Pre-existing,IPR001841,0.033651129500781876,CNS/Brain,1,0.1,0.3374045801526718,0.47184902630667236,False,990.0,False,False
2198,ZNF736--ZNF138,Pre-existing,IPR013087|IPR013087|IPR013087|IPR013087|IPR013087|IPR013087,0.03364427106744527,CNS/Brain,1,0.6,0.8440483768300445,0.07363266097121902,False,991.0,False,False
784,HIPK3--ADPGK,No Annotation,,0.033170129975971116,Pancreas,1,0.7,0.8824871648602395,0.05429160239442746,False,992.0,False,False
1554,RNF217--NKAIN2,Pre-existing,IPR047550|IPR002867|IPR002867,0.03310632725172483,Soft Tissue,1,0.5,0.7926829268292683,0.1009004957408611,False,993.0,False,False
1012,MARK3--NDRG2,No Annotation,,0.03310460839289257,Skin,1,0.3,0.6368876080691642,0.19593720110576304,False,994.0,False,False
1152,NDST3--USP53,Pre-existing,IPR056793|IPR021930,0.0330685985430254,Lung,1,0.2,0.5068807339449541,0.2950942155834753,False,995.0,False,False
1762,SS18L1--LSM14B,Pre-existing,IPR007726,0.03300984780741813,Esophagus/Stomach,1,0.6,0.8440483768300445,0.07363266097121902,False,996.0,False,False
1177,NFIC--CELF5,Novel,IPR019548|IPR003619|IPR000504|IPR000504,0.03296169546327747,Ovary/Fallopian Tube,1,0.6,0.8440483768300445,0.07363266097121902,False,997.0,False,True
1731,SPATS2--NIPSNAP1,Pre-existing,IPR012577,0.03292194279204043,Uterus,1,0.7,0.8824871648602395,0.05429160239442746,False,998.0,False,False
1457,PXDN--NRXN1,Novel,IPR000483|IPR003598|IPR003598|IPR001791|IPR003585,0.03253885255857105,Pleura,1,0.3,0.6368876080691642,0.19593720110576304,False,1000.0,False,True
1456,PXDN--NRXN1,Novel,IPR000483|IPR003598|IPR001791|IPR003585,0.03253885255857105,Pleura,1,0.4,0.7216326530612246,0.14168382368747812,False,1000.0,False,True
1458,PXDN--NRXN1,Novel,IPR000483|IPR003598|IPR003598|IPR003598|IPR001791|IPR003585,0.03253885255857105,Pleura,1,0.3,0.6368876080691642,0.19593720110576304,False,1000.0,False,True
2086,VPS26B--PODXL,No Annotation,,0.03252782690751734,Peripheral Nervous System,1,0.6,0.8440483768300445,0.07363266097121902,False,1002.0,False,False
1671,SLC20A1--POLR1B,Pre-existing,IPR007641,0.032426068622952026,Pancreas,1,0.3,0.6368876080691642,0.19593720110576304,False,1003.0,False,False
605,FBRSL1--STX2,Pre-existing,IPR006011|IPR000727,0.03209488623797825,Lung,1,0.0001,0.000581578947368421,3.2353913229316995,False,1004.0,False,False
1188,NIBAN2--RAB14,No Annotation,,0.03187300181536002,CNS/Brain,1,0.3,0.6368876080691642,0.19593720110576304,False,1005.0,False,False
756,GSS--GSS,Pre-existing,IPR004887,0.03185657316779303,Ovary/Fallopian Tube,1,0.3,0.6368876080691642,0.19593720110576304,True,1006.0,False,False
493,DYRK1A--BCL7A,No Annotation,,0.03163599863558535,Lymphoid,1,0.5,0.7926829268292683,0.1009004957408611,False,1007.5,False,False
193,BCL7A--DYRK1A,Pre-existing,IPR000719,0.03163599863558535,Lymphoid,1,0.6,0.8440483768300445,0.07363266097121902,False,1007.5,False,False
2177,ZNF486--RFXANK,Pre-existing,IPR001909,0.03151797220046991,Lung,1,0.2,0.5068807339449541,0.2950942155834753,False,1009.0,False,False
1732,SPC24--DOCK6,No Annotation,,0.031146915403344244,Ovary/Fallopian Tube,1,0.5,0.7926829268292683,0.1009004957408611,False,1010.0,False,False
134,ARMC8--PSMA8,No Annotation,,0.03089107319486637,Head and Neck,1,0.2,0.5068807339449541,0.2950942155834753,False,1011.0,False,False
907,KLK5--CDH23,Pre-existing,IPR002126|IPR002126|IPR002126|IPR002126|IPR002126|IPR002126|IPR002126|IPR002126|IPR002126|IPR002126|IPR002126|IPR002126,0.030880489372039847,Breast,1,0.4,0.7216326530612246,0.14168382368747812,False,1012.0,False,False
1048,MET--CAV1,Pre-existing,IPR001627|IPR016201,0.030845894264216876,Head and Neck,1,0.3,0.6368876080691642,0.19593720110576304,False,1013.0,False,False
2207,ZRSR2--GPM6B,No Annotation,,0.030752152118428223,Soft Tissue,1,0.4,0.7216326530612246,0.14168382368747812,False,1014.0,False,False
1021,MB21D2--FGF12,No Annotation,,0.030595869348031518,CNS/Brain,1,0.3,0.6368876080691642,0.19593720110576304,False,1015.0,False,False
1975,TSNARE1--MGLL,Novel,IPR028002|IPR000073|IPR000073|IPR000073|IPR000073,0.03043722373726576,Lung,1,0.2,0.5068807339449541,0.2950942155834753,False,1016.0,False,True
1296,PDS5A--ETV1,No Annotation,,0.030106327398833982,Biliary Tract,1,0.2,0.5068807339449541,0.2950942155834753,False,1017.0,False,False
1506,RBL1--TMPRSS15,Novel,IPR024599|IPR002720|IPR000082|IPR000859|IPR000998|IPR000859|IPR001190|IPR001254,0.030062289627655253,Lung,1,0.2,0.5068807339449541,0.2950942155834753,False,1018.0,False,True
1495,RANBP17--DOCK2,Novel,IPR001494|IPR057947|IPR026799,0.02985322429315721,Prostate,1,0.4,0.7216326530612246,0.14168382368747812,False,1019.0,False,True
807,IFT74--TEK,Pre-existing,IPR000742|IPR002049|IPR000742|IPR000742|IPR007110|IPR003961|IPR003961|IPR003961|IPR000719,0.029425242884085417,Cervix,1,0.2,0.5068807339449541,0.2950942155834753,False,1020.0,False,False
2060,UVRAG--MOGAT2,Pre-existing,IPR000008,0.029361180907285983,Breast,1,0.2,0.5068807339449541,0.2950942155834753,False,1021.0,False,False
860,JAGN1--ARPC4,No Annotation,,0.029161516294449297,Lung,1,0.2,0.5068807339449541,0.2950942155834753,False,1022.0,False,False
2009,UBA3--FRMD4B,No Annotation,,0.029130471781304443,Peripheral Nervous System,1,0.4,0.7216326530612246,0.14168382368747812,False,1023.0,False,False
307,CHD6--MLIP,No Annotation,,0.02863934456122414,Esophagus/Stomach,1,0.4,0.7216326530612246,0.14168382368747812,False,1024.0,False,False
8,ABCD4--ZFYVE1,Novel,IPR011527|IPR000306|IPR000306,0.02838614768543258,Pleura,1,0.3,0.6368876080691642,0.19593720110576304,False,1025.0,False,True
462,DNAH14--CAPN2,Pre-existing,IPR022682|IPR002048|IPR002048,0.028316669704449994,Ovary/Fallopian Tube,1,0.4,0.7216326530612246,0.14168382368747812,False,1026.0,False,False
1308,PGM2L1--FCHSD2,Pre-existing,IPR001452|IPR001452,0.028160359377356517,Lung,1,0.3,0.6368876080691642,0.19593720110576304,False,1027.0,False,False
2100,VWA2--PRKCH,Pre-existing,IPR002219|IPR002219|IPR000719|IPR000961,0.028102368512474905,Prostate,1,0.4,0.7216326530612246,0.14168382368747812,False,1028.0,False,False
449,DIAPH3--ELAPOR2,Pre-existing,IPR056609|IPR056610|IPR056608|IPR044865|IPR056606,0.027911331385586866,Head and Neck,1,0.4,0.7216326530612246,0.14168382368747812,False,1029.0,False,False
2047,USP36--RBFOX3,Pre-existing,IPR025670,0.02766577198649321,Skin,1,0.6,0.8440483768300445,0.07363266097121902,False,1030.0,False,False
1709,SNED1--FARP2,Pre-existing,IPR000219|IPR001849|IPR001849,0.02757664549713402,Bone,1,0.3,0.6368876080691642,0.19593720110576304,False,1031.0,False,False
1766,SSX2IP--YTHDF2,Pre-existing,IPR007275,0.027455685712711606,Skin,1,0.4,0.7216326530612246,0.14168382368747812,False,1032.0,False,False
1813,SYNJ2--TMEM181,No Annotation,,0.027439361436250854,Uterus,1,0.2,0.5068807339449541,0.2950942155834753,False,1033.5,False,False
1814,SYNJ2--TMEM181,Pre-existing,IPR047843,0.027439361436250854,Uterus,1,0.3,0.6368876080691642,0.19593720110576304,False,1033.5,False,False
173,B4GALT1--LETM1,Pre-existing,IPR059005|IPR002048,0.027391407646633836,Skin,1,0.5,0.7926829268292683,0.1009004957408611,False,1035.0,False,False
2106,WDR7--CCBE1,Pre-existing,IPR000742|IPR000742,0.02739003681034301,Lymphoid,1,0.4,0.7216326530612246,0.14168382368747812,False,1036.0,False,False
723,GNE--SIPA1,Novel,IPR003331|IPR001478,0.027184849772638776,Liver,1,0.3,0.6368876080691642,0.19593720110576304,False,1037.0,False,True
318,CKS2--ZNF618,Pre-existing,IPR013087|IPR013087|IPR013087|IPR013087,0.02708010209944471,CNS/Brain,1,0.5,0.7926829268292683,0.1009004957408611,False,1038.0,False,False
118,ARID1A--MAST2,Pre-existing,IPR015022|IPR000719|IPR000961|IPR001478,0.02702630562100989,Breast,1,0.6,0.8440483768300445,0.07363266097121902,False,1039.0,False,False
592,FAM149B1--CFAP70,No Annotation,,0.02702146059835497,Breast,1,0.4,0.7216326530612246,0.14168382368747812,False,1040.0,False,False
1971,TRPC4AP--ACSBG2,No Annotation,,0.026870783121497467,Myeloid,2,0.6,0.8440483768300445,0.07363266097121902,False,1041.0,False,False
1809,SYNE1--TSFM,Novel,IPR001715|IPR001715|IPR057057|IPR057932|IPR014039,0.02676550063076273,Soft Tissue,1,0.4,0.7216326530612246,0.14168382368747812,False,1042.0,False,True
1388,PRDM15--CRYZL1,Novel,IPR001214|IPR013087|IPR013087|IPR013087|IPR013087|IPR013087|IPR013087|IPR013087|IPR013087|IPR013154,0.026542032264935664,Lung,1,0.4,0.7216326530612246,0.14168382368747812,False,1043.0,False,True
1161,NEMF--SOS2,No Annotation,,0.02649006177172636,Esophagus/Stomach,1,0.4,0.7216326530612246,0.14168382368747812,False,1044.0,False,False
1370,PPIL4--KATNA1,Novel,IPR002130|IPR003593|IPR041569|IPR015415,0.026443696818589872,Lung,1,0.0001,0.000581578947368421,3.2353913229316995,False,1045.0,False,True
2091,VPS45--SC5D,No Annotation,,0.02630607814934288,Bone,1,0.3,0.6368876080691642,0.19593720110576304,False,1046.0,False,False
1738,SPIDR--ERLIN2,Pre-existing,IPR001107,0.026290250104397436,Breast,1,0.4,0.7216326530612246,0.14168382368747812,False,1047.0,False,False
401,CSE1L--ARFGEF2,Novel,IPR001494|IPR013713|IPR046455,0.026209395118716103,Esophagus/Stomach,1,0.4,0.7216326530612246,0.14168382368747812,False,1048.0,False,True
192,BCL2L13--MLC1,No Annotation,,0.02614299822458414,Skin,1,0.2,0.5068807339449541,0.2950942155834753,False,1049.0,False,False
1778,STIP1--GPR137,No Annotation,,0.026119631677635702,Lymphoid,1,0.4,0.7216326530612246,0.14168382368747812,False,1050.0,False,False
139,ARPC1B--KPNA7,No Annotation,,0.026027145074237833,Lymphoid,1,0.4,0.7216326530612246,0.14168382368747812,False,1051.0,False,False
63,AKT3--MYCL,Novel,IPR001849|IPR000719|IPR012682|IPR012682|IPR012682|IPR011598,0.026008600558961315,Lung,1,0.4,0.7216326530612246,0.14168382368747812,False,1052.0,False,True
790,HMCES--MECOM,Pre-existing,IPR013087|IPR013087|IPR013087,0.025810005296715198,Esophagus/Stomach,1,0.2,0.5068807339449541,0.2950942155834753,False,1053.0,False,False
761,GTSE1--PPARA,Novel,IPR032768|IPR001628|IPR000536,0.025773399797335318,Skin,1,0.6,0.8440483768300445,0.07363266097121902,False,1054.0,False,True
1551,RNF213--SLC26A11,Pre-existing,IPR002645,0.025586629941730984,Ovary/Fallopian Tube,1,0.3,0.6368876080691642,0.19593720110576304,False,1055.0,False,False
71,ANAPC4--SORCS2,Pre-existing,IPR000601,0.025537668593370325,Thyroid,1,0.3,0.6368876080691642,0.19593720110576304,False,1056.0,False,False
619,FCHSD2--FAM168A,Pre-existing,IPR001060|IPR034934,0.025537456300552208,Ovary/Fallopian Tube,2,0.3,0.6368876080691642,0.19593720110576304,False,1057.0,False,False
1196,NKD1--TENT4B,No Annotation,,0.02543676350910827,Breast,1,0.4,0.7216326530612246,0.14168382368747812,False,1058.0,False,False
427,DCP1B--NAV3,No Annotation,,0.025429696572577924,Peripheral Nervous System,1,0.4,0.7216326530612246,0.14168382368747812,False,1059.0,False,False
80,ANKRD44--PGAP1,No Annotation,,0.025408436521131006,Skin,1,0.3,0.6368876080691642,0.19593720110576304,False,1060.0,False,False
2082,VMP1--CLTC,Pre-existing,IPR015348,0.02533702286727768,Esophagus/Stomach,1,0.2,0.5068807339449541,0.2950942155834753,False,1061.0,False,False
651,FLNB--SLMAP,Pre-existing,IPR001715|IPR001715,0.025320232396768706,Breast,1,0.3,0.6368876080691642,0.19593720110576304,False,1062.0,False,False
370,COMMD10--AP3S1,No Annotation,,0.025134172294600507,Bowel,1,0.4,0.7216326530612246,0.14168382368747812,False,1063.0,False,False
215,C16orf87--ORC6,Pre-existing,IPR018886,0.025088108385734553,Myeloid,1,0.3,0.6368876080691642,0.19593720110576304,False,1064.0,False,False
344,CMTM4--WDR59,Pre-existing,IPR039456,0.02507737049775221,CNS/Brain,1,0.3,0.6368876080691642,0.19593720110576304,False,1065.0,False,False
1695,SMAP2--BEND5,Novel,IPR001164|IPR018379,0.02494303186801661,Lung,1,0.2,0.5068807339449541,0.2950942155834753,False,1066.0,False,True
1902,TMEM178B--MRPS33,No Annotation,,0.0246392251318463,Uterus,1,0.5,0.7926829268292683,0.1009004957408611,False,1067.0,False,False
1280,PCMTD1--CACNA1E,Pre-existing,IPR005821|IPR005821|IPR005821|IPR002048|IPR014873,0.02459315730274482,Liver,1,0.6,0.8440483768300445,0.07363266097121902,False,1068.0,False,False
1371,PPIL6--AK9,Pre-existing,IPR003593|IPR003593,0.02448556783112866,Bone,1,0.3,0.6368876080691642,0.19593720110576304,False,1069.0,False,False
874,KCNK9--TRAPPC9,Pre-existing,IPR058568,0.024369682487421364,Lymphoid,1,0.3,0.6368876080691642,0.19593720110576304,False,1070.0,False,False
423,DAXX--KIFC3,Novel,IPR031333|IPR046378|IPR001752,0.024342405915014076,Bone,1,0.5,0.7926829268292683,0.1009004957408611,False,1071.0,False,True
2133,XRCC6--CENPM,No Annotation,,0.02376132729349173,Cervix,1,0.1,0.3374045801526718,0.47184902630667236,False,1072.0,False,False
1703,SMARCC1--MAP4,No Annotation,,0.023666117829797273,Bone,1,0.6,0.8440483768300445,0.07363266097121902,False,1073.0,False,False
1927,TNPO2--RFX1,Novel,IPR001494|IPR007668|IPR003150|IPR057321,0.0236136326740776,Pancreas,1,0.3,0.6368876080691642,0.19593720110576304,False,1074.0,False,True
1752,SRGAP1--ACSS3,Pre-existing,IPR025110,0.023576881779688974,Bone,1,0.4,0.7216326530612246,0.14168382368747812,False,1075.0,False,False
1173,NFE2L1--SKAP1,No Annotation,,0.023485587285456355,Lung,1,0.3,0.6368876080691642,0.19593720110576304,False,1076.0,False,False
1295,PDIA6--PDIA6,Pre-existing,IPR005788|IPR005788|IPR057305,0.023169443604513132,Bladder/Urinary Tract,1,0.2,0.5068807339449541,0.2950942155834753,True,1077.0,False,False
1741,SPIDR--ZFAT,No Annotation,,0.02298249569083384,Lung,1,0.4,0.7216326530612246,0.14168382368747812,False,1078.0,False,False
2148,ZC3H13--CIAO2A,Pre-existing,IPR000571,0.022798571414302554,Pancreas,1,0.3,0.6368876080691642,0.19593720110576304,False,1079.0,False,False
25,ADAM32--ADAM9,Pre-existing,IPR001762|IPR006586|IPR000742,0.022595035173701622,Uterus,1,0.5,0.7926829268292683,0.1009004957408611,False,1080.0,False,False
2053,USP6NL--UPF2,Pre-existing,IPR007193,0.022578201416517646,Bowel,1,0.2,0.5068807339449541,0.2950942155834753,False,1081.0,False,False
1977,TSPAN15--HK1,Pre-existing,IPR022673|IPR022672|IPR022673,0.022411010580322174,Soft Tissue,1,0.6,0.8440483768300445,0.07363266097121902,False,1082.0,False,False
1349,PLLP--CCL22,Pre-existing,IPR001811,0.022368475422269864,Biliary Tract,1,0.5,0.7926829268292683,0.1009004957408611,False,1083.0,False,False
1027,MCOLN1--ARHGEF18,Pre-existing,IPR001849,0.02233154016809186,Biliary Tract,1,0.3,0.6368876080691642,0.19593720110576304,False,1084.0,False,False
1729,SPAG9--P4HB,Novel,IPR034743|IPR005788,0.02204015341518586,Myeloid,1,0.2,0.5068807339449541,0.2950942155834753,False,1085.0,False,True
1055,MFSD3--MROH1,Pre-existing,IPR048465|IPR055406,0.02160946941785611,Breast,1,0.5,0.7926829268292683,0.1009004957408611,False,1086.0,False,False
767,HAGH--GYG1,No Annotation,,0.021576503159618392,Biliary Tract,1,0.1,0.3374045801526718,0.47184902630667236,False,1087.0,False,False
343,CMIP--DYNLRB2,Novel,IPR056429|IPR004942,0.02075524218146066,Esophagus/Stomach,1,0.4,0.7216326530612246,0.14168382368747812,False,1088.0,False,True
653,FLNB--SLMAP,Pre-existing,IPR001715|IPR001715,0.020743231501995654,Soft Tissue,1,0.4,0.7216326530612246,0.14168382368747812,False,1089.0,False,False
1167,NF1--RAB11FIP4,Pre-existing,IPR057316|IPR019018,0.020711975096127037,Peripheral Nervous System,2,0.5,0.7926829268292683,0.1009004957408611,False,1090.0,False,False
773,HDAC7--VDR,Pre-existing,IPR000536,0.020654842640742986,Ovary/Fallopian Tube,1,0.2,0.5068807339449541,0.2950942155834753,False,1091.0,False,False
1127,NAPEPLD--POU2F3,Pre-existing,IPR000327|IPR001356,0.02057069538332645,Bowel,1,0.3,0.6368876080691642,0.19593720110576304,False,1092.0,False,False
1754,SRGAP1--MSRB3,Novel,IPR001060|IPR002579,0.020493638020583835,Lung,1,0.2,0.5068807339449541,0.2950942155834753,False,1093.0,False,True
2201,ZNF92--KHDRBS2,Novel,IPR001909|IPR004087|IPR032335,0.02045023709505015,Biliary Tract,1,0.1,0.3374045801526718,0.47184902630667236,False,1094.0,False,True
28,ADAMTS2--RNF130,Novel,IPR002870|IPR001841,0.020301412267306976,CNS/Brain,1,0.3,0.6368876080691642,0.19593720110576304,False,1095.0,False,True
327,CLIP4--EPHB4,Novel,IPR000938|IPR003961|IPR003961|IPR027936|IPR000719|IPR001660,0.020244837424808808,Bone,1,0.4,0.7216326530612246,0.14168382368747812,False,1096.0,False,True
2026,UBFD1--SCNN1B,Pre-existing,IPR000626,0.020190825474258243,Lung,1,0.3,0.6368876080691642,0.19593720110576304,False,1097.0,False,False
1153,NDUFAF2--MAST4,Pre-existing,IPR015022|IPR000719|IPR000961|IPR001478,0.020186469999123532,Prostate,1,0.4,0.7216326530612246,0.14168382368747812,False,1098.0,False,False
854,ITPKC--PPFIA3,Pre-existing,IPR001660|IPR001660|IPR001660,0.019914897319995503,Prostate,1,0.5,0.7926829268292683,0.1009004957408611,False,1099.0,False,False
2161,ZKSCAN7--KIF15,Novel,IPR003309|IPR001909|IPR013087|IPR013087|IPR013087|IPR013087|IPR031794,0.01966795859912851,CNS/Brain,1,0.7,0.8824871648602395,0.05429160239442746,False,1100.0,False,True
550,EPS15--TTC39A,Pre-existing,IPR000261|IPR000261|IPR000261,0.01927976327049227,Lymphoid,1,0.4,0.7216326530612246,0.14168382368747812,False,1101.0,False,False
1944,TPCN2--PTPN3,Pre-existing,IPR000299|IPR001478|IPR000242,0.019220631029692507,Thyroid,1,0.4,0.7216326530612246,0.14168382368747812,False,1102.0,False,False
393,CRIM1--IQCA1,Novel,IPR000867|IPR003959,0.018622243587660084,Pancreas,1,0.2,0.5068807339449541,0.2950942155834753,False,1103.0,False,True
130,ARL13B--FRMD4B,Pre-existing,IPR021774,0.018498040284891326,Lung,1,0.2,0.5068807339449541,0.2950942155834753,False,1104.0,False,False
1824,TAF8--BYSL,Pre-existing,IPR006565,0.01846244578690609,Cervix,1,0.2,0.5068807339449541,0.2950942155834753,False,1105.0,False,False
1469,QKI--PACRG,No Annotation,,0.01845544732512072,Lung,1,0.4,0.7216326530612246,0.14168382368747812,False,1106.0,False,False
2143,YEATS4--ZNF641,Novel,IPR055129|IPR001909|IPR013087|IPR013087|IPR013087|IPR013087|IPR013087,0.01817842371696176,Skin,1,0.2,0.5068807339449541,0.2950942155834753,False,1107.0,False,True
1516,RELCH--TNFRSF11A,No Annotation,,0.01807624398447829,CNS/Brain,1,0.4,0.7216326530612246,0.14168382368747812,False,1108.0,False,False
2116,WNK1--IQSEC3,Pre-existing,IPR000904|IPR033742,0.01803187194036114,Liver,1,0.5,0.7926829268292683,0.1009004957408611,False,1109.0,False,False
2050,USP43--CNTLN,No Annotation,,0.017777425141916034,Lung,1,0.3,0.6368876080691642,0.19593720110576304,False,1110.0,False,False
600,FAR2--MKX,Pre-existing,IPR013120,0.017721441157813364,Ovary/Fallopian Tube,2,0.4,0.7216326530612246,0.14168382368747812,False,1111.0,False,False
2195,ZNF71--BASP1,No Annotation,,0.017415489092714384,CNS/Brain,1,0.4,0.7216326530612246,0.14168382368747812,False,1112.0,False,False
1009,MAPKAPK2--RASSF5,Pre-existing,IPR000159|IPR011524,0.017289227271757263,Cervix,2,0.3,0.6368876080691642,0.19593720110576304,False,1113.0,False,False
511,EFNA2--TP53,Pre-existing,IPR013872|IPR040926|IPR011615|IPR010991,0.017201479523787686,Peripheral Nervous System,1,0.3,0.6368876080691642,0.19593720110576304,False,1114.0,False,False
986,MAD1L1--SNX8,Pre-existing,IPR045734,0.017161081043477314,Skin,1,0.4,0.7216326530612246,0.14168382368747812,False,1115.0,False,False
1298,PDS5B--TP53,No Annotation,,0.017145975975173824,Bone,1,0.2,0.5068807339449541,0.2950942155834753,False,1116.0,False,False
1432,PTGFRN--CD2,Pre-existing,IPR003599|IPR003599|IPR003599|IPR003599|IPR003599,0.016867238104184883,CNS/Brain,1,0.6,0.8440483768300445,0.07363266097121902,False,1117.0,False,False
1996,TWSG1--PIK3C3,No Annotation,,0.016845104500351787,Lung,1,0.2,0.5068807339449541,0.2950942155834753,False,1118.0,False,False
2097,VTI1A--TCF7L2,Novel,IPR007705|IPR009071,0.016824502716631287,Kidney,1,0.4,0.7216326530612246,0.14168382368747812,False,1119.0,False,True
642,FHOD3--MOCOS,No Annotation,,0.016665961117827678,Esophagus/Stomach,1,0.5,0.7926829268292683,0.1009004957408611,False,1120.5,False,False
644,FHOD3--MOCOS,Pre-existing,IPR005303|IPR005302,0.016665961117827678,Esophagus/Stomach,1,0.5,0.7926829268292683,0.1009004957408611,False,1120.5,False,False
308,CHKA--PPM1L,No Annotation,,0.01639647052289137,Head and Neck,1,0.5,0.7926829268292683,0.1009004957408611,False,1122.0,False,False
5,ABCC1--MCRIP2,Pre-existing,IPR056227|IPR011527,0.016303772629776628,Esophagus/Stomach,1,0.2,0.5068807339449541,0.2950942155834753,False,1123.0,False,False
261,CCNT2--SLC39A11,Pre-existing,IPR006671,0.016070593636644634,Head and Neck,1,0.3,0.6368876080691642,0.19593720110576304,False,1124.0,False,False
545,EP300--TMPRSS6,Novel,IPR000197|IPR003101|IPR001487|IPR010303|IPR056484|IPR001254,0.016055958406330846,Biliary Tract,1,0.1,0.3374045801526718,0.47184902630667236,False,1125.0,False,True
963,LPCAT1--AHRR,Pre-existing,IPR011598|IPR000014,0.015972611115407258,Biliary Tract,1,0.3,0.6368876080691642,0.19593720110576304,False,1126.0,False,False
964,LPIN2--ARHGAP28,Novel,IPR007651|IPR031703|IPR000198|IPR057323,0.015936222709602696,Lung,1,0.4,0.7216326530612246,0.14168382368747812,False,1127.0,False,True
1820,TADA2A--DMD,Novel,IPR000433|IPR001005|IPR001202|IPR015153|IPR015154|IPR000433,0.015926776395301677,Pancreas,1,0.4,0.7216326530612246,0.14168382368747812,False,1128.0,False,True
1441,PTPN12--CCDC146,No Annotation,,0.01567130331260488,Lung,1,0.2,0.5068807339449541,0.2950942155834753,False,1129.0,False,False
1155,NDUFS4--GZMA,No Annotation,,0.015340435234963527,Lung,1,0.5,0.7926829268292683,0.1009004957408611,False,1130.0,False,False
2167,ZNF140--CNBD1,Pre-existing,IPR001909,0.015334527805750217,Breast,1,0.5,0.7926829268292683,0.1009004957408611,False,1131.0,False,False
1556,RNF41--LARP4,No Annotation,,0.01522958092887712,Lymphoid,1,0.6,0.8440483768300445,0.07363266097121902,False,1132.0,False,False
601,FARS2--HPGDS,Novel,IPR002319|IPR004046,0.014992208320874972,Uterus,1,0.5,0.7926829268292683,0.1009004957408611,False,1133.0,False,True
1053,MFSD1--RSRC1,No Annotation,,0.014866654538401816,Breast,1,0.3,0.6368876080691642,0.19593720110576304,False,1134.0,False,False
2164,ZNF106--TMEM87A,Novel,IPR013087|IPR053937,0.014762534682040949,Lung,1,0.4,0.7216326530612246,0.14168382368747812,False,1135.0,False,True
1658,SIK3--PACS1,No Annotation,,0.014594731927355949,Peripheral Nervous System,1,0.6,0.8440483768300445,0.07363266097121902,False,1136.0,False,False
664,FOCAD--SLC24A2,Pre-existing,IPR004837,0.014050424235307196,CNS/Brain,1,0.6,0.8440483768300445,0.07363266097121902,False,1137.0,False,False
1889,TM9SF3--JMJD1C,Pre-existing,IPR003347,0.014005300980786471,Bone,1,0.4,0.7216326530612246,0.14168382368747812,False,1138.0,False,False
1269,PATJ--TBCK,Pre-existing,IPR004172|IPR001478|IPR001478|IPR001478|IPR001478,0.013987584878592156,Bowel,1,0.8,0.9184415584415584,0.03694847316746522,False,1139.0,False,False
1107,MTF2--DR1,Pre-existing,IPR002999|IPR001965|IPR001965,0.01384657993951477,Myeloid,1,0.4,0.7216326530612246,0.14168382368747812,False,1140.0,False,False
120,ARID1A--NUDC,Pre-existing,IPR032572|IPR007052,0.013749312202477021,Bone,1,0.4,0.7216326530612246,0.14168382368747812,False,1141.0,False,False
983,LTBP1--NEGR1,Pre-existing,IPR000742|IPR003598|IPR003598,0.013569755672060896,Lung,1,0.5,0.7926829268292683,0.1009004957408611,False,1142.0,False,False
440,DENND5A--SBF2,Pre-existing,IPR001849,0.013481065039519222,Breast,1,0.5,0.7926829268292683,0.1009004957408611,False,1143.0,False,False
887,KIAA0319L--PYCR2,Pre-existing,IPR029036,0.013476192360845934,CNS/Brain,1,0.2,0.5068807339449541,0.2950942155834753,False,1144.0,False,False
742,GRAMD1B--CCDC15,No Annotation,,0.013257645662934484,Bone,1,0.4,0.7216326530612246,0.14168382368747812,False,1145.0,False,False
136,ARMC9--RBMS1,Novel,IPR056327|IPR048959|IPR000504|IPR000504,0.01311018940218539,Bowel,1,0.4,0.7216326530612246,0.14168382368747812,False,1146.0,False,True
1051,MFN1--KCNMB2,Pre-existing,IPR015382,0.012936116730336605,Lung,1,0.1,0.3374045801526718,0.47184902630667236,False,1147.0,False,False
419,CYLD--KLF3,Novel,IPR000938|IPR000938|IPR013087|IPR013087,0.012879275947172857,Lung,1,0.4,0.7216326530612246,0.14168382368747812,False,1148.0,False,True
181,BAG4--ASH2L,No Annotation,,0.012869427641772055,Uterus,1,0.2,0.5068807339449541,0.2950942155834753,False,1149.0,False,False
1423,PSMD7--SDHD,No Annotation,,0.012848132353363795,Lung,1,0.3,0.6368876080691642,0.19593720110576304,False,1150.0,False,False
667,FRK--NT5DC1,Pre-existing,IPR001452|IPR000980,0.012781291159560691,Bowel,2,0.5,0.7926829268292683,0.1009004957408611,False,1151.5,False,False
1225,NT5DC1--FRK,Pre-existing,IPR000719,0.012781291159560691,Bowel,2,0.3,0.6368876080691642,0.19593720110576304,False,1151.5,False,False
674,FUT8--GALNT16,Pre-existing,IPR000772,0.012728090802556602,Lung,1,0.8,0.9184415584415584,0.03694847316746522,False,1153.0,False,False
743,GRB14--IFIH1,Novel,IPR000159|IPR006935|IPR041204|IPR001650|IPR021673,0.01235152417497739,Lung,1,0.7,0.8824871648602395,0.05429160239442746,False,1154.0,False,True
706,GLG1--FA2H,Pre-existing,IPR006694,0.012210093359507061,Esophagus/Stomach,1,0.4,0.7216326530612246,0.14168382368747812,False,1155.0,False,False
776,HELLS--CYP2C18,Pre-existing,IPR000330,0.012166284421969688,Ovary/Fallopian Tube,1,0.4,0.7216326530612246,0.14168382368747812,False,1156.0,False,False
2204,ZNRF3--ARMC2,No Annotation,,0.01212929146423216,Soft Tissue,1,0.7,0.8824871648602395,0.05429160239442746,False,1157.0,False,False
487,DUSP22--STMND1,No Annotation,,0.012065808410287607,Myeloid,1,0.6,0.8440483768300445,0.07363266097121902,False,1158.0,False,False
1919,TMEM53--EIF2B3,Pre-existing,IPR056764,0.012044065492599718,Lung,1,0.7,0.8824871648602395,0.05429160239442746,False,1159.0,False,False
1015,MAT2B--HMMR,Pre-existing,IPR031794,0.011996189873262585,Pancreas,1,0.4,0.7216326530612246,0.14168382368747812,False,1160.0,False,False
1380,PPP2R5E--CACFD1,No Annotation,,0.011979447547503842,CNS/Brain,1,0.5,0.7926829268292683,0.1009004957408611,False,1161.0,False,False
1823,TAF5L--STUM,No Annotation,,0.011853187222196663,CNS/Brain,1,0.2,0.5068807339449541,0.2950942155834753,False,1162.0,False,False
1194,NKD1--ADCY7,Novel,IPR002048|IPR009398|IPR001054,0.01168553505397868,Lung,1,0.3,0.6368876080691642,0.19593720110576304,False,1163.0,False,True
1877,THADA--DYTN,Pre-existing,IPR056843|IPR019442,0.011683531119820904,Peripheral Nervous System,1,0.2,0.5068807339449541,0.2950942155834753,False,1164.0,False,False
1462,PXN--MSI1,No Annotation,,0.011144974122425252,Lung,1,0.1,0.3374045801526718,0.47184902630667236,False,1165.0,False,False
316,CIZ1--SPTAN1,Novel,IPR003604|IPR056345|IPR003604|IPR001452|IPR002048|IPR014837,0.011060858051438041,Lung,1,0.4,0.7216326530612246,0.14168382368747812,False,1166.0,False,True
106,ARHGAP23--PRTFDC1,No Annotation,,0.010913292608424899,Lung,1,0.5,0.7926829268292683,0.1009004957408611,False,1167.0,False,False
2192,ZNF680--SNAP91,No Annotation,,0.010830038007372514,Liver,1,0.2,0.5068807339449541,0.2950942155834753,False,1168.0,False,False
1988,TTC7A--FSHR,Pre-existing,IPR024635|IPR017452,0.010748297674546763,Bone,1,0.3,0.6368876080691642,0.19593720110576304,False,1169.0,False,False
1952,TRAF1--PHF19,Pre-existing,IPR002999|IPR001965|IPR001965|IPR025894,0.010705286245149506,Lymphoid,1,0.4,0.7216326530612246,0.14168382368747812,False,1170.0,False,False
460,DMXL1--TNFAIP8,No Annotation,,0.010683666192610533,Uterus,1,0.5,0.7926829268292683,0.1009004957408611,False,1171.0,False,False
749,GRK5--DENND10,No Annotation,,0.010438488689656078,Lung,1,0.4,0.7216326530612246,0.14168382368747812,False,1172.0,False,False
695,GBF1--PRDX3,Pre-existing,IPR000866|IPR019479,0.009976448644302999,Pancreas,1,0.6,0.8440483768300445,0.07363266097121902,False,1173.0,False,False
643,FHOD3--MOCOS,Pre-existing,IPR005302,0.009876032418165403,Bladder/Urinary Tract,1,0.5,0.7926829268292683,0.1009004957408611,False,1174.0,False,False
505,EEA1--ALDH2,Pre-existing,IPR013087,0.009749566954954152,Skin,2,0.2,0.5068807339449541,0.2950942155834753,False,1175.0,False,False
1616,SCAMP2--MPI,Pre-existing,IPR046458|IPR046456,0.009686659126467434,Lymphoid,1,0.4,0.7216326530612246,0.14168382368747812,False,1176.0,False,False
604,FBN2--PPP2R2B,Pre-existing,IPR040872|IPR049388|IPR000742|IPR000742,0.009638925884073238,Soft Tissue,1,0.5,0.7926829268292683,0.1009004957408611,False,1177.0,False,False
1668,SLC16A6--MAP2K6,No Annotation,,0.009519741152024142,Breast,1,0.5,0.7926829268292683,0.1009004957408611,False,1178.0,False,False
22,ACSS1--BCAT1,Pre-existing,IPR032387,0.009283944042906382,Esophagus/Stomach,1,0.5,0.7926829268292683,0.1009004957408611,False,1179.0,False,False
424,DBF4B--NMT1,Pre-existing,IPR022676|IPR022677,0.009242633830683786,CNS/Brain,1,0.3,0.6368876080691642,0.19593720110576304,False,1180.0,False,False
438,DENND4B--NUP210L,Novel,IPR023341|IPR005113|IPR001194|IPR005112|IPR003343|IPR058779|IPR055094|IPR057586|IPR055095,0.009122256423346166,Liver,1,0.0001,0.000581578947368421,3.2353913229316995,False,1181.0,False,True
197,BICDL1--CABP1,Pre-existing,IPR002048|IPR002048,0.009066444269425704,Esophagus/Stomach,1,0.5,0.7926829268292683,0.1009004957408611,False,1182.0,False,False
1522,RGL1--PKP1,Pre-existing,IPR000651|IPR001895,0.008961843767917504,Head and Neck,1,0.6,0.8440483768300445,0.07363266097121902,False,1183.0,False,False
798,HOXB2--HOXB9,Pre-existing,IPR001356,0.008909823246986623,Soft Tissue,1,0.5,0.7926829268292683,0.1009004957408611,False,1184.0,False,False
1960,TRAPPC9--KCNK9,Novel,IPR058563|IPR013099,0.008907827192933426,Lung,1,0.3,0.6368876080691642,0.19593720110576304,False,1185.0,False,True
205,BRCA2--N4BP2L2,No Annotation,,0.008675536417724023,Bowel,1,0.4,0.7216326530612246,0.14168382368747812,False,1186.0,False,False
866,JMY--DMGDH,Novel,IPR031808|IPR031808|IPR032503|IPR006222|IPR013977,0.008609631557175805,Prostate,1,0.5,0.7926829268292683,0.1009004957408611,False,1187.0,False,True
481,DPYSL3--FMNL2,Pre-existing,IPR015425|IPR014767,0.008555132202037071,Bone,1,0.4,0.7216326530612246,0.14168382368747812,False,1188.0,False,False
1419,PSMC4--RXRB,Novel,IPR032501|IPR001628|IPR000536,0.00849207374578334,Pancreas,1,0.4,0.7216326530612246,0.14168382368747812,False,1189.0,False,True
1876,TGIF2--DLGAP4,No Annotation,,0.008350170947181823,Esophagus/Stomach,1,0.6,0.8440483768300445,0.07363266097121902,False,1190.0,False,False
1115,MX1--ABCG1,Pre-existing,IPR013525,0.008020425894702993,Pancreas,1,0.4,0.7216326530612246,0.14168382368747812,False,1191.0,False,False
2149,ZC3H3--EEF1D,Novel,IPR000571|IPR000571|IPR000571|IPR018940|IPR014038,0.007793595822466623,Pancreas,1,0.5,0.7926829268292683,0.1009004957408611,False,1192.0,False,True
1422,PSMD5--C5,Pre-existing,IPR009048|IPR001134,0.00777848936798145,Cervix,1,0.4,0.7216326530612246,0.14168382368747812,False,1193.0,False,False
1715,SNX8--MAD1L1,No Annotation,,0.007345283907758987,Ovary/Fallopian Tube,1,0.6,0.8440483768300445,0.07363266097121902,False,1194.0,False,False
303,CHD2--STARD9,Novel,IPR000953|IPR000953|IPR000330|IPR002913,0.006872548456570267,Bowel,1,0.7,0.8824871648602395,0.05429160239442746,False,1195.0,False,True
1143,NCEH1--SPATA16,No Annotation,,0.006474592409944642,Lymphoid,1,0.2,0.5068807339449541,0.2950942155834753,False,1196.0,False,False
1475,RAB11B--HAO2,Pre-existing,IPR000262,0.006451934002301568,Soft Tissue,1,0.5,0.7926829268292683,0.1009004957408611,False,1197.0,False,False
2080,VEZF1--ZNRF3,Pre-existing,IPR001841,0.006373567011460642,Thyroid,1,0.7,0.8824871648602395,0.05429160239442746,False,1198.0,False,False
2028,UBN2--TMEM213,Pre-existing,IPR014840,0.0059336341177321505,Biliary Tract,1,0.7,0.8824871648602395,0.05429160239442746,False,1199.0,False,False
1309,PHACTR2--ZC2HC1B,No Annotation,,0.005913864310379824,Breast,1,0.4,0.7216326530612246,0.14168382368747812,False,1200.0,False,False
675,FXN--CPT1A,No Annotation,,0.005848882534533917,Thyroid,1,0.2,0.5068807339449541,0.2950942155834753,False,1201.0,False,False
2099,VTI1B--ZFYVE26,Pre-existing,IPR000306|IPR057946,0.00578346822567552,Cervix,1,0.3,0.6368876080691642,0.19593720110576304,False,1202.0,False,False
1310,PHACTR4--ACTA2,No Annotation,,0.005210552715002944,Breast,1,0.7,0.8824871648602395,0.05429160239442746,False,1203.0,False,False
1498,RAPGEF1--NACC2,Novel,IPR000651|IPR018379,0.005205351351164636,Lung,1,0.5,0.7926829268292683,0.1009004957408611,False,1204.0,False,True
2147,ZBTB24--TRIM31,Novel,IPR000210|IPR013087|IPR013087|IPR013087|IPR013087|IPR001841|IPR000315,0.004881204868621248,Bone,1,0.5,0.7926829268292683,0.1009004957408611,False,1205.0,False,True
1340,PLA2G4A--BRINP3,Novel,IPR000008|IPR057671,0.00482439331169892,Breast,1,0.7,0.8824871648602395,0.05429160239442746,False,1206.5,False,True
211,BRINP3--PLA2G4A,Pre-existing,IPR020864|IPR057450,0.00482439331169892,Breast,1,0.6,0.8440483768300445,0.07363266097121902,False,1206.5,False,False
805,IFI16--PYHIN1,Pre-existing,IPR004020|IPR004021,0.004790637758279009,Skin,1,0.3,0.6368876080691642,0.19593720110576304,False,1208.0,False,False
480,DPY19L1--MLIP,No Annotation,,0.004267980209072351,Lung,1,0.5,0.7926829268292683,0.1009004957408611,False,1209.0,False,False
1355,PNPLA7--DPH7,Pre-existing,IPR000595,0.004261433097889594,Breast,1,0.6,0.8440483768300445,0.07363266097121902,False,1210.0,False,False
1201,NOL10--PDIA6,Pre-existing,IPR057305,0.004155521089112296,Uterus,1,0.2,0.5068807339449541,0.2950942155834753,False,1211.0,False,False
368,COLQ--ANKRD28,No Annotation,,0.00390685568586456,CNS/Brain,1,0.5,0.7926829268292683,0.1009004957408611,False,1212.0,False,False
546,EPG5--PSTPIP2,No Annotation,,0.0036673757996685957,Bowel,1,0.5,0.7926829268292683,0.1009004957408611,False,1213.0,False,False
1870,TET3--AOX1,Novel,IPR002857|IPR000674|IPR008274,0.003141321342909547,Breast,1,0.4,0.7216326530612246,0.14168382368747812,False,1214.0,False,True
1801,SUPV3L1--VPS26A,Pre-existing,IPR041453|IPR044774|IPR001650|IPR041082,0.00312783509093692,Lung,1,0.5,0.7926829268292683,0.1009004957408611,False,1215.0,False,False
859,IVD--KNSTRN,Pre-existing,IPR013786|IPR006091,0.002750432207784724,Breast,1,0.6,0.8440483768300445,0.07363266097121902,False,1216.0,False,False
779,HEPH--ADGRG4,Novel,IPR011707|IPR011707|IPR057244|IPR017981,0.0026831462627058492,Bone,1,0.1,0.3374045801526718,0.47184902630667236,False,1217.0,False,True
291,CEP128--ALDH6A1,Pre-existing,IPR015590,0.0025069964899652394,CNS/Brain,1,0.3,0.6368876080691642,0.19593720110576304,False,1218.0,False,False
172,B2M--TRIM69,No Annotation,,0.0024114988608549097,Lung,1,0.3,0.6368876080691642,0.19593720110576304,False,1219.0,False,False
252,CCDC88A--PPP4R3B,Novel,IPR001715|IPR006887,0.0022379213550767912,Lung,1,0.5,0.7926829268292683,0.1009004957408611,False,1220.0,False,True
2003,UACA--ARID1A,Pre-existing,IPR001606|IPR033388,0.0019933791354946363,Esophagus/Stomach,1,0.4,0.7216326530612246,0.14168382368747812,False,1221.5,False,False
2004,UACA--ARID1A,Pre-existing,IPR033388,0.0019933791354946363,Esophagus/Stomach,1,0.4,0.7216326530612246,0.14168382368747812,False,1221.5,False,False
376,CORO7--ANKS3,Novel,IPR015048|IPR001660,0.0015926865671470093,Esophagus/Stomach,1,0.5,0.7926829268292683,0.1009004957408611,False,1223.0,False,True
1187,NIBAN2--METRNL,Pre-existing,IPR001849,0.0015550140707462495,Esophagus/Stomach,1,0.5,0.7926829268292683,0.1009004957408611,False,1224.0,False,False
161,ATP2B4--REC114,Pre-existing,IPR004014|IPR059000|IPR044492,0.001424468236587189,CNS/Brain,1,0.3,0.6368876080691642,0.19593720110576304,False,1225.0,False,False
884,KHDC4--SSR2,No Annotation,,0.0013965146236801507,Cervix,1,0.4,0.7216326530612246,0.14168382368747812,False,1226.0,False,False
85,ANO6--VDR,Pre-existing,IPR032394,0.0013394293907148212,Soft Tissue,1,0.4,0.7216326530612246,0.14168382368747812,False,1227.0,False,False
1448,PTPRJ--MKNK2,Pre-existing,IPR003961|IPR003961|IPR003961,0.0012905696091121757,Uterus,1,0.5,0.7926829268292683,0.1009004957408611,False,1228.0,False,False
510,EFHD1--UBR3,Pre-existing,IPR002048,0.0011541363303914295,Lung,1,0.3,0.6368876080691642,0.19593720110576304,False,1229.0,False,False
1933,TOM1L2--FLII,Pre-existing,IPR007123|IPR007123|IPR007123|IPR007123|IPR007123,0.0010340859114372145,CNS/Brain,1,0.6,0.8440483768300445,0.07363266097121902,False,1230.0,False,False
931,LARP4--PKP2,No Annotation,,0.0010119645470026764,Lymphoid,1,0.4,0.7216326530612246,0.14168382368747812,False,1231.0,False,False
1046,MELK--P4HA1,Pre-existing,IPR000719|IPR048637,0.0009920134633777371,Peripheral Nervous System,1,0.8,0.9184415584415584,0.03694847316746522,False,1232.5,False,False
1255,P4HA1--MELK,Novel,IPR013547|IPR059068|IPR001772,0.0009920134633777371,Peripheral Nervous System,1,0.6,0.8440483768300445,0.07363266097121902,False,1232.5,False,True
311,CHMP4B--NCOA6,No Annotation,,0.0009537809113351198,Cervix,1,0.4,0.7216326530612246,0.14168382368747812,False,1234.0,False,False
1577,RPS6KB1--CLTC,No Annotation,,0.0008853980651534477,Breast,1,0.3,0.6368876080691642,0.19593720110576304,False,1235.0,False,False
1137,NBAS--MDM2,Pre-existing,IPR003121|IPR001876|IPR001841,0.000765751251061042,Peripheral Nervous System,1,0.5,0.7926829268292683,0.1009004957408611,False,1236.0,False,False
1520,RFC1--AGT,Novel,IPR001357|IPR023796,0.0007046151836025694,Ovary/Fallopian Tube,1,0.8,0.9184415584415584,0.03694847316746522,False,1237.0,False,True
844,IRF9--GMPR2,Pre-existing,IPR001346,0.0006144332544535721,Lung,1,0.2,0.5068807339449541,0.2950942155834753,False,1238.0,False,False
238,CAPRIN1--CAT,Novel,IPR041637|IPR011614|IPR010582,0.0005136726701709671,Kidney,1,0.5,0.7926829268292683,0.1009004957408611,False,1239.0,False,True
279,CDK17--ELK3,Pre-existing,IPR000418,0.0001731090930943771,CNS/Brain,1,0.5,0.7926829268292683,0.1009004957408611,False,1240.0,False,False
1837,TBC1D1--PTPRO,Novel,IPR006020|IPR006020|IPR021785|IPR000195|IPR000242,-0.00012701751662709602,Liver,1,0.4,0.7216326530612246,0.14168382368747812,False,1241.0,False,True
1966,TRIO--FBXL7,Novel,IPR001251|IPR000219|IPR001849|IPR001452|IPR001810|IPR057207,-0.00012831320372539215,Breast,2,0.5,0.7926829268292683,0.1009004957408611,False,1242.0,False,True
421,CYTH1--EIF3H,Pre-existing,IPR000555|IPR045810,-0.0002219138528085779,Breast,2,0.6,0.8440483768300445,0.07363266097121902,False,1243.0,False,False
1017,MB21D2--ATP13A4,No Annotation,,-0.00023854008060602422,Esophagus/Stomach,1,0.4,0.7216326530612246,0.14168382368747812,False,1244.0,False,False
359,CNTNAP2--TPK1,Pre-existing,IPR000421|IPR001791|IPR001791|IPR000742|IPR002181,-0.0003869590612705365,Thyroid,1,0.4,0.7216326530612246,0.14168382368747812,False,1245.5,False,False
1946,TPK1--CNTNAP2,Novel,IPR007371|IPR001791|IPR000742|IPR001791|IPR003585,-0.0003869590612705365,Thyroid,1,0.4,0.7216326530612246,0.14168382368747812,False,1245.5,False,True
1899,TMEM135--CCDC81,Pre-existing,IPR031926,-0.0004134602836959045,Skin,1,0.2,0.5068807339449541,0.2950942155834753,False,1247.0,False,False
578,EXOSC1--CRTAC1,Novel,IPR025721|IPR003029|IPR001881,-0.0004813650312429814,Breast,1,0.5,0.7926829268292683,0.1009004957408611,False,1248.0,False,True
2037,ULBP1--PCMT1,No Annotation,,-0.0005243975209231061,Head and Neck,2,0.5,0.7926829268292683,0.1009004957408611,False,1249.0,False,False
1827,TANC1--SLC4A10,Pre-existing,IPR013769|IPR011531,-0.0006132293098565986,Bowel,1,0.5,0.7926829268292683,0.1009004957408611,False,1250.0,False,False
474,DOCK3--HEMK1,Pre-existing,IPR007848,-0.000656004730565431,Cervix,1,0.4,0.7216326530612246,0.14168382368747812,False,1251.0,False,False
1800,SUN1--FAM133B,Pre-existing,IPR032680|IPR040994,-0.0009045012411992015,Esophagus/Stomach,1,0.6,0.8440483768300445,0.07363266097121902,False,1252.0,False,False
1461,PXK--ROBO2,Novel,IPR001683|IPR003598|IPR003598|IPR003598|IPR003598|IPR003961|IPR003961|IPR003961,-0.0009503127299355443,Bone,1,0.5,0.7926829268292683,0.1009004957408611,False,1253.0,False,True
68,AMBRA1--ARHGAP1,Pre-existing,IPR000198,-0.0010983877252733927,Cervix,1,0.3,0.6368876080691642,0.19593720110576304,False,1254.0,False,False
682,GALNT7--SAP30,Pre-existing,IPR025718,-0.0011605223790833175,Bladder/Urinary Tract,1,0.5,0.7926829268292683,0.1009004957408611,False,1255.0,False,False
477,DOK6--CCDC102B,No Annotation,,-0.0013338234543186812,Lung,1,0.6,0.8440483768300445,0.07363266097121902,False,1256.0,False,False
140,ARPP19--GNB5,Pre-existing,IPR001632|IPR001632,-0.0013395965346984576,Kidney,1,0.3,0.6368876080691642,0.19593720110576304,False,1257.0,False,False
98,APTX--NOL6,Novel,IPR041388|IPR035371,-0.0013867291444919286,Lung,1,0.6,0.8440483768300445,0.07363266097121902,False,1258.0,False,True
143,ASAP1--STMN2,No Annotation,,-0.0015138001102992377,Bone,1,0.3,0.6368876080691642,0.19593720110576304,False,1259.0,False,False
1332,PIP4K2A--NEBL,Pre-existing,IPR001452,-0.0015890362552719584,Lymphoid,1,0.5,0.7926829268292683,0.1009004957408611,False,1260.0,False,False
1855,TCF12--GABPB1,No Annotation,,-0.0016470548617386269,Soft Tissue,1,0.7,0.8824871648602395,0.05429160239442746,False,1261.0,False,False
718,GNAI2--RBM6,Pre-existing,IPR000504|IPR035617|IPR000467,-0.0017899962538541966,Myeloid,1,0.5,0.7926829268292683,0.1009004957408611,False,1262.0,False,False
892,KIF1B--SH2D1B,Pre-existing,IPR001752|IPR032405|IPR000253|IPR022140,-0.0018544346353085786,Biliary Tract,1,0.5,0.7926829268292683,0.1009004957408611,False,1263.0,False,False
2022,UBE3C--TNNC1,Pre-existing,IPR002048|IPR002048,-0.0021467956116609215,Ovary/Fallopian Tube,1,0.6,0.8440483768300445,0.07363266097121902,False,1264.0,False,False
1232,NUP107--ANO1,No Annotation,,-0.0022843044139176857,Peripheral Nervous System,1,0.4,0.7216326530612246,0.14168382368747812,False,1265.0,False,False
2027,UBN1--UBALD1,Pre-existing,IPR014840,-0.0023202925107711006,Ovary/Fallopian Tube,2,0.6,0.8440483768300445,0.07363266097121902,False,1266.0,False,False
1858,TCF12--UNC13C,Pre-existing,IPR000008,-0.002644055016159809,Soft Tissue,1,0.6,0.8440483768300445,0.07363266097121902,False,1267.0,False,False
19,ACIN1--EFS,Pre-existing,IPR001452|IPR021901,-0.002921162732683516,Esophagus/Stomach,1,0.7,0.8824871648602395,0.05429160239442746,False,1268.0,False,False
981,LSM2--DLK2,Pre-existing,IPR000742|IPR000742|IPR000742|IPR000742|IPR000742|IPR000742,-0.002930654088595122,Head and Neck,1,0.5,0.7926829268292683,0.1009004957408611,False,1269.0,False,False
2121,WWC2--TENM3,Novel,IPR001202|IPR022385|IPR028916,-0.003125693871045429,Lymphoid,1,0.3,0.6368876080691642,0.19593720110576304,False,1270.0,False,True
1162,NEMP2--DHRS7C,No Annotation,,-0.003226153421206149,Bone,1,0.6,0.8440483768300445,0.07363266097121902,False,1271.0,False,False
240,CAPZB--OSBP2,No Annotation,,-0.003279116590400189,Ovary/Fallopian Tube,1,0.5,0.7926829268292683,0.1009004957408611,False,1272.0,False,False
1081,MON2--USP15,No Annotation,,-0.003352313170134527,Breast,1,0.6,0.8440483768300445,0.07363266097121902,False,1273.0,False,False
141,ARVCF--TXNRD2,Pre-existing,IPR004099,-0.0034018903276266665,Bone,1,0.2,0.5068807339449541,0.2950942155834753,False,1274.0,False,False
1249,OVOL1--EHD1,Pre-existing,IPR031692|IPR030381|IPR040990|IPR000261,-0.003415335540273434,Head and Neck,1,0.3,0.6368876080691642,0.19593720110576304,False,1275.0,False,False
1979,TTBK2--UBR1,Pre-existing,IPR000719,-0.0035306015123345996,Lung,1,0.4,0.7216326530612246,0.14168382368747812,False,1276.0,False,False
1337,PKN1--EPS15L1,Pre-existing,IPR000261|IPR000261|IPR000261,-0.0036614297984250144,Ovary/Fallopian Tube,1,0.6,0.8440483768300445,0.07363266097121902,False,1277.0,False,False
1625,SCML2--BEND2,Pre-existing,IPR018379|IPR018379,-0.0038218463346954244,CNS/Brain,1,0.4,0.7216326530612246,0.14168382368747812,False,1278.0,False,False
1612,SBF2--RBBP6,Pre-existing,IPR001841,-0.00401398828508924,Skin,1,0.5,0.7926829268292683,0.1009004957408611,False,1279.0,False,False
1828,TANC1--TMCO4,No Annotation,,-0.00416231338376756,Soft Tissue,1,0.2,0.5068807339449541,0.2950942155834753,False,1280.0,False,False
1786,STN1--CCSER2,Pre-existing,IPR004365,-0.004167048756494603,Breast,1,0.4,0.7216326530612246,0.14168382368747812,False,1281.0,False,False
434,DDX52--AATF,Pre-existing,IPR025160|IPR012617,-0.004180165230868588,Lung,1,0.2,0.5068807339449541,0.2950942155834753,False,1282.0,False,False
2076,VCL--ZSWIM8,Pre-existing,IPR048370,-0.004291463489177499,Head and Neck,1,0.3,0.6368876080691642,0.19593720110576304,False,1283.0,False,False
719,GNAQ--OSTF1,No Annotation,,-0.00437273636568862,Peripheral Nervous System,1,0.5,0.7926829268292683,0.1009004957408611,False,1284.0,False,False
1570,RPRD1A--DTNA,Pre-existing,IPR015154|IPR000433,-0.004441123596598824,Lymphoid,1,0.6,0.8440483768300445,0.07363266097121902,False,1285.0,False,False
1368,PPHLN1--TMTC1,No Annotation,,-0.004460685222358592,Skin,1,0.6,0.8440483768300445,0.07363266097121902,False,1286.0,False,False
1314,PHF21A--ELF1,Pre-existing,IPR000418,-0.004877162915373087,Bone,1,0.4,0.7216326530612246,0.14168382368747812,False,1287.0,False,False
1478,RAB22A--PHACTR3,Pre-existing,IPR005225,-0.00496526807046422,Breast,1,0.6,0.8440483768300445,0.07363266097121902,False,1288.0,False,False
457,DMD--DCLK2,Novel,IPR001715|IPR001715|IPR000719,-0.005010708616388585,Lung,1,0.1,0.3374045801526718,0.47184902630667236,False,1289.0,False,True
350,CNNM4--PARD3B,Novel,IPR057492|IPR002550|IPR044751|IPR000644|IPR000595|IPR001478|IPR001478|IPR001478,-0.005179425960349329,Prostate,1,0.3,0.6368876080691642,0.19593720110576304,False,1290.0,False,True
2158,ZFYVE27--ARMH3,No Annotation,,-0.005264144841898716,Lymphoid,1,0.8,0.9184415584415584,0.03694847316746522,False,1291.0,False,False
1117,MYH14--ZNF473,Novel,IPR004009|IPR001609|IPR001909|IPR013087|IPR013087|IPR013087|IPR013087|IPR013087|IPR013087|IPR013087|IPR013087|IPR013087|IPR013087|IPR013087|IPR013087|IPR013087|IPR013087|IPR013087|IPR013087|IPR013087|IPR013087|IPR013087|IPR013087,-0.005755836538670043,Ovary/Fallopian Tube,1,0.4,0.7216326530612246,0.14168382368747812,False,1292.0,False,True
1811,SYNJ1--PDXK,No Annotation,,-0.005999688295717832,Breast,1,0.4,0.7216326530612246,0.14168382368747812,False,1294.0,False,False
1300,PDXK--SYNJ1,Pre-existing,IPR002013|IPR000300|IPR000504,-0.005999688295717832,Breast,1,0.7,0.8824871648602395,0.05429160239442746,False,1294.0,False,False
1812,SYNJ1--PDXK,Pre-existing,IPR013749,-0.005999688295717832,Breast,1,0.4,0.7216326530612246,0.14168382368747812,False,1294.0,False,False
577,EXOC6B--C12orf54,No Annotation,,-0.005999725900190933,Ovary/Fallopian Tube,1,0.6,0.8440483768300445,0.07363266097121902,False,1296.0,False,False
1050,METTL15--TAX1BP1,Pre-existing,IPR041611|IPR012852|IPR041641|IPR041641,-0.006730427813799206,Bone,1,0.3,0.6368876080691642,0.19593720110576304,False,1297.0,False,False
517,EHBP1--MDH1,Novel,IPR019448|IPR001236|IPR022383,-0.0067756599365885505,Head and Neck,1,0.6,0.8440483768300445,0.07363266097121902,False,1298.5,False,True
518,EHBP1--MDH1,Novel,IPR019448|IPR022383,-0.0067756599365885505,Head and Neck,1,0.4,0.7216326530612246,0.14168382368747812,False,1298.5,False,True
1829,TANC2--CA4,No Annotation,,-0.006974776968288786,Breast,1,0.3,0.6368876080691642,0.19593720110576304,False,1300.0,False,False
1509,RBMS1--ITGB6,Pre-existing,IPR040622|IPR057073|IPR013111|IPR013111|IPR012896|IPR014836,-0.007026364844585756,Esophagus/Stomach,1,0.3,0.6368876080691642,0.19593720110576304,False,1301.0,False,False
526,EIF3K--CYP39A1,No Annotation,,-0.007088990506737197,Breast,1,0.5,0.7926829268292683,0.1009004957408611,False,1302.0,False,False
1763,SS18L1--MYH15,Pre-existing,IPR002928,-0.007100136483807924,Esophagus/Stomach,1,0.4,0.7216326530612246,0.14168382368747812,False,1303.0,False,False
967,LRCH1--NADSYN1,Pre-existing,IPR022310,-0.007309877151151951,Breast,1,0.7,0.8824871648602395,0.05429160239442746,False,1304.0,False,False
2002,TYW3--CRYZ,No Annotation,,-0.0075805199846196575,Esophagus/Stomach,1,0.6,0.8440483768300445,0.07363266097121902,False,1305.0,False,False
543,ENO2--ACRBP,Pre-existing,IPR020811,-0.0077513015884756505,Lung,1,0.5,0.7926829268292683,0.1009004957408611,False,1306.0,False,False
1030,MDM1--PTPRR,Pre-existing,IPR000242,-0.008033678645495498,Bladder/Urinary Tract,1,0.7,0.8824871648602395,0.05429160239442746,False,1307.0,False,False
453,DIPK1A--EVI5,No Annotation,,-0.00813952700398056,Skin,1,0.7,0.8824871648602395,0.05429160239442746,False,1308.0,False,False
2196,ZNF71--GPATCH1,No Annotation,,-0.008535648460839984,Skin,1,0.5,0.7926829268292683,0.1009004957408611,False,1309.0,False,False
1627,SCN8A--DBF4B,Pre-existing,IPR006572,-0.008566741127183239,Skin,1,0.5,0.7926829268292683,0.1009004957408611,False,1310.0,False,False
971,LRP11--FSD1,Novel,IPR011106|IPR003649|IPR017903|IPR003961|IPR001870,-0.008727430299043975,Soft Tissue,1,0.3,0.6368876080691642,0.19593720110576304,False,1311.0,False,True
1997,TXNDC11--LITAF,Novel,IPR013766|IPR006629,-0.009136479622210581,Breast,1,0.7,0.8824871648602395,0.05429160239442746,False,1312.0,False,True
104,ARHGAP21--ODAD2,No Annotation,,-0.009167102873852126,Esophagus/Stomach,1,0.7,0.8824871648602395,0.05429160239442746,False,1313.0,False,False
446,DHX16--FLOT1,Pre-existing,IPR011545,-0.009412759845689789,Pancreas,1,0.3,0.6368876080691642,0.19593720110576304,False,1314.0,False,False
1815,SYNPO--PPARGC1B,Pre-existing,IPR000504,-0.009432021906573912,CNS/Brain,1,0.6,0.8440483768300445,0.07363266097121902,False,1315.0,False,False
1701,SMARCC1--DHX30,Pre-existing,IPR011545|IPR001650|IPR007502|IPR011709,-0.009519019492190244,CNS/Brain,1,0.4,0.7216326530612246,0.14168382368747812,False,1316.0,False,False
436,DENND1A--RALGPS1,Novel,IPR005113|IPR001194|IPR001849,-0.009775398657144916,CNS/Brain,1,0.5,0.7926829268292683,0.1009004957408611,False,1317.0,False,True
697,GCAT--GGA1,Pre-existing,IPR004152|IPR008152,-0.009965535075371228,Cervix,1,0.5,0.7926829268292683,0.1009004957408611,False,1318.0,False,False
1537,RMDN3--RAD51,Pre-existing,IPR003593|IPR020587,-0.010030499533732896,Cervix,1,0.3,0.6368876080691642,0.19593720110576304,False,1319.0,False,False
1075,MLPH--PRDM12,Novel,IPR010911|IPR013087|IPR013087|IPR013087,-0.01004380959881548,Ovary/Fallopian Tube,1,0.7,0.8824871648602395,0.05429160239442746,False,1320.0,False,True
1180,NFIX--REEP6,Pre-existing,IPR019548|IPR003619,-0.010054513439187049,Skin,1,0.5,0.7926829268292683,0.1009004957408611,False,1321.0,False,False
1442,PTPN12--PHTF2,No Annotation,,-0.010114406507181622,Esophagus/Stomach,1,0.5,0.7926829268292683,0.1009004957408611,False,1322.0,False,False
1347,PLEKHG2--MED29,No Annotation,,-0.010358809272079383,Lung,1,0.7,0.8824871648602395,0.05429160239442746,False,1323.0,False,False
1109,MTHFD1--SYNE2,Novel,IPR020630|IPR020631|IPR056887|IPR012315,-0.010498333565357329,Head and Neck,1,0.5,0.7926829268292683,0.1009004957408611,False,1324.0,False,True
20,ACOT11--ABLIM1,Pre-existing,IPR006683,-0.01056596201988827,Bowel,1,0.5,0.7926829268292683,0.1009004957408611,False,1325.0,False,False
388,CPT1A--PCTP,Pre-existing,IPR032476,-0.010648194584123284,Head and Neck,1,0.5,0.7926829268292683,0.1009004957408611,False,1326.0,False,False
497,E2F3--CDKAL1,Novel,IPR003316|IPR032198|IPR006638|IPR002792,-0.010715581483836074,Esophagus/Stomach,1,0.4,0.7216326530612246,0.14168382368747812,False,1327.0,False,True
551,EPS15L1--CALR3,Pre-existing,IPR000261|IPR000261|IPR000261,-0.01076908653655706,Peripheral Nervous System,1,0.4,0.7216326530612246,0.14168382368747812,False,1328.0,False,False
1186,NHSL1--MAP7,No Annotation,,-0.010835700442725391,Esophagus/Stomach,1,0.2,0.5068807339449541,0.2950942155834753,False,1329.0,False,False
1569,RPN2--TTI1,No Annotation,,-0.010929691579879552,Lung,1,0.6,0.8440483768300445,0.07363266097121902,False,1330.0,False,False
803,HTT--RGS12,No Annotation,,-0.010983417603185943,Breast,1,0.7,0.8824871648602395,0.05429160239442746,False,1331.0,False,False
1411,PRRC2B--NUP214,Novel,IPR009738|IPR041553,-0.011008084021268169,Lung,1,0.6,0.8440483768300445,0.07363266097121902,False,1332.0,False,True
1642,SERINC5--MICAL2,Pre-existing,IPR002938|IPR057494|IPR001715|IPR001781|IPR016103|IPR022735,-0.011156752237988444,Bowel,1,0.3,0.6368876080691642,0.19593720110576304,False,1333.0,False,False
219,C2CD2--BARX2,Novel,IPR040885|IPR000008|IPR001356,-0.0116949116411205,Uterus,1,0.3,0.6368876080691642,0.19593720110576304,False,1334.0,False,True
1484,RABGAP1L--KLHL20,Pre-existing,IPR006020|IPR022164,-0.011733516350942849,Liver,1,0.4,0.7216326530612246,0.14168382368747812,False,1335.0,False,False
1471,QPCTL--MRPL4,No Annotation,,-0.011788353569563058,Breast,1,0.2,0.5068807339449541,0.2950942155834753,False,1336.0,False,False
1714,SNX29--CIITA,Novel,IPR004012|IPR007111,-0.011867717751509965,Lung,1,0.3,0.6368876080691642,0.19593720110576304,False,1337.0,False,True
1502,RASA2--HSP90AB1,Novel,IPR000008|IPR003594,-0.011924816556180162,Ovary/Fallopian Tube,1,0.3,0.6368876080691642,0.19593720110576304,False,1338.0,False,True
657,FLVCR2--BATF,No Annotation,,-0.011970398753156062,Breast,1,0.6,0.8440483768300445,0.07363266097121902,False,1339.0,False,False
1792,STX17--INVS,No Annotation,,-0.012208947633374524,CNS/Brain,1,0.3,0.6368876080691642,0.19593720110576304,False,1340.0,False,False
2127,WWOX--VAT1L,Pre-existing,IPR001202|IPR001202,-0.012311702076453192,Kidney,1,0.4,0.7216326530612246,0.14168382368747812,False,1341.0,False,False
1982,TTC21A--GBE1,Novel,IPR056833|IPR004193|IPR006047|IPR006048,-0.012325492311431607,Biliary Tract,1,0.7,0.8824871648602395,0.05429160239442746,False,1342.0,False,True
594,FAM171A2--MYL4,Pre-existing,IPR002048,-0.012457269749887527,Lung,1,0.4,0.7216326530612246,0.14168382368747812,False,1343.0,False,False
1856,TCF12--NKAIN2,No Annotation,,-0.012565212084306734,Breast,1,0.8,0.9184415584415584,0.03694847316746522,False,1344.0,False,False
1758,SRPK1--STK38,Pre-existing,IPR000961,-0.012623958448131037,Liver,1,0.5,0.7926829268292683,0.1009004957408611,False,1345.0,False,False
282,CDK5RAP2--MEGF9,Novel,IPR012943|IPR000742|IPR000742|IPR000742,-0.012717598705637004,Breast,1,0.6,0.8440483768300445,0.07363266097121902,False,1346.0,False,True
2150,ZC3H7B--L3MBTL2,Pre-existing,IPR000571|IPR000571,-0.01291657465323065,Ovary/Fallopian Tube,1,0.4,0.7216326530612246,0.14168382368747812,False,1347.0,False,False
1906,TMEM19--SRGAP1,Pre-existing,IPR001060|IPR037451|IPR000198|IPR001452,-0.012946854827605216,CNS/Brain,1,0.8,0.9184415584415584,0.03694847316746522,False,1348.0,False,False
229,CACNA1A--CACNA1A,Pre-existing,IPR005821|IPR005821|IPR005821|IPR005821|IPR031649|IPR014873,-0.013162774399304814,CNS/Brain,1,0.5,0.7926829268292683,0.1009004957408611,True,1349.0,False,False
614,FBXO42--PI4K2B,Novel,IPR001810|IPR000403,-0.013576986949473627,Ovary/Fallopian Tube,1,0.6,0.8440483768300445,0.07363266097121902,False,1350.0,False,True
11,ABL1--BCR,Pre-existing,IPR000219|IPR001849|IPR000008|IPR000198,-0.013621292514064826,Myeloid,1,0.6,0.8440483768300445,0.07363266097121902,False,1351.5,False,False
195,BCR--ABL1,Novel,IPR015123|IPR000980|IPR000719|IPR015015,-0.013621292514064826,Myeloid,1,0.3,0.6368876080691642,0.19593720110576304,False,1351.5,False,True
2178,ZNF551--ZNF211,Pre-existing,IPR013087|IPR013087|IPR013087|IPR013087|IPR013087|IPR013087|IPR013087|IPR013087|IPR013087|IPR013087|IPR013087|IPR013087,-0.013652867974602828,Biliary Tract,1,0.6,0.8440483768300445,0.07363266097121902,False,1353.0,False,False
769,HAT1--TRMT11,Pre-existing,IPR019467,-0.013707582359276108,Myeloid,1,0.5,0.7926829268292683,0.1009004957408611,False,1354.0,False,False
920,KRT19--SLC47A1,No Annotation,,-0.01386314341649298,Esophagus/Stomach,1,0.4,0.7216326530612246,0.14168382368747812,False,1355.0,False,False
42,AFAP1L2--ABLIM1,Pre-existing,IPR003128,-0.013916225910835049,Breast,1,0.4,0.7216326530612246,0.14168382368747812,False,1356.0,False,False
310,CHMP2B--CUBN,Pre-existing,IPR000859|IPR000859|IPR000859|IPR000859|IPR000859|IPR000859|IPR000859|IPR000859|IPR000859|IPR000859|IPR000859|IPR000859|IPR000859|IPR000859|IPR000859|IPR000859|IPR000859|IPR000859|IPR000859|IPR000859|IPR000859|IPR000859,-0.01394411660533744,Head and Neck,1,0.5,0.7926829268292683,0.1009004957408611,False,1357.0,False,False
1624,SCLT1--LRBA,Pre-existing,IPR046851,-0.014366160777653847,Bone,1,0.6,0.8440483768300445,0.07363266097121902,False,1358.0,False,False
499,EBF1--ADGRV1,No Annotation,,-0.014560687346469339,Prostate,1,0.6,0.8440483768300445,0.07363266097121902,False,1359.0,False,False
269,CDC42SE2--CHSY3,No Annotation,,-0.014623406760305126,Head and Neck,1,0.3,0.6368876080691642,0.19593720110576304,False,1360.0,False,False
595,FAM184A--MAN1A1,No Annotation,,-0.014982134928108536,Peripheral Nervous System,1,0.6,0.8440483768300445,0.07363266097121902,False,1361.0,False,False
652,FLNB--SLMAP,Pre-existing,IPR001715|IPR001715,-0.015243268456848869,Lung,1,0.6,0.8440483768300445,0.07363266097121902,False,1362.0,False,False
1164,NEUROD2--TCAP,Pre-existing,IPR011598,-0.015541805029169714,Esophagus/Stomach,1,0.6,0.8440483768300445,0.07363266097121902,False,1363.0,False,False
97,APOLD1--CREBL2,Pre-existing,IPR004827,-0.015750929546816776,Esophagus/Stomach,1,0.3,0.6368876080691642,0.19593720110576304,False,1364.0,False,False
1079,MNAT1--L2HGDH,Pre-existing,IPR001841|IPR015877,-0.01600518971400944,Head and Neck,1,0.4,0.7216326530612246,0.14168382368747812,False,1365.0,False,False
59,AKAP13--PDE8A,Pre-existing,IPR057304|IPR000014|IPR002073,-0.016095724241945244,Breast,1,0.5,0.7926829268292683,0.1009004957408611,False,1366.0,False,False
1821,TADA2B--TBC1D14,Novel,IPR000433|IPR000195,-0.016325609719169697,Pleura,1,0.8,0.9184415584415584,0.03694847316746522,False,1367.0,False,True
73,ANKHD1--CYSTM1,Pre-existing,IPR028144,-0.016405196205876563,Biliary Tract,1,0.6,0.8440483768300445,0.07363266097121902,False,1368.0,False,False
865,JMJD1C--VTI1A,Pre-existing,IPR054294|IPR054504|IPR054503,-0.016552993275348385,Bone,1,0.7,0.8824871648602395,0.05429160239442746,False,1369.0,False,False
1344,PLCL2--ITPR1,Pre-existing,IPR013662|IPR005821,-0.016738932792826733,Lung,1,0.7,0.8824871648602395,0.05429160239442746,False,1370.0,False,False
66,ALKBH5--LLGL1,No Annotation,,-0.016814771787070745,Ovary/Fallopian Tube,1,0.5,0.7926829268292683,0.1009004957408611,False,1371.0,False,False
1764,SSBP4--NUP58,No Annotation,,-0.016875130181049455,Myeloid,1,0.6,0.8440483768300445,0.07363266097121902,False,1372.0,False,False
1976,TSPAN14--TMEM254,No Annotation,,-0.017247306102940937,Lung,1,0.6,0.8440483768300445,0.07363266097121902,False,1373.0,False,False
1591,RSRC1--EML4,Pre-existing,IPR055439|IPR055442,-0.017298238386569402,Lung,1,0.8,0.9184415584415584,0.03694847316746522,False,1374.0,False,False
7,ABCC2--MORN3,Pre-existing,IPR056227|IPR011527|IPR003439,-0.017351208006440924,Skin,1,0.2,0.5068807339449541,0.2950942155834753,False,1375.0,False,False
1387,PRCP--DLG2,Pre-existing,IPR001478|IPR019583|IPR001478|IPR001452|IPR008144,-0.017471000230941156,Breast,1,0.2,0.5068807339449541,0.2950942155834753,False,1376.0,False,False
841,IQGAP1--ZNF710,Novel,IPR001715|IPR001202|IPR001936|IPR000593|IPR013087|IPR013087|IPR013087|IPR013087|IPR013087|IPR013087|IPR013087|IPR013087|IPR013087|IPR013087|IPR013087,-0.017566945945274866,Esophagus/Stomach,1,0.2,0.5068807339449541,0.2950942155834753,False,1377.0,False,True
1526,RHPN2--SLC7A9,Pre-existing,IPR011072,-0.017662860060371946,Kidney,1,0.8,0.9184415584415584,0.03694847316746522,False,1378.0,False,False
1826,TANC1--PKP4,No Annotation,,-0.017777559137830773,Lung,1,0.5,0.7926829268292683,0.1009004957408611,False,1379.0,False,False
564,ETHE1--CADM4,Pre-existing,IPR003599|IPR003598|IPR003598|IPR003585,-0.01777989363762828,Ovary/Fallopian Tube,1,0.4,0.7216326530612246,0.14168382368747812,False,1380.0,False,False
380,CPEB2--CC2D2A,Novel,IPR000504|IPR000504|IPR032296|IPR000008|IPR056290|IPR056288,-0.018172718955162884,Lung,1,0.5,0.7926829268292683,0.1009004957408611,False,1381.0,False,True
1694,SMAP1--AKIRIN2,No Annotation,,-0.018176700227103063,Bone,1,0.6,0.8440483768300445,0.07363266097121902,False,1382.0,False,False
14,ABL2--PREX1,Pre-existing,IPR001478|IPR001478,-0.01819938220602505,Head and Neck,1,0.4,0.7216326530612246,0.14168382368747812,False,1383.0,False,False
1572,RPRD2--GOLPH3L,No Annotation,,-0.018308063182436787,Bowel,1,0.5,0.7926829268292683,0.1009004957408611,False,1384.0,False,False
1669,SLC17A5--CGAS,Pre-existing,IPR046903|IPR046906,-0.018375839685064843,Ovary/Fallopian Tube,1,0.7,0.8824871648602395,0.05429160239442746,False,1385.0,False,False
932,LARP4B--TSPAN33,No Annotation,,-0.018763465591747124,Lung,1,0.4,0.7216326530612246,0.14168382368747812,False,1386.0,False,False
109,ARHGAP29--COL24A1,Novel,IPR057028|IPR031160|IPR048287|IPR000885,-0.01883715305835547,Lung,1,0.8,0.9184415584415584,0.03694847316746522,False,1387.0,False,True
1035,MED13L--CLRN1,No Annotation,,-0.01891976689898267,Skin,1,0.5,0.7926829268292683,0.1009004957408611,False,1388.0,False,False
470,DNER--ELL2,Novel,IPR000742|IPR000742|IPR010844,-0.018924990341035036,Bone,1,0.3,0.6368876080691642,0.19593720110576304,False,1389.0,False,True
163,ATP6V0D1--AGRP,Pre-existing,IPR027300,-0.01916820747436349,Myeloid,1,0.6,0.8440483768300445,0.07363266097121902,False,1390.0,False,False
727,GOLPH3--DNAI2,No Annotation,,-0.019226490098480688,Ovary/Fallopian Tube,1,0.6,0.8440483768300445,0.07363266097121902,False,1391.0,False,False
515,EGLN3--MED18,No Annotation,,-0.019269746323932524,Kidney,1,0.5,0.7926829268292683,0.1009004957408611,False,1392.0,False,False
189,BCAS4--THAP8,No Annotation,,-0.01937063685283283,Uterus,1,0.7,0.8824871648602395,0.05429160239442746,False,1393.0,False,False
1083,MPZL1--POU2F1,No Annotation,,-0.019499947013608576,Esophagus/Stomach,1,0.7,0.8824871648602395,0.05429160239442746,False,1394.0,False,False
1317,PHLDB1--ARCN1,Novel,IPR000253|IPR028565,-0.01970953732563168,Uterus,1,0.7,0.8824871648602395,0.05429160239442746,False,1395.0,False,True
623,FGD6--NR2C1,No Annotation,,-0.01978491060304026,Esophagus/Stomach,1,0.7,0.8824871648602395,0.05429160239442746,False,1396.0,False,False
1197,NKD2--OXCT1,No Annotation,,-0.019887789572031453,Soft Tissue,1,0.6,0.8440483768300445,0.07363266097121902,False,1397.0,False,False
2048,USP4--AMT,Novel,IPR006615|IPR013977,-0.019992848714240265,CNS/Brain,1,0.6,0.8440483768300445,0.07363266097121902,False,1398.0,False,True
1781,STK3--MEP1A,Pre-existing,IPR000998|IPR002083|IPR000742,-0.020352821384955658,Soft Tissue,1,0.7,0.8824871648602395,0.05429160239442746,False,1399.0,False,False
1536,RLF--ZMPSTE24,Pre-existing,IPR001915,-0.020507589662664513,Ovary/Fallopian Tube,1,0.7,0.8824871648602395,0.05429160239442746,False,1400.0,False,False
994,MAN2B1--TNPO2,Novel,IPR000602|IPR058584,-0.020511890158587367,Head and Neck,1,0.5,0.7926829268292683,0.1009004957408611,False,1401.0,False,True
1991,TTLL5--IFT43,No Annotation,,-0.020554356259677317,Biliary Tract,1,0.7,0.8824871648602395,0.05429160239442746,False,1402.0,False,False
725,GNS--ANKRD26,Novel,IPR000917|IPR039497|IPR021885,-0.02061168311389356,Soft Tissue,1,0.7,0.8824871648602395,0.05429160239442746,False,1403.0,False,True
1583,RPS6KC1--KCNH1,Novel,IPR001683|IPR005821|IPR000595,-0.020737315817677134,Lymphoid,1,0.6,0.8440483768300445,0.07363266097121902,False,1404.0,False,True
64,ALG14--CNN3,Pre-existing,IPR001715,-0.02113987290784817,Ovary/Fallopian Tube,1,0.5,0.7926829268292683,0.1009004957408611,False,1405.0,False,False
2194,ZNF709--POLN,Pre-existing,IPR001098,-0.021185395840210827,Biliary Tract,1,0.6,0.8440483768300445,0.07363266097121902,False,1406.0,False,False
91,AP1M2--USP54,Pre-existing,IPR022775,-0.021325184858928196,Liver,1,0.7,0.8824871648602395,0.05429160239442746,False,1407.0,False,False
1261,PALLD--VMP1,Novel,IPR003598|IPR003598|IPR059828,-0.021345540510689237,Kidney,1,0.5,0.7926829268292683,0.1009004957408611,False,1408.0,False,True
993,MAN2A1--CDK14,Pre-existing,IPR000602|IPR015341|IPR048534|IPR011682,-0.021419024225130954,Liver,1,0.7,0.8824871648602395,0.05429160239442746,False,1409.0,False,False
1582,RPS6KB1--VMP1,Pre-existing,IPR059828,-0.021610068516660974,Cervix,1,0.6,0.8440483768300445,0.07363266097121902,False,1410.0,False,False
13,ABL1--FUBP3,Pre-existing,IPR004087|IPR004087|IPR004087|IPR004087,-0.021896399802192698,Breast,1,0.5,0.7926829268292683,0.1009004957408611,False,1411.5,False,False
12,ABL1--FUBP3,Pre-existing,IPR004087|IPR004087|IPR004087,-0.021896399802192698,Breast,1,0.7,0.8824871648602395,0.05429160239442746,False,1411.5,False,False
454,DIS3L--ZWILCH,Pre-existing,IPR033771|IPR041505,-0.021962495867337492,Myeloid,1,0.5,0.7926829268292683,0.1009004957408611,False,1413.0,False,False
2031,UBR1--ZSCAN29,Novel,IPR003126|IPR013087|IPR013087|IPR013087|IPR013087|IPR013087|IPR013087,-0.022063410495380686,Head and Neck,1,0.7,0.8824871648602395,0.05429160239442746,False,1414.0,False,True
345,CNGA1--TXK,Pre-existing,IPR000980|IPR000719,-0.02248473834105354,Biliary Tract,1,0.9,0.9548727796447432,0.020054486823310295,False,1415.0,False,False
1241,ODF2--CERCAM,No Annotation,,-0.02248893875997931,Skin,1,0.4,0.7216326530612246,0.14168382368747812,False,1416.0,False,False
2126,WWOX--VAT1L,Pre-existing,IPR001202|IPR001202,-0.022730783546705664,Lymphoid,1,0.6,0.8440483768300445,0.07363266097121902,False,1417.0,False,False
260,CCNT1--PRKAG1,Pre-existing,IPR000644|IPR000644|IPR000644|IPR000644,-0.022944666333704622,CNS/Brain,1,0.6,0.8440483768300445,0.07363266097121902,False,1418.0,False,False
406,CSTF3--EIF3M,Pre-existing,IPR000717,-0.0230290136072151,Pancreas,1,0.6,0.8440483768300445,0.07363266097121902,False,1419.0,False,False
649,FLNA--ATP6AP1,Novel,IPR001715|IPR001715|IPR046755|IPR046756,-0.023083145772907647,Uterus,1,0.7,0.8824871648602395,0.05429160239442746,False,1420.0,False,True
1242,OLA1--LRRFIP1,Pre-existing,IPR006073,-0.02342569808832269,Peripheral Nervous System,1,0.3,0.6368876080691642,0.19593720110576304,False,1421.0,False,False
984,LTBP2--BATF,Novel,IPR000742|IPR000742|IPR004827,-0.023450656698757906,Thyroid,1,0.6,0.8440483768300445,0.07363266097121902,False,1422.0,False,True
2070,VAV2--TRUB2,No Annotation,,-0.023491828897296896,Breast,1,0.7,0.8824871648602395,0.05429160239442746,False,1423.0,False,False
1168,NF2--NF2,Pre-existing,IPR046810|IPR011259,-0.023514425629366287,Ovary/Fallopian Tube,1,0.6,0.8440483768300445,0.07363266097121902,True,1424.0,False,False
328,CLPTM1L--PLEKHG4B,Pre-existing,IPR000219|IPR001849,-0.023630641820013846,Liver,1,0.6,0.8440483768300445,0.07363266097121902,False,1425.0,False,False
1410,PRPF6--HUNK,No Annotation,,-0.02364955001920871,Bowel,1,0.2,0.5068807339449541,0.2950942155834753,False,1426.0,False,False
538,EMC1--UBR4,Pre-existing,IPR058545,-0.023929954237219053,CNS/Brain,1,0.4,0.7216326530612246,0.14168382368747812,False,1427.0,False,False
1322,PICALM--CCDC81,Pre-existing,IPR011417,-0.02401078775749415,Lung,1,0.6,0.8440483768300445,0.07363266097121902,False,1428.0,False,False
1838,TBC1D13--RAPGEF1,Pre-existing,IPR000651|IPR001895,-0.024311772560103445,Soft Tissue,1,0.6,0.8440483768300445,0.07363266097121902,False,1429.0,False,False
1756,SRP14--KDM6A,Pre-existing,IPR003347|IPR048562|IPR048560,-0.024380156753299104,CNS/Brain,1,0.6,0.8440483768300445,0.07363266097121902,False,1430.0,False,False
1163,NET1--CELF2,Pre-existing,IPR000504|IPR000504,-0.024395052345215495,Lung,1,0.6,0.8440483768300445,0.07363266097121902,False,1431.0,False,False
410,CTNND1--SERPING1,Pre-existing,IPR023796,-0.024628881341333033,Cervix,1,0.8,0.9184415584415584,0.03694847316746522,False,1432.0,False,False
1211,NRG1--SCARA5,Pre-existing,IPR001190,-0.024767215508639327,Lung,1,0.7,0.8824871648602395,0.05429160239442746,False,1433.0,False,False
1019,MB21D2--FGF12,No Annotation,,-0.024841352660654795,Lung,1,0.6,0.8440483768300445,0.07363266097121902,False,1434.0,False,False
1363,POLRMT--PALM,Pre-existing,IPR029262,-0.02490859131820152,Esophagus/Stomach,1,0.1,0.3374045801526718,0.47184902630667236,False,1435.0,False,False
796,HNRNPR--TXLNA,Pre-existing,IPR041337,-0.02495945077950769,Lung,1,0.5,0.7926829268292683,0.1009004957408611,False,1436.0,False,False
1169,NF2--TCF12,Pre-existing,IPR011598,-0.025198775885153922,Pleura,1,0.6,0.8440483768300445,0.07363266097121902,False,1437.0,False,False
1908,TMEM241--NPC1,Pre-existing,IPR000731,-0.025227253453284484,Cervix,1,0.3,0.6368876080691642,0.19593720110576304,False,1438.0,False,False
902,KIRREL1--ZFYVE9,Pre-existing,IPR000306|IPR024608|IPR022557,-0.025314394627874187,Breast,1,0.5,0.7926829268292683,0.1009004957408611,False,1439.0,False,False
620,FCHSD2--NCF2,Pre-existing,IPR001452|IPR000270|IPR001452,-0.025590750035996587,Lymphoid,1,0.6,0.8440483768300445,0.07363266097121902,False,1440.0,False,False
1530,RIT1--ARHGEF2,Pre-existing,IPR002219|IPR000219|IPR001849,-0.02570760159689979,CNS/Brain,1,0.6,0.8440483768300445,0.07363266097121902,False,1441.0,False,False
1652,SFXN1--PPP2CA,Pre-existing,IPR004843,-0.02574899090280449,Kidney,1,0.7,0.8824871648602395,0.05429160239442746,False,1442.0,False,False
89,ANTXR2--TNFSF10,Novel,IPR002035|IPR008400|IPR006052,-0.025772038321833324,Lung,1,0.4,0.7216326530612246,0.14168382368747812,False,1443.0,False,True
1365,PPARG--DOCK3,Novel,IPR022590|IPR001628|IPR026800,-0.025791195291935225,Biliary Tract,1,0.4,0.7216326530612246,0.14168382368747812,False,1444.0,False,True
740,GPR39--NCKAP5,No Annotation,,-0.02587611876641876,Breast,1,0.4,0.7216326530612246,0.14168382368747812,False,1445.0,False,False
1767,ST14--APLP2,Pre-existing,IPR002223|IPR024329|IPR019543,-0.02595336459985352,Liver,1,0.3,0.6368876080691642,0.19593720110576304,False,1446.0,False,False
1103,MTAP--DNAI1,No Annotation,,-0.026104872793863903,Head and Neck,1,0.5,0.7926829268292683,0.1009004957408611,False,1447.0,False,False
409,CTNND1--RSF1,Pre-existing,IPR001965,-0.026156053740159994,CNS/Brain,1,0.7,0.8824871648602395,0.05429160239442746,False,1448.0,False,False
1311,PHACTR4--SMPDL3B,Pre-existing,IPR004843|IPR045473,-0.02621493278509128,Biliary Tract,1,0.7,0.8824871648602395,0.05429160239442746,False,1449.0,False,False
467,DNAJC3--CLDN10,No Annotation,,-0.026239962528066096,Ovary/Fallopian Tube,1,0.5,0.7926829268292683,0.1009004957408611,False,1450.0,False,False
666,FOXRED2--MYH9,Pre-existing,IPR002928,-0.02631085707356317,CNS/Brain,1,0.7,0.8824871648602395,0.05429160239442746,False,1451.0,False,False
616,FBXW4--ARMH3,Pre-existing,IPR001810,-0.026490659134452935,Uterus,1,0.8,0.9184415584415584,0.03694847316746522,False,1452.0,False,False
658,FLYWCH1--FLYWCH2,Pre-existing,IPR029279|IPR007588|IPR007588|IPR007588|IPR007588|IPR007588,-0.026688868241661473,Ovary/Fallopian Tube,1,0.5,0.7926829268292683,0.1009004957408611,False,1453.0,False,False
2119,WWC1--RARS1,Novel,IPR001202|IPR001202|IPR008909,-0.027054071785124846,Kidney,1,0.7,0.8824871648602395,0.05429160239442746,False,1454.0,False,True
811,IGF1R--LRRC28,Pre-existing,IPR000494,-0.027340747657250475,Pancreas,1,0.5,0.7926829268292683,0.1009004957408611,False,1455.0,False,False
156,ATG7--SLC9A9,Pre-existing,IPR032197,-0.02734340439240622,Ovary/Fallopian Tube,1,0.6,0.8440483768300445,0.07363266097121902,False,1456.0,False,False
1047,MELK--ZCCHC7,Pre-existing,IPR001878|IPR001878|IPR001878|IPR001878,-0.027399877790380098,Pancreas,1,0.5,0.7926829268292683,0.1009004957408611,False,1457.0,False,False
923,LACTB--NEDD4,Pre-existing,IPR001202|IPR001202|IPR001202|IPR001202|IPR000569,-0.027458575945150724,CNS/Brain,1,0.5,0.7926829268292683,0.1009004957408611,False,1458.0,False,False
1331,PIK3R3--AP2A1,Pre-existing,IPR002553|IPR008152|IPR003164,-0.027538573741470763,Lung,1,0.7,0.8824871648602395,0.05429160239442746,False,1459.0,False,False
1984,TTC28--AP1B1,Pre-existing,IPR008152|IPR015151,-0.027595060800830157,Bowel,1,0.5,0.7926829268292683,0.1009004957408611,False,1460.0,False,False
1381,PPP3CC--SLC39A14,No Annotation,,-0.02835299697596278,Soft Tissue,1,0.5,0.7926829268292683,0.1009004957408611,False,1461.0,False,False
1408,PRORP--ARHGAP5,Pre-existing,IPR000198,-0.02843559079299557,Lung,1,0.5,0.7926829268292683,0.1009004957408611,False,1462.0,False,False
1959,TRAPPC9--COL22A1,Pre-existing,IPR058563,-0.028477231030671672,Bone,1,0.7,0.8824871648602395,0.05429160239442746,False,1463.0,False,False
996,MAP2K6--TNRC6C,Pre-existing,IPR026805|IPR032226|IPR000504,-0.028488781532532585,Breast,1,0.4,0.7216326530612246,0.14168382368747812,False,1464.0,False,False
1336,PITPNA--SLC43A2,No Annotation,,-0.02860458156200496,Esophagus/Stomach,1,0.4,0.7216326530612246,0.14168382368747812,False,1465.0,False,False
1042,MED29--FREM2,No Annotation,,-0.028642431744878277,Lung,1,0.4,0.7216326530612246,0.14168382368747812,False,1466.0,False,False
962,LMF1--FOXK2,No Annotation,,-0.02864378272676886,Breast,1,0.4,0.7216326530612246,0.14168382368747812,False,1467.0,False,False
46,AFF1--PTPN13,Pre-existing,IPR000242,-0.02902275944460706,Pancreas,1,0.4,0.7216326530612246,0.14168382368747812,False,1468.0,False,False
879,KDM4C--PARD6G,Novel,IPR003349|IPR003347|IPR001965|IPR001478,-0.029047253829789055,Liver,1,0.6,0.8440483768300445,0.07363266097121902,False,1469.0,False,True
262,CCS--PACS1,No Annotation,,-0.029108255064019956,Esophagus/Stomach,1,0.6,0.8440483768300445,0.07363266097121902,False,1470.0,False,False
1607,SAMD8--ADK,No Annotation,,-0.029124864238972696,Prostate,1,0.5,0.7926829268292683,0.1009004957408611,False,1471.0,False,False
1545,RNF130--MACROD2,No Annotation,,-0.029310095664124854,Skin,1,0.4,0.7216326530612246,0.14168382368747812,False,1472.0,False,False
1391,PREX2--SDHB,Pre-existing,IPR001041|IPR017896,-0.029336018615700482,Uterus,2,0.7,0.8824871648602395,0.05429160239442746,False,1473.0,False,False
1245,OPN3--SMAP2,No Annotation,,-0.029388001883770724,Bone,1,0.4,0.7216326530612246,0.14168382368747812,False,1474.0,False,False
2124,WWOX--NUDT7,Novel,IPR001202|IPR001202|IPR000086,-0.029413433350388977,Lung,1,0.4,0.7216326530612246,0.14168382368747812,False,1475.0,False,True
676,FYTTD1--PLOD1,Pre-existing,IPR005123,-0.02967593489296646,Soft Tissue,1,0.8,0.9184415584415584,0.03694847316746522,False,1476.0,False,False
151,ASPH--SCML2,Pre-existing,IPR033763|IPR021987|IPR001660,-0.029709246288488318,Bone,1,0.5,0.7926829268292683,0.1009004957408611,False,1477.0,False,False
2123,WWOX--CLEC3A,Pre-existing,IPR001202|IPR001202,-0.02982868673893954,Lymphoid,1,0.5,0.7926829268292683,0.1009004957408611,False,1478.0,False,False
1056,MGST1--CACNA1C,Pre-existing,IPR031688,-0.02998218459681421,Cervix,1,0.7,0.8824871648602395,0.05429160239442746,False,1479.0,False,False
2135,XYLB--GOLGA4,Pre-existing,IPR018484,-0.030013322269117872,Esophagus/Stomach,1,0.7,0.8824871648602395,0.05429160239442746,False,1480.0,False,False
608,FBXL20--CHRDL2,Pre-existing,IPR001007|IPR001007|IPR045716,-0.03017432137166745,Esophagus/Stomach,1,0.7,0.8824871648602395,0.05429160239442746,False,1481.0,False,False
852,ITGB6--RBMS1,Pre-existing,IPR002369|IPR040622|IPR057073|IPR013111|IPR013111,-0.03023165818997952,Breast,1,0.7,0.8824871648602395,0.05429160239442746,False,1482.0,False,False
1060,MICALL1--FBLN2,Novel,IPR001715|IPR001781|IPR000742|IPR000020|IPR000020|IPR000742|IPR000742|IPR000742|IPR000742|IPR000742|IPR000742|IPR000742|IPR000742|IPR000742|IPR000742|IPR055088,-0.030274634091782243,Uterus,1,0.5,0.7926829268292683,0.1009004957408611,False,1483.0,False,True
861,JAK2--PCM1,Pre-existing,IPR000299|IPR000980,-0.03033591277847402,Lymphoid,1,0.7,0.8824871648602395,0.05429160239442746,False,1484.5,False,False
1279,PCM1--JAK2,Pre-existing,IPR000719,-0.03033591277847402,Lymphoid,1,0.5,0.7926829268292683,0.1009004957408611,False,1484.5,False,False
1384,PPP6R2--SELENOO,No Annotation,,-0.030336002818748625,Uterus,1,0.6,0.8440483768300445,0.07363266097121902,False,1486.0,False,False
251,CCDC85C--SETD3,Pre-existing,IPR015353,-0.030337751668770133,Breast,2,0.4,0.7216326530612246,0.14168382368747812,False,1487.0,False,False
1884,TIA1--SLC49A4,No Annotation,,-0.03061332784711289,Prostate,1,0.3,0.6368876080691642,0.19593720110576304,False,1488.0,False,False
502,ECPAS--SUSD1,Pre-existing,IPR024372|IPR055444,-0.030744921767782048,Esophagus/Stomach,1,0.4,0.7216326530612246,0.14168382368747812,False,1489.0,False,False
2114,WNK1--ERC1,Novel,IPR000719|IPR024678|IPR019018,-0.031368515577495294,Esophagus/Stomach,1,0.6,0.8440483768300445,0.07363266097121902,False,1490.0,False,True
1000,MAP3K3--MRC2,Pre-existing,IPR000772|IPR000562|IPR001304|IPR001304|IPR001304|IPR001304|IPR001304|IPR001304|IPR001304|IPR001304,-0.03150330560785321,Pancreas,1,0.6,0.8440483768300445,0.07363266097121902,False,1491.0,False,False
1558,RNH1--RNH1,No Annotation,,-0.03169090236821265,Bladder/Urinary Tract,1,0.5,0.7926829268292683,0.1009004957408611,True,1492.0,False,False
1229,NUCB1--TULP2,Pre-existing,IPR057576|IPR002048,-0.03199824259707837,Kidney,1,0.5,0.7926829268292683,0.1009004957408611,False,1493.0,False,False
162,ATP2C1--FAIM,No Annotation,,-0.03212161068953025,Liver,1,0.6,0.8440483768300445,0.07363266097121902,False,1494.0,False,False
560,ERP44--RIN2,Pre-existing,IPR000159,-0.03227703209854976,Breast,1,0.6,0.8440483768300445,0.07363266097121902,False,1495.0,False,False
2094,VSIG10--WSB2,Novel,IPR003598|IPR003598|IPR007110|IPR003598|IPR001496,-0.03231381151080409,CNS/Brain,1,0.7,0.8824871648602395,0.05429160239442746,False,1496.0,False,True
1734,SPECC1--NTN1,Pre-existing,IPR001134,-0.03235765995419852,Liver,1,0.7,0.8824871648602395,0.05429160239442746,False,1497.0,False,False
445,DHRS7B--MAP2K3,No Annotation,,-0.032617660425187725,Biliary Tract,1,0.5,0.7926829268292683,0.1009004957408611,False,1498.0,False,False
712,GLYR1--PPL,Novel,IPR000313|IPR006115|IPR058847|IPR058847,-0.03303584620362786,Bone,1,0.9,0.9548727796447432,0.020054486823310295,False,1499.0,False,True
813,IGF2R--MTHFD1L,Pre-existing,IPR044865|IPR044865|IPR044865|IPR044865|IPR044865|IPR044865|IPR044865|IPR044865|IPR044865|IPR044865|IPR044865,-0.03335469431834165,Soft Tissue,1,0.5,0.7926829268292683,0.1009004957408611,False,1500.0,False,False
1744,SPRING1--ATP10A,Pre-existing,IPR032630,-0.03338068493363505,Breast,1,0.1,0.3374045801526718,0.47184902630667236,False,1501.0,False,False
37,ADK--VCL,No Annotation,,-0.033426191840613136,Ovary/Fallopian Tube,1,0.6,0.8440483768300445,0.07363266097121902,False,1502.0,False,False
1634,SEC31A--LIN54,Novel,IPR024298|IPR005172,-0.03354035292253926,Cervix,1,0.6,0.8440483768300445,0.07363266097121902,False,1503.0,False,True
548,EPHB2--LYPLA2,Pre-existing,IPR003140,-0.03377019580396089,CNS/Brain,1,0.6,0.8440483768300445,0.07363266097121902,False,1504.0,False,False
1333,PIP5K1A--PRUNE1,Pre-existing,IPR001667|IPR004097,-0.03387760862406075,Ovary/Fallopian Tube,1,0.9,0.9548727796447432,0.020054486823310295,False,1505.0,False,False
1465,PYGO1--MAPK6,No Annotation,,-0.03428678507967288,Lung,1,0.7,0.8824871648602395,0.05429160239442746,False,1506.0,False,False
1174,NFE2L2--PTPN18,No Annotation,,-0.03436365995371801,Soft Tissue,1,0.5,0.7926829268292683,0.1009004957408611,False,1507.0,False,False
1930,TNS3--PKD1L1,Novel,IPR000387|IPR014020|IPR001024|IPR046791|IPR013122,-0.03452791004855742,Lung,1,0.6,0.8440483768300445,0.07363266097121902,False,1508.0,False,True
1529,RIMS2--MICU3,Pre-existing,IPR002048|IPR002048,-0.034631635783306206,Lung,1,0.5,0.7926829268292683,0.1009004957408611,False,1509.0,False,False
1730,SPART--COG6,Pre-existing,IPR007330,-0.03465980028681448,Soft Tissue,1,0.8,0.9184415584415584,0.03694847316746522,False,1510.0,False,False
217,C1orf21--ODR4,No Annotation,,-0.03467040942646497,Lung,1,0.5,0.7926829268292683,0.1009004957408611,False,1511.0,False,False
347,CNN2--ARID3A,Novel,IPR001715|IPR001606|IPR023334,-0.034698069413663116,Ovary/Fallopian Tube,1,0.8,0.9184415584415584,0.03694847316746522,False,1512.0,False,True
858,ITPRID2--PPP1R1C,No Annotation,,-0.034947435452312575,Pancreas,1,0.6,0.8440483768300445,0.07363266097121902,False,1513.0,False,False
1221,NSMF--PNPLA7,Novel,IPR058542|IPR002641,-0.03513490176085071,Lung,1,0.6,0.8440483768300445,0.07363266097121902,False,1514.0,False,True
1329,PIK3C2A--USH1C,Novel,IPR000341|IPR000008|IPR001263|IPR001478,-0.03712499849249661,Esophagus/Stomach,1,0.7,0.8824871648602395,0.05429160239442746,False,1515.0,False,True
1610,SART3--SELPLG,No Annotation,,-0.03731304128082227,Lymphoid,1,0.5,0.7926829268292683,0.1009004957408611,False,1516.0,False,False
253,CCDC88A--PPP4R3B,Pre-existing,IPR006887,-0.03732018900676429,Peripheral Nervous System,1,0.7,0.8824871648602395,0.05429160239442746,False,1517.0,False,False
1773,ST7--MET,Pre-existing,IPR001627|IPR016201|IPR002909|IPR002909|IPR002909|IPR002909|IPR000719,-0.03748755158152043,Cervix,1,0.7,0.8824871648602395,0.05429160239442746,False,1518.0,False,False
617,FCHO1--ABCA4,Novel,IPR001060|IPR013525|IPR003439|IPR056264,-0.03782157675862795,Lung,1,0.8,0.9184415584415584,0.03694847316746522,False,1519.0,False,True
1929,TNS3--H2AZ2,Pre-existing,IPR007125|IPR032454,-0.03809577864241099,Myeloid,1,0.6,0.8440483768300445,0.07363266097121902,False,1520.0,False,False
26,ADAM9--ANKFY1,Pre-existing,IPR000306,-0.03825382315407489,Bone,1,0.6,0.8440483768300445,0.07363266097121902,False,1521.0,False,False
1499,RAPGEF4--MELK,Novel,IPR000595|IPR000591|IPR000595|IPR000651|IPR048637|IPR001772,-0.038288698054873796,Myeloid,1,0.5,0.7926829268292683,0.1009004957408611,False,1522.0,False,True
1987,TTC4--MROH7,Novel,IPR044059|IPR055406,-0.03854096553891556,Breast,1,0.8,0.9184415584415584,0.03694847316746522,False,1523.0,False,True
746,GRHL2--MAP2K2,Pre-existing,IPR000719,-0.03887101722622144,Bowel,1,0.8,0.9184415584415584,0.03694847316746522,False,1524.0,False,False
1722,SOX5--PTPN22,No Annotation,,-0.03918299572348806,Lung,1,0.9,0.9548727796447432,0.020054486823310295,False,1525.0,False,False
1184,NFXL1--GABRB1,Pre-existing,IPR006029,-0.039394831947273674,Esophagus/Stomach,1,0.9,0.9548727796447432,0.020054486823310295,False,1526.0,False,False
494,DYRK3--GAR1,No Annotation,,-0.03947389080613747,Soft Tissue,1,0.6,0.8440483768300445,0.07363266097121902,False,1527.0,False,False
105,ARHGAP22--FRMPD2,Pre-existing,IPR011019|IPR000299|IPR001478|IPR001478|IPR001478,-0.03980329817902695,Bone,1,0.6,0.8440483768300445,0.07363266097121902,False,1528.0,False,False
239,CAPRIN2--TMEM117,Pre-existing,IPR041637,-0.03982130229583175,Lung,1,0.8,0.9184415584415584,0.03694847316746522,False,1529.0,False,False
245,CBFA2T3--GALNS,No Annotation,,-0.039893585015919844,Myeloid,2,0.8,0.9184415584415584,0.03694847316746522,False,1530.0,False,False
1145,NCKAP5L--FAIM2,Pre-existing,IPR032769,-0.03994992334579377,Thyroid,1,0.4,0.7216326530612246,0.14168382368747812,False,1531.0,False,False
2092,VPS53--GLOD4,Pre-existing,IPR037523,-0.04008100169199874,Head and Neck,1,0.6,0.8440483768300445,0.07363266097121902,False,1532.0,False,False
186,BAZ2A--PRIM1,No Annotation,,-0.040314743768416025,Lymphoid,1,0.6,0.8440483768300445,0.07363266097121902,False,1533.0,False,False
1771,ST7--ATP6V0A4,No Annotation,,-0.040586731452398134,Esophagus/Stomach,1,0.7,0.8824871648602395,0.05429160239442746,False,1534.0,False,False
1750,SREK1--HOMER1,Novel,IPR000504|IPR000697,-0.040854683922703555,Breast,1,0.7,0.8824871648602395,0.05429160239442746,False,1535.5,False,True
797,HOMER1--SREK1,No Annotation,,-0.040854683922703555,Breast,1,0.6,0.8440483768300445,0.07363266097121902,False,1535.5,False,False
1970,TRMT11--NCOA7,Pre-existing,IPR006571,-0.040960786502172955,Breast,1,0.9,0.9548727796447432,0.020054486823310295,False,1537.0,False,False
1663,SKA1--NBAS,Pre-existing,IPR054751,-0.04116648239795559,Eye,1,0.6,0.8440483768300445,0.07363266097121902,False,1538.0,False,False
1414,PRSS22--ZSCAN10,Pre-existing,IPR013087|IPR013087|IPR013087|IPR013087|IPR013087|IPR013087|IPR013087|IPR013087|IPR013087|IPR013087|IPR013087|IPR013087|IPR013087|IPR013087,-0.04126869873602186,Breast,1,0.7,0.8824871648602395,0.05429160239442746,False,1539.0,False,False
1181,NFIX--ZNF93,Novel,IPR019548|IPR003619|IPR001909|IPR013087|IPR013087|IPR013087|IPR013087|IPR013087|IPR013087|IPR013087|IPR013087|IPR013087|IPR013087|IPR013087|IPR013087|IPR013087|IPR013087|IPR013087|IPR013087|IPR013087,-0.041378902696034524,Myeloid,1,0.7,0.8824871648602395,0.05429160239442746,False,1540.0,False,True
145,ASAP2--TONSL,No Annotation,,-0.04142765499291397,Bowel,1,0.6,0.8440483768300445,0.07363266097121902,False,1541.0,False,False
822,IL6ST--GRM8,Novel,IPR010457|IPR003961|IPR003961|IPR003961|IPR011500|IPR017978,-0.041462180666848744,Skin,1,0.5,0.7926829268292683,0.1009004957408611,False,1542.0,False,True
1236,NUP210--SLC6A6,Pre-existing,IPR055096|IPR055097|IPR055098|IPR056897|IPR056898|IPR055099,-0.04155272324618431,Bladder/Urinary Tract,1,0.3,0.6368876080691642,0.19593720110576304,False,1543.0,False,False
2033,UBXN4--LCT,No Annotation,,-0.04184999735060791,Soft Tissue,1,0.6,0.8440483768300445,0.07363266097121902,False,1544.0,False,False
1259,PACS1--SART1,No Annotation,,-0.041993326247336205,Soft Tissue,1,0.6,0.8440483768300445,0.07363266097121902,False,1545.0,False,False
1425,PTBP2--GRIA4,Pre-existing,IPR001320,-0.042218639036392065,Biliary Tract,2,0.6,0.8440483768300445,0.07363266097121902,False,1546.0,False,False
84,ANO6--BEST3,No Annotation,,-0.042359243653084404,Skin,1,0.5,0.7926829268292683,0.1009004957408611,False,1547.0,False,False
1335,PIP5K1C--NFIC,Novel,IPR002498|IPR019548|IPR003619,-0.04261692745322773,Liver,1,0.7,0.8824871648602395,0.05429160239442746,False,1548.0,False,True
1159,NEK6--INIP,No Annotation,,-0.04305748919764922,Bowel,1,0.6,0.8440483768300445,0.07363266097121902,False,1549.0,False,False
309,CHML--SMAP2,No Annotation,,-0.04307571647116158,Bone,1,0.6,0.8440483768300445,0.07363266097121902,False,1550.0,False,False
1677,SLC26A6--PRKAR2A,Novel,IPR011547|IPR000595|IPR000595,-0.043967330066762275,Breast,1,0.6,0.8440483768300445,0.07363266097121902,False,1551.0,False,True
1445,PTPRB--KRT2,Pre-existing,IPR003961|IPR003961,-0.04401120840253955,Soft Tissue,1,0.6,0.8440483768300445,0.07363266097121902,False,1552.0,False,False
1626,SCML2--SH3KBP1,No Annotation,,-0.04447410518747591,Ovary/Fallopian Tube,1,0.5,0.7926829268292683,0.1009004957408611,False,1553.0,False,False
598,FANCA--CDK10,Novel,IPR031729|IPR055386|IPR055387|IPR000719,-0.04456655981536128,Lung,1,1.0,1.0,-0.0,False,1554.0,False,True
1901,TMEM135--NOX4,Pre-existing,IPR013130|IPR013112|IPR013121,-0.04476649354598383,Soft Tissue,1,0.6,0.8440483768300445,0.07363266097121902,False,1555.0,False,False
801,HSD17B4--TNFAIP8,Pre-existing,IPR057326|IPR054357|IPR002539,-0.04482149881703155,Lung,1,0.7,0.8824871648602395,0.05429160239442746,False,1556.0,False,False
1460,PXK--FLNB,No Annotation,,-0.04494930034993268,Lymphoid,1,0.6,0.8440483768300445,0.07363266097121902,False,1557.0,False,False
1398,PRKCH--SLC38A6,Pre-existing,IPR000008|IPR002219,-0.04514336061983162,Skin,1,0.5,0.7926829268292683,0.1009004957408611,False,1558.0,False,False
299,CFI--TBCK,Pre-existing,IPR001763,-0.04531222560768962,Skin,1,0.6,0.8440483768300445,0.07363266097121902,False,1559.0,False,False
710,GLRB--LRBA,Pre-existing,IPR046851,-0.04542770677187292,Pancreas,1,0.4,0.7216326530612246,0.14168382368747812,False,1560.0,False,False
1639,SENP2--MAP3K13,No Annotation,,-0.04551843395579117,Ovary/Fallopian Tube,1,0.7,0.8824871648602395,0.05429160239442746,False,1561.0,False,False
1803,SVIP--CCDC179,No Annotation,,-0.04556617126601553,Bladder/Urinary Tract,1,0.5,0.7926829268292683,0.1009004957408611,False,1562.0,False,False
352,CNOT2--PTPRR,Pre-existing,IPR000242,-0.045597922854335275,Ovary/Fallopian Tube,1,0.8,0.9184415584415584,0.03694847316746522,False,1563.0,False,False
1450,PTPRK--RSPO3,Pre-existing,IPR043601|IPR044004,-0.04606674485867704,Biliary Tract,1,0.8,0.9184415584415584,0.03694847316746522,False,1564.0,False,False
292,CEP128--GTF2A1,No Annotation,,-0.04622903050471511,Lung,1,0.6,0.8440483768300445,0.07363266097121902,False,1565.0,False,False
618,FCHSD2--CARNS1,Novel,IPR001060|IPR041472|IPR011761,-0.046246361669289054,Lymphoid,1,0.7,0.8824871648602395,0.05429160239442746,False,1566.0,False,True
1476,RAB11FIP3--CAPN15,Novel,IPR002048|IPR001876|IPR001876|IPR001876|IPR001876|IPR001876|IPR001300,-0.046262264504588424,Myeloid,1,0.4,0.7216326530612246,0.14168382368747812,False,1567.0,False,True
168,ATXN2--UNC5C,Pre-existing,IPR057755|IPR003598|IPR000906|IPR033772|IPR000488,-0.04630552754741696,Lung,1,0.5,0.7926829268292683,0.1009004957408611,False,1568.0,False,False
1693,SLK--DNAH5,No Annotation,,-0.046588714595958494,Lymphoid,1,0.7,0.8824871648602395,0.05429160239442746,False,1569.0,False,False
1810,SYNE2--REC114,Pre-existing,IPR001715|IPR001715|IPR057057,-0.046603684473993774,Bone,1,0.4,0.7216326530612246,0.14168382368747812,False,1570.0,False,False
273,CDH1--CDH3,Pre-existing,IPR002126|IPR002126|IPR002126|IPR002126|IPR002126|IPR000233,-0.04671814991895854,Breast,1,0.9,0.9548727796447432,0.020054486823310295,False,1571.0,False,False
782,HIF1A--PRKCH,Pre-existing,IPR002219|IPR000719|IPR000961,-0.046979187868099875,Lung,1,0.8,0.9184415584415584,0.03694847316746522,False,1572.0,False,False
1839,TBC1D2--GABBR2,Novel,IPR001849|IPR041689,-0.04700720156924114,Biliary Tract,1,0.8,0.9184415584415584,0.03694847316746522,False,1573.0,False,True
1185,NGFR--SPAG9,Pre-existing,IPR001368|IPR001368|IPR001368|IPR001368,-0.04723339887334532,Breast,1,0.8,0.9184415584415584,0.03694847316746522,False,1574.5,False,False
1726,SPAG9--NGFR,Novel,IPR034743|IPR032486|IPR034744|IPR041448|IPR000488,-0.04723339887334532,Breast,1,0.4,0.7216326530612246,0.14168382368747812,False,1574.5,False,True
1069,MKRN2--TSEN2,No Annotation,,-0.047391965512137244,Esophagus/Stomach,1,0.5,0.7926829268292683,0.1009004957408611,False,1576.0,False,False
1749,SREBF2--MEI1,No Annotation,,-0.047642416079583305,Myeloid,1,0.8,0.9184415584415584,0.03694847316746522,False,1577.0,False,False
583,EZH1--BRCA1,Pre-existing,IPR001357|IPR001357,-0.047646195380540504,CNS/Brain,1,0.4,0.7216326530612246,0.14168382368747812,False,1578.0,False,False
1126,NADSYN1--TESMIN,Pre-existing,IPR003010,-0.04781123929855545,Lung,1,0.5,0.7926829268292683,0.1009004957408611,False,1579.0,False,False
792,HMGA2--PRRC2C,No Annotation,,-0.04794638685630832,Soft Tissue,1,0.6,0.8440483768300445,0.07363266097121902,False,1580.0,False,False
636,FGFR3--TACC3,Novel,IPR003598|IPR003598|IPR003598|IPR000719|IPR007707,-0.04802809084617009,Bladder/Urinary Tract,1,0.8,0.9184415584415584,0.03694847316746522,False,1581.0,False,True
1745,SPTAN1--GLE1,No Annotation,,-0.04833315948938221,Breast,1,0.5,0.7926829268292683,0.1009004957408611,False,1582.0,False,False
1793,STX17--NR4A3,No Annotation,,-0.048479804534503214,CNS/Brain,1,0.9,0.9548727796447432,0.020054486823310295,False,1583.0,False,False
1532,RLF--MYCL,Pre-existing,IPR012682|IPR012682|IPR012682|IPR011598,-0.04850451282319868,Lung,2,0.8,0.9184415584415584,0.03694847316746522,False,1584.0,False,False
581,EXT1--PCMTD1,No Annotation,,-0.048522037777100104,Biliary Tract,1,0.6,0.8440483768300445,0.07363266097121902,False,1585.0,False,False
957,LIMK2--PPP2CA,Novel,IPR001781|IPR004843,-0.048889228587893414,Ovary/Fallopian Tube,1,0.6,0.8440483768300445,0.07363266097121902,False,1586.0,False,True
1875,TFG--ALK,Pre-existing,IPR000270|IPR000719,-0.04897058406377913,Lymphoid,1,0.8,0.9184415584415584,0.03694847316746522,False,1587.0,False,False
1139,NBR1--MYH11,Pre-existing,IPR000270|IPR000433|IPR032350,-0.04920568487012668,Head and Neck,1,0.7,0.8824871648602395,0.05429160239442746,False,1588.0,False,False
1618,SCAP--MAP4,No Annotation,,-0.049358067769255165,Head and Neck,1,0.4,0.7216326530612246,0.14168382368747812,False,1589.0,False,False
764,HACD2--MYLK,Pre-existing,IPR003598|IPR003598|IPR003598|IPR003598|IPR003598|IPR003598|IPR003598|IPR003598|IPR003961|IPR000719|IPR003598,-0.04947604221920417,Breast,1,0.6,0.8440483768300445,0.07363266097121902,False,1590.5,False,False
765,HACD2--MYLK,Pre-existing,IPR003598|IPR003598|IPR003598|IPR003598|IPR003598|IPR003598|IPR003598|IPR003961|IPR000719|IPR003598,-0.04947604221920417,Breast,1,0.6,0.8440483768300445,0.07363266097121902,False,1590.5,False,False
576,EXOC4--LRGUK,Pre-existing,IPR007191|IPR048630,-0.04974744982705634,Bone,1,0.5,0.7926829268292683,0.1009004957408611,False,1592.0,False,False
1250,OXR1--ANGPT1,Pre-existing,IPR057439|IPR002181,-0.04991429820731581,Bone,1,0.7,0.8824871648602395,0.05429160239442746,False,1593.0,False,False
2074,VCL--ADK,No Annotation,,-0.050001719068874365,Bowel,1,1.0,1.0,-0.0,False,1594.0,False,False
342,CLTCL1--CSMD1,Pre-existing,IPR000859|IPR000436|IPR000859|IPR000436|IPR000859|IPR000436|IPR000859|IPR000436|IPR000859|IPR000436|IPR000859|IPR000436|IPR000859|IPR000436|IPR000436|IPR000436|IPR000436|IPR000436|IPR000436|IPR000436|IPR000436|IPR000436|IPR000436|IPR000436|IPR000436|IPR000436|IPR000436|IPR000436,-0.05000434422346664,Skin,1,0.6,0.8440483768300445,0.07363266097121902,False,1595.0,False,False
349,CNN3--ALG14,No Annotation,,-0.05003132512889558,Biliary Tract,1,0.4,0.7216326530612246,0.14168382368747812,False,1596.0,False,False
985,LTBP2--FAF1,Novel,IPR000742|IPR000742|IPR001012,-0.050196171780433334,Biliary Tract,1,0.5,0.7926829268292683,0.1009004957408611,False,1597.0,False,True
748,GRK3--KIAA1671,Novel,IPR016137|IPR032764,-0.05032771319942862,Esophagus/Stomach,1,0.8,0.9184415584415584,0.03694847316746522,False,1598.0,False,True
464,DNAJB6--UBE3C,Pre-existing,IPR001623,-0.05035918134202089,Esophagus/Stomach,1,0.4,0.7216326530612246,0.14168382368747812,False,1599.0,False,False
772,HDAC5--HOXB7,Pre-existing,IPR001356,-0.05085939531633299,Ovary/Fallopian Tube,1,0.6,0.8440483768300445,0.07363266097121902,False,1600.0,False,False
319,CLEC16A--ATF7IP2,Novel,IPR019155|IPR003961,-0.05113333624190326,Lung,1,0.4,0.7216326530612246,0.14168382368747812,False,1601.0,False,True
213,BRWD3--HMGN5,Pre-existing,IPR057452,-0.05129943047245894,Lung,1,0.9,0.9548727796447432,0.020054486823310295,False,1602.0,False,False
641,FHOD3--ELP2,Pre-existing,IPR014768,-0.05151812529855558,Peripheral Nervous System,1,0.7,0.8824871648602395,0.05429160239442746,False,1603.0,False,False
185,BATF--TTLL5,No Annotation,,-0.05195044338698644,Lymphoid,1,0.6,0.8440483768300445,0.07363266097121902,False,1604.0,False,False
1985,TTC39C--LAMA3,Pre-existing,IPR000742|IPR009254|IPR010307|IPR001791|IPR001791|IPR001791|IPR001791|IPR001791,-0.05222407610818336,Breast,1,0.5,0.7926829268292683,0.1009004957408611,False,1605.0,False,False
119,ARID1A--MAU2,No Annotation,,-0.05225700962803653,Lymphoid,1,0.8,0.9184415584415584,0.03694847316746522,False,1606.0,False,False
1041,MED24--MEIOC,No Annotation,,-0.05232128052851431,Esophagus/Stomach,1,0.9,0.9548727796447432,0.020054486823310295,False,1607.0,False,False
302,CHD2--CHD2,Novel,IPR000953|IPR000953|IPR000330|IPR001650|IPR040793|IPR056302|IPR025260|IPR001650|IPR040793|IPR056302|IPR025260,-0.052889051396354476,Lung,1,0.4,0.7216326530612246,0.14168382368747812,True,1608.0,False,True
2157,ZFP91--PTRH1,No Annotation,,-0.05292702301239389,Thyroid,1,0.9,0.9548727796447432,0.020054486823310295,False,1609.0,False,False
1220,NSMF--EXD3,Pre-existing,IPR058542,-0.05358587281867765,Uterus,1,0.7,0.8824871648602395,0.05429160239442746,False,1610.0,False,False
1519,REX1BD--TMEM59L,No Annotation,,-0.05387113746545914,Skin,1,0.5,0.7926829268292683,0.1009004957408611,False,1611.0,False,False
1379,PPP2R5E--AHNAK,No Annotation,,-0.054036372249135364,Soft Tissue,1,0.7,0.8824871648602395,0.05429160239442746,False,1612.0,False,False
722,GNB1L--SEPTIN5,Pre-existing,IPR030379,-0.05407132297772768,Liver,1,0.8,0.9184415584415584,0.03694847316746522,False,1613.0,False,False
880,KDM5A--NAV3,Pre-existing,IPR057126|IPR003593|IPR057568,-0.05409106735521878,Peripheral Nervous System,1,0.3,0.6368876080691642,0.19593720110576304,False,1614.0,False,False
1697,SMARCA4--CARM1,Novel,IPR014978|IPR055135,-0.05418692885572508,Breast,2,0.7,0.8824871648602395,0.05429160239442746,False,1615.0,False,True
169,AUH--NADSYN1,Pre-existing,IPR022310,-0.05421386182096916,Thyroid,1,0.5,0.7926829268292683,0.1009004957408611,False,1616.0,False,False
1412,PRRC2B--PLPP7,Pre-existing,IPR009738,-0.05457010297191113,Breast,1,0.8,0.9184415584415584,0.03694847316746522,False,1617.0,False,False
348,CNN2--ARID3A,Novel,IPR001715|IPR001606|IPR023334,-0.0547951858037186,Soft Tissue,1,0.7,0.8824871648602395,0.05429160239442746,False,1618.0,False,True
766,HACD2--MYLK,Pre-existing,IPR003598|IPR003598|IPR003598|IPR003598|IPR003598|IPR003598|IPR003598|IPR003961|IPR000719|IPR003598,-0.05483451353780163,Head and Neck,1,0.8,0.9184415584415584,0.03694847316746522,False,1619.0,False,False
1852,TCEANC2--AP2A1,Pre-existing,IPR002553|IPR008152|IPR003164,-0.054858527734084214,Lung,1,0.4,0.7216326530612246,0.14168382368747812,False,1620.0,False,False
2180,ZNF57--PLPPR2,Pre-existing,IPR000326,-0.054907073415199806,Prostate,1,0.6,0.8440483768300445,0.07363266097121902,False,1621.0,False,False
969,LRMDA--ADK,Pre-existing,IPR011611,-0.05493214237471686,Lung,1,0.6,0.8440483768300445,0.07363266097121902,False,1622.0,False,False
1609,SARNP--PYM1,Novel,IPR003034|IPR015362,-0.05513989743757158,Soft Tissue,1,0.4,0.7216326530612246,0.14168382368747812,False,1623.0,False,True
1742,SPINT1--HIF1A,Novel,IPR011106|IPR014887,-0.055696021844583124,Ovary/Fallopian Tube,1,0.6,0.8440483768300445,0.07363266097121902,False,1624.0,False,True
300,CHCHD3--KHDRBS2,Pre-existing,IPR032335,-0.05593272702548347,Esophagus/Stomach,1,0.6,0.8440483768300445,0.07363266097121902,False,1625.0,False,False
1470,QKI--PACRG,Pre-existing,IPR032377|IPR004087,-0.05593481414123838,Pleura,1,0.6,0.8440483768300445,0.07363266097121902,False,1626.0,False,False
392,CRIM1--CRIM1,Novel,IPR000867|IPR001007|IPR001007|IPR004094|IPR001007|IPR001007|IPR004094|IPR004094|IPR004094|IPR004094|IPR001007|IPR001007|IPR001007|IPR001007|IPR045813,-0.055951149921335014,Lung,1,0.7,0.8824871648602395,0.05429160239442746,True,1627.0,False,True
1746,SPTAN1--GLE1,No Annotation,,-0.056029625173201154,Soft Tissue,1,0.5,0.7926829268292683,0.1009004957408611,False,1628.0,False,False
891,KIF1B--CNKSR2,Pre-existing,IPR010599|IPR001849,-0.05606504670565215,Bone,1,0.6,0.8440483768300445,0.07363266097121902,False,1629.0,False,False
1359,POLB--PLAT,Pre-existing,IPR000083|IPR000742|IPR000001|IPR000001|IPR001254,-0.05618190496807114,Lung,1,0.7,0.8824871648602395,0.05429160239442746,False,1630.0,False,False
1905,TMEM184C--ARHGAP10,Pre-existing,IPR001452,-0.056331684953166386,Ovary/Fallopian Tube,1,0.8,0.9184415584415584,0.03694847316746522,False,1631.0,False,False
1273,PBRM1--NT5DC2,Pre-existing,IPR001487|IPR001487|IPR001487|IPR001487|IPR001487|IPR001487|IPR001025,-0.05645165331928482,Lung,1,0.8,0.9184415584415584,0.03694847316746522,False,1632.0,False,False
1366,PPFIA1--ANO1,Pre-existing,IPR057892,-0.0568498362499422,Ovary/Fallopian Tube,1,0.6,0.8440483768300445,0.07363266097121902,False,1633.0,False,False
745,GREB1L--TULP3,Novel,IPR046926|IPR000007,-0.056873233408784925,Liver,1,0.7,0.8824871648602395,0.05429160239442746,False,1634.0,False,True
2095,VSTM2L--CTNNBL1,No Annotation,,-0.056930422477208587,Breast,2,0.5,0.7926829268292683,0.1009004957408611,False,1635.0,False,False
1805,SYF2--RHCE,No Annotation,,-0.05698211607306605,Pleura,1,0.6,0.8440483768300445,0.07363266097121902,False,1636.0,False,False
1045,MEIOB--PHF20,Pre-existing,IPR056880,-0.05700368612660505,Bone,1,0.6,0.8440483768300445,0.07363266097121902,False,1637.0,False,False
998,MAP3K13--SENP2,Novel,IPR000719|IPR003653,-0.05755430345207441,Liver,1,0.7,0.8824871648602395,0.05429160239442746,False,1638.0,False,True
1635,SEL1L3--SEL1L3,No Annotation,,-0.05755568140514173,Bowel,2,0.9,0.9548727796447432,0.020054486823310295,True,1639.0,False,False
700,GDPD5--XRRA1,No Annotation,,-0.05799540555574762,Myeloid,1,0.9,0.9548727796447432,0.020054486823310295,False,1640.0,False,False
2093,VPS53--NAA38,Pre-existing,IPR001163,-0.0581240536683421,Breast,1,0.7,0.8824871648602395,0.05429160239442746,False,1641.0,False,False
2011,UBALD2--CCR10,Novel,IPR054109|IPR017452,-0.05814858179702183,Bowel,1,0.6,0.8440483768300445,0.07363266097121902,False,1642.0,False,True
924,LAMA3--RBBP8,Novel,IPR008211|IPR013882,-0.0584026516665051,Ovary/Fallopian Tube,1,0.7,0.8824871648602395,0.05429160239442746,False,1643.0,False,True
407,CTBS--ELAVL4,Pre-existing,IPR000504|IPR000504,-0.05878646906864172,Skin,1,0.8,0.9184415584415584,0.03694847316746522,False,1644.0,False,False
1684,SLC39A8--SLC9B1,No Annotation,,-0.05895931779169496,Cervix,1,0.7,0.8824871648602395,0.05429160239442746,False,1645.0,False,False
1447,PTPRG--CTNNA3,No Annotation,,-0.059440324863961655,Soft Tissue,1,0.6,0.8440483768300445,0.07363266097121902,False,1646.0,False,False
1219,NSMCE1--GTF3C1,Pre-existing,IPR035625,-0.059464000070512724,CNS/Brain,1,0.7,0.8824871648602395,0.05429160239442746,False,1647.0,False,False
1064,MIER3--CDC20B,Novel,IPR000949|IPR056150,-0.05961995543040768,Esophagus/Stomach,1,0.7,0.8824871648602395,0.05429160239442746,False,1648.0,False,True
591,FAM13B--BRD8,Novel,IPR000198|IPR001487|IPR001487,-0.05968277845514571,Uterus,1,0.7,0.8824871648602395,0.05429160239442746,False,1649.0,False,True
272,CDH1--CDH3,Pre-existing,IPR002126|IPR000233,-0.05972725384189515,Uterus,1,0.8,0.9184415584415584,0.03694847316746522,False,1650.0,False,False
1286,PDE3A--SLCO1C1,No Annotation,,-0.05990188264287123,Liver,1,0.9,0.9548727796447432,0.020054486823310295,False,1651.0,False,False
1653,SGPL1--PALD1,No Annotation,,-0.06041675569574831,Ovary/Fallopian Tube,1,0.5,0.7926829268292683,0.1009004957408611,False,1652.0,False,False
56,AIDA--FGGY,Pre-existing,IPR018485,-0.0604920481274652,CNS/Brain,1,0.9,0.9548727796447432,0.020054486823310295,False,1653.0,False,False
1707,SMYD4--SMG6,Novel,IPR001214|IPR002716,-0.06050263684862717,Lung,1,0.8,0.9184415584415584,0.03694847316746522,False,1654.0,False,True
1294,PDIA4--EZH2,Novel,IPR005788|IPR005788|IPR041866|IPR001005|IPR026489|IPR001214,-0.06050361252309351,Bone,1,0.7,0.8824871648602395,0.05429160239442746,False,1655.0,False,True
2203,ZNRF1--HPN,Pre-existing,IPR001190|IPR001254,-0.06051483894727669,Head and Neck,2,0.8,0.9184415584415584,0.03694847316746522,False,1656.0,False,False
87,ANP32A--REC114,No Annotation,,-0.06060885295013889,Bowel,1,0.7,0.8824871648602395,0.05429160239442746,False,1657.0,False,False
379,CPEB1--IGF1R,Pre-existing,IPR000494|IPR003961|IPR003961|IPR003961|IPR000719,-0.06065623750728163,Soft Tissue,1,0.5,0.7926829268292683,0.1009004957408611,False,1658.5,False,False
378,CPEB1--IGF1R,Novel,IPR032292|IPR000494|IPR003961|IPR003961|IPR003961|IPR000719,-0.06065623750728163,Soft Tissue,1,0.5,0.7926829268292683,0.1009004957408611,False,1658.5,False,True
2118,WRN--GSR,Novel,IPR002562|IPR011545|IPR001650|IPR032284|IPR018982|IPR002121|IPR029491|IPR004099,-0.060773908258493485,CNS/Brain,1,0.6,0.8440483768300445,0.07363266097121902,False,1660.0,False,True
1511,RBPMS--CD53,Pre-existing,IPR000504,-0.06204192410659634,Lung,1,0.6,0.8440483768300445,0.07363266097121902,False,1661.0,False,False
2007,UBA2--GPI,Pre-existing,IPR035482,-0.06214182289789552,Lung,1,0.8,0.9184415584415584,0.03694847316746522,False,1662.0,False,False
1525,RHPN2--INSL3,No Annotation,,-0.06219140959724308,Skin,1,0.4,0.7216326530612246,0.14168382368747812,False,1663.0,False,False
2084,VOPP1--ZNF713,Pre-existing,IPR001909|IPR013087|IPR013087|IPR013087|IPR013087|IPR013087|IPR013087|IPR013087,-0.06228055391513274,Liver,1,0.6,0.8440483768300445,0.07363266097121902,False,1664.0,False,False
842,IQGAP1--ZNF774,Pre-existing,IPR013087|IPR013087|IPR013087|IPR013087|IPR013087|IPR013087|IPR013087|IPR013087|IPR013087|IPR013087|IPR013087|IPR013087,-0.062462853381531395,Lung,1,0.4,0.7216326530612246,0.14168382368747812,False,1665.0,False,False
1353,PLXND1--TMCC1,Pre-existing,IPR001627|IPR016201|IPR041019|IPR016201|IPR016201,-0.06259753904625383,Breast,1,0.8,0.9184415584415584,0.03694847316746522,False,1666.5,False,False
1352,PLXND1--TMCC1,Pre-existing,IPR001627|IPR016201|IPR041019|IPR016201,-0.06259753904625383,Breast,1,0.6,0.8440483768300445,0.07363266097121902,False,1666.5,False,False
1464,PXN--PLA2G1B,Pre-existing,IPR016090,-0.06293026046753522,Lung,1,0.6,0.8440483768300445,0.07363266097121902,False,1668.0,False,False
1862,TCIRG1--BBS9,Pre-existing,IPR028074|IPR055362|IPR055363|IPR055364,-0.06325912763483736,Thyroid,1,0.6,0.8440483768300445,0.07363266097121902,False,1669.0,False,False
121,ARID1A--RPS6KA1,No Annotation,,-0.06353816835696803,Esophagus/Stomach,1,0.8,0.9184415584415584,0.03694847316746522,False,1670.0,False,False
1100,MTA3--PHKA1,Pre-existing,IPR045583,-0.0635764389173587,Bone,1,0.6,0.8440483768300445,0.07363266097121902,False,1671.0,False,False
1849,TC2N--FBLN5,Pre-existing,IPR000742|IPR000742|IPR000742|IPR000742|IPR000742|IPR055088,-0.06365847406277551,Breast,1,0.5,0.7926829268292683,0.1009004957408611,False,1672.0,False,False
650,FLNB--SLMAP,Pre-existing,IPR001715|IPR001715,-0.0640544417777721,Bowel,1,0.9,0.9548727796447432,0.020054486823310295,False,1673.0,False,False
258,CCNE2--RMDN1,No Annotation,,-0.06415681771661152,Breast,1,0.8,0.9184415584415584,0.03694847316746522,False,1674.0,False,False
1328,PIGU--NCOA6,No Annotation,,-0.0644080808436204,Lung,1,0.7,0.8824871648602395,0.05429160239442746,False,1675.0,False,False
698,GCN1--MSI1,No Annotation,,-0.06451731060598333,Breast,2,0.8,0.9184415584415584,0.03694847316746522,False,1676.0,False,False
547,EPHA2--FBXO42,Pre-existing,IPR001090,-0.06492725994401365,Ovary/Fallopian Tube,1,0.5,0.7926829268292683,0.1009004957408611,False,1677.0,False,False
1345,PLD3--BLVRB,Pre-existing,IPR001736,-0.06497966524946033,Lung,1,0.7,0.8824871648602395,0.05429160239442746,False,1678.0,False,False
2056,UTRN--STX11,Pre-existing,IPR006011|IPR000727,-0.06529206868216664,Uterus,1,0.6,0.8440483768300445,0.07363266097121902,False,1679.0,False,False
1657,SIK3--MMP20,Pre-existing,IPR001818|IPR000585,-0.06538616748490955,Pleura,1,0.5,0.7926829268292683,0.1009004957408611,False,1680.0,False,False
1251,OXR1--PTK2,Pre-existing,IPR000299|IPR000719|IPR005189,-0.06559601899140888,Lung,1,0.8,0.9184415584415584,0.03694847316746522,False,1681.0,False,False
286,CDKN2A--NUDT2,No Annotation,,-0.06573646172557801,Skin,1,0.6,0.8440483768300445,0.07363266097121902,False,1682.0,False,False
2130,XPR1--MR1,Pre-existing,IPR001039|IPR001039|IPR001039|IPR001039|IPR003597,-0.06574284942970428,Peripheral Nervous System,1,0.8,0.9184415584415584,0.03694847316746522,False,1683.0,False,False
2208,ZSWIM4--RFX1,Novel,IPR007527|IPR007668|IPR003150|IPR057321,-0.06660952583246131,Lung,2,0.9,0.9548727796447432,0.020054486823310295,False,1684.0,False,True
2045,USP34--XPO1,Pre-existing,IPR013598|IPR014877,-0.0667448608266312,Bladder/Urinary Tract,2,0.8,0.9184415584415584,0.03694847316746522,False,1685.0,False,False
873,KCNJ6--FAM3B,Novel,IPR040445|IPR039477,-0.06680316862877089,Esophagus/Stomach,1,0.8,0.9184415584415584,0.03694847316746522,False,1686.0,False,True
1407,PRMT3--PI4KA,Pre-existing,IPR001263|IPR000403,-0.06792241955424513,Soft Tissue,1,0.6,0.8440483768300445,0.07363266097121902,False,1687.0,False,False
224,CA10--SLC25A21,No Annotation,,-0.06801719933217072,Lung,1,0.4,0.7216326530612246,0.14168382368747812,False,1688.0,False,False
1438,PTP4A2--CLDN16,No Annotation,,-0.06816852292787741,Soft Tissue,1,0.7,0.8824871648602395,0.05429160239442746,False,1689.0,False,False
1943,TPCN2--CCND1,No Annotation,,-0.06838776190774117,CNS/Brain,1,0.4,0.7216326530612246,0.14168382368747812,False,1690.0,False,False
870,KAT6A--PLAT,Novel,IPR048589|IPR005818|IPR000083|IPR000742|IPR000001|IPR000001|IPR001254,-0.06893243546391394,Uterus,1,0.6,0.8440483768300445,0.07363266097121902,False,1691.0,False,True
1706,SMYD3--ADSS2,No Annotation,,-0.06898254105534249,Lymphoid,1,0.6,0.8440483768300445,0.07363266097121902,False,1692.0,False,False
647,FKBP2--DNAJC4,No Annotation,,-0.06898553698521048,Esophagus/Stomach,1,0.7,0.8824871648602395,0.05429160239442746,False,1693.0,False,False
365,COL5A1--ECE1,Pre-existing,IPR008753|IPR018497,-0.06928392863902844,Bone,1,0.7,0.8824871648602395,0.05429160239442746,False,1694.0,False,False
1924,TNC--TNC,Pre-existing,IPR000742|IPR000742|IPR000742|IPR000742|IPR000742|IPR000742|IPR000742|IPR000742|IPR000742|IPR000742|IPR000742|IPR000742|IPR000742|IPR000742|IPR003961|IPR003961|IPR003961|IPR003961|IPR003961|IPR003961|IPR003961|IPR003961|IPR003961|IPR003961|IPR003961|IPR003961|IPR003961|IPR003961|IPR003961|IPR003961|IPR003961|IPR003961|IPR003961|IPR003961|IPR003961|IPR003961|IPR003961|IPR002181,-0.06997428146768361,Biliary Tract,1,0.6,0.8440483768300445,0.07363266097121902,True,1695.0,False,False
1339,PKP4--PKP4,No Annotation,,-0.07020180680046985,Uterus,1,0.6,0.8440483768300445,0.07363266097121902,True,1696.0,False,False
1989,TTLL1--TTLL12,Pre-existing,IPR057954,-0.07027030828702564,Breast,1,0.5,0.7926829268292683,0.1009004957408611,False,1697.0,False,False
287,CELSR1--C22orf23,Pre-existing,IPR002126|IPR002126|IPR002126|IPR002126|IPR002126|IPR002126|IPR002126,-0.0702984577061054,Skin,1,0.4,0.7216326530612246,0.14168382368747812,False,1698.0,False,False
965,LPP--CEP43,No Annotation,,-0.0705422512999864,CNS/Brain,1,0.9,0.9548727796447432,0.020054486823310295,False,1699.5,False,False
295,CEP43--LPP,Pre-existing,IPR001781|IPR001781|IPR001781,-0.0705422512999864,CNS/Brain,1,0.6,0.8440483768300445,0.07363266097121902,False,1699.5,False,False
293,CEP128--GTF2A1,No Annotation,,-0.07065316661505315,Lymphoid,1,0.8,0.9184415584415584,0.03694847316746522,False,1701.0,False,False
6,ABCC1--NFATC2IP,Novel,IPR056227|IPR000626|IPR000626,-0.07069416432687288,Esophagus/Stomach,1,0.7,0.8824871648602395,0.05429160239442746,False,1702.0,False,True
500,ECE1--AKR7A2,No Annotation,,-0.07072662204485912,Skin,1,0.6,0.8440483768300445,0.07363266097121902,False,1703.0,False,False
228,CACHD1--ROR1,Novel,IPR002035|IPR020067|IPR000001|IPR000719,-0.07082342393465313,Ovary/Fallopian Tube,2,0.7,0.8824871648602395,0.05429160239442746,False,1704.0,False,True
305,CHD3--DNAH2,Novel,IPR012958|IPR001965|IPR001965|IPR000953|IPR004273|IPR041658|IPR041228,-0.07091055804544753,Ovary/Fallopian Tube,1,0.6,0.8440483768300445,0.07363266097121902,False,1705.5,False,True
304,CHD3--DNAH2,Novel,IPR012958|IPR001965|IPR001965|IPR000953|IPR000953|IPR004273|IPR041658|IPR041228,-0.07091055804544753,Ovary/Fallopian Tube,1,0.9,0.9548727796447432,0.020054486823310295,False,1705.5,False,True
819,IL1RAP--TP63,Novel,IPR003599|IPR010991|IPR001660,-0.07142276727110028,Ovary/Fallopian Tube,1,0.6,0.8440483768300445,0.07363266097121902,False,1707.0,False,True
688,GAS6--RASA3,Pre-existing,IPR000294|IPR000742|IPR000742|IPR000742|IPR000742|IPR001791,-0.07158160979821943,Lymphoid,1,0.7,0.8824871648602395,0.05429160239442746,False,1708.0,False,False
444,DEPDC5--SUZ12,Novel,IPR055213|IPR048255|IPR057540|IPR019135,-0.07198907527540742,Lung,1,0.7,0.8824871648602395,0.05429160239442746,False,1709.0,False,True
278,CDK14--VPS50,Pre-existing,IPR019514,-0.072048812169882,Biliary Tract,3,0.9,0.9548727796447432,0.020054486823310295,False,1710.0,False,False
1681,SLC35G1--IKZF3,Pre-existing,IPR013087|IPR013087|IPR013087|IPR013087|IPR013087|IPR013087,-0.07206381571897141,Esophagus/Stomach,1,0.7,0.8824871648602395,0.05429160239442746,False,1711.0,False,False
1965,TRIM14--TBC1D2,Novel,IPR000315|IPR000195,-0.07209297101839152,Biliary Tract,1,0.7,0.8824871648602395,0.05429160239442746,False,1712.0,False,True
661,FMNL1--SMURF2,No Annotation,,-0.07225703405590989,Lymphoid,1,0.5,0.7926829268292683,0.1009004957408611,False,1713.0,False,False
412,CTR9--SNTG1,Novel,IPR056836|IPR001849|IPR055108,-0.07251753240436437,Thyroid,1,0.7,0.8824871648602395,0.05429160239442746,False,1714.0,False,True
562,ETFA--EDC3,Novel,IPR014730|IPR019050|IPR004443,-0.07294142013138516,Bowel,1,0.8,0.9184415584415584,0.03694847316746522,False,1715.0,False,True
1234,NUP188--NUP188,Pre-existing,IPR018864|IPR048883,-0.07295862188746272,Breast,1,0.7,0.8824871648602395,0.05429160239442746,True,1716.0,False,False
1031,MDM2--IL26,Pre-existing,IPR003121,-0.07299597903985566,Kidney,1,0.6,0.8440483768300445,0.07363266097121902,False,1717.0,False,False
558,ERN1--PCTP,No Annotation,,-0.07311392662945788,Esophagus/Stomach,1,0.7,0.8824871648602395,0.05429160239442746,False,1718.0,False,False
243,CARS1--DCHS1,Pre-existing,IPR002126|IPR002126|IPR002126|IPR002126|IPR002126|IPR002126|IPR002126|IPR002126|IPR002126|IPR002126|IPR002126|IPR002126|IPR002126|IPR002126|IPR002126|IPR002126|IPR002126|IPR002126|IPR002126|IPR002126,-0.07332034141804468,Lung,1,0.8,0.9184415584415584,0.03694847316746522,False,1719.0,False,False
1326,PIGF--CRIPT,No Annotation,,-0.07374610334721698,Lung,1,0.8,0.9184415584415584,0.03694847316746522,False,1720.5,False,False
394,CRIPT--PIGF,No Annotation,,-0.07374610334721698,Lung,1,0.8,0.9184415584415584,0.03694847316746522,False,1720.5,False,False
1955,TRAK1--ARL13B,No Annotation,,-0.07394503878032699,Lung,1,0.6,0.8440483768300445,0.07363266097121902,False,1722.0,False,False
758,GTF2B--MUTYH,Pre-existing,IPR000086,-0.07448411281466323,Breast,1,0.8,0.9184415584415584,0.03694847316746522,False,1723.5,False,False
759,GTF2B--MUTYH,Pre-existing,IPR003265|IPR000086,-0.07448411281466323,Breast,1,0.7,0.8824871648602395,0.05429160239442746,False,1723.5,False,False
1010,MAPRE1--BPI,Pre-existing,IPR001124,-0.07481550875214542,Lung,1,0.7,0.8824871648602395,0.05429160239442746,False,1725.0,False,False
512,EFNA4--RUSC1,Novel,IPR001799|IPR004012|IPR001452,-0.07557637257516227,Lymphoid,1,0.7,0.8824871648602395,0.05429160239442746,False,1726.0,False,True
1692,SLCO3A1--BACE2,No Annotation,,-0.0756506490544709,Soft Tissue,2,0.9,0.9548727796447432,0.020054486823310295,False,1727.0,False,False
582,EXT2--ALKBH3,Pre-existing,IPR040911,-0.07571581285331791,Bladder/Urinary Tract,1,0.8,0.9184415584415584,0.03694847316746522,False,1728.0,False,False
1757,SRP54--CCDC175,No Annotation,,-0.07575113585100444,Bowel,1,0.8,0.9184415584415584,0.03694847316746522,False,1729.0,False,False
111,ARHGAP32--KCNJ1,Novel,IPR042139|IPR001452|IPR040445|IPR041647,-0.07582015123722802,Biliary Tract,1,0.9,0.9548727796447432,0.020054486823310295,False,1730.0,False,True
492,DYNC2H1--CERS3,Pre-existing,IPR013594|IPR013602|IPR003593|IPR003593|IPR049400|IPR003593|IPR054354|IPR024317|IPR024743|IPR035706|IPR004273|IPR041658,-0.07635362135792395,Esophagus/Stomach,1,0.6,0.8440483768300445,0.07363266097121902,False,1731.0,False,False
1097,MSH5--NUDT3,No Annotation,,-0.07636203287302784,Pancreas,1,0.5,0.7926829268292683,0.1009004957408611,False,1732.0,False,False
148,ASH1L--QSER1,Novel,IPR006560|IPR001214|IPR003616|IPR001487|IPR001965|IPR001025|IPR025451,-0.07655876678191477,Lung,1,0.5,0.7926829268292683,0.1009004957408611,False,1733.0,False,True
403,CSNK1G2--SCAMP4,No Annotation,,-0.07662069506305888,Head and Neck,1,0.8,0.9184415584415584,0.03694847316746522,False,1734.0,False,False
1222,NSRP1--ATP5PB,Pre-existing,IPR018612,-0.07670279120333551,Lung,1,0.8,0.9184415584415584,0.03694847316746522,False,1735.0,False,False
1004,MAP4--CBFA2T3,Pre-existing,IPR003894|IPR014896|IPR002893,-0.0769096999664752,Ovary/Fallopian Tube,1,0.8,0.9184415584415584,0.03694847316746522,False,1736.0,False,False
845,ISOC1--SPOCK1,Pre-existing,IPR002350|IPR019577|IPR000716,-0.0779045953385154,Head and Neck,1,0.7,0.8824871648602395,0.05429160239442746,False,1737.0,False,False
83,ANLN--DGKB,Novel,IPR031970|IPR002219|IPR002219|IPR001206|IPR000756,-0.07794519831645114,Bone,1,0.8,0.9184415584415584,0.03694847316746522,False,1738.0,False,True
1496,RANBP17--WWC1,Pre-existing,IPR001494,-0.0783716556505983,Pleura,1,0.7,0.8824871648602395,0.05429160239442746,False,1739.0,False,False
771,HDAC2--AK9,Pre-existing,IPR003593|IPR003593,-0.07905614369225383,CNS/Brain,1,0.9,0.9548727796447432,0.020054486823310295,False,1740.0,False,False
789,HMBOX1--FGF20,Pre-existing,IPR044866,-0.07907889780701129,Bone,1,0.7,0.8824871648602395,0.05429160239442746,False,1741.0,False,False
1871,TET3--IL4R,Novel,IPR002857|IPR015319|IPR003961,-0.07915454728110785,Cervix,1,0.7,0.8824871648602395,0.05429160239442746,False,1742.0,False,True
2173,ZNF318--XPO5,No Annotation,,-0.07926761145906702,Ovary/Fallopian Tube,1,0.9,0.9548727796447432,0.020054486823310295,False,1743.0,False,False
1099,MSL2--RNF14,Pre-existing,IPR002867,-0.07933536762974674,Thyroid,1,0.7,0.8824871648602395,0.05429160239442746,False,1744.0,False,False
330,CLSTN1--MRPL51,No Annotation,,-0.07936380440466739,Lymphoid,1,0.8,0.9184415584415584,0.03694847316746522,False,1745.0,False,False
92,AP2A1--PRMT1,Pre-existing,IPR055135,-0.07961354510243895,Ovary/Fallopian Tube,1,0.7,0.8824871648602395,0.05429160239442746,False,1746.0,False,False
521,EIF2AK3--HNRNPLL,Pre-existing,IPR000504|IPR000504|IPR000504|IPR034987,-0.07981184464926738,Lung,1,1.0,1.0,-0.0,False,1747.0,False,False
220,C2CD3--PAAF1,Pre-existing,IPR057537|IPR000008|IPR000008|IPR000008|IPR000008|IPR000008|IPR000008,-0.07984559357162707,Lung,1,0.8,0.9184415584415584,0.03694847316746522,False,1748.0,False,False
972,LRP6--ATP8A2,Novel,IPR000742|IPR032630,-0.0799562094005916,Bladder/Urinary Tract,1,0.7,0.8824871648602395,0.05429160239442746,False,1749.0,False,True
1486,RABL6--TRAF2,Pre-existing,IPR001293|IPR001293|IPR032070|IPR002083,-0.0800254897190899,Bowel,1,0.6,0.8440483768300445,0.07363266097121902,False,1750.0,False,False
1647,SETX--MED27,No Annotation,,-0.080477992499779,CNS/Brain,1,0.8,0.9184415584415584,0.03694847316746522,False,1751.0,False,False
898,KIF3B--NXPE2,Novel,IPR001752|IPR057106,-0.08049866636454409,Bone,1,0.8,0.9184415584415584,0.03694847316746522,False,1752.0,False,True
1576,RPS6KB1--ARL15,No Annotation,,-0.08075403509124462,Bowel,1,0.4,0.7216326530612246,0.14168382368747812,False,1753.0,False,False
1472,QTRT2--SLC9A9,No Annotation,,-0.08091079313408368,Soft Tissue,1,0.7,0.8824871648602395,0.05429160239442746,False,1754.0,False,False
888,KIAA1217--RNF17,Novel,IPR022782|IPR002999|IPR002999|IPR002999,-0.08095437715705593,Bowel,1,0.7,0.8824871648602395,0.05429160239442746,False,1755.0,False,True
478,DPH5--SLC30A7,No Annotation,,-0.0812096157127513,CNS/Brain,1,1.0,1.0,-0.0,False,1756.0,False,False
868,KANSL2--TMEM178B,Pre-existing,IPR025927,-0.0813339995479604,CNS/Brain,1,0.6,0.8440483768300445,0.07363266097121902,False,1757.0,False,False
1802,SUSD6--SLC39A9,No Annotation,,-0.08136269240703864,Lung,1,0.8,0.9184415584415584,0.03694847316746522,False,1758.0,False,False
268,CDC37--IL27RA,Novel,IPR013855|IPR003961|IPR003961,-0.08156625892358846,Myeloid,2,0.8,0.9184415584415584,0.03694847316746522,False,1759.0,False,True
1818,SYT1--OSBPL8,Pre-existing,IPR000008,-0.08180939294628835,Liver,1,0.7,0.8824871648602395,0.05429160239442746,False,1760.0,False,False
741,GPS2--MPP2,Pre-existing,IPR004172|IPR001478|IPR001452|IPR008144,-0.08230089211965701,Prostate,1,0.8,0.9184415584415584,0.03694847316746522,False,1761.0,False,False
1645,SETD4--SCAF4,No Annotation,,-0.0828686432024357,Cervix,1,0.8,0.9184415584415584,0.03694847316746522,False,1762.0,False,False
1831,TANC2--ERN1,Pre-existing,IPR000719|IPR010513,-0.08332946094073576,Pancreas,1,1.0,1.0,-0.0,False,1763.0,False,False
405,CST9--CST9L,No Annotation,,-0.08440726288347541,Breast,1,0.7,0.8824871648602395,0.05429160239442746,False,1764.0,False,False
2202,ZNF93--ZNF253,Pre-existing,IPR001909|IPR013087|IPR013087|IPR013087|IPR013087|IPR013087|IPR013087|IPR013087|IPR013087|IPR013087|IPR013087|IPR013087,-0.08441177701295152,Lung,1,0.7,0.8824871648602395,0.05429160239442746,False,1765.0,False,False
179,BACE2--MACROD2,Pre-existing,IPR033121,-0.0844495211835762,Soft Tissue,1,0.9,0.9548727796447432,0.020054486823310295,False,1766.0,False,False
1845,TBC1D8--C12orf75,No Annotation,,-0.08447204912206195,Ovary/Fallopian Tube,1,0.5,0.7926829268292683,0.1009004957408611,False,1767.0,False,False
1440,PTPN1--BCAS4,No Annotation,,-0.08467784088368462,Head and Neck,1,0.5,0.7926829268292683,0.1009004957408611,False,1768.0,False,False
1716,SNX9--CYP2C19,Pre-existing,IPR001452,-0.08484650562877802,Prostate,1,0.9,0.9548727796447432,0.020054486823310295,False,1769.0,False,False
78,ANKRD17--ANKRD17,Pre-existing,IPR004087,-0.08500341529390143,Ovary/Fallopian Tube,1,0.8,0.9184415584415584,0.03694847316746522,True,1770.0,False,False
1479,RAB27A--CCPG1,No Annotation,,-0.08504447323703344,Lung,1,0.8,0.9184415584415584,0.03694847316746522,False,1771.0,False,False
1775,STAG1--ACAD11,Novel,IPR013721|IPR020839|IPR056396|IPR006091|IPR009075,-0.08519534528289313,Lung,1,0.7,0.8824871648602395,0.05429160239442746,False,1772.0,False,True
711,GLYCTK--CCR3,Pre-existing,IPR017452,-0.08533002634086101,Pleura,1,0.7,0.8824871648602395,0.05429160239442746,False,1773.0,False,False
1747,SPTBN2--PPP6R3,Pre-existing,IPR001715|IPR001715|IPR001605|IPR001605|IPR001605,-0.08544756681870139,Esophagus/Stomach,1,0.8,0.9184415584415584,0.03694847316746522,False,1774.0,False,False
612,FBXO22--UBE2Q2,Pre-existing,IPR001810,-0.08548443156399484,Ovary/Fallopian Tube,1,1.0,1.0,-0.0,False,1775.0,False,False
32,ADCY9--ZSCAN32,Pre-existing,IPR044822|IPR013087|IPR013087|IPR013087|IPR013087|IPR013087|IPR013087,-0.08565656054196688,Uterus,1,0.7,0.8824871648602395,0.05429160239442746,False,1776.0,False,False
1401,PRKD1--APOBR,No Annotation,,-0.08570237953020177,Bone,1,0.9,0.9548727796447432,0.020054486823310295,False,1777.0,False,False
872,KCNC2--CAPS2,Novel,IPR000210|IPR002048,-0.08576612537285372,Lung,1,0.7,0.8824871648602395,0.05429160239442746,False,1778.0,False,True
992,MAML3--FAF1,Pre-existing,IPR019082,-0.08603680597048517,Myeloid,1,0.7,0.8824871648602395,0.05429160239442746,False,1779.0,False,False
212,BRWD1--HLCS,Novel,IPR057452|IPR057451|IPR001487|IPR003142,-0.08635067591670667,Breast,1,0.6,0.8440483768300445,0.07363266097121902,False,1780.0,False,True
298,CFAP69--STEAP1,No Annotation,,-0.08652280919630233,Cervix,1,0.7,0.8824871648602395,0.05429160239442746,False,1781.0,False,False
1963,TRHDE--RALYL,Pre-existing,IPR045357,-0.08663639303569848,Bone,1,0.7,0.8824871648602395,0.05429160239442746,False,1782.0,False,False
665,FOSL2--PLB1,No Annotation,,-0.08720966486976567,Pancreas,1,0.9,0.9548727796447432,0.020054486823310295,False,1783.0,False,False
1318,PHLPP1--RELCH,Pre-existing,IPR055071,-0.08733118580975208,Eye,1,0.8,0.9184415584415584,0.03694847316746522,False,1784.0,False,False
174,B4GALT1--PAX5,No Annotation,,-0.08750886403465755,Pancreas,1,0.8,0.9184415584415584,0.03694847316746522,False,1785.0,False,False
943,LARS1--PCDHA7,Pre-existing,IPR031904,-0.08754465027112648,Head and Neck,1,0.9,0.9548727796447432,0.020054486823310295,False,1786.0,False,False
51,AGO2--STRN3,Pre-existing,IPR032474|IPR014811|IPR003100|IPR032472|IPR032473,-0.08755677340884083,Liver,1,0.7,0.8824871648602395,0.05429160239442746,False,1787.0,False,False
951,LDLRAD3--SYT9,Pre-existing,IPR000008|IPR000008,-0.08756969220175988,Breast,1,0.8,0.9184415584415584,0.03694847316746522,False,1788.0,False,False
1481,RAB8A--ADAM18,No Annotation,,-0.08772558938187722,Pancreas,1,0.8,0.9184415584415584,0.03694847316746522,False,1789.0,False,False
154,ATG5--PLCG2,Pre-existing,IPR057061|IPR000909|IPR000980|IPR000980|IPR001452|IPR001849|IPR001711|IPR000008,-0.08848668935921913,Head and Neck,1,0.9,0.9548727796447432,0.020054486823310295,False,1790.0,False,False
491,DYNC1LI2--BLMH,No Annotation,,-0.0890189866834325,Skin,1,0.6,0.8440483768300445,0.07363266097121902,False,1791.0,False,False
877,KCTD3--KCNK2,No Annotation,,-0.08920728702777485,Lung,1,0.8,0.9184415584415584,0.03694847316746522,False,1792.0,False,False
2166,ZNF14--ZNF506,Pre-existing,IPR001909|IPR013087|IPR013087|IPR013087|IPR013087|IPR013087|IPR013087|IPR013087|IPR013087,-0.08928645982541536,Uterus,1,0.9,0.9548727796447432,0.020054486823310295,False,1793.0,False,False
559,ERN1--SMURF2,Pre-existing,IPR001202|IPR001202|IPR001202|IPR000569,-0.08941955481201457,Pancreas,1,0.9,0.9548727796447432,0.020054486823310295,False,1794.0,False,False
1743,SPINT2--YIF1B,No Annotation,,-0.08968379587978736,Lung,1,0.6,0.8440483768300445,0.07363266097121902,False,1795.0,False,False
1770,ST3GAL6--EPHA6,Pre-existing,IPR011641|IPR003961|IPR003961|IPR027936|IPR000719|IPR001660,-0.0898728980362766,Breast,1,0.7,0.8824871648602395,0.05429160239442746,False,1796.0,False,False
281,CDK5RAP2--ADGRE3,No Annotation,,-0.09004885437805116,Biliary Tract,1,0.8,0.9184415584415584,0.03694847316746522,False,1797.0,False,False
864,JARID2--ZNF423,Pre-existing,IPR013087|IPR013087|IPR013087|IPR013087|IPR013087|IPR013087|IPR013087|IPR013087|IPR013087|IPR013087|IPR013087|IPR013087|IPR013087|IPR013087|IPR013087|IPR013087|IPR013087|IPR013087|IPR013087|IPR013087|IPR013087|IPR013087|IPR013087|IPR013087|IPR013087|IPR013087|IPR013087|IPR013087|IPR013087|IPR013087,-0.09006993467595491,CNS/Brain,1,0.9,0.9548727796447432,0.020054486823310295,False,1798.0,False,False
199,BIRC6--TTC27,Pre-existing,IPR000608,-0.09024388471392211,Liver,1,0.8,0.9184415584415584,0.03694847316746522,False,1799.0,False,False
450,DIAPH3--GPA33,Novel,IPR010473|IPR010472|IPR003598|IPR003598,-0.09049456514291837,Ovary/Fallopian Tube,1,0.6,0.8440483768300445,0.07363266097121902,False,1800.0,False,True
1904,TMEM182--EFCAB13,No Annotation,,-0.09071299410802358,Lymphoid,1,0.9,0.9548727796447432,0.020054486823310295,False,1801.0,False,False
1452,PTPRR--RAB3IP,No Annotation,,-0.09106826904410342,Peripheral Nervous System,1,0.8,0.9184415584415584,0.03694847316746522,False,1802.0,False,False
24,ACTN4--RYR1,Pre-existing,IPR009460|IPR005821,-0.09118334983448256,Lung,1,0.8,0.9184415584415584,0.03694847316746522,False,1803.0,False,False
639,FGFR3--TACC3,Pre-existing,IPR003598|IPR003598|IPR003598|IPR000719,-0.09127718111159194,Breast,1,0.8,0.9184415584415584,0.03694847316746522,False,1804.0,False,False
1881,THSD1--GPC6,No Annotation,,-0.0912927917561981,Soft Tissue,1,0.9,0.9548727796447432,0.020054486823310295,False,1805.0,False,False
165,ATRN--TMC2,Pre-existing,IPR000742,-0.09149317847780084,Bowel,1,0.9,0.9548727796447432,0.020054486823310295,False,1806.0,False,False
1705,SMURF2--ARSG,Pre-existing,IPR000008|IPR001202|IPR001202|IPR001202,-0.09150715827145252,Lymphoid,1,0.8,0.9184415584415584,0.03694847316746522,False,1807.0,False,False
2014,UBE2G1--ZZEF1,No Annotation,,-0.0924005754964062,Ovary/Fallopian Tube,1,0.9,0.9548727796447432,0.020054486823310295,False,1808.0,False,False
744,GRB2--GRB2,Novel,IPR001452|IPR000980|IPR000980|IPR001452,-0.09317605061749501,Head and Neck,1,0.7,0.8824871648602395,0.05429160239442746,True,1809.0,False,True
2016,UBE2J2--PGR,Pre-existing,IPR000536,-0.09371741616238026,Thyroid,1,1.0,1.0,-0.0,False,1810.0,False,False
377,COX10--NTN1,No Annotation,,-0.09385832492101924,Bone,1,0.7,0.8824871648602395,0.05429160239442746,False,1811.0,False,False
107,ARHGAP26--BOP1,Novel,IPR004148|IPR001849|IPR012953,-0.0940700836942471,Ovary/Fallopian Tube,1,0.5,0.7926829268292683,0.1009004957408611,False,1812.0,False,True
753,GSK3B--ME3,Pre-existing,IPR012301|IPR012302,-0.09426873761940427,Kidney,1,0.7,0.8824871648602395,0.05429160239442746,False,1813.0,False,False
1700,SMARCC1--CELSR3,Novel,IPR032450|IPR000953|IPR007526|IPR001005|IPR032448|IPR032451|IPR000742|IPR000742|IPR000742|IPR001791|IPR000742|IPR001791|IPR000742|IPR000742|IPR002049|IPR002049|IPR001879|IPR032471|IPR057244|IPR017981,-0.09445796455161817,Uterus,1,0.7,0.8824871648602395,0.05429160239442746,False,1814.0,False,True
1712,SNTB2--IL34,Pre-existing,IPR001478|IPR001849,-0.09536438060624379,CNS/Brain,1,0.8,0.9184415584415584,0.03694847316746522,False,1815.0,False,False
346,CNIH3--MIA3,No Annotation,,-0.0957171398761659,CNS/Brain,1,0.6,0.8440483768300445,0.07363266097121902,False,1816.0,False,False
851,ITGB6--RBMS1,No Annotation,,-0.09583426891673565,Skin,1,0.7,0.8824871648602395,0.05429160239442746,False,1817.0,False,False
1111,MTMR11--PDE4DIP,Pre-existing,IPR056273|IPR010630,-0.09596359399061624,Breast,1,0.5,0.7926829268292683,0.1009004957408611,False,1818.0,False,False
2039,UPF2--LEMD3,Novel,IPR003890|IPR018996|IPR034394,-0.09627496358541524,Soft Tissue,1,0.5,0.7926829268292683,0.1009004957408611,False,1819.0,False,True
320,CLEC16A--OTOA,Pre-existing,IPR019155,-0.09647267797856733,Lung,1,1.0,1.0,-0.0,False,1820.0,False,False
361,COL11A1--COL11A1,Pre-existing,IPR001791|IPR000885,-0.09679660872201923,Lung,1,0.8,0.9184415584415584,0.03694847316746522,True,1821.0,False,False
1014,MARS1--TMEM120B,Pre-existing,IPR041598|IPR004046,-0.09694616487470986,CNS/Brain,1,0.5,0.7926829268292683,0.1009004957408611,False,1822.0,False,False
2069,VAV2--ELAVL2,Pre-existing,IPR000504|IPR000504|IPR000504,-0.0971151250684723,Myeloid,1,0.7,0.8824871648602395,0.05429160239442746,False,1823.0,False,False
126,ARID2--TMEM117,No Annotation,,-0.09715730649300658,Lymphoid,1,0.7,0.8824871648602395,0.05429160239442746,False,1824.0,False,False
495,DYSF--ZNF638,Novel,IPR000008|IPR000008|IPR012968|IPR000690,-0.09752673997859172,Head and Neck,1,0.8,0.9184415584415584,0.03694847316746522,False,1825.0,False,True
171,AXL--CEACAM19,Pre-existing,IPR003599|IPR003599,-0.09848112361467891,Kidney,1,0.7,0.8824871648602395,0.05429160239442746,False,1826.0,False,False
867,JTB--SNAPIN,No Annotation,,-0.09853733496956572,Ovary/Fallopian Tube,1,0.5,0.7926829268292683,0.1009004957408611,False,1827.0,False,False
611,FBXL7--TRIO,Pre-existing,IPR001251|IPR000219|IPR001849|IPR001452|IPR000219|IPR001849|IPR001452|IPR003598|IPR000719,-0.09885613448823538,Ovary/Fallopian Tube,1,0.8,0.9184415584415584,0.03694847316746522,False,1828.0,False,False
2156,ZFAND3--CMTR1,Pre-existing,IPR001202,-0.0989676298081858,Head and Neck,1,0.9,0.9548727796447432,0.020054486823310295,False,1829.0,False,False
1860,TCF7L1--DNAH6,Pre-existing,IPR041228,-0.09901597256740202,Ovary/Fallopian Tube,1,0.7,0.8824871648602395,0.05429160239442746,False,1830.0,False,False
1533,RLF--TRIT1,Pre-existing,IPR003604,-0.09921474619103592,Lung,1,0.9,0.9548727796447432,0.020054486823310295,False,1831.0,False,False
2038,UNC45A--TXNRD1,Pre-existing,IPR023753|IPR004099,-0.09934505365514065,CNS/Brain,1,0.8,0.9184415584415584,0.03694847316746522,False,1832.0,False,False
366,COL5A1--TNFAIP8,No Annotation,,-0.09943599454582375,Soft Tissue,1,0.9,0.9548727796447432,0.020054486823310295,False,1833.0,False,False
1637,SEMA3F--GNAI2,No Annotation,,-0.09945758852098874,Breast,1,0.6,0.8440483768300445,0.07363266097121902,False,1834.0,False,False
1751,SRF--CRIP3,Novel,IPR002100|IPR001781,-0.09964273779530969,Ovary/Fallopian Tube,1,0.7,0.8824871648602395,0.05429160239442746,False,1835.0,False,True
1147,NCOA1--FAM228A,Pre-existing,IPR011598,-0.09985857582864362,CNS/Brain,1,1.0,1.0,-0.0,False,1836.0,False,False
1122,MYO9B--FCHO1,Novel,IPR000159|IPR018808,-0.10015681868500015,Breast,2,0.6,0.8440483768300445,0.07363266097121902,False,1837.0,False,True
101,ARFGEF2--BCAS1,Pre-existing,IPR032629|IPR032691|IPR000904|IPR015403,-0.10016927951064694,Skin,1,0.8,0.9184415584415584,0.03694847316746522,False,1838.0,False,False
95,APEX2--ALAS2,Pre-existing,IPR015118|IPR004839,-0.10040594943051902,CNS/Brain,1,0.8,0.9184415584415584,0.03694847316746522,False,1839.0,False,False
1835,TATDN1--DEPTOR,Pre-existing,IPR001478,-0.10079616850908832,Bowel,1,0.7,0.8824871648602395,0.05429160239442746,False,1840.0,False,False
905,KLHL7--GLIS3,Pre-existing,IPR000210|IPR013087|IPR013087|IPR013087|IPR013087|IPR013087,-0.10085382899661555,Bowel,1,0.8,0.9184415584415584,0.03694847316746522,False,1841.0,False,False
1662,SIRT3--CD151,No Annotation,,-0.10095508575117915,Breast,1,0.7,0.8824871648602395,0.05429160239442746,False,1842.0,False,False
1325,PIEZO1--RNF166,Novel,IPR056769|IPR031805|IPR056768|IPR034734|IPR008598,-0.10108764808147702,Bladder/Urinary Tract,1,0.9,0.9548727796447432,0.020054486823310295,False,1843.0,False,True
2162,ZMYND11--SLIT3,Pre-existing,IPR000483|IPR000372|IPR000483|IPR000372|IPR000483|IPR000372|IPR000483|IPR000742|IPR000742|IPR000742|IPR000742|IPR000742|IPR000742|IPR001791|IPR000742|IPR000742|IPR000742|IPR006207,-0.10125848079504059,Bladder/Urinary Tract,1,0.8,0.9184415584415584,0.03694847316746522,False,1844.0,False,False
1278,PCGF3--PDE6B,Pre-existing,IPR001841,-0.10207623590582082,Biliary Tract,1,0.9,0.9548727796447432,0.020054486823310295,False,1845.0,False,False
1894,TMEM104--DLC1,Novel,IPR013057|IPR001660|IPR000198|IPR002913,-0.10209295646920631,Eye,1,1.0,1.0,-0.0,False,1846.0,False,True
1480,RAB31--SS18,No Annotation,,-0.10249989922562432,Soft Tissue,1,0.7,0.8824871648602395,0.05429160239442746,False,1847.0,False,False
23,ACTN4--RYR1,Novel,IPR001715|IPR001715|IPR009460|IPR005821,-0.10251737455155815,Esophagus/Stomach,1,0.7,0.8824871648602395,0.05429160239442746,False,1848.0,False,True
479,DPP8--HACD3,No Annotation,,-0.10276512980187638,Esophagus/Stomach,1,0.8,0.9184415584415584,0.03694847316746522,False,1849.0,False,False
1215,NSD2--GRK4,Novel,IPR000313|IPR009071|IPR000719|IPR000961,-0.10293851487864282,Bladder/Urinary Tract,1,0.9,0.9548727796447432,0.020054486823310295,False,1850.0,False,True
1026,MCM8--SHLD1,Pre-existing,IPR053898,-0.10300395619128842,Liver,1,1.0,1.0,-0.0,False,1851.0,False,False
1140,NCAM2--MIS18A,No Annotation,,-0.10313472217469805,Skin,1,0.8,0.9184415584415584,0.03694847316746522,False,1852.0,False,False
1547,RNF130--TBC1D9B,Novel,IPR003137|IPR000195|IPR002048,-0.10351917797066759,Head and Neck,1,0.8,0.9184415584415584,0.03694847316746522,False,1853.0,False,True
1723,SP1--ESPL1,Pre-existing,IPR030397,-0.10356298884686654,Esophagus/Stomach,1,0.9,0.9548727796447432,0.020054486823310295,False,1854.0,False,False
966,LRBA--LRBA,Pre-existing,IPR046852|IPR031570|IPR010508|IPR023362|IPR000409|IPR046851,-0.10361047897559059,Bone,1,0.5,0.7926829268292683,0.1009004957408611,True,1855.0,False,False
1334,PIP5K1A--SCNM1,Pre-existing,IPR031622|IPR031625,-0.10379420801535769,Esophagus/Stomach,1,0.9,0.9548727796447432,0.020054486823310295,False,1856.0,False,False
36,ADIPOR2--LYPD6B,No Annotation,,-0.10425492783520214,Breast,1,0.7,0.8824871648602395,0.05429160239442746,False,1857.0,False,False
609,FBXL20--SNF8,No Annotation,,-0.10441110097139983,Breast,1,0.7,0.8824871648602395,0.05429160239442746,False,1858.0,False,False
1454,PUM3--CDC37L1,No Annotation,,-0.10442378669451742,Thyroid,1,0.7,0.8824871648602395,0.05429160239442746,False,1859.0,False,False
1213,NRP2--BTNL8,Novel,IPR000859|IPR003599|IPR003599|IPR001870,-0.1045317969556652,Breast,1,0.8,0.9184415584415584,0.03694847316746522,False,1860.0,False,True
1913,TMEM35B--ZMYM6,No Annotation,,-0.10456028510394809,CNS/Brain,1,0.9,0.9548727796447432,0.020054486823310295,False,1861.0,False,False
1321,PHTF2--DPYD,Pre-existing,IPR005720|IPR017896|IPR017896,-0.10490348824102755,Ovary/Fallopian Tube,1,1.0,1.0,-0.0,False,1862.0,False,False
760,GTF2H3--ATP6V0A2,No Annotation,,-0.10531614669236648,Lymphoid,1,0.8,0.9184415584415584,0.03694847316746522,False,1863.0,False,False
878,KDM2B--HPD,Pre-existing,IPR003347|IPR041070,-0.10558244261253233,Uterus,1,0.8,0.9184415584415584,0.03694847316746522,False,1864.0,False,False
936,LARS1--PCDHA12,Pre-existing,IPR002126|IPR002126|IPR002126|IPR002126|IPR002126|IPR031904,-0.10620283626275806,Head and Neck,1,0.9,0.9548727796447432,0.020054486823310295,False,1865.5,False,False
937,LARS1--PCDHA12,Pre-existing,IPR031904,-0.10620283626275806,Head and Neck,1,0.8,0.9184415584415584,0.03694847316746522,False,1865.5,False,False
324,CLIC4--SRRM1,Pre-existing,IPR002483,-0.10636796415521034,Lung,1,0.8,0.9184415584415584,0.03694847316746522,False,1867.0,False,False
735,GPC6--GPC5,No Annotation,,-0.10648918200306776,Esophagus/Stomach,1,0.7,0.8824871648602395,0.05429160239442746,False,1868.0,False,False
371,COMMD7--GSS,Pre-existing,IPR004887,-0.10699327131053693,Head and Neck,1,0.7,0.8824871648602395,0.05429160239442746,False,1869.0,False,False
115,ARHGAP5--SLC25A21,Pre-existing,IPR002713|IPR002713|IPR002713|IPR002713|IPR039007|IPR039006,-0.10727013730904225,Esophagus/Stomach,1,0.9,0.9548727796447432,0.020054486823310295,False,1870.0,False,False
200,BMERB1--ABCC1,Pre-existing,IPR003439|IPR011527|IPR003439,-0.10744788211292006,Breast,1,1.0,1.0,-0.0,False,1871.0,False,False
54,AHCYL1--ELAPOR1,Pre-existing,IPR056609|IPR056610|IPR056608|IPR044865|IPR056606,-0.10762383734352626,CNS/Brain,1,0.7,0.8824871648602395,0.05429160239442746,False,1872.0,False,False
201,BMPR2--MTIF3,Pre-existing,IPR000472,-0.10799075458000397,Esophagus/Stomach,1,0.7,0.8824871648602395,0.05429160239442746,False,1873.0,False,False
1198,NME5--CDC23,Pre-existing,IPR034907,-0.10824464171655813,Uterus,1,0.7,0.8824871648602395,0.05429160239442746,False,1874.0,False,False
150,ASPH--EIF4EBP1,Pre-existing,IPR007943,-0.108709179079379,Lung,1,0.9,0.9548727796447432,0.020054486823310295,False,1875.0,False,False
204,BRAP--ATXN2,No Annotation,,-0.10942137505899338,Pancreas,1,0.9,0.9548727796447432,0.020054486823310295,False,1876.0,False,False
1599,RUFY3--TMPRSS11A,Pre-existing,IPR004012,-0.10972612185014367,Breast,1,0.7,0.8824871648602395,0.05429160239442746,False,1877.0,False,False
629,FGFR2--COL14A1,Pre-existing,IPR003598|IPR003598|IPR003598|IPR000719,-0.10977450980019213,Lung,1,0.9,0.9548727796447432,0.020054486823310295,False,1878.0,False,False
1239,NUP93--CETP,No Annotation,,-0.11025027658146709,Skin,1,1.0,1.0,-0.0,False,1879.0,False,False
640,FHOD3--ELP2,No Annotation,,-0.11053562978254619,Lung,1,0.9,0.9548727796447432,0.020054486823310295,False,1880.0,False,False
947,LASP1--PPP1R1B,No Annotation,,-0.11091728973867795,Skin,1,1.0,1.0,-0.0,False,1881.0,False,False
1796,SUFU--GBF1,Pre-existing,IPR032691|IPR000904|IPR056604,-0.11116035834104683,Esophagus/Stomach,1,0.7,0.8824871648602395,0.05429160239442746,False,1882.0,False,False
857,ITPR2--GTF3C2,Pre-existing,IPR014821|IPR016093|IPR000699|IPR000699|IPR013662|IPR005821,-0.11238430688811354,Skin,1,0.9,0.9548727796447432,0.020054486823310295,False,1883.0,False,False
461,DNAH11--PHF14,Novel,IPR013594|IPR013602|IPR003593|IPR003593|IPR041466|IPR003593|IPR041589|IPR003593|IPR001965,-0.11279286323079969,Lymphoid,1,0.8,0.9184415584415584,0.03694847316746522,False,1884.0,False,True
938,LARS1--PCDHA13,Pre-existing,IPR031904,-0.11288461445107506,Head and Neck,1,0.6,0.8440483768300445,0.07363266097121902,False,1885.0,False,False
1416,PSKH1--ZC3H14,Pre-existing,IPR000571|IPR000571|IPR000571,-0.11301610891735406,Lung,1,0.8,0.9184415584415584,0.03694847316746522,False,1886.0,False,False
2209,ZYG11A--SCP2,Pre-existing,IPR003033,-0.11315567951053895,Breast,1,0.7,0.8824871648602395,0.05429160239442746,False,1887.0,False,False
1595,RTKN--MOGS,Pre-existing,IPR031335,-0.11376182864451098,Head and Neck,1,0.8,0.9184415584415584,0.03694847316746522,False,1888.0,False,False
684,GAREM1--SDHAF3,No Annotation,,-0.1139930887075123,Liver,1,0.8,0.9184415584415584,0.03694847316746522,False,1889.0,False,False
906,KLHL7--TPCN2,Pre-existing,IPR005821,-0.1148292923838568,Skin,1,0.8,0.9184415584415584,0.03694847316746522,False,1890.0,False,False
331,CLSTN2--PRKCA,Pre-existing,IPR002219|IPR000008|IPR000719|IPR000961,-0.11510433146225357,Lymphoid,1,0.9,0.9548727796447432,0.020054486823310295,False,1891.0,False,False
821,IL1RAPL2--NRK,Pre-existing,IPR001180,-0.1159180429809584,Lung,1,1.0,1.0,-0.0,False,1892.0,False,False
685,GAREM2--RAB10,No Annotation,,-0.11594447054507623,Bladder/Urinary Tract,1,1.0,1.0,-0.0,False,1893.0,False,False
1950,TPX2--HM13,Pre-existing,IPR015128,-0.1162797895457435,CNS/Brain,1,0.9,0.9548727796447432,0.020054486823310295,False,1894.0,False,False
843,IRAK2--BRK1,Pre-existing,IPR000488,-0.11647597091345033,Pancreas,1,1.0,1.0,-0.0,False,1895.0,False,False
1473,R3HCC1L--HTRA1,Pre-existing,IPR001478,-0.11654312493267299,Lymphoid,1,1.0,1.0,-0.0,False,1896.0,False,False
1176,NFIA--SCP2,Novel,IPR019548|IPR003619|IPR055140|IPR003033,-0.1165479110449853,Lung,1,0.8,0.9184415584415584,0.03694847316746522,False,1897.0,False,True
1129,NARS2--MMP10,Novel,IPR004365|IPR002477|IPR001818|IPR000585,-0.11664089375896977,Lung,1,0.8,0.9184415584415584,0.03694847316746522,False,1898.0,False,True
1780,STK3--ESRP1,Novel,IPR000719|IPR000504|IPR000504|IPR000504,-0.11665505405316491,Bone,1,0.5,0.7926829268292683,0.1009004957408611,False,1899.0,False,True
850,ITGB4--ITGB4,Pre-existing,IPR002369|IPR040622|IPR000742|IPR012896|IPR003644|IPR003961|IPR003961|IPR003961|IPR003961,-0.11665525139849944,Esophagus/Stomach,1,0.8,0.9184415584415584,0.03694847316746522,True,1900.0,False,False
830,INTS1--PRKAR1B,Novel,IPR022145|IPR003117|IPR000595|IPR000595,-0.1167737351598664,Breast,1,0.9,0.9548727796447432,0.020054486823310295,False,1901.0,False,True
1262,PANX2--PI4KA,Pre-existing,IPR001263|IPR000403,-0.11730272130394288,CNS/Brain,1,0.7,0.8824871648602395,0.05429160239442746,False,1902.0,False,False
987,MADD--DDB2,Pre-existing,IPR005113|IPR001194|IPR005112,-0.1177166738103192,Myeloid,1,0.9,0.9548727796447432,0.020054486823310295,False,1903.0,False,False
689,GATA6--DSG1,Novel,IPR008013|IPR000679|IPR000679|IPR000233,-0.11797763656803542,Bowel,1,0.7,0.8824871648602395,0.05429160239442746,False,1904.0,False,True
754,GSR--GTF2E2,Pre-existing,IPR040501,-0.11804818599487374,Bone,1,0.6,0.8440483768300445,0.07363266097121902,False,1905.0,False,False
2197,ZNF710--WDR93,Pre-existing,IPR013087|IPR013087|IPR013087|IPR013087|IPR013087|IPR013087|IPR013087|IPR013087|IPR013087|IPR013087|IPR013087,-0.11855579841833933,Breast,1,0.8,0.9184415584415584,0.03694847316746522,False,1906.0,False,False
1523,RGL3--ECSIT,Pre-existing,IPR000651,-0.11884536358945261,Uterus,1,1.0,1.0,-0.0,False,1907.0,False,False
1674,SLC25A3--ANKS1B,Pre-existing,IPR001660|IPR001660|IPR006020,-0.11913527995814893,Lung,1,1.0,1.0,-0.0,False,1908.0,False,False
1721,SOS1--SLC12A1,Novel,IPR000219|IPR001849|IPR000651|IPR018491,-0.11927012099960113,Peripheral Nervous System,1,0.8,0.9184415584415584,0.03694847316746522,False,1909.0,False,True
1797,SUGP2--ARMC6,No Annotation,,-0.11931855286188636,Liver,1,1.0,1.0,-0.0,False,1910.0,False,False
226,CABIN1--VSTM2A,No Annotation,,-0.11969018885142738,Esophagus/Stomach,1,0.9,0.9548727796447432,0.020054486823310295,False,1911.0,False,False
707,GLI3--MRPL48,Pre-existing,IPR027486,-0.1199413734522056,Esophagus/Stomach,1,0.9,0.9548727796447432,0.020054486823310295,False,1912.0,False,False
353,CNOT2--RSPH9,No Annotation,,-0.12033332826308712,Soft Tissue,1,1.0,1.0,-0.0,False,1913.0,False,False
1629,SCYL1--FRMD8,Pre-existing,IPR000719,-0.12121845554553146,Bladder/Urinary Tract,1,0.9,0.9548727796447432,0.020054486823310295,False,1914.0,False,False
231,CADM2--CADM2,Novel,IPR003598|IPR007110|IPR007110|IPR003598|IPR003585,-0.12162677034380082,Esophagus/Stomach,1,0.7,0.8824871648602395,0.05429160239442746,True,1915.0,False,True
374,COPZ1--MKNK2,No Annotation,,-0.12201256488370975,Bone,1,0.9,0.9548727796447432,0.020054486823310295,False,1916.0,False,False
170,AXIN2--CEP112,Pre-existing,IPR032101|IPR016137,-0.12229061903799868,Head and Neck,1,0.4,0.7216326530612246,0.14168382368747812,False,1917.0,False,False
1080,MNAT1--PLXNA2,Novel,IPR001841|IPR016201|IPR041019|IPR016201|IPR041362|IPR016201|IPR002909|IPR002909|IPR002909|IPR002909|IPR013548,-0.12229908152200233,Thyroid,1,1.0,1.0,-0.0,False,1918.0,False,True
112,ARHGAP35--VRK3,Pre-existing,IPR002713|IPR002713|IPR002713|IPR002713|IPR039007|IPR039006,-0.12235649346754932,Bowel,1,0.7,0.8824871648602395,0.05429160239442746,False,1919.0,False,False
2190,ZNF654--FRMD4B,Pre-existing,IPR021774,-0.12242421046384289,Skin,1,0.8,0.9184415584415584,0.03694847316746522,False,1920.0,False,False
814,IGF2R--SYTL3,Novel,IPR044865|IPR000008|IPR000008,-0.12243137484499768,Ovary/Fallopian Tube,1,0.8,0.9184415584415584,0.03694847316746522,False,1921.0,False,True
691,GATD1--CHID1,No Annotation,,-0.12245705580466153,Uterus,1,0.8,0.9184415584415584,0.03694847316746522,False,1922.0,False,False
1346,PLEKHA7--SOX6,Novel,IPR001202|IPR001202|IPR009071,-0.12264840406523372,Bladder/Urinary Tract,1,0.9,0.9548727796447432,0.020054486823310295,False,1923.0,False,True
997,MAP3K13--ATR,No Annotation,,-0.1227203647100254,CNS/Brain,1,0.9,0.9548727796447432,0.020054486823310295,False,1924.0,False,False
832,INVS--HSD17B3,No Annotation,,-0.12272125156551922,Soft Tissue,1,0.9,0.9548727796447432,0.020054486823310295,False,1925.0,False,False
1199,NME6--FBLN2,Pre-existing,IPR000742|IPR055088,-0.12306038927147271,Uterus,1,0.9,0.9548727796447432,0.020054486823310295,False,1926.0,False,False
911,KMT2A--ATP5MG,Pre-existing,IPR002857,-0.12319144761266136,Breast,1,1.0,1.0,-0.0,False,1927.0,False,False
476,DOCK5--CDCA2,Pre-existing,IPR029334,-0.1232673983737366,CNS/Brain,1,0.7,0.8824871648602395,0.05429160239442746,False,1928.0,False,False
395,CRK--SMG6,Pre-existing,IPR019458|IPR018834|IPR002716,-0.12344038960369527,Head and Neck,1,1.0,1.0,-0.0,False,1929.0,False,False
933,LARS1--PCDHA1,Pre-existing,IPR031904,-0.12376611443265956,Head and Neck,1,0.6,0.8440483768300445,0.07363266097121902,False,1930.0,False,False
677,GAB2--ALG8,Pre-existing,IPR001849,-0.12378857047377892,Peripheral Nervous System,1,1.0,1.0,-0.0,False,1931.0,False,False
1804,SWAP70--WEE1,Pre-existing,IPR000719,-0.124572944154411,Ovary/Fallopian Tube,1,0.9,0.9548727796447432,0.020054486823310295,False,1932.0,False,False
1688,SLC4A7--NEK10,Pre-existing,IPR013769|IPR013769,-0.12466199749444785,Ovary/Fallopian Tube,1,0.8,0.9184415584415584,0.03694847316746522,False,1933.0,False,False
739,GPR180--GPC6,Pre-existing,IPR053880,-0.12494099541337154,Lung,1,0.9,0.9548727796447432,0.020054486823310295,False,1934.0,False,False
411,CTPS1--CTPS1,Pre-existing,IPR017456,-0.1252971273510879,Liver,1,0.8,0.9184415584415584,0.03694847316746522,True,1935.0,False,False
367,COLGALT2--ARPC5,No Annotation,,-0.12550183862556522,Ovary/Fallopian Tube,1,0.8,0.9184415584415584,0.03694847316746522,False,1936.0,False,False
408,CTBS--GNG5,No Annotation,,-0.1258574470000452,Biliary Tract,1,1.0,1.0,-0.0,False,1937.0,False,False
557,ERMN--ACVR1C,Pre-existing,IPR000719,-0.12594069510556571,Soft Tissue,1,0.9,0.9548727796447432,0.020054486823310295,False,1938.0,False,False
1822,TAF4--BRIP1,Pre-existing,IPR006555,-0.1262489990561701,Breast,2,1.0,1.0,-0.0,False,1939.0,False,False
1293,PDHX--CAT,Pre-existing,IPR010582,-0.12643658488017473,Uterus,1,0.8,0.9184415584415584,0.03694847316746522,False,1940.0,False,False
1324,PIEZO1--CBFA2T3,Pre-existing,IPR003894|IPR014896|IPR002893,-0.12651412700883596,Breast,1,0.8,0.9184415584415584,0.03694847316746522,False,1941.0,False,False
1936,TOPORS--NDUFB6,No Annotation,,-0.1270221262176984,Lymphoid,1,0.8,0.9184415584415584,0.03694847316746522,False,1942.0,False,False
812,IGF2BP2--TRA2B,Pre-existing,IPR000504|IPR000504,-0.12758071026349532,Bowel,1,0.7,0.8824871648602395,0.05429160239442746,False,1943.0,False,False
893,KIF1C--HLCS,Novel,IPR001752|IPR003142,-0.12775937415238142,Uterus,1,0.8,0.9184415584415584,0.03694847316746522,False,1944.0,False,True
1998,TXNDC11--ZC3H7A,Novel,IPR013766|IPR000571,-0.12787815306784633,Myeloid,1,0.5,0.7926829268292683,0.1009004957408611,False,1945.0,False,True
422,DARS2--KLHL20,Pre-existing,IPR004365,-0.1285146867207933,Eye,1,0.9,0.9548727796447432,0.020054486823310295,False,1946.0,False,False
1918,TMEM41A--IGF2BP2,Pre-existing,IPR004087|IPR004087|IPR004087|IPR004087,-0.1298605626807267,Bladder/Urinary Tract,1,1.0,1.0,-0.0,False,1947.0,False,False
354,CNOT2--TSPAN8,No Annotation,,-0.13033089429803935,Peripheral Nervous System,1,0.8,0.9184415584415584,0.03694847316746522,False,1948.0,False,False
778,HELZ--HECW1,Novel,IPR000571|IPR014016|IPR041677|IPR041679|IPR000569,-0.1303547168694265,Breast,1,0.8,0.9184415584415584,0.03694847316746522,False,1949.0,False,True
2170,ZNF256--TDRD12,Pre-existing,IPR002999|IPR011545|IPR002999,-0.13153863970369084,Breast,1,0.9,0.9548727796447432,0.020054486823310295,False,1950.5,False,False
2169,ZNF256--TDRD12,Novel,IPR001909|IPR013087|IPR013087|IPR013087|IPR013087|IPR013087|IPR013087|IPR013087|IPR013087|IPR013087|IPR013087|IPR013087|IPR013087|IPR013087|IPR013087|IPR002999|IPR011545|IPR002999,-0.13153863970369084,Breast,1,0.7,0.8824871648602395,0.05429160239442746,False,1950.5,False,True
61,AKT3--CEP170,Pre-existing,IPR001849,-0.13223134550630694,Esophagus/Stomach,1,0.9,0.9548727796447432,0.020054486823310295,False,1952.0,False,False
1993,TUBGCP3--MLPH,Pre-existing,IPR006788,-0.13234628732826811,Soft Tissue,1,1.0,1.0,-0.0,False,1953.0,False,False
1883,THYN1--SPATA19,No Annotation,,-0.13235159036619182,CNS/Brain,1,0.6,0.8440483768300445,0.07363266097121902,False,1954.0,False,False
1851,TCEA2--ITGAE,Pre-existing,IPR048285,-0.13240856772192724,Lung,1,0.7,0.8824871648602395,0.05429160239442746,False,1955.0,False,False
1825,TANC1--CRLF1,No Annotation,,-0.13353294129035487,Liver,1,0.9,0.9548727796447432,0.020054486823310295,False,1956.0,False,False
214,C11orf54--EED,No Annotation,,-0.13354803624083345,Peripheral Nervous System,1,0.7,0.8824871648602395,0.05429160239442746,False,1957.0,False,False
1301,PDZD8--TRIP12,Novel,IPR031468|IPR057948|IPR004170|IPR000569,-0.13363431939925682,Bone,1,0.7,0.8824871648602395,0.05429160239442746,False,1958.0,False,True
122,ARID1A--ZDHHC18,No Annotation,,-0.13401539601384482,Lymphoid,1,0.9,0.9548727796447432,0.020054486823310295,False,1959.0,False,False
1491,RAD51B--AP5M1,Pre-existing,IPR058766,-0.13454577147427416,Liver,1,1.0,1.0,-0.0,False,1960.0,False,False
1125,NAALADL2--RARRES1,Pre-existing,IPR007484,-0.13497353050793015,Bowel,1,0.8,0.9184415584415584,0.03694847316746522,False,1961.0,False,False
786,HIRA--SULT4A1,No Annotation,,-0.13508993941580588,CNS/Brain,1,0.8,0.9184415584415584,0.03694847316746522,False,1962.0,False,False
2108,WDTC1--TMEM222,No Annotation,,-0.13791489847804417,Lymphoid,1,0.9,0.9548727796447432,0.020054486823310295,False,1963.0,False,False
60,AKR1C2--AKR1C3,No Annotation,,-0.1380254659374468,Biliary Tract,1,0.8,0.9184415584415584,0.03694847316746522,False,1964.0,False,False
2174,ZNF407--DCC,Pre-existing,IPR010560,-0.13819642913955507,Lung,1,1.0,1.0,-0.0,False,1965.0,False,False
916,KMT2C--NCAPG2,No Annotation,,-0.1383090796166558,CNS/Brain,1,1.0,1.0,-0.0,False,1966.0,False,False
1316,PHKB--ABCC11,Pre-existing,IPR003439,-0.13844277349187978,Breast,1,0.9,0.9548727796447432,0.020054486823310295,False,1967.0,False,False
1148,NCOA3--EYA2,Pre-existing,IPR011598|IPR000014,-0.13934336152992916,CNS/Brain,1,0.9,0.9548727796447432,0.020054486823310295,False,1968.0,False,False
1206,NPEPPS--VXN,Pre-existing,IPR027900,-0.13952405313125055,Bladder/Urinary Tract,1,1.0,1.0,-0.0,False,1969.0,False,False
2019,UBE2R2--FAAH2,Pre-existing,IPR023631,-0.13995799241169446,Cervix,1,0.7,0.8824871648602395,0.05429160239442746,False,1970.0,False,False
1204,NOTCH1--INPP5E,No Annotation,,-0.14064206753379008,Lung,1,1.0,1.0,-0.0,False,1971.0,False,False
1748,SREBF1--TOM1L2,No Annotation,,-0.1415229541338724,Pancreas,1,0.9,0.9548727796447432,0.020054486823310295,False,1972.0,False,False
1110,MTHFD1L--MTHFD1L,Pre-existing,IPR020630|IPR020631,-0.14304358958732202,Uterus,1,0.7,0.8824871648602395,0.05429160239442746,True,1973.0,False,False
418,CYB5B--PMFBP1,Pre-existing,IPR001199,-0.14343887945005562,Cervix,1,1.0,1.0,-0.0,False,1974.0,False,False
1306,PGAP3--GSDMB,No Annotation,,-0.1440612957269057,Uterus,1,0.8,0.9184415584415584,0.03694847316746522,False,1975.0,False,False
1166,NF1--MACO1,Pre-existing,IPR001936|IPR001251|IPR054071,-0.14467083121868668,CNS/Brain,1,0.9,0.9548727796447432,0.020054486823310295,False,1976.0,False,False
2137,YAP1--CUL5,Novel,IPR001202|IPR001202|IPR001373|IPR016158|IPR019559,-0.14545902045758935,Lung,1,0.9,0.9548727796447432,0.020054486823310295,False,1977.0,False,True
233,CAMSAP2--DDX59,Pre-existing,IPR058042,-0.14575641930635155,Head and Neck,1,0.7,0.8824871648602395,0.05429160239442746,False,1978.0,False,False
241,CARM1--C19orf38,Novel,IPR055135|IPR041066,-0.14598610597471084,Head and Neck,1,0.8,0.9184415584415584,0.03694847316746522,False,1979.0,False,True
1374,PPME1--PPME1,Pre-existing,IPR000073,-0.14666831857470586,Lung,1,1.0,1.0,-0.0,True,1980.0,False,False
1795,SUCO--SLC12A7,No Annotation,,-0.14698612561855595,Soft Tissue,1,0.9,0.9548727796447432,0.020054486823310295,False,1981.0,False,False
152,ATAD2B--PFN4,No Annotation,,-0.14721433104803616,Ovary/Fallopian Tube,1,1.0,1.0,-0.0,False,1982.0,False,False
131,ARL15--GABRB2,Pre-existing,IPR006029,-0.14742581084519002,Myeloid,1,1.0,1.0,-0.0,False,1983.0,False,False
164,ATP9A--KAZN,Novel,IPR032631|IPR059089|IPR001660|IPR001660|IPR001660,-0.14831864967158126,Pleura,1,0.8,0.9184415584415584,0.03694847316746522,False,1984.0,False,True
2125,WWOX--SRBD1,Novel,IPR001202|IPR001202|IPR003029,-0.14833567660434097,Breast,1,1.0,1.0,-0.0,False,1985.0,False,True
1605,SAMD4B--PAK4,Pre-existing,IPR058599|IPR001660,-0.14853540007589872,Lung,1,0.9,0.9548727796447432,0.020054486823310295,False,1986.0,False,False
1914,TMEM38B--FKTN,Pre-existing,IPR007074,-0.14902416514995492,Lung,1,0.9,0.9548727796447432,0.020054486823310295,False,1987.0,False,False
794,HNRNPA1--HNRNPA1,Pre-existing,IPR000504|IPR000504|IPR021662,-0.14931468894559208,Myeloid,1,0.9,0.9548727796447432,0.020054486823310295,True,1988.0,False,False
946,LARS1--PCDHAC2,Pre-existing,IPR031904,-0.1493311221346809,Head and Neck,1,0.8,0.9184415584415584,0.03694847316746522,False,1989.0,False,False
1364,PPARD--SCUBE3,Pre-existing,IPR000742|IPR000742|IPR000742|IPR000742|IPR000742|IPR000742|IPR000742|IPR000742|IPR000742|IPR011641|IPR011641|IPR000742|IPR000859,-0.14936650063075113,Lung,1,1.0,1.0,-0.0,False,1990.0,False,False
2066,VARS1--EHMT2,Pre-existing,IPR004046,-0.15006925417878883,CNS/Brain,1,0.9,0.9548727796447432,0.020054486823310295,False,1991.0,False,False
960,LLGL1--DRG2,Pre-existing,IPR004095,-0.15012965890560356,Ovary/Fallopian Tube,1,0.9,0.9548727796447432,0.020054486823310295,False,1992.0,False,False
1263,PAPLN--KIAA0513,Pre-existing,IPR045371|IPR010294,-0.15044754190776155,Lymphoid,1,0.9,0.9548727796447432,0.020054486823310295,False,1993.0,False,False
1330,PIK3CB--NVL,Pre-existing,IPR003113|IPR000341|IPR002420,-0.15084623514883394,Breast,1,0.8,0.9184415584415584,0.03694847316746522,False,1994.0,False,False
524,EIF3A--SFXN4,No Annotation,,-0.15098781043243126,Esophagus/Stomach,1,1.0,1.0,-0.0,False,1995.0,False,False
1113,MTMR4--SEPTIN4,No Annotation,,-0.151356920900716,Esophagus/Stomach,1,0.9,0.9548727796447432,0.020054486823310295,False,1996.0,False,False
1898,TMEM131L--COX17,No Annotation,,-0.1514899316785472,Breast,1,0.9,0.9548727796447432,0.020054486823310295,False,1997.0,False,False
940,LARS1--PCDHA3,Pre-existing,IPR031904,-0.15158741981120924,Head and Neck,1,0.5,0.7926829268292683,0.1009004957408611,False,1998.0,False,False
1541,RNF10--SIRT4,Pre-existing,IPR026590,-0.15162296237307782,Esophagus/Stomach,1,1.0,1.0,-0.0,False,1999.0,False,False
1892,TMED9--RGS14,Pre-existing,IPR016137|IPR003116|IPR003116,-0.15236505129768485,CNS/Brain,1,0.9,0.9548727796447432,0.020054486823310295,False,2000.0,False,False
692,GBA2--RGP1,No Annotation,,-0.15362207360804717,Head and Neck,1,0.9,0.9548727796447432,0.020054486823310295,False,2001.0,False,False
484,DTL--PPP2R5A,No Annotation,,-0.15418995492530002,Lymphoid,1,1.0,1.0,-0.0,False,2002.0,False,False
1025,MCM5--TOM1,Pre-existing,IPR027925|IPR033762|IPR001208|IPR041562,-0.15421785998086754,Skin,1,0.7,0.8824871648602395,0.05429160239442746,False,2003.0,False,False
362,COL17A1--COL17A1,No Annotation,,-0.15457405762309823,Bowel,1,0.8,0.9184415584415584,0.03694847316746522,True,2004.0,False,False
1562,ROCK1--EPS15,Pre-existing,IPR000261|IPR000261,-0.1547672788370666,Head and Neck,1,0.8,0.9184415584415584,0.03694847316746522,False,2005.0,False,False
206,BRD4--NOTCH3,Novel,IPR001487|IPR001487|IPR027353|IPR000742|IPR000742|IPR000742|IPR000742|IPR000742|IPR000742|IPR000742|IPR000742|IPR000742|IPR000742|IPR000742|IPR000742|IPR000742|IPR000742|IPR000742|IPR000742|IPR000742|IPR000742|IPR000742|IPR000742|IPR000742|IPR000742|IPR000742|IPR000742|IPR000742|IPR000742|IPR000742|IPR000742|IPR000742|IPR000742|IPR000742|IPR000742|IPR000742|IPR000742|IPR000800|IPR000800|IPR010660|IPR011656|IPR024600,-0.15619933318275303,Lung,1,0.7,0.8824871648602395,0.05429160239442746,False,2006.0,False,True
670,FRY--RXFP2,Pre-existing,IPR017452,-0.156594600351655,Soft Tissue,1,0.7,0.8824871648602395,0.05429160239442746,False,2007.0,False,False
1664,SKIL--MECOM,Novel,IPR003380|IPR014890|IPR013087|IPR013087|IPR013087|IPR013087|IPR013087|IPR013087|IPR013087|IPR013087|IPR013087|IPR013087,-0.15681545430267563,Lung,1,0.8,0.9184415584415584,0.03694847316746522,False,2008.0,False,True
2041,USP10--ABCB9,Pre-existing,IPR011527|IPR003439,-0.15749187968270462,Prostate,1,0.9,0.9548727796447432,0.020054486823310295,False,2009.0,False,False
16,ACACB--FBXO21,Novel,IPR005481|IPR005479|IPR005482|IPR049074|IPR000089|IPR013537|IPR011762|IPR011722,-0.15781547145792008,Bone,1,1.0,1.0,-0.0,False,2010.0,False,True
1932,TOM1L2--ALDH3A2,No Annotation,,-0.15803159554037194,Lung,1,0.7,0.8824871648602395,0.05429160239442746,False,2011.0,False,False
1231,NUDT2--NME4,No Annotation,,-0.1583356068584903,Skin,1,0.8,0.9184415584415584,0.03694847316746522,False,2012.0,False,False
1543,RNF115--TRNAU1AP,No Annotation,,-0.15841075720177167,Kidney,1,0.8,0.9184415584415584,0.03694847316746522,False,2013.0,False,False
1274,PBRM1--SFMBT1,Novel,IPR001487|IPR001487|IPR001487|IPR001487|IPR001487|IPR001487|IPR021987|IPR001660,-0.15849145211856402,Lung,1,0.8,0.9184415584415584,0.03694847316746522,False,2014.0,False,True
703,GIGYF2--SAG,Novel,IPR003169|IPR011021|IPR011022,-0.1595996293941934,CNS/Brain,1,0.9,0.9548727796447432,0.020054486823310295,False,2015.5,False,True
704,GIGYF2--SAG,Novel,IPR003169|IPR011022,-0.1595996293941934,CNS/Brain,1,0.9,0.9548727796447432,0.020054486823310295,False,2015.5,False,True
882,KDSR--SERPINB2,No Annotation,,-0.15970237069506588,Uterus,1,0.8,0.9184415584415584,0.03694847316746522,False,2017.0,False,False
1133,NBAS--AGBL4,Pre-existing,IPR029145|IPR013244,-0.16033980044635493,Peripheral Nervous System,1,0.7,0.8824871648602395,0.05429160239442746,False,2018.0,False,False
2111,WLS--SERBP1,Pre-existing,IPR006861,-0.16040838714906275,Peripheral Nervous System,1,0.9,0.9548727796447432,0.020054486823310295,False,2019.0,False,False
1089,MRPL33--SLC4A1AP,No Annotation,,-0.16054137742406552,Esophagus/Stomach,1,0.8,0.9184415584415584,0.03694847316746522,False,2020.0,False,False
198,BIRC6--ITGA9,Pre-existing,IPR013649|IPR048285|IPR048286,-0.16078848814381058,Esophagus/Stomach,1,0.8,0.9184415584415584,0.03694847316746522,False,2021.0,False,False
2015,UBE2G1--ZZEF1,Pre-existing,IPR000433,-0.16098547471999453,Lymphoid,1,1.0,1.0,-0.0,False,2022.0,False,False
1696,SMARCA4--C19orf44,Pre-existing,IPR014978|IPR014012|IPR006576|IPR000330|IPR001650|IPR029295,-0.161261785254476,Pancreas,1,0.9,0.9548727796447432,0.020054486823310295,False,2023.0,False,False
1200,NOD1--RAB10,Pre-existing,IPR001315|IPR007111|IPR041267,-0.16133106035473294,Breast,1,1.0,1.0,-0.0,False,2024.0,False,False
542,EML6--SPTBN1,Pre-existing,IPR001605|IPR001605|IPR001605|IPR001605,-0.16156684764434617,Uterus,1,0.8,0.9184415584415584,0.03694847316746522,False,2025.0,False,False
1077,MMP16--CNGB3,Pre-existing,IPR000595,-0.16182742089366195,Lung,1,0.9,0.9548727796447432,0.020054486823310295,False,2026.0,False,False
555,ERC1--WNK1,Pre-existing,IPR024678|IPR056865,-0.163475922303373,CNS/Brain,1,0.9,0.9548727796447432,0.020054486823310295,False,2027.0,False,False
237,CAPN2--CAPN2,Pre-existing,IPR001300|IPR022682|IPR002048|IPR002048,-0.16450191127395197,Ovary/Fallopian Tube,1,0.9,0.9548727796447432,0.020054486823310295,True,2028.0,False,False
662,FN1--FN1,Novel,IPR000083|IPR000083|IPR000083|IPR000083|IPR000083|IPR000083|IPR000083|IPR000083|IPR000083|IPR000083|IPR000562|IPR000562|IPR000083|IPR000083|IPR000083|IPR003961|IPR003961|IPR003961|IPR003961|IPR003961|IPR003961|IPR003961|IPR003961|IPR003961|IPR003961|IPR003961|IPR003961|IPR003961|IPR003961|IPR003961|IPR003961|IPR003961|IPR000083|IPR000083|IPR000083,-0.16484320243573575,Ovary/Fallopian Tube,1,0.6,0.8440483768300445,0.07363266097121902,True,2029.0,False,True
935,LARS1--PCDHA11,Pre-existing,IPR031904,-0.16533174446008156,Head and Neck,1,0.9,0.9548727796447432,0.020054486823310295,False,2030.0,False,False
31,ADCY8--CYRIB,Pre-existing,IPR032628|IPR001054,-0.16559746035486061,Bone,1,0.9,0.9548727796447432,0.020054486823310295,False,2031.0,False,False
737,GPI--UBA2,Pre-existing,IPR028077|IPR032426,-0.1657582980055884,Ovary/Fallopian Tube,1,1.0,1.0,-0.0,False,2032.0,False,False
294,CEP192--IMPA2,Pre-existing,IPR054085|IPR054086|IPR054089|IPR054090|IPR054091,-0.16610502076771622,Breast,1,0.7,0.8824871648602395,0.05429160239442746,False,2033.0,False,False
1685,SLC43A2--SLC43A2,No Annotation,,-0.1662870315105953,Lymphoid,1,0.8,0.9184415584415584,0.03694847316746522,True,2034.0,False,False
159,ATP2A2--IFT81,Pre-existing,IPR004014|IPR059000,-0.16658963309161862,Esophagus/Stomach,1,0.9,0.9548727796447432,0.020054486823310295,False,2035.0,False,False
1949,TPX2--DEFB123,Novel,IPR015128|IPR025933,-0.16736804372982444,Lung,1,1.0,1.0,-0.0,False,2036.0,False,True
1467,PYROXD2--NHLRC2,Pre-existing,IPR045302,-0.16827488965251003,Esophagus/Stomach,1,0.8,0.9184415584415584,0.03694847316746522,False,2037.0,False,False
1488,RAD21--EIF3H,Pre-existing,IPR045810,-0.16902038148094556,Bowel,1,1.0,1.0,-0.0,False,2038.0,False,False
2145,YTHDF2--TAF12,Novel,IPR007275|IPR003228,-0.16966498172043382,Lymphoid,1,0.8,0.9184415584415584,0.03694847316746522,False,2039.0,False,True
1028,MDM1--MYOC,Pre-existing,IPR003112,-0.17013788318832562,Soft Tissue,1,0.9,0.9548727796447432,0.020054486823310295,False,2040.0,False,False
1819,TADA2A--C17orf78,Pre-existing,IPR000433|IPR001005,-0.170184088678964,Biliary Tract,1,0.9,0.9548727796447432,0.020054486823310295,False,2041.0,False,False
1581,RPS6KB1--VMP1,Pre-existing,IPR059828,-0.170843710723595,Ovary/Fallopian Tube,1,0.9,0.9548727796447432,0.020054486823310295,False,2042.0,False,False
339,CLTC--VMP1,Pre-existing,IPR059828,-0.17117843420110956,Bladder/Urinary Tract,1,1.0,1.0,-0.0,False,2043.0,False,False
1779,STK24--DOCK9,No Annotation,,-0.17133839336813894,Ovary/Fallopian Tube,1,1.0,1.0,-0.0,False,2044.0,False,False
1969,TRIT1--PPIE,No Annotation,,-0.17190911288172755,Lung,1,0.8,0.9184415584415584,0.03694847316746522,False,2045.0,False,False
1029,MDM1--PRRC2C,No Annotation,,-0.17194861234646494,Soft Tissue,1,0.9,0.9548727796447432,0.020054486823310295,False,2046.0,False,False
34,ADGRL3--ADGRL3,Pre-existing,IPR000922|IPR003112|IPR001879|IPR032471|IPR057244|IPR017981|IPR003334|IPR003334,-0.1720818069217711,Breast,1,0.9,0.9548727796447432,0.020054486823310295,True,2047.0,False,False
99,ARFGEF1--CPA6,Novel,IPR032629|IPR032691|IPR000904|IPR000834,-0.17219621022996034,Biliary Tract,1,1.0,1.0,-0.0,False,2048.5,False,True
100,ARFGEF1--CPA6,Novel,IPR032629|IPR032691|IPR000904|IPR003146|IPR000834,-0.17219621022996034,Biliary Tract,1,1.0,1.0,-0.0,False,2048.5,False,True
1183,NFX1--SPINK4,Pre-existing,IPR002350,-0.1732017161310718,Ovary/Fallopian Tube,1,0.9,0.9548727796447432,0.020054486823310295,False,2050.0,False,False
1001,MAP3K3--SMURF2,Pre-existing,IPR000270,-0.17361931590551177,Soft Tissue,1,0.8,0.9184415584415584,0.03694847316746522,False,2051.0,False,False
975,LRRC41--IPP,No Annotation,,-0.1740361352763328,Peripheral Nervous System,1,0.9,0.9548727796447432,0.020054486823310295,False,2052.0,False,False
1691,SLC9A7--OGT,Pre-existing,IPR029489,-0.17429557744875032,Lung,1,0.9,0.9548727796447432,0.020054486823310295,False,2053.0,False,False
2185,ZNF609--ANKDD1A,Pre-existing,IPR000488,-0.17456791869754348,Bone,1,0.8,0.9184415584415584,0.03694847316746522,False,2054.0,False,False
977,LSM12--HDAC5,Novel,IPR047575|IPR023801,-0.17470605643877124,Uterus,1,0.8,0.9184415584415584,0.03694847316746522,False,2055.5,False,True
978,LSM12--HDAC5,Pre-existing,IPR047575,-0.17470605643877124,Uterus,1,0.9,0.9548727796447432,0.020054486823310295,False,2055.5,False,False
836,IPO7--MYH9,Pre-existing,IPR001494|IPR013713|IPR058669,-0.17502259468755355,Lung,1,1.0,1.0,-0.0,False,2057.0,False,False
702,GIGYF2--GIGYF2,Pre-existing,IPR003169,-0.17553436799977787,Breast,1,0.9,0.9548727796447432,0.020054486823310295,True,2058.0,False,False
1587,RRP1B--RRP1B,No Annotation,,-0.17604027778917952,Myeloid,1,0.9,0.9548727796447432,0.020054486823310295,True,2059.0,False,False
1882,THSD4--LRRC49,No Annotation,,-0.17732540327516383,Esophagus/Stomach,1,1.0,1.0,-0.0,False,2060.0,False,False
400,CRTC3--IQGAP1,Novel,IPR024783|IPR001202|IPR001936|IPR000593,-0.17736505987241868,Uterus,1,0.7,0.8824871648602395,0.05429160239442746,False,2061.0,False,True
1057,MIA2--GEMIN2,Pre-existing,IPR001452,-0.17742189370642036,Ovary/Fallopian Tube,1,0.8,0.9184415584415584,0.03694847316746522,False,2062.0,False,False
2175,ZNF415--CARD8,Pre-existing,IPR001315,-0.17780927196230834,CNS/Brain,1,0.7,0.8824871648602395,0.05429160239442746,False,2063.0,False,False
974,LRRC1--NDRG3,No Annotation,,-0.17838762937247113,Pancreas,1,0.9,0.9548727796447432,0.020054486823310295,False,2064.0,False,False
2020,UBE2R2--SH3GL2,Pre-existing,IPR001452,-0.17910699535439806,Esophagus/Stomach,1,0.8,0.9184415584415584,0.03694847316746522,False,2065.0,False,False
1123,NAA16--DDX19A,No Annotation,,-0.17957119141595912,Lymphoid,1,0.7,0.8824871648602395,0.05429160239442746,False,2066.0,False,False
1264,PAPSS2--PTEN,Pre-existing,IPR014020,-0.18052170736018908,Bowel,1,0.8,0.9184415584415584,0.03694847316746522,False,2067.0,False,False
1082,MPRIP--CCDC144A,Novel,IPR001849|IPR039497|IPR021885,-0.18062715981276495,Soft Tissue,1,1.0,1.0,-0.0,False,2068.0,False,True
849,ITGA3--KAT7,Pre-existing,IPR013649|IPR048285,-0.1808205812685969,Lung,1,0.7,0.8824871648602395,0.05429160239442746,False,2069.0,False,False
1439,PTPA--IFIH1,Pre-existing,IPR006935|IPR041204|IPR001650|IPR021673,-0.18118194048212904,Uterus,1,0.7,0.8824871648602395,0.05429160239442746,False,2070.0,False,False
537,EMC1--CAPZB,Pre-existing,IPR058545,-0.18285929386716618,Lung,1,0.8,0.9184415584415584,0.03694847316746522,False,2071.0,False,False
829,INPP5F--TIAL1,Novel,IPR002013|IPR022158|IPR000504|IPR000504|IPR000504,-0.18327201936284374,Skin,1,1.0,1.0,-0.0,False,2072.0,False,True
1005,MAP4K4--AFF3,Pre-existing,IPR043640,-0.1845268248228552,CNS/Brain,1,0.9,0.9548727796447432,0.020054486823310295,False,2073.0,False,False
458,DMRTA1--NLN,Pre-existing,IPR001275|IPR005173,-0.1872304710763549,Biliary Tract,1,1.0,1.0,-0.0,False,2074.0,False,False
1376,PPP1R10--MDC1,Novel,IPR003617|IPR001357|IPR001357,-0.18860504300397124,Esophagus/Stomach,1,0.8,0.9184415584415584,0.03694847316746522,False,2075.0,False,True
373,COPS8--AGAP1,Pre-existing,IPR001164,-0.18898682442089776,Breast,1,0.9,0.9548727796447432,0.020054486823310295,False,2076.0,False,False
336,CLTC--VMP1,Novel,IPR015348|IPR059828,-0.18907696770353144,Bladder/Urinary Tract,1,1.0,1.0,-0.0,False,2077.0,False,True
1400,PRKCI--MECOM,Novel,IPR000270|IPR001214|IPR013087|IPR013087|IPR013087|IPR013087|IPR013087|IPR013087|IPR013087|IPR013087|IPR013087|IPR013087,-0.19053561097291022,Lung,1,1.0,1.0,-0.0,False,2078.0,False,True
1673,SLC25A26--REM1,No Annotation,,-0.19064307409253078,Uterus,1,0.8,0.9184415584415584,0.03694847316746522,False,2079.0,False,False
1565,RPAP2--MTF2,Novel,IPR007308|IPR002999|IPR001965|IPR001965|IPR025894,-0.19187307123291653,CNS/Brain,1,1.0,1.0,-0.0,False,2080.0,False,True
1724,SP1--PRR13,No Annotation,,-0.19228804763372856,Uterus,1,1.0,1.0,-0.0,False,2081.0,False,False
473,DNMT1--TYK2,Pre-existing,IPR000719,-0.19341681005669106,Myeloid,1,1.0,1.0,-0.0,False,2082.0,False,False
2107,WDR76--KIAA0825,No Annotation,,-0.1946973119539081,Bone,1,0.7,0.8824871648602395,0.05429160239442746,False,2083.0,False,False
816,IKZF2--ERBB4,Pre-existing,IPR000494|IPR006211|IPR000494|IPR032778|IPR049328|IPR000719,-0.19492494356493878,Lymphoid,1,1.0,1.0,-0.0,False,2084.0,False,False
1926,TNIP1--SLC36A2,Pre-existing,IPR060363,-0.19778888447135354,Esophagus/Stomach,1,1.0,1.0,-0.0,False,2085.0,False,False
1378,PPP1R12B--LGR6,No Annotation,,-0.19844618066552405,Breast,1,1.0,1.0,-0.0,False,2086.0,False,False
50,AGMO--MEOX2,Pre-existing,IPR001356,-0.1999755970391868,Bone,1,0.8,0.9184415584415584,0.03694847316746522,False,2087.0,False,False
132,ARL8B--ITPR1,No Annotation,,-0.2006079947907,Breast,1,0.9,0.9548727796447432,0.020054486823310295,False,2088.0,False,False
1008,MAPKAPK2--RASSF5,Pre-existing,IPR000159|IPR011524,-0.2006646152649273,Ovary/Fallopian Tube,1,0.9,0.9548727796447432,0.020054486823310295,False,2089.0,False,False
1087,MRPL3--CPNE4,Pre-existing,IPR002035,-0.20119682319316357,Breast,1,1.0,1.0,-0.0,False,2090.0,False,False
837,IPO8--ANAPC1,Novel,IPR001494|IPR048971|IPR041221,-0.20217715126716224,Lung,1,1.0,1.0,-0.0,False,2091.0,False,True
536,EMC1--AKR7A3,Pre-existing,IPR058545,-0.20223767391600023,Lymphoid,1,0.8,0.9184415584415584,0.03694847316746522,False,2092.0,False,False
953,LEMD3--MKX,Pre-existing,IPR003887,-0.2027134778874949,Soft Tissue,1,1.0,1.0,-0.0,False,2093.0,False,False
750,GRSF1--ADAMTS3,Novel,IPR000504|IPR000504|IPR002870|IPR001590|IPR041645|IPR045371|IPR010294|IPR010909,-0.20312281181069783,Lung,1,0.9,0.9548727796447432,0.020054486823310295,False,2094.0,False,True
621,FEM1B--KCNG3,No Annotation,,-0.20400316687394252,Breast,1,0.9,0.9548727796447432,0.020054486823310295,False,2095.0,False,False
2030,UBQLN4--UBQLN4,Novel,IPR000626|IPR006636|IPR006636|IPR006636|IPR006636|IPR006636|IPR006636|IPR015940,-0.20437780224717594,Esophagus/Stomach,1,1.0,1.0,-0.0,True,2096.0,False,True
1192,NKAIN2--TTC27,No Annotation,,-0.20487827755499763,Lymphoid,1,0.9,0.9548727796447432,0.020054486823310295,False,2097.0,False,False
2103,WDHD1--DLGAP5,No Annotation,,-0.20524061264597807,Uterus,1,0.7,0.8824871648602395,0.05429160239442746,False,2098.0,False,False
1067,MINDY3--ITGA8,Pre-existing,IPR013649|IPR048285|IPR048286,-0.20629639001987352,CNS/Brain,1,0.9,0.9548727796447432,0.020054486823310295,False,2099.0,False,False
230,CAD--KHK,Pre-existing,IPR002474|IPR017926|IPR005483|IPR005483|IPR005479|IPR005483|IPR005480,-0.20685796564030104,Bladder/Urinary Tract,1,0.9,0.9548727796447432,0.020054486823310295,False,2100.0,False,False
1463,PXN--PLA2G1B,Pre-existing,IPR016090,-0.20753019716347434,Esophagus/Stomach,1,0.9,0.9548727796447432,0.020054486823310295,False,2101.0,False,False
2024,UBE4B--TBCB,No Annotation,,-0.20799833390912642,Lung,1,1.0,1.0,-0.0,False,2102.5,False,False
2025,UBE4B--TBCB,Pre-existing,IPR000938,-0.20799833390912642,Lung,1,0.7,0.8824871648602395,0.05429160239442746,False,2102.5,False,False
9,ABI2--CYP20A1,No Annotation,,-0.2081979195461365,Uterus,1,1.0,1.0,-0.0,False,2104.0,False,False
133,ARMC7--SLC16A5,No Annotation,,-0.20820537150318302,CNS/Brain,1,1.0,1.0,-0.0,False,2105.0,False,False
1666,SLC12A4--DPEP2,No Annotation,,-0.20875999085866637,Uterus,1,0.8,0.9184415584415584,0.03694847316746522,False,2106.0,False,False
944,LARS1--PCDHA8,Pre-existing,IPR031904,-0.20923209727314204,Head and Neck,1,0.9,0.9548727796447432,0.020054486823310295,False,2107.0,False,False
1356,POC5--CERT1,Pre-existing,IPR002913,-0.20936510782062437,Kidney,1,0.8,0.9184415584415584,0.03694847316746522,False,2108.0,False,False
1584,RPTOR--ENDOV,No Annotation,,-0.20949052968144488,Liver,1,0.8,0.9184415584415584,0.03694847316746522,False,2109.0,False,False
2054,USP7--CARHSP1,Pre-existing,IPR002059,-0.20951610070029525,Lymphoid,1,0.7,0.8824871648602395,0.05429160239442746,False,2110.0,False,False
525,EIF3H--RALYL,No Annotation,,-0.2102613219521551,Uterus,1,1.0,1.0,-0.0,False,2111.0,False,False
1474,RAB10--GGCT,No Annotation,,-0.21031274762926738,Breast,1,0.9,0.9548727796447432,0.020054486823310295,False,2112.0,False,False
939,LARS1--PCDHA2,Pre-existing,IPR031904,-0.21083570264960835,Head and Neck,1,1.0,1.0,-0.0,False,2113.0,False,False
1938,TP53--FXR2,Novel,IPR013872|IPR040926|IPR004087|IPR004087|IPR022034|IPR032172,-0.21160022224359165,Myeloid,1,0.9,0.9548727796447432,0.020054486823310295,False,2114.0,False,True
1338,PKN2--SOX5,Pre-existing,IPR009071,-0.21173880042856086,Lung,1,1.0,1.0,-0.0,False,2115.0,False,False
827,INPP4A--HJURP,Pre-existing,IPR000008,-0.21179797246665721,Prostate,1,0.8,0.9184415584415584,0.03694847316746522,False,2116.0,False,False
1992,TUBD1--CLTC,Pre-existing,IPR003008,-0.21217271423853454,Bladder/Urinary Tract,1,0.8,0.9184415584415584,0.03694847316746522,False,2117.0,False,False
2132,XRCC2--C8orf76,No Annotation,,-0.21221422245464958,Soft Tissue,1,1.0,1.0,-0.0,False,2118.0,False,False
456,DLG3--DLG3,Novel,IPR019590|IPR001478|IPR001478|IPR019583|IPR001478|IPR001452|IPR001452|IPR008144,-0.2134860207716964,Bowel,1,1.0,1.0,-0.0,True,2119.0,False,True
941,LARS1--PCDHA4,Pre-existing,IPR031904,-0.21446905669491279,Head and Neck,1,1.0,1.0,-0.0,False,2120.0,False,False
1710,SNRNP40--NKAIN1,No Annotation,,-0.21464822617818627,Bladder/Urinary Tract,1,0.9,0.9548727796447432,0.020054486823310295,False,2121.0,False,False
263,CCT2--UNC5A,Pre-existing,IPR003599|IPR000906|IPR033772|IPR000488,-0.21589134207826943,Soft Tissue,1,0.8,0.9184415584415584,0.03694847316746522,False,2122.0,False,False
372,COPE--COPE,No Annotation,,-0.21684569156078193,Bowel,1,0.9,0.9548727796447432,0.020054486823310295,True,2123.0,False,False
1644,SETD2--SCAP,Pre-existing,IPR057041|IPR000731|IPR057042,-0.21715753437040106,Lung,1,1.0,1.0,-0.0,False,2124.0,False,False
1244,OPA1--EXOC1,No Annotation,,-0.2190119482792246,Bone,1,1.0,1.0,-0.0,False,2125.0,False,False
1417,PSMA3--ACTR10,Pre-existing,IPR000426,-0.21918719688377708,Esophagus/Stomach,1,0.9,0.9548727796447432,0.020054486823310295,False,2126.0,False,False
1755,SRGAP1--RXYLT1,Pre-existing,IPR057539|IPR057538,-0.22041949457745943,Liver,1,0.8,0.9184415584415584,0.03694847316746522,False,2127.0,False,False
534,ELP2--MOCOS,No Annotation,,-0.22052904601365853,Bone,1,1.0,1.0,-0.0,False,2128.0,False,False
934,LARS1--PCDHA10,Pre-existing,IPR031904,-0.22058745818426684,Head and Neck,1,0.8,0.9184415584415584,0.03694847316746522,False,2129.0,False,False
2083,VMP1--ZNF521,No Annotation,,-0.22123499699073307,Uterus,1,0.9,0.9548727796447432,0.020054486823310295,False,2130.0,False,False
1121,MYO5C--SHC4,Pre-existing,IPR000980,-0.22129905597588856,Lung,1,1.0,1.0,-0.0,False,2131.0,False,False
396,CRKL--AP3D1,Novel,IPR000980|IPR001452|IPR002553|IPR010474|IPR058898,-0.2220996871762972,Head and Neck,1,0.8,0.9184415584415584,0.03694847316746522,False,2132.5,False,True
397,CRKL--AP3D1,Novel,IPR000980|IPR001452|IPR010474|IPR058898,-0.2220996871762972,Head and Neck,1,0.9,0.9548727796447432,0.020054486823310295,False,2132.5,False,True
625,FGFR1--NSD3,Pre-existing,IPR001965|IPR001965|IPR001965|IPR001965|IPR000313|IPR006560|IPR001214|IPR003616|IPR001965|IPR041306,-0.22260688933455175,Liver,1,1.0,1.0,-0.0,False,2134.0,False,False
853,ITPK1--ISM2,Novel,IPR041429|IPR005533,-0.22271190042656805,Lymphoid,1,0.9,0.9548727796447432,0.020054486823310295,False,2135.0,False,True
1893,TMEM104--CDK12,Pre-existing,IPR013057,-0.22345781711223828,Breast,1,1.0,1.0,-0.0,False,2136.0,False,False
589,FAM133B--CDK6,No Annotation,,-0.22422611453565616,Breast,1,0.9,0.9548727796447432,0.020054486823310295,False,2137.0,False,False
1623,SCFD2--POLR2B,Pre-existing,IPR007642|IPR007645|IPR007646|IPR007647|IPR007120|IPR007641,-0.22781406365377113,Esophagus/Stomach,1,0.9,0.9548727796447432,0.020054486823310295,False,2138.0,False,False
1351,PLXNB2--MAPK12,Pre-existing,IPR001627|IPR016201|IPR041019|IPR016201|IPR016201|IPR002909|IPR002909|IPR002909,-0.22843144150006464,Esophagus/Stomach,1,1.0,1.0,-0.0,False,2139.0,False,False
1397,PRKCE--TTC7A,Pre-existing,IPR000008,-0.22973570493550857,Lung,1,0.9,0.9548727796447432,0.020054486823310295,False,2140.0,False,False
1455,PXDN--MYT1L,No Annotation,,-0.23004191783353783,Soft Tissue,1,0.9,0.9548727796447432,0.020054486823310295,False,2141.0,False,False
1956,TRAP1--CREBBP,Pre-existing,IPR000197|IPR003101|IPR001487|IPR010303|IPR056484|IPR031162|IPR000433|IPR000197|IPR014744,-0.2317096496774195,Uterus,1,0.9,0.9548727796447432,0.020054486823310295,False,2142.0,False,False
839,IQCE--EIF3B,No Annotation,,-0.2324407281715439,Liver,1,0.9,0.9548727796447432,0.020054486823310295,False,2143.0,False,False
942,LARS1--PCDHA5,Pre-existing,IPR031904,-0.23643014802811613,Head and Neck,1,1.0,1.0,-0.0,False,2144.0,False,False
1683,SLC39A11--PSMD11,Pre-existing,IPR000717|IPR040780,-0.23681698567903772,Biliary Tract,1,0.9,0.9548727796447432,0.020054486823310295,False,2145.0,False,False
1948,TPST1--TRIM47,Pre-existing,IPR058030|IPR001870,-0.23730795729908977,Lung,1,0.9,0.9548727796447432,0.020054486823310295,False,2146.0,False,False
679,GALNT18--CCT3,No Annotation,,-0.2373092814496589,Skin,1,1.0,1.0,-0.0,False,2147.0,False,False
823,ILRUN--SPDEF,Novel,IPR039517|IPR003118|IPR000418,-0.23871680695932335,Breast,1,0.9,0.9548727796447432,0.020054486823310295,False,2148.0,False,True
332,CLTC--CLTC,Novel,IPR015348|IPR015348,-0.24172336117078475,CNS/Brain,1,1.0,1.0,-0.0,True,2149.0,False,True
485,DTNB--DTNB,Pre-existing,IPR015153|IPR015154|IPR000433,-0.24300797955847106,Breast,1,1.0,1.0,-0.0,True,2150.0,False,False
596,FAM20C--RAPGEF1,Pre-existing,IPR000651|IPR001895,-0.2474765194366827,CNS/Brain,1,0.9,0.9548727796447432,0.020054486823310295,False,2151.0,False,False
2142,YARS1--TRIM62,Novel,IPR002547|IPR001870,-0.24883499038478857,Biliary Tract,1,1.0,1.0,-0.0,False,2152.0,False,True
1095,MRTFA--PHF5A,No Annotation,,-0.25002705536877534,Lung,1,0.9,0.9548727796447432,0.020054486823310295,False,2153.0,False,False
1508,RBM25--CEP128,No Annotation,,-0.2502964817904253,Ovary/Fallopian Tube,1,1.0,1.0,-0.0,False,2154.0,False,False
1216,NSD2--TACC3,Novel,IPR000313|IPR009071|IPR001841|IPR001841|IPR047441|IPR001965|IPR000313|IPR006560|IPR001214|IPR003616|IPR007707,-0.2541749315797348,Ovary/Fallopian Tube,1,1.0,1.0,-0.0,False,2155.0,False,True
1377,PPP1R12A--PAWR,No Annotation,,-0.2552476642757474,Ovary/Fallopian Tube,1,1.0,1.0,-0.0,False,2156.0,False,False
466,DNAJC17--PPP1R14D,Pre-existing,IPR001623|IPR000504,-0.258757519948442,Breast,1,0.9,0.9548727796447432,0.020054486823310295,False,2157.0,False,False
1108,MTG1--ADAM12,Novel,IPR030378|IPR006073|IPR001590|IPR001762|IPR006586|IPR000742,-0.25877601481928564,Skin,1,0.9,0.9548727796447432,0.020054486823310295,False,2158.0,False,True
1437,PTK2--TRAPPC9,Novel,IPR000299|IPR058568,-0.26121925521846895,Biliary Tract,1,1.0,1.0,-0.0,False,2159.0,False,True
925,LAMA5--GATA5,Novel,IPR008211|IPR002049|IPR000742|IPR000742|IPR000742|IPR000742|IPR000742|IPR000742|IPR000742|IPR000742|IPR002049|IPR002049|IPR002049|IPR000742|IPR002049|IPR000034|IPR002049|IPR000742|IPR000742|IPR000742|IPR000742|IPR000742|IPR000742|IPR000679,-0.26181609541847745,Lung,1,1.0,1.0,-0.0,False,2160.0,False,True
2023,UBE4B--PARK7,No Annotation,,-0.2640104141202333,Soft Tissue,1,1.0,1.0,-0.0,False,2161.0,False,False
896,KIF23--GLCE,Pre-existing,IPR059154|IPR010598,-0.26767588366976397,Lung,1,1.0,1.0,-0.0,False,2162.0,False,False
2073,VCL--ADK,No Annotation,,-0.26966110845568014,Skin,1,0.9,0.9548727796447432,0.020054486823310295,False,2163.0,False,False
1994,TUT1--SZT2,Pre-existing,IPR013087,-0.27755583599812444,Lung,1,1.0,1.0,-0.0,False,2164.0,False,False
79,ANKRD26--NCKAP1L,No Annotation,,-0.28002162696252214,Soft Tissue,1,1.0,1.0,-0.0,False,2165.0,False,False
391,CREBBP--SLX4,Pre-existing,IPR000210,-0.28032144922220004,Lung,1,1.0,1.0,-0.0,False,2166.0,False,False
945,LARS1--PCDHAC1,Pre-existing,IPR031904,-0.28374479141158027,Head and Neck,1,1.0,1.0,-0.0,False,2167.0,False,False
1171,NFATC3--CDH1,Novel,IPR011539|IPR002909|IPR002126|IPR002126|IPR002126|IPR002126|IPR002126|IPR000233,-0.29199507442362616,Lung,1,0.8,0.9184415584415584,0.03694847316746522,False,2168.0,False,True
575,EXOC4--FAM185A,Pre-existing,IPR007191,-0.2921409216912122,Head and Neck,1,1.0,1.0,-0.0,False,2169.0,False,False
254,CCDC9--DHX34,Pre-existing,IPR056382,-0.2942732504608857,Breast,1,1.0,1.0,-0.0,False,2170.0,False,False
833,INVS--TGFBR1,No Annotation,,-0.2970505703580582,Soft Tissue,1,0.9,0.9548727796447432,0.020054486823310295,False,2171.0,False,False
787,HJURP--EIF4E2,Pre-existing,IPR021052|IPR022102|IPR022102,-0.29714508502094455,Prostate,1,0.9,0.9548727796447432,0.020054486823310295,False,2172.0,False,False
33,ADGRG6--VTA1,Novel,IPR000859|IPR001759|IPR041212,-0.29752320019776696,Bladder/Urinary Tract,1,0.9,0.9548727796447432,0.020054486823310295,False,2173.0,False,True
1614,SCAF11--ARID2,Pre-existing,IPR001841,-0.3008979433416613,Bladder/Urinary Tract,1,1.0,1.0,-0.0,False,2174.0,False,False
1282,PCYT1A--CSNK2A2,No Annotation,,-0.30950625826890166,Bone,1,0.7,0.8824871648602395,0.05429160239442746,False,2175.0,False,False
496,E2F2--ASAP3,Novel,IPR003316|IPR004148|IPR001849|IPR001164,-0.3096075243240939,Bowel,1,0.9,0.9548727796447432,0.020054486823310295,False,2176.0,False,True
40,ADORA2B--PIGL,No Annotation,,-0.3113705970312698,CNS/Brain,1,1.0,1.0,-0.0,False,2177.0,False,False
638,FGFR3--TACC3,Pre-existing,IPR003598|IPR003598|IPR003598|IPR000719,-0.31256922195029213,Esophagus/Stomach,1,1.0,1.0,-0.0,False,2178.0,False,False
1760,SRSF7--RBPJ,Novel,IPR000504|IPR001878|IPR015351|IPR015350|IPR038007,-0.3171291075557398,Soft Tissue,1,1.0,1.0,-0.0,False,2179.0,False,True
90,ANXA3--ANXA3,No Annotation,,-0.3214944612053572,Breast,1,1.0,1.0,-0.0,True,2180.0,False,False
232,CAMKMT--SLC3A1,No Annotation,,-0.3227843446897196,Uterus,1,1.0,1.0,-0.0,False,2181.0,False,False
915,KMT2A--PHLDB1,Novel,IPR002857|IPR001965|IPR001965|IPR001965|IPR001849,-0.3236173133682162,Ovary/Fallopian Tube,1,0.8,0.9184415584415584,0.03694847316746522,False,2182.0,False,True
1130,NAV1--IPO9,Pre-existing,IPR056840|IPR058669,-0.3353418345672311,Skin,1,0.9,0.9548727796447432,0.020054486823310295,False,2183.0,False,False
137,ARMH3--KCNIP2,Pre-existing,IPR002048,-0.337231989477673,Myeloid,1,1.0,1.0,-0.0,False,2184.0,False,False
1076,MMP11--SMARCB1,No Annotation,,-0.34420288750553535,CNS/Brain,1,1.0,1.0,-0.0,False,2185.0,False,False
1489,RAD50--PDLIM4,Pre-existing,IPR031847|IPR001781,-0.344620779515062,Uterus,1,1.0,1.0,-0.0,False,2186.0,False,False
901,KIRREL1--SP1,Pre-existing,IPR013087|IPR013087|IPR013087,-0.34900265121323765,Skin,1,1.0,1.0,-0.0,False,2187.0,False,False
431,DDX10--CUL5,Novel,IPR014014|IPR011545|IPR001650|IPR025313|IPR001373|IPR016158|IPR019559,-0.3595035028670651,Lung,1,1.0,1.0,-0.0,False,2188.0,False,True
733,GPATCH8--LSM12,No Annotation,,-0.3605255091765421,Pleura,1,1.0,1.0,-0.0,False,2189.0,False,False
2117,WNK1--KDM6A,Pre-existing,IPR003347|IPR048562|IPR048560,-0.3607861487962092,Myeloid,1,0.9,0.9548727796447432,0.020054486823310295,False,2190.5,False,False
881,KDM6A--WNK1,Pre-existing,IPR024678|IPR056865,-0.3607861487962092,Myeloid,1,1.0,1.0,-0.0,False,2190.5,False,False
157,ATL2--HS1BP3,Pre-existing,IPR015894,-0.3631769614859947,Esophagus/Stomach,1,1.0,1.0,-0.0,False,2192.0,False,False
94,APC--KCNN2,Pre-existing,IPR032038,-0.36347183584612724,Bowel,1,1.0,1.0,-0.0,False,2193.0,False,False
1394,PRKAR2A--SLC25A20,Pre-existing,IPR003117,-0.3684103511472104,Bladder/Urinary Tract,1,0.8,0.9184415584415584,0.03694847316746522,False,2194.0,False,False
1531,RLF--C1QTNF12,Pre-existing,IPR001073,-0.36986619189258935,Lung,1,0.9,0.9548727796447432,0.020054486823310295,False,2195.0,False,False
690,GATC--EED,No Annotation,,-0.3714175459185468,Breast,1,0.9,0.9548727796447432,0.020054486823310295,False,2196.0,False,False
1928,TNS3--CDK14,Pre-existing,IPR000387,-0.37364401476704884,Bowel,1,1.0,1.0,-0.0,False,2197.0,False,False
1580,RPS6KB1--VMP1,Pre-existing,IPR059828,-0.3741552903337796,Lung,1,0.9,0.9548727796447432,0.020054486823310295,False,2198.0,False,False
895,KIF22--RAB6A,Pre-existing,IPR001752,-0.38003415025917253,Bladder/Urinary Tract,1,1.0,1.0,-0.0,False,2199.0,False,False
1887,TIPRL--DCAF6,No Annotation,,-0.3969357047588103,Head and Neck,1,1.0,1.0,-0.0,False,2200.0,False,False
1651,SFPQ--ZFP36L1,Novel,IPR000504|IPR000504|IPR012975|IPR000571|IPR000571,-0.4001437340611351,Myeloid,1,0.8,0.9184415584415584,0.03694847316746522,False,2201.0,False,True
1573,RPS18--VPS52,Pre-existing,IPR048319|IPR048361,-0.41586609963873183,Lung,1,0.9,0.9548727796447432,0.020054486823310295,False,2202.0,False,False
1568,RPL27--RUNDC1,Pre-existing,IPR004012,-0.4257893241424173,Breast,1,0.9,0.9548727796447432,0.020054486823310295,False,2203.0,False,False
1788,STRADB--NOP58,No Annotation,,-0.43998392280268417,Breast,1,1.0,1.0,-0.0,False,2204.0,False,False
781,HIF1A--ICAM3,Pre-existing,IPR003987|IPR003987|IPR003987|IPR003988|IPR048679|IPR003599|IPR003599,-0.4573848517258625,Ovary/Fallopian Tube,1,0.8,0.9184415584415584,0.03694847316746522,False,2205.0,False,False
1534,RLF--UBE2J2,No Annotation,,-0.5211236061756941,Lung,1,1.0,1.0,-0.0,False,2206.5,False,False
1535,RLF--UBE2J2,Pre-existing,IPR000608,-0.5211236061756941,Lung,1,0.8,0.9184415584415584,0.03694847316746522,False,2206.5,False,False
127,ARID4A--PSMA3,No Annotation,,-0.6598016371297918,Liver,1,1.0,1.0,-0.0,False,2208.0,False,False
1114,MTMR4--SEPTIN4,Pre-existing,IPR035997,-0.6755608869593298,Lymphoid,1,0.8,0.9184415584415584,0.03694847316746522,False,2209.0,False,False
1276,PCBP2--ESPL1,Novel,IPR004087|IPR030397,-0.815432511084002,Breast,1,0.9,0.9548727796447432,0.020054486823310295,False,2210.0,False,True
