,ngram,False,True,n,False_q,True_q,fpr,fpr_sig
0,,1.0,1.0,15242.0,1.0,1.0,1.0,False
1,IPR000001,0.996392833248333,0.024272590897350052,9.0,1.0,0.13187852488602284,0.31,False
2,IPR000001|IPR000001,0.6452335408357548,1.0,3.0,1.0,1.0,1.0,False
3,IPR000001|IPR000001|IPR000001,0.7467050772524036,1.0,2.0,1.0,1.0,1.0,False
4,IPR000001|IPR000001|IPR001254,0.7467050772524036,1.0,2.0,1.0,1.0,1.0,False
5,IPR000001|IPR001254,0.7467050772524036,1.0,2.0,1.0,1.0,1.0,False
6,IPR000001|IPR002889,0.9974946376443489,0.050351849914298724,3.0,1.0,0.19708381075902243,0.01,True
7,IPR000001|IPR002889|IPR000859,0.9974946376443489,0.050351849914298724,3.0,1.0,0.19708381075902243,0.01,True
8,IPR000007,0.7467050772524036,1.0,2.0,1.0,1.0,1.0,False
9,IPR000008,0.9999999999999996,1.7840683151835815e-15,173.0,1.0,7.681900820461305e-13,0.05,True
10,IPR000008|IPR000008,0.9932686371747202,0.018184231072715905,41.0,1.0,0.11408695175018027,0.69,False
11,IPR000008|IPR000008|IPR000008,0.942625201384229,0.2442012899561677,7.0,1.0,0.464928904382533,0.35,False
12,IPR000008|IPR000008|IPR002035,0.942625201384229,0.2442012899561677,7.0,1.0,0.464928904382533,0.1,False
13,IPR000008|IPR000008|IPR013583,0.981545808458133,0.25329492274759635,2.0,1.0,0.464928904382533,0.04,True
14,IPR000008|IPR000198,0.9895490334258487,0.05088248568851092,11.0,1.0,0.19708381075902243,0.03,True
15,IPR000008|IPR000719,0.998195126511336,0.01508795794371311,8.0,1.0,0.11408695175018027,0.02,True
16,IPR000008|IPR000719|IPR000961,0.998195126511336,0.01508795794371311,8.0,1.0,0.11408695175018027,0.01,True
17,IPR000008|IPR001202,0.9999399793857386,0.000395302631528972,19.0,1.0,0.009680230791991462,0.01,True
18,IPR000008|IPR001202|IPR001202,0.9999870967483331,0.0001691278293123989,11.0,1.0,0.005140491141512736,0.0,True
19,IPR000008|IPR001202|IPR040524,0.48176933144103273,1.0,5.0,1.0,1.0,1.0,False
20,IPR000008|IPR001478,0.981545808458133,0.25329492274759635,2.0,1.0,0.464928904382533,0.04,True
21,IPR000008|IPR001849,0.9082977831884385,0.442454539948473,4.0,1.0,0.6543109925339897,0.35,False
22,IPR000008|IPR001849|IPR010439,0.9496481500857012,0.35476645916424515,3.0,1.0,0.5614328620219463,0.04,True
23,IPR000008|IPR001936,0.9635945083411929,0.19082229243034007,6.0,1.0,0.464928904382533,0.3,False
24,IPR000008|IPR001936|IPR021887,0.9496481500857012,0.35476645916424515,3.0,1.0,0.5614328620219463,0.22,False
25,IPR000008|IPR002035,0.97572740910265,0.1119840590798335,9.0,1.0,0.3381774595356515,0.13,False
26,IPR000008|IPR003892,0.7467050772524036,1.0,2.0,1.0,1.0,1.0,False
27,IPR000008|IPR010439,0.9082977831884385,0.442454539948473,4.0,1.0,0.6543109925339897,0.35,False
28,IPR000008|IPR010439|IPR000008,0.7467050772524036,1.0,2.0,1.0,1.0,1.0,False
29,IPR000008|IPR010439|IPR014772,0.981545808458133,0.25329492274759635,2.0,1.0,0.464928904382533,0.02,True
30,IPR000008|IPR013583,0.981545808458133,0.25329492274759635,2.0,1.0,0.464928904382533,0.06,False
31,IPR000008|IPR014815,0.9496481500857012,0.35476645916424515,3.0,1.0,0.5614328620219463,0.2,False
32,IPR000008|IPR056290,0.7467050772524036,1.0,2.0,1.0,1.0,1.0,False
33,IPR000008|IPR056290|IPR056288,0.7467050772524036,1.0,2.0,1.0,1.0,1.0,False
34,IPR000008|IPR056431,0.9974946376443489,0.050351849914298724,3.0,1.0,0.19708381075902243,0.0,True
35,IPR000014,0.9998713876073709,0.0006673859571921378,24.0,1.0,0.015324454349602177,0.39,False
36,IPR000014|IPR000014,0.9915535842838115,0.05737479861577096,7.0,1.0,0.2140473533918329,0.21,False
37,IPR000014|IPR014935,0.9959444841204863,0.03640549165880708,6.0,1.0,0.1776271722389577,0.0,True
38,IPR000014|IPR014935|IPR014920,0.7467050772524036,1.0,2.0,1.0,1.0,1.0,False
39,IPR000014|IPR014935|IPR032565,0.9996600111981438,0.009001483017035832,4.0,1.0,0.08677362453176146,0.0,True
40,IPR000020,0.9496481500857012,0.35476645916424515,3.0,1.0,0.5614328620219463,0.56,False
41,IPR000020|IPR001599,0.981545808458133,0.25329492274759635,2.0,1.0,0.464928904382533,0.26,False
42,IPR000023,0.6452335408357548,1.0,3.0,1.0,1.0,1.0,False
43,IPR000034,0.9998945644530969,0.0006324666098591892,20.0,1.0,0.01465450660601987,0.01,True
44,IPR000034|IPR000742,0.981545808458133,0.25329492274759635,2.0,1.0,0.464928904382533,0.11,False
45,IPR000034|IPR000742|IPR000742,0.981545808458133,0.25329492274759635,2.0,1.0,0.464928904382533,0.11,False
46,IPR000034|IPR002049,0.9998655699936355,0.0008875976015471403,17.0,1.0,0.018127339158869857,0.0,True
47,IPR000034|IPR002049|IPR000742,0.9998655699936355,0.0008875976015471403,17.0,1.0,0.018127339158869857,0.0,True
48,IPR000058,0.7467050772524036,1.0,2.0,1.0,1.0,1.0,False
49,IPR000061,0.9895490334258487,0.05088248568851092,11.0,1.0,0.19708381075902243,0.12,False
50,IPR000061|IPR000061,0.9992376589979926,0.008446415716188569,7.0,1.0,0.08677362453176146,0.03,True
51,IPR000061|IPR000467,0.9496481500857012,0.35476645916424515,3.0,1.0,0.5614328620219463,0.23,False
52,IPR000072,0.9635945083411929,0.19082229243034007,6.0,1.0,0.464928904382533,0.53,False
53,IPR000073,0.45590581531702246,0.8503252177097775,13.0,1.0,1.0,1.0,False
54,IPR000082,0.9972307831476748,0.015937930661170028,12.0,1.0,0.11408695175018027,0.38,False
55,IPR000082|IPR000742,0.9496481500857012,0.35476645916424515,3.0,1.0,0.5614328620219463,0.56,False
56,IPR000082|IPR000859,0.9974946376443489,0.050351849914298724,3.0,1.0,0.19708381075902243,0.05,True
57,IPR000082|IPR000859|IPR000859,1.0,0.018454191541866973,2.0,1.0,0.11408695175018027,0.01,True
58,IPR000082|IPR001254,0.7467050772524036,1.0,2.0,1.0,1.0,1.0,False
59,IPR000083,0.9974946376443489,0.050351849914298724,3.0,1.0,0.19708381075902243,0.04,True
60,IPR000083|IPR000083,0.981545808458133,0.25329492274759635,2.0,1.0,0.464928904382533,0.08,False
61,IPR000086,0.557545460051527,1.0,4.0,1.0,1.0,1.0,False
62,IPR000089,0.9999730963054814,0.0001768281399799704,21.0,1.0,0.005343105258926941,0.0,True
63,IPR000089|IPR004167,0.9974946376443489,0.050351849914298724,3.0,1.0,0.19708381075902243,0.01,True
64,IPR000089|IPR004167|IPR001078,0.981545808458133,0.25329492274759635,2.0,1.0,0.464928904382533,0.02,True
65,IPR000089|IPR013537,0.9999940234815534,0.00013682151001357293,8.0,1.0,0.0043910356660877715,0.0,True
66,IPR000089|IPR013537|IPR011762,0.9999613122336617,0.0007623410020074928,7.0,1.0,0.016143508022019325,0.0,True
67,IPR000095,0.995967818618329,0.012433734634736932,34.0,1.0,0.11408695175018027,0.29,False
68,IPR000095|IPR000719,0.9996369611217383,0.0036071667516669446,9.0,1.0,0.04904797527858711,0.01,True
69,IPR000095|IPR029273,0.1496747822902224,1.0,13.0,1.0,1.0,1.0,False
70,IPR000095|IPR029273|IPR029273,0.7467050772524036,1.0,2.0,1.0,1.0,1.0,False
71,IPR000118,0.981545808458133,0.25329492274759635,2.0,1.0,0.464928904382533,0.08,False
72,IPR000156,0.557545460051527,1.0,4.0,1.0,1.0,1.0,False
73,IPR000157,0.7833618139013364,0.4996308993171507,12.0,1.0,0.7304140383099247,0.93,False
74,IPR000157|IPR017893,0.9496481500857012,0.35476645916424515,3.0,1.0,0.5614328620219463,0.25,False
75,IPR000159,0.990450948553407,0.022611974559452006,53.0,1.0,0.12658296050778822,0.66,False
76,IPR000159|IPR001849,0.9929351552299672,0.03193358099079641,14.0,1.0,0.17027947675897323,0.07,False
77,IPR000159|IPR001849|IPR015042,0.98406206933883,0.06835476320218137,12.0,1.0,0.2517384614865795,0.03,True
78,IPR000159|IPR011524,0.41628765621530717,1.0,6.0,1.0,1.0,1.0,False
79,IPR000159|IPR019748,0.6452335408357548,1.0,3.0,1.0,1.0,1.0,False
80,IPR000159|IPR019748|IPR041797,0.6452335408357548,1.0,3.0,1.0,1.0,1.0,False
81,IPR000159|IPR037827,0.557545460051527,1.0,4.0,1.0,1.0,1.0,False
82,IPR000182,0.9797694962308396,0.13935002550649572,5.0,1.0,0.39238233340166945,0.53,False
83,IPR000194,0.981545808458133,0.25329492274759635,2.0,1.0,0.464928904382533,0.16,False
84,IPR000194|IPR055190,0.981545808458133,0.25329492274759635,2.0,1.0,0.464928904382533,0.1,False
85,IPR000195,0.9986566625161034,0.004316236637952299,39.0,1.0,0.053739746285059106,0.4,False
86,IPR000195|IPR001452,0.9984845308177138,0.020230503769160375,5.0,1.0,0.11408695175018027,0.01,True
87,IPR000195|IPR001452|IPR004012,0.9909985169829642,0.09170221681156158,4.0,1.0,0.28406795819264913,0.0,True
88,IPR000195|IPR002048,0.981545808458133,0.25329492274759635,2.0,1.0,0.464928904382533,0.04,True
89,IPR000195|IPR032738,0.9496481500857012,0.35476645916424515,3.0,1.0,0.5614328620219463,0.07,False
90,IPR000197,0.9999995937700643,6.619526176266705e-06,13.0,1.0,0.0003977103692182566,0.0,True
91,IPR000197|IPR003101,0.9999998634507399,3.998813131069719e-06,10.0,1.0,0.0002869703812255172,0.0,True
92,IPR000197|IPR003101|IPR001487,1.0,6.253281363970692e-06,6.0,1.0,0.00039403298545898253,0.0,True
93,IPR000197|IPR014744,0.9496481500857012,0.35476645916424515,3.0,1.0,0.5614328620219463,0.16,False
94,IPR000198,0.9998907390003055,0.0002884811763292607,90.0,1.0,0.00801388300050156,0.43,False
95,IPR000198|IPR000159,0.9909985169829642,0.09170221681156158,4.0,1.0,0.28406795819264913,0.05,True
96,IPR000198|IPR001452,0.9638198848985289,0.14447146364198882,10.0,1.0,0.4000450442862573,0.19,False
97,IPR000198|IPR002913,0.6452335408357548,1.0,3.0,1.0,1.0,1.0,False
98,IPR000198|IPR057323,0.9797694962308396,0.13935002550649572,5.0,1.0,0.39238233340166945,0.03,True
99,IPR000209,1.0,0.018454191541866973,2.0,1.0,0.11408695175018027,0.06,False
100,IPR000210,0.9999999999975581,1.1062150388907299e-11,104.0,1.0,3.1754517255268896e-09,0.69,False
101,IPR000210|IPR000210,0.9984845308177138,0.020230503769160375,5.0,1.0,0.11408695175018027,0.06,False
102,IPR000210|IPR004826,0.7467050772524036,1.0,2.0,1.0,1.0,1.0,False
103,IPR000210|IPR005821,0.9797694962308396,0.13935002550649572,5.0,1.0,0.39238233340166945,0.84,False
104,IPR000210|IPR011705,0.9996932720271935,0.001397420939363963,26.0,1.0,0.02627660827138408,0.76,False
105,IPR000210|IPR011705|IPR012983,0.7467050772524036,1.0,2.0,1.0,1.0,1.0,False
106,IPR000210|IPR013087,0.9999993174552538,3.992221599573392e-06,35.0,1.0,0.0002869703812255172,0.13,False
107,IPR000210|IPR013087|IPR013087,0.9999984983697197,8.733274441909176e-06,33.0,1.0,0.0005070205510263451,0.09,False
108,IPR000210|IPR034089,0.48176933144103273,1.0,5.0,1.0,1.0,1.0,False
109,IPR000210|IPR045763,0.9496481500857012,0.35476645916424515,3.0,1.0,0.5614328620219463,0.15,False
110,IPR000210|IPR049763,0.981545808458133,0.25329492274759635,2.0,1.0,0.464928904382533,0.03,True
111,IPR000210|IPR057890,0.9974946376443489,0.050351849914298724,3.0,1.0,0.19708381075902243,0.01,True
112,IPR000214,0.6452335408357548,1.0,3.0,1.0,1.0,1.0,False
113,IPR000219,0.9999976836999247,7.5964835263566235e-06,83.0,1.0,0.000451161268743502,0.17,False
114,IPR000219|IPR001849,0.9999706063507178,9.271090686728568e-05,70.0,1.0,0.0033037052122983804,0.16,False
115,IPR000219|IPR001849|IPR000008,0.9915535842838115,0.05737479861577096,7.0,1.0,0.2140473533918329,0.02,True
116,IPR000219|IPR001849|IPR000306,0.7467050772524036,1.0,2.0,1.0,1.0,1.0,False
117,IPR000219|IPR001849|IPR000591,0.7467050772524036,1.0,2.0,1.0,1.0,1.0,False
118,IPR000219|IPR001849|IPR001452,0.999763515166124,0.001408487815684134,18.0,1.0,0.02627660827138408,0.0,True
119,IPR000219|IPR001849|IPR001849,0.6452335408357548,1.0,3.0,1.0,1.0,1.0,False
120,IPR000219|IPR001849|IPR002219,0.9984845308177138,0.020230503769160375,5.0,1.0,0.11408695175018027,0.0,True
121,IPR000219|IPR004148,0.7467050772524036,1.0,2.0,1.0,1.0,1.0,False
122,IPR000219|IPR004148|IPR001452,0.7467050772524036,1.0,2.0,1.0,1.0,1.0,False
123,IPR000233,0.9979612494118316,0.006548853385216466,36.0,1.0,0.07690437600321245,0.2,False
124,IPR000237,0.8606499744935043,0.5182306685589673,5.0,1.0,0.7304140383099247,0.79,False
125,IPR000241,1.0,0.018454191541866973,2.0,1.0,0.11408695175018027,0.0,True
126,IPR000242,0.32842916302300845,0.8047080455247873,57.0,1.0,1.0,1.0,False
127,IPR000242|IPR000242,0.6174904180042894,0.6221078946010585,23.0,1.0,0.8526343478524323,0.63,False
128,IPR000253,0.9999951680310681,2.076365112935589e-05,47.0,1.0,0.0010622354988651672,0.15,False
129,IPR000253|IPR001766,0.9999538812932512,0.001515469182286134,5.0,1.0,0.02627660827138408,0.0,True
130,IPR000253|IPR022140,0.9316452367978186,0.21663818609866356,12.0,1.0,0.464928904382533,0.27,False
131,IPR000253|IPR022140|IPR022164,0.8555285363580112,0.40284760770688294,10.0,1.0,0.6334490532627706,0.35,False
132,IPR000261,0.9990220763554658,0.00407369975288763,25.0,1.0,0.05084252807529078,0.09,False
133,IPR000261|IPR000261,0.9972307831476748,0.015937930661170028,12.0,1.0,0.11408695175018027,0.04,True
134,IPR000261|IPR000261|IPR000261,0.9959444841204863,0.03640549165880708,6.0,1.0,0.1776271722389577,0.0,True
135,IPR000270,0.9999399793857386,0.000395302631528972,19.0,1.0,0.009680230791991462,0.02,True
136,IPR000270|IPR000433,0.9909985169829642,0.09170221681156158,4.0,1.0,0.28406795819264913,0.03,True
137,IPR000294,0.9996369611217383,0.0036071667516669446,9.0,1.0,0.04904797527858711,0.16,False
138,IPR000294|IPR000001,0.981545808458133,0.25329492274759635,2.0,1.0,0.464928904382533,0.02,True
139,IPR000294|IPR000742,0.981545808458133,0.25329492274759635,2.0,1.0,0.464928904382533,0.41,False
140,IPR000294|IPR000742|IPR000742,0.981545808458133,0.25329492274759635,2.0,1.0,0.464928904382533,0.34,False
141,IPR000299,0.9994942218781773,0.0015799732752837699,49.0,1.0,0.027121999712263256,0.33,False
142,IPR000299|IPR000719,0.9909985169829642,0.09170221681156158,4.0,1.0,0.28406795819264913,0.03,True
143,IPR000299|IPR000980,0.9984845308177138,0.020230503769160375,5.0,1.0,0.11408695175018027,0.01,True
144,IPR000299|IPR000980|IPR000719,0.9496481500857012,0.35476645916424515,3.0,1.0,0.5614328620219463,0.25,False
145,IPR000299|IPR001452,0.6452335408357548,1.0,3.0,1.0,1.0,1.0,False
146,IPR000299|IPR001452|IPR000857,0.6452335408357548,1.0,3.0,1.0,1.0,1.0,False
147,IPR000299|IPR001478,0.981545808458133,0.25329492274759635,2.0,1.0,0.464928904382533,0.09,False
148,IPR000299|IPR001478|IPR001478,0.981545808458133,0.25329492274759635,2.0,1.0,0.464928904382533,0.02,True
149,IPR000299|IPR014847,0.9680664190092035,0.11111169084510009,14.0,1.0,0.3381774595356515,0.25,False
150,IPR000299|IPR014847|IPR000219,0.7467050772524036,1.0,2.0,1.0,1.0,1.0,False
151,IPR000299|IPR014847|IPR007477,0.9895490334258487,0.05088248568851092,11.0,1.0,0.19708381075902243,0.01,True
152,IPR000299|IPR021774,0.6452335408357548,1.0,3.0,1.0,1.0,1.0,False
153,IPR000300,1.0,0.018454191541866973,2.0,1.0,0.11408695175018027,0.06,False
154,IPR000306,0.4033747571515404,0.794188232404986,30.0,1.0,1.0,1.0,False
155,IPR000306|IPR001849,0.9082977831884385,0.442454539948473,4.0,1.0,0.6543109925339897,0.39,False
156,IPR000306|IPR024608,0.6452335408357548,1.0,3.0,1.0,1.0,1.0,False
157,IPR000306|IPR024608|IPR022557,0.7467050772524036,1.0,2.0,1.0,1.0,1.0,False
158,IPR000313,1.0,7.007542352755772e-17,46.0,1.0,3.291633757880825e-14,0.0,True
159,IPR000313|IPR001965,0.9999999882466402,2.2912409191926352e-07,15.0,1.0,2.2767003518208356e-05,0.0,True
160,IPR000313|IPR001965|IPR001965,0.9999995937700643,6.619526176266705e-06,13.0,1.0,0.0003977103692182566,0.0,True
161,IPR000313|IPR006560,0.9972307831476748,0.015937930661170028,12.0,1.0,0.11408695175018027,0.0,True
162,IPR000313|IPR006560|IPR001214,0.9935886954088315,0.03618011510147109,10.0,1.0,0.1776271722389577,0.01,True
163,IPR000313|IPR009071,1.0,0.018454191541866973,2.0,1.0,0.11408695175018027,0.0,True
164,IPR000313|IPR025766,0.981545808458133,0.25329492274759635,2.0,1.0,0.464928904382533,0.08,False
165,IPR000313|IPR056987,1.0,4.6118706748703514e-05,5.0,1.0,0.00186168248258243,0.0,True
166,IPR000313|IPR056987|IPR002893,1.0,4.6118706748703514e-05,5.0,1.0,0.00186168248258243,0.0,True
167,IPR000315,0.9999999991383286,8.18815311205043e-09,31.0,1.0,1.3049294983656237e-06,0.18,False
168,IPR000315|IPR000315,0.999999893139558,2.3180133943108774e-06,12.0,1.0,0.00018714336263131725,0.02,True
169,IPR000315|IPR000315|IPR003649,0.9999990909979657,2.371282588951371e-05,9.0,1.0,0.0011240749667074984,0.0,True
170,IPR000315|IPR001870,0.9909985169829642,0.09170221681156158,4.0,1.0,0.28406795819264913,0.46,False
171,IPR000315|IPR003649,0.999999982950406,4.0622993566384294e-07,13.0,1.0,3.887018662176068e-05,0.0,True
172,IPR000315|IPR003649|IPR002083,0.981545808458133,0.25329492274759635,2.0,1.0,0.464928904382533,0.01,True
173,IPR000320,0.7467050772524036,1.0,2.0,1.0,1.0,1.0,False
174,IPR000322,0.9915535842838115,0.05737479861577096,7.0,1.0,0.2140473533918329,0.14,False
175,IPR000322|IPR048395,0.9915535842838115,0.05737479861577096,7.0,1.0,0.2140473533918329,0.12,False
176,IPR000322|IPR048395|IPR000519,0.7467050772524036,1.0,2.0,1.0,1.0,1.0,False
177,IPR000326,0.9915535842838115,0.05737479861577096,7.0,1.0,0.2140473533918329,0.29,False
178,IPR000327,0.9172530969809943,0.2980194189352218,8.0,1.0,0.5376628273876715,0.83,False
179,IPR000327|IPR001356,0.9172530969809943,0.2980194189352218,8.0,1.0,0.5376628273876715,0.82,False
180,IPR000330,0.999995254822381,2.1542442419707425e-05,43.0,1.0,0.0010702865382945024,0.03,True
181,IPR000330|IPR001650,0.9988412209339915,0.004032181381671067,34.0,1.0,0.05084252807529078,0.18,False
182,IPR000330|IPR001650|IPR009463,0.9997545541663276,0.004055515879513668,6.0,1.0,0.05084252807529078,0.01,True
183,IPR000330|IPR001650|IPR015194,1.0,0.018454191541866973,2.0,1.0,0.11408695175018027,0.0,True
184,IPR000330|IPR001650|IPR029295,0.8880159409201664,0.3511723788939042,9.0,1.0,0.5614328620219463,0.13,False
185,IPR000330|IPR001650|IPR040793,0.981545808458133,0.25329492274759635,2.0,1.0,0.464928904382533,0.05,True
186,IPR000330|IPR001650|IPR056342,0.48176933144103273,1.0,5.0,1.0,1.0,1.0,False
187,IPR000331,0.7449171701948984,0.5440941846829775,13.0,1.0,0.7643650495532748,0.84,False
188,IPR000331|IPR001478,0.41628765621530717,1.0,6.0,1.0,1.0,1.0,False
189,IPR000331|IPR001478|IPR021818,0.48176933144103273,1.0,5.0,1.0,1.0,1.0,False
190,IPR000340,0.9847962719482942,0.0424979230468775,30.0,1.0,0.19708381075902243,0.65,False
191,IPR000341,0.9915535842838115,0.05737479861577096,7.0,1.0,0.2140473533918329,0.13,False
192,IPR000341|IPR002420,0.9959444841204863,0.03640549165880708,6.0,1.0,0.1776271722389577,0.09,False
193,IPR000341|IPR002420|IPR001263,0.9797694962308396,0.13935002550649572,5.0,1.0,0.39238233340166945,0.2,False
194,IPR000352,0.9909985169829642,0.09170221681156158,4.0,1.0,0.28406795819264913,0.11,False
195,IPR000372,0.967890126928764,0.07388583635207889,39.0,1.0,0.27075752938382386,0.98,False
196,IPR000372|IPR000483,0.7833618139013364,0.4996308993171507,12.0,1.0,0.7304140383099247,0.98,False
197,IPR000372|IPR000483|IPR000372,0.7467050772524036,1.0,2.0,1.0,1.0,1.0,False
198,IPR000372|IPR000483|IPR003598,0.557545460051527,1.0,4.0,1.0,1.0,1.0,False
199,IPR000372|IPR000483|IPR003599,0.981545808458133,0.25329492274759635,2.0,1.0,0.464928904382533,0.01,True
200,IPR000372|IPR003598,0.5475345528859306,0.7995074773097844,11.0,1.0,1.0,1.0,False
201,IPR000375,0.8555285363580112,0.40284760770688294,10.0,1.0,0.6334490532627706,0.44,False
202,IPR000375|IPR001849,0.9082977831884385,0.442454539948473,4.0,1.0,0.6543109925339897,0.19,False
203,IPR000375|IPR001849|IPR003130,0.9496481500857012,0.35476645916424515,3.0,1.0,0.5614328620219463,0.12,False
204,IPR000375|IPR003130,0.9082977831884385,0.442454539948473,4.0,1.0,0.6543109925339897,0.24,False
205,IPR000387,0.9869533813393424,0.04456426636788033,20.0,1.0,0.19708381075902243,0.39,False
206,IPR000387|IPR014020,0.97572740910265,0.1119840590798335,9.0,1.0,0.3381774595356515,0.13,False
207,IPR000387|IPR014020|IPR001623,0.981545808458133,0.25329492274759635,2.0,1.0,0.464928904382533,0.0,True
208,IPR000403,0.981460231460911,0.05355329950550037,26.0,1.0,0.20696327490270786,0.23,False
209,IPR000403|IPR001683,0.9082977831884385,0.442454539948473,4.0,1.0,0.6543109925339897,0.32,False
210,IPR000403|IPR001683|IPR000008,0.9082977831884385,0.442454539948473,4.0,1.0,0.6543109925339897,0.28,False
211,IPR000403|IPR003152,0.9895490334258487,0.05088248568851092,11.0,1.0,0.19708381075902243,0.04,True
212,IPR000409,0.949117514311489,0.179567330374543,11.0,1.0,0.464928904382533,0.3,False
213,IPR000409|IPR000306,0.7467050772524036,1.0,2.0,1.0,1.0,1.0,False
214,IPR000409|IPR046851,0.9797694962308396,0.13935002550649572,5.0,1.0,0.39238233340166945,0.15,False
215,IPR000418,0.9956837633620477,0.012445734518862411,39.0,1.0,0.11408695175018027,0.27,False
216,IPR000421,0.9638198848985289,0.14447146364198882,10.0,1.0,0.4000450442862573,0.68,False
217,IPR000421|IPR000421,0.9496481500857012,0.35476645916424515,3.0,1.0,0.5614328620219463,0.38,False
218,IPR000421|IPR000421|IPR000998,0.981545808458133,0.25329492274759635,2.0,1.0,0.464928904382533,0.0,True
219,IPR000421|IPR000998,0.981545808458133,0.25329492274759635,2.0,1.0,0.464928904382533,0.01,True
220,IPR000421|IPR048525,0.6452335408357548,1.0,3.0,1.0,1.0,1.0,False
221,IPR000421|IPR048525|IPR000719,0.6452335408357548,1.0,3.0,1.0,1.0,1.0,False
222,IPR000426,0.7467050772524036,1.0,2.0,1.0,1.0,1.0,False
223,IPR000432,0.8606499744935043,0.5182306685589673,5.0,1.0,0.7304140383099247,0.49,False
224,IPR000433,0.9999956854293085,2.6381009228167892e-05,28.0,1.0,0.0012301892882996262,0.02,True
225,IPR000433|IPR000197,0.9974946376443489,0.050351849914298724,3.0,1.0,0.19708381075902243,0.0,True
226,IPR000433|IPR000197|IPR014744,0.981545808458133,0.25329492274759635,2.0,1.0,0.464928904382533,0.06,False
227,IPR000433|IPR001005,0.9082977831884385,0.442454539948473,4.0,1.0,0.6543109925339897,0.27,False
228,IPR000433|IPR001005|IPR055141,0.9496481500857012,0.35476645916424515,3.0,1.0,0.5614328620219463,0.19,False
229,IPR000433|IPR010606,1.0,0.018454191541866973,2.0,1.0,0.11408695175018027,0.0,True
230,IPR000436,0.9991692808657401,0.002456094502824367,51.0,1.0,0.03667197533045109,0.89,False
231,IPR000436|IPR000436,0.9767819980203226,0.05986608157831549,32.0,1.0,0.22301949784798566,0.91,False
232,IPR000436|IPR000436|IPR000436,0.9358542789813171,0.15087753823616917,27.0,1.0,0.4171130230424217,0.87,False
233,IPR000436|IPR000436|IPR001254,0.9496481500857012,0.35476645916424515,3.0,1.0,0.5614328620219463,0.33,False
234,IPR000436|IPR000436|IPR040514,0.7467050772524036,1.0,2.0,1.0,1.0,1.0,False
235,IPR000436|IPR000742,0.9496481500857012,0.35476645916424515,3.0,1.0,0.5614328620219463,0.45,False
236,IPR000436|IPR000742|IPR000742,0.981545808458133,0.25329492274759635,2.0,1.0,0.464928904382533,0.17,False
237,IPR000436|IPR000859,0.997996109626352,0.010438814367622576,15.0,1.0,0.0971225616702161,0.14,False
238,IPR000436|IPR000859|IPR000436,0.9954444034543672,0.023051889483380827,13.0,1.0,0.12698199675973212,0.2,False
239,IPR000436|IPR001254,0.9082977831884385,0.442454539948473,4.0,1.0,0.6543109925339897,0.44,False
240,IPR000436|IPR040514,0.7467050772524036,1.0,2.0,1.0,1.0,1.0,False
241,IPR000463,0.41628765621530717,1.0,6.0,1.0,1.0,1.0,False
242,IPR000463|IPR000463,0.48176933144103273,1.0,5.0,1.0,1.0,1.0,False
243,IPR000463|IPR000463|IPR000463,0.6452335408357548,1.0,3.0,1.0,1.0,1.0,False
244,IPR000467,0.9998713876073709,0.0006673859571921378,24.0,1.0,0.015324454349602177,0.04,True
245,IPR000467|IPR013087,0.981545808458133,0.25329492274759635,2.0,1.0,0.464928904382533,0.05,True
246,IPR000467|IPR014720,0.9974946376443489,0.050351849914298724,3.0,1.0,0.19708381075902243,0.0,True
247,IPR000472,0.998436289788411,0.010450966574151375,11.0,1.0,0.0971225616702161,0.07,False
248,IPR000472|IPR000719,0.981545808458133,0.25329492274759635,2.0,1.0,0.464928904382533,0.04,True
249,IPR000472|IPR003605,0.9082977831884385,0.442454539948473,4.0,1.0,0.6543109925339897,0.4,False
250,IPR000472|IPR003605|IPR000719,0.7467050772524036,1.0,2.0,1.0,1.0,1.0,False
251,IPR000477,0.9172530969809943,0.2980194189352218,8.0,1.0,0.5376628273876715,0.02,True
252,IPR000477|IPR049139,0.9172530969809943,0.2980194189352218,8.0,1.0,0.5376628273876715,0.01,True
253,IPR000483,0.9188764682860389,0.17030985481668676,34.0,1.0,0.464928904382533,1.0,False
254,IPR000483|IPR000372,0.7467050772524036,1.0,2.0,1.0,1.0,1.0,False
255,IPR000483|IPR000372|IPR000483,0.7467050772524036,1.0,2.0,1.0,1.0,1.0,False
256,IPR000483|IPR003598,0.6265894606524811,0.6603178436738399,16.0,1.0,0.8926902925857485,0.98,False
257,IPR000483|IPR003598|IPR003598,0.7557987100438324,0.6402975194227803,7.0,1.0,0.8667585231484166,0.68,False
258,IPR000483|IPR003598|IPR003961,0.9496481500857012,0.35476645916424515,3.0,1.0,0.5614328620219463,0.57,False
259,IPR000483|IPR003599,0.981545808458133,0.25329492274759635,2.0,1.0,0.464928904382533,0.31,False
260,IPR000483|IPR003599|IPR013098,0.981545808458133,0.25329492274759635,2.0,1.0,0.464928904382533,0.04,True
261,IPR000488,0.9956837633620477,0.012445734518862411,39.0,1.0,0.11408695175018027,0.57,False
262,IPR000494,0.9999951680310681,2.076365112935589e-05,47.0,1.0,0.0010622354988651672,0.0,True
263,IPR000494|IPR003961,0.9998631784899864,0.0018048734886640262,8.0,1.0,0.029890324730535326,0.0,True
264,IPR000494|IPR003961|IPR003961,0.9998631784899864,0.0018048734886640262,8.0,1.0,0.029890324730535326,0.0,True
265,IPR000494|IPR006211,0.9938444965520491,0.018905274480514513,31.0,1.0,0.11408695175018027,0.11,False
266,IPR000494|IPR006211|IPR000494,0.9905667890506991,0.02883164887525016,28.0,1.0,0.15469691561621762,0.15,False
267,IPR000494|IPR032778,0.6265894606524811,0.6603178436738399,16.0,1.0,0.8926902925857485,0.59,False
268,IPR000494|IPR032778|IPR049328,0.6660642904951446,0.62445443063305,15.0,1.0,0.8549433076526151,0.51,False
269,IPR000504,0.999999999999998,7.185465154933126e-15,212.0,1.0,2.8559460350414967e-12,0.47,False
270,IPR000504|IPR000504,0.9999999831322527,6.656217468070951e-08,84.0,1.0,7.816517194891502e-06,0.32,False
271,IPR000504|IPR000504|IPR000504,0.9905667890506991,0.02883164887525016,28.0,1.0,0.15469691561621762,0.55,False
272,IPR000504|IPR000504|IPR004087,1.0,0.018454191541866973,2.0,1.0,0.11408695175018027,0.0,True
273,IPR000504|IPR000504|IPR012975,0.9959444841204863,0.03640549165880708,6.0,1.0,0.1776271722389577,0.02,True
274,IPR000504|IPR000504|IPR012996,0.9496481500857012,0.35476645916424515,3.0,1.0,0.5614328620219463,0.3,False
275,IPR000504|IPR000504|IPR032296,0.9909985169829642,0.09170221681156158,4.0,1.0,0.28406795819264913,0.1,False
276,IPR000504|IPR000504|IPR034987,0.981545808458133,0.25329492274759635,2.0,1.0,0.464928904382533,0.0,True
277,IPR000504|IPR000690,0.6452335408357548,1.0,3.0,1.0,1.0,1.0,False
278,IPR000504|IPR001876,0.998195126511336,0.01508795794371311,8.0,1.0,0.11408695175018027,0.03,True
279,IPR000504|IPR001878,0.9797694962308396,0.13935002550649572,5.0,1.0,0.39238233340166945,0.19,False
280,IPR000504|IPR002004,0.981545808458133,0.25329492274759635,2.0,1.0,0.464928904382533,0.1,False
281,IPR000504|IPR004087,0.9984845308177138,0.020230503769160375,5.0,1.0,0.11408695175018027,0.0,True
282,IPR000504|IPR004087|IPR004087,0.9909985169829642,0.09170221681156158,4.0,1.0,0.28406795819264913,0.06,False
283,IPR000504|IPR012975,0.9915535842838115,0.05737479861577096,7.0,1.0,0.2140473533918329,0.02,True
284,IPR000504|IPR012996,0.9496481500857012,0.35476645916424515,3.0,1.0,0.5614328620219463,0.3,False
285,IPR000504|IPR012996|IPR000504,0.9496481500857012,0.35476645916424515,3.0,1.0,0.5614328620219463,0.3,False
286,IPR000504|IPR014886,0.6452335408357548,1.0,3.0,1.0,1.0,1.0,False
287,IPR000504|IPR025670,0.8880159409201664,0.3511723788939042,9.0,1.0,0.5614328620219463,0.22,False
288,IPR000504|IPR032296,0.9909985169829642,0.09170221681156158,4.0,1.0,0.28406795819264913,0.12,False
289,IPR000504|IPR034987,0.9496481500857012,0.35476645916424515,3.0,1.0,0.5614328620219463,0.11,False
290,IPR000504|IPR035617,0.557545460051527,1.0,4.0,1.0,1.0,1.0,False
291,IPR000504|IPR035617|IPR000467,0.557545460051527,1.0,4.0,1.0,1.0,1.0,False
292,IPR000504|IPR056611,0.9496481500857012,0.35476645916424515,3.0,1.0,0.5614328620219463,0.14,False
293,IPR000504|IPR057951,0.981545808458133,0.25329492274759635,2.0,1.0,0.464928904382533,0.03,True
294,IPR000519,0.8606499744935043,0.5182306685589673,5.0,1.0,0.7304140383099247,0.83,False
295,IPR000519|IPR000322,0.7467050772524036,1.0,2.0,1.0,1.0,1.0,False
296,IPR000519|IPR000322|IPR048395,0.7467050772524036,1.0,2.0,1.0,1.0,1.0,False
297,IPR000519|IPR025887,0.9496481500857012,0.35476645916424515,3.0,1.0,0.5614328620219463,0.4,False
298,IPR000519|IPR025887|IPR000322,0.9496481500857012,0.35476645916424515,3.0,1.0,0.5614328620219463,0.28,False
299,IPR000532,0.48176933144103273,1.0,5.0,1.0,1.0,1.0,False
300,IPR000536,0.9834431004739937,0.03759087765292456,51.0,1.0,0.18323779701194456,0.53,False
301,IPR000538,0.9987900677535673,0.007064844770032759,14.0,1.0,0.0807611790415028,0.17,False
302,IPR000538|IPR000538,0.9992376589979926,0.008446415716188569,7.0,1.0,0.08677362453176146,0.0,True
303,IPR000538|IPR000538|IPR000742,0.9997545541663276,0.004055515879513668,6.0,1.0,0.05084252807529078,0.0,True
304,IPR000538|IPR000742,0.9997545541663276,0.004055515879513668,6.0,1.0,0.05084252807529078,0.0,True
305,IPR000538|IPR000742|IPR000742,0.9984845308177138,0.020230503769160375,5.0,1.0,0.11408695175018027,0.0,True
306,IPR000538|IPR000782,0.7467050772524036,1.0,2.0,1.0,1.0,1.0,False
307,IPR000539,0.981545808458133,0.25329492274759635,2.0,1.0,0.464928904382533,0.56,False
308,IPR000555,0.8606499744935043,0.5182306685589673,5.0,1.0,0.7304140383099247,0.71,False
309,IPR000555|IPR012984,0.7467050772524036,1.0,2.0,1.0,1.0,1.0,False
310,IPR000562,0.9994668342079506,0.003147787270446973,16.0,1.0,0.04416368681549245,0.1,False
311,IPR000562|IPR000562,0.942625201384229,0.2442012899561677,7.0,1.0,0.464928904382533,0.2,False
312,IPR000562|IPR000562|IPR000562,0.9797694962308396,0.13935002550649572,5.0,1.0,0.39238233340166945,0.09,False
313,IPR000562|IPR000562|IPR001818,0.9496481500857012,0.35476645916424515,3.0,1.0,0.5614328620219463,0.19,False
314,IPR000562|IPR001304,0.9997545541663276,0.004055515879513668,6.0,1.0,0.05084252807529078,0.02,True
315,IPR000562|IPR001304|IPR001304,0.9984845308177138,0.020230503769160375,5.0,1.0,0.11408695175018027,0.01,True
316,IPR000562|IPR001818,0.9496481500857012,0.35476645916424515,3.0,1.0,0.5614328620219463,0.19,False
317,IPR000562|IPR001818|IPR000585,0.9496481500857012,0.35476645916424515,3.0,1.0,0.5614328620219463,0.12,False
318,IPR000566,0.9974946376443489,0.050351849914298724,3.0,1.0,0.19708381075902243,0.31,False
319,IPR000569,0.8970215629673601,0.21529451018021104,30.0,1.0,0.464928904382533,0.6,False
320,IPR000571,0.9999999854897356,7.397110016775384e-08,56.0,1.0,8.493526101484092e-06,0.12,False
321,IPR000571|IPR000571,0.999798420573821,0.0009779236445341785,25.0,1.0,0.019738013559797266,0.33,False
322,IPR000571|IPR000571|IPR000571,0.996852212729553,0.014813430625927939,16.0,1.0,0.11408695175018027,0.38,False
323,IPR000571|IPR000571|IPR001841,0.7467050772524036,1.0,2.0,1.0,1.0,1.0,False
324,IPR000571|IPR000719,1.0,0.018454191541866973,2.0,1.0,0.11408695175018027,0.0,True
325,IPR000571|IPR001841,0.7467050772524036,1.0,2.0,1.0,1.0,1.0,False
326,IPR000571|IPR004170,0.7467050772524036,1.0,2.0,1.0,1.0,1.0,False
327,IPR000571|IPR004170|IPR012317,0.7467050772524036,1.0,2.0,1.0,1.0,1.0,False
328,IPR000571|IPR014016,0.9496481500857012,0.35476645916424515,3.0,1.0,0.5614328620219463,0.11,False
329,IPR000571|IPR014016|IPR041677,0.9496481500857012,0.35476645916424515,3.0,1.0,0.5614328620219463,0.11,False
330,IPR000573,0.8880159409201664,0.3511723788939042,9.0,1.0,0.5614328620219463,0.34,False
331,IPR000582,0.9496481500857012,0.35476645916424515,3.0,1.0,0.5614328620219463,0.45,False
332,IPR000585,0.6660642904951446,0.62445443063305,15.0,1.0,0.8549433076526151,0.9,False
333,IPR000585|IPR021805,0.6452335408357548,1.0,3.0,1.0,1.0,1.0,False
334,IPR000591,0.8303149715310432,0.34974952497228834,22.0,1.0,0.5614328620219463,0.81,False
335,IPR000591|IPR000591,0.7557987100438324,0.6402975194227803,7.0,1.0,0.8667585231484166,0.38,False
336,IPR000591|IPR000591|IPR001478,0.7557987100438324,0.6402975194227803,7.0,1.0,0.8667585231484166,0.35,False
337,IPR000591|IPR001478,0.7557987100438324,0.6402975194227803,7.0,1.0,0.8667585231484166,0.41,False
338,IPR000591|IPR001478|IPR001478,0.48176933144103273,1.0,5.0,1.0,1.0,1.0,False
339,IPR000591|IPR024580,0.9974946376443489,0.050351849914298724,3.0,1.0,0.19708381075902243,0.02,True
340,IPR000591|IPR040759,0.6452335408357548,1.0,3.0,1.0,1.0,1.0,False
341,IPR000591|IPR040759|IPR015898,0.6452335408357548,1.0,3.0,1.0,1.0,1.0,False
342,IPR000593,0.8606499744935043,0.5182306685589673,5.0,1.0,0.7304140383099247,0.31,False
343,IPR000594,0.9849120420562869,0.0827469030190057,8.0,1.0,0.28406795819264913,0.2,False
344,IPR000594|IPR018965,0.981545808458133,0.25329492274759635,2.0,1.0,0.464928904382533,0.05,True
345,IPR000595,0.9711683511247499,0.07591707839982705,28.0,1.0,0.27780704255800737,0.77,False
346,IPR000595|IPR000595,0.9849120420562869,0.0827469030190057,8.0,1.0,0.28406795819264913,0.2,False
347,IPR000595|IPR000719,0.981545808458133,0.25329492274759635,2.0,1.0,0.464928904382533,0.02,True
348,IPR000595|IPR000719|IPR000961,0.981545808458133,0.25329492274759635,2.0,1.0,0.464928904382533,0.0,True
349,IPR000601,0.8091777075696599,0.5837123437846928,6.0,1.0,0.8021387447700818,0.74,False
350,IPR000602,0.557545460051527,1.0,4.0,1.0,1.0,1.0,False
351,IPR000602|IPR015341,0.557545460051527,1.0,4.0,1.0,1.0,1.0,False
352,IPR000602|IPR015341|IPR048534,0.6452335408357548,1.0,3.0,1.0,1.0,1.0,False
353,IPR000608,0.9994668342079506,0.003147787270446973,16.0,1.0,0.04416368681549245,0.26,False
354,IPR000626,0.999995254822381,2.1542442419707425e-05,43.0,1.0,0.0010702865382945024,0.4,False
355,IPR000626|IPR000626,0.8606499744935043,0.5182306685589673,5.0,1.0,0.7304140383099247,0.58,False
356,IPR000626|IPR000626|IPR000626,0.8606499744935043,0.5182306685589673,5.0,1.0,0.7304140383099247,0.31,False
357,IPR000626|IPR001975,0.981545808458133,0.25329492274759635,2.0,1.0,0.464928904382533,0.03,True
358,IPR000626|IPR006636,1.0,0.018454191541866973,2.0,1.0,0.11408695175018027,0.05,True
359,IPR000626|IPR006636|IPR006636,1.0,0.018454191541866973,2.0,1.0,0.11408695175018027,0.04,True
360,IPR000626|IPR041185,0.9974946376443489,0.050351849914298724,3.0,1.0,0.19708381075902243,0.0,True
361,IPR000626|IPR041185|IPR022007,0.9974946376443489,0.050351849914298724,3.0,1.0,0.19708381075902243,0.0,True
362,IPR000626|IPR041565,0.981545808458133,0.25329492274759635,2.0,1.0,0.464928904382533,0.05,True
363,IPR000626|IPR041565|IPR041170,0.981545808458133,0.25329492274759635,2.0,1.0,0.464928904382533,0.04,True
364,IPR000642,0.9974946376443489,0.050351849914298724,3.0,1.0,0.19708381075902243,0.03,True
365,IPR000644,0.9769481105166191,0.0884893737438704,13.0,1.0,0.28406795819264913,0.55,False
366,IPR000644|IPR000644,0.98406206933883,0.06835476320218137,12.0,1.0,0.2517384614865795,0.29,False
367,IPR000644|IPR000644|IPR000644,0.8606499744935043,0.5182306685589673,5.0,1.0,0.7304140383099247,0.31,False
368,IPR000651,0.98406206933883,0.06835476320218137,12.0,1.0,0.2517384614865795,0.62,False
369,IPR000651|IPR000651,0.7467050772524036,1.0,2.0,1.0,1.0,1.0,False
370,IPR000651|IPR000651|IPR001895,0.7467050772524036,1.0,2.0,1.0,1.0,1.0,False
371,IPR000651|IPR001895,0.9638198848985289,0.14447146364198882,10.0,1.0,0.4000450442862573,0.46,False
372,IPR000668,0.310805609078997,1.0,8.0,1.0,1.0,1.0,False
373,IPR000679,0.9638198848985289,0.14447146364198882,10.0,1.0,0.4000450442862573,0.5,False
374,IPR000679|IPR000679,0.981545808458133,0.25329492274759635,2.0,1.0,0.464928904382533,0.25,False
375,IPR000679|IPR035170,0.7467050772524036,1.0,2.0,1.0,1.0,1.0,False
376,IPR000683,0.8606499744935043,0.5182306685589673,5.0,1.0,0.7304140383099247,0.53,False
377,IPR000683|IPR015249,0.7467050772524036,1.0,2.0,1.0,1.0,1.0,False
378,IPR000683|IPR055170,0.981545808458133,0.25329492274759635,2.0,1.0,0.464928904382533,0.13,False
379,IPR000687,0.7467050772524036,1.0,2.0,1.0,1.0,1.0,False
380,IPR000690,0.9172530969809943,0.2980194189352218,8.0,1.0,0.5376628273876715,0.48,False
381,IPR000697,0.9997545541663276,0.004055515879513668,6.0,1.0,0.05084252807529078,0.09,False
382,IPR000699,0.9993148927898668,0.004555596545632768,13.0,1.0,0.055779069552806905,0.03,True
383,IPR000699|IPR000699,0.9992376589979926,0.008446415716188569,7.0,1.0,0.08677362453176146,0.0,True
384,IPR000699|IPR000699|IPR013662,0.9959444841204863,0.03640549165880708,6.0,1.0,0.1776271722389577,0.01,True
385,IPR000699|IPR001870,0.981545808458133,0.25329492274759635,2.0,1.0,0.464928904382533,0.13,False
386,IPR000699|IPR001870|IPR003032,0.981545808458133,0.25329492274759635,2.0,1.0,0.464928904382533,0.13,False
387,IPR000699|IPR013662,0.9915535842838115,0.05737479861577096,7.0,1.0,0.2140473533918329,0.02,True
388,IPR000699|IPR013662|IPR005821,0.9797694962308396,0.13935002550649572,5.0,1.0,0.39238233340166945,0.03,True
389,IPR000716,0.998436289788411,0.010450966574151375,11.0,1.0,0.0971225616702161,0.2,False
390,IPR000717,0.985186569374072,0.05534802506440852,16.0,1.0,0.21310226937987992,0.33,False
391,IPR000717|IPR013586,0.9909985169829642,0.09170221681156158,4.0,1.0,0.28406795819264913,0.01,True
392,IPR000717|IPR031910,0.7467050772524036,1.0,2.0,1.0,1.0,1.0,False
393,IPR000717|IPR031910|IPR031907,0.7467050772524036,1.0,2.0,1.0,1.0,1.0,False
394,IPR000717|IPR040780,0.7467050772524036,1.0,2.0,1.0,1.0,1.0,False
395,IPR000719,1.0,1.6705160648021157e-32,468.0,1.0,8.631556506832532e-29,0.0,True
396,IPR000719|IPR000504,1.0,0.018454191541866973,2.0,1.0,0.11408695175018027,0.0,True
397,IPR000719|IPR000719,0.6488276211060958,0.7314471424243904,9.0,1.0,0.9806402140391347,0.64,False
398,IPR000719|IPR000961,0.9998890693760148,0.0003891348002108046,48.0,1.0,0.009666632272544362,0.15,False
399,IPR000719|IPR000961|IPR001478,0.981545808458133,0.25329492274759635,2.0,1.0,0.464928904382533,0.07,False
400,IPR000719|IPR000961|IPR011072,0.9999538812932512,0.001515469182286134,5.0,1.0,0.02627660827138408,0.0,True
401,IPR000719|IPR000961|IPR031597,0.9974946376443489,0.050351849914298724,3.0,1.0,0.19708381075902243,0.03,True
402,IPR000719|IPR001180,1.0,0.018454191541866973,2.0,1.0,0.11408695175018027,0.0,True
403,IPR000719|IPR001452,0.981545808458133,0.25329492274759635,2.0,1.0,0.464928904382533,0.12,False
404,IPR000719|IPR001660,0.7449171701948984,0.5440941846829775,13.0,1.0,0.7643650495532748,0.77,False
405,IPR000719|IPR003598,0.6452335408357548,1.0,3.0,1.0,1.0,1.0,False
406,IPR000719|IPR005189,0.7467050772524036,1.0,2.0,1.0,1.0,1.0,False
407,IPR000719|IPR015015,1.0,0.018454191541866973,2.0,1.0,0.11408695175018027,0.0,True
408,IPR000719|IPR015940,0.9172530969809943,0.2980194189352218,8.0,1.0,0.5376628273876715,0.4,False
409,IPR000719|IPR015940|IPR001772,0.7467050772524036,1.0,2.0,1.0,1.0,1.0,False
410,IPR000719|IPR022247,0.6452335408357548,1.0,3.0,1.0,1.0,1.0,False
411,IPR000719|IPR024678,0.9797694962308396,0.13935002550649572,5.0,1.0,0.39238233340166945,0.17,False
412,IPR000719|IPR024678|IPR056865,0.9496481500857012,0.35476645916424515,3.0,1.0,0.5614328620219463,0.18,False
413,IPR000719|IPR041087,0.981545808458133,0.25329492274759635,2.0,1.0,0.464928904382533,0.06,False
414,IPR000719|IPR046873,0.9082977831884385,0.442454539948473,4.0,1.0,0.6543109925339897,0.25,False
415,IPR000719|IPR048288,0.6452335408357548,1.0,3.0,1.0,1.0,1.0,False
416,IPR000722,0.981545808458133,0.25329492274759635,2.0,1.0,0.464928904382533,0.19,False
417,IPR000722|IPR007066,0.981545808458133,0.25329492274759635,2.0,1.0,0.464928904382533,0.19,False
418,IPR000722|IPR007066|IPR007083,0.981545808458133,0.25329492274759635,2.0,1.0,0.464928904382533,0.12,False
419,IPR000727,0.997996109626352,0.010438814367622576,15.0,1.0,0.0971225616702161,0.4,False
420,IPR000731,0.9496481500857012,0.35476645916424515,3.0,1.0,0.5614328620219463,0.65,False
421,IPR000738,0.9959444841204863,0.03640549165880708,6.0,1.0,0.1776271722389577,0.08,False
422,IPR000742,1.0,9.611246489166005e-26,261.0,1.0,1.655377020317358e-22,0.06,False
423,IPR000742|IPR000034,0.7557987100438324,0.6402975194227803,7.0,1.0,0.8667585231484166,0.57,False
424,IPR000742|IPR000034|IPR002049,0.8091777075696599,0.5837123437846928,6.0,1.0,0.8021387447700818,0.48,False
425,IPR000742|IPR000436,0.7467050772524036,1.0,2.0,1.0,1.0,1.0,False
426,IPR000742|IPR000538,0.7467050772524036,1.0,2.0,1.0,1.0,1.0,False
427,IPR000742|IPR000538|IPR000782,0.7467050772524036,1.0,2.0,1.0,1.0,1.0,False
428,IPR000742|IPR000742,1.0,4.630047108849307e-21,182.0,1.0,3.987242235237395e-18,0.0,True
429,IPR000742|IPR000742|IPR000034,0.8091777075696599,0.5837123437846928,6.0,1.0,0.8021387447700818,0.56,False
430,IPR000742|IPR000742|IPR000538,0.7467050772524036,1.0,2.0,1.0,1.0,1.0,False
431,IPR000742|IPR000742|IPR000742,1.0,6.824160654797536e-18,142.0,1.0,3.917826455926541e-15,0.0,True
432,IPR000742|IPR000742|IPR000800,0.9999998634507399,3.998813131069719e-06,10.0,1.0,0.0002869703812255172,0.0,True
433,IPR000742|IPR000742|IPR000859,0.981545808458133,0.25329492274759635,2.0,1.0,0.464928904382533,0.13,False
434,IPR000742|IPR000742|IPR001007,0.981545808458133,0.25329492274759635,2.0,1.0,0.464928904382533,0.16,False
435,IPR000742|IPR000742|IPR001254,0.6452335408357548,1.0,3.0,1.0,1.0,1.0,False
436,IPR000742|IPR000742|IPR001304,0.9984845308177138,0.020230503769160375,5.0,1.0,0.11408695175018027,0.01,True
437,IPR000742|IPR000742|IPR001791,0.9999965743301068,2.6903694518648683e-05,21.0,1.0,0.0012301892882996262,0.0,True
438,IPR000742|IPR000742|IPR002035,0.8606499744935043,0.5182306685589673,5.0,1.0,0.7304140383099247,0.28,False
439,IPR000742|IPR000742|IPR002049,0.9999933968298947,4.7204218932010776e-05,22.0,1.0,0.0018761861478592283,0.01,True
440,IPR000742|IPR000742|IPR003961,0.9082977831884385,0.442454539948473,4.0,1.0,0.6543109925339897,0.51,False
441,IPR000742|IPR000742|IPR009254,0.9999870967483331,0.0001691278293123989,11.0,1.0,0.005140491141512736,0.0,True
442,IPR000742|IPR000742|IPR017878,0.949117514311489,0.179567330374543,11.0,1.0,0.464928904382533,0.41,False
443,IPR000742|IPR000742|IPR045769,0.9909985169829642,0.09170221681156158,4.0,1.0,0.28406795819264913,0.01,True
444,IPR000742|IPR000742|IPR055088,0.48176933144103273,1.0,5.0,1.0,1.0,1.0,False
445,IPR000742|IPR000742|IPR056820,0.9849120420562869,0.0827469030190057,8.0,1.0,0.28406795819264913,0.14,False
446,IPR000742|IPR000800,0.9999998634507399,3.998813131069719e-06,10.0,1.0,0.0002869703812255172,0.0,True
447,IPR000742|IPR000800|IPR000800,0.981545808458133,0.25329492274759635,2.0,1.0,0.464928904382533,0.02,True
448,IPR000742|IPR000800|IPR010660,0.9999998851782144,5.9765184465657e-06,8.0,1.0,0.00039403298545898253,0.0,True
449,IPR000742|IPR000859,0.9996417964291472,0.0027692168523252613,12.0,1.0,0.039856667063968315,0.08,False
450,IPR000742|IPR000859|IPR000742,0.9996369611217383,0.0036071667516669446,9.0,1.0,0.04904797527858711,0.02,True
451,IPR000742|IPR000859|IPR000859,0.9996600111981438,0.009001483017035832,4.0,1.0,0.08677362453176146,0.0,True
452,IPR000742|IPR001007,0.9984845308177138,0.020230503769160375,5.0,1.0,0.11408695175018027,0.04,True
453,IPR000742|IPR001007|IPR001846,0.9974946376443489,0.050351849914298724,3.0,1.0,0.19708381075902243,0.05,True
454,IPR000742|IPR001254,0.6452335408357548,1.0,3.0,1.0,1.0,1.0,False
455,IPR000742|IPR001304,0.9992376589979926,0.008446415716188569,7.0,1.0,0.08677362453176146,0.03,True
456,IPR000742|IPR001304|IPR000436,0.9959444841204863,0.03640549165880708,6.0,1.0,0.1776271722389577,0.02,True
457,IPR000742|IPR001791,0.9999945446620729,3.5745259019888224e-05,25.0,1.0,0.0015944866468896987,0.02,True
458,IPR000742|IPR001791|IPR000742,0.9999925057130146,6.0020614261372315e-05,19.0,1.0,0.0023143769693172445,0.02,True
459,IPR000742|IPR001791|IPR001791,0.9797694962308396,0.13935002550649572,5.0,1.0,0.39238233340166945,0.23,False
460,IPR000742|IPR001791|IPR003585,0.7467050772524036,1.0,2.0,1.0,1.0,1.0,False
461,IPR000742|IPR002035,0.8606499744935043,0.5182306685589673,5.0,1.0,0.7304140383099247,0.4,False
462,IPR000742|IPR002035|IPR019466,0.8606499744935043,0.5182306685589673,5.0,1.0,0.7304140383099247,0.3,False
463,IPR000742|IPR002049,0.9999945446620729,3.5745259019888224e-05,25.0,1.0,0.0015944866468896987,0.01,True
464,IPR000742|IPR002049|IPR000034,0.9999933804738237,7.800045146954453e-05,13.0,1.0,0.002838227695374201,0.0,True
465,IPR000742|IPR002049|IPR000742,0.9496481500857012,0.35476645916424515,3.0,1.0,0.5614328620219463,0.65,False
466,IPR000742|IPR002049|IPR002049,0.996852212729553,0.014813430625927939,16.0,1.0,0.11408695175018027,0.03,True
467,IPR000742|IPR002049|IPR009254,0.6452335408357548,1.0,3.0,1.0,1.0,1.0,False
468,IPR000742|IPR002154,0.7557987100438324,0.6402975194227803,7.0,1.0,0.8667585231484166,0.25,False
469,IPR000742|IPR003961,0.8091777075696599,0.5837123437846928,6.0,1.0,0.8021387447700818,0.8,False
470,IPR000742|IPR003961|IPR003961,0.9082977831884385,0.442454539948473,4.0,1.0,0.6543109925339897,0.48,False
471,IPR000742|IPR009254,0.9999870967483331,0.0001691278293123989,11.0,1.0,0.005140491141512736,0.0,True
472,IPR000742|IPR009254|IPR010307,0.9999960011868689,6.971218899254965e-05,10.0,1.0,0.002554630358329816,0.0,True
473,IPR000742|IPR012896,0.7467050772524036,1.0,2.0,1.0,1.0,1.0,False
474,IPR000742|IPR017878,0.949117514311489,0.179567330374543,11.0,1.0,0.464928904382533,0.42,False
475,IPR000742|IPR017878|IPR000742,0.6488276211060958,0.7314471424243904,9.0,1.0,0.9806402140391347,0.85,False
476,IPR000742|IPR045769,0.9909985169829642,0.09170221681156158,4.0,1.0,0.28406795819264913,0.01,True
477,IPR000742|IPR055088,0.41628765621530717,1.0,6.0,1.0,1.0,1.0,False
478,IPR000742|IPR056737,0.9984845308177138,0.020230503769160375,5.0,1.0,0.11408695175018027,0.0,True
479,IPR000742|IPR056737|IPR016201,0.9984845308177138,0.020230503769160375,5.0,1.0,0.11408695175018027,0.0,True
480,IPR000742|IPR056820,0.9849120420562869,0.0827469030190057,8.0,1.0,0.28406795819264913,0.16,False
481,IPR000742|IPR056820|IPR057627,0.9849120420562869,0.0827469030190057,8.0,1.0,0.28406795819264913,0.16,False
482,IPR000756,0.310805609078997,1.0,8.0,1.0,1.0,1.0,False
483,IPR000756|IPR054474,0.7467050772524036,1.0,2.0,1.0,1.0,1.0,False
484,IPR000770,0.8091777075696599,0.5837123437846928,6.0,1.0,0.8021387447700818,0.77,False
485,IPR000772,0.9999999623088074,3.2735853906006674e-07,27.0,1.0,3.1914369270252166e-05,0.0,True
486,IPR000772|IPR000562,0.9997545541663276,0.004055515879513668,6.0,1.0,0.05084252807529078,0.02,True
487,IPR000772|IPR000562|IPR001304,0.9997545541663276,0.004055515879513668,6.0,1.0,0.05084252807529078,0.02,True
488,IPR000782,0.7467050772524036,1.0,2.0,1.0,1.0,1.0,False
489,IPR000795,0.8555285363580112,0.40284760770688294,10.0,1.0,0.6334490532627706,0.87,False
490,IPR000795|IPR004161,0.8091777075696599,0.5837123437846928,6.0,1.0,0.8021387447700818,0.79,False
491,IPR000800,0.9999987524924461,1.6289159696526232e-05,14.0,1.0,0.000850162506585364,0.01,True
492,IPR000800|IPR000800,0.9496481500857012,0.35476645916424515,3.0,1.0,0.5614328620219463,0.31,False
493,IPR000800|IPR000800|IPR010660,0.981545808458133,0.25329492274759635,2.0,1.0,0.464928904382533,0.02,True
494,IPR000800|IPR010660,0.9999998634507399,3.998813131069719e-06,10.0,1.0,0.0002869703812255172,0.0,True
495,IPR000800|IPR010660|IPR011656,0.9999613122336617,0.0007623410020074928,7.0,1.0,0.016143508022019325,0.0,True
496,IPR000818,0.557545460051527,1.0,4.0,1.0,1.0,1.0,False
497,IPR000818|IPR041086,0.7467050772524036,1.0,2.0,1.0,1.0,1.0,False
498,IPR000834,0.9931564412739642,0.02704851160180669,18.0,1.0,0.14603935156377762,0.14,False
499,IPR000836,1.0,0.0025053623556511003,3.0,1.0,0.03667197533045109,0.03,True
500,IPR000845,0.557545460051527,1.0,4.0,1.0,1.0,1.0,False
501,IPR000857,0.6265894606524811,0.6603178436738399,16.0,1.0,0.8926902925857485,0.8,False
502,IPR000857|IPR000159,0.6452335408357548,1.0,3.0,1.0,1.0,1.0,False
503,IPR000857|IPR000159|IPR019748,0.6452335408357548,1.0,3.0,1.0,1.0,1.0,False
504,IPR000857|IPR000198,0.981545808458133,0.25329492274759635,2.0,1.0,0.464928904382533,0.03,True
505,IPR000857|IPR000299,0.597152392293117,0.7679582018374467,10.0,1.0,1.0,1.0,False
506,IPR000857|IPR000299|IPR001452,0.6452335408357548,1.0,3.0,1.0,1.0,1.0,False
507,IPR000857|IPR059004,0.6452335408357548,1.0,3.0,1.0,1.0,1.0,False
508,IPR000857|IPR059004|IPR001452,0.6452335408357548,1.0,3.0,1.0,1.0,1.0,False
509,IPR000859,0.9999999979359857,1.3443826775092497e-08,45.0,1.0,1.9846929413400837e-06,0.02,True
510,IPR000859|IPR000421,0.981545808458133,0.25329492274759635,2.0,1.0,0.464928904382533,0.08,False
511,IPR000859|IPR000421|IPR000421,0.981545808458133,0.25329492274759635,2.0,1.0,0.464928904382533,0.07,False
512,IPR000859|IPR000436,0.9994668342079506,0.003147787270446973,16.0,1.0,0.04416368681549245,0.13,False
513,IPR000859|IPR000436|IPR000436,0.9954444034543672,0.023051889483380827,13.0,1.0,0.12698199675973212,0.14,False
514,IPR000859|IPR000436|IPR000859,0.9987900677535673,0.007064844770032759,14.0,1.0,0.0807611790415028,0.11,False
515,IPR000859|IPR000742,0.998436289788411,0.010450966574151375,11.0,1.0,0.0971225616702161,0.12,False
516,IPR000859|IPR000742|IPR000742,0.7467050772524036,1.0,2.0,1.0,1.0,1.0,False
517,IPR000859|IPR000742|IPR000859,0.9974946376443489,0.050351849914298724,3.0,1.0,0.19708381075902243,0.08,False
518,IPR000859|IPR000742|IPR056737,0.9996600111981438,0.009001483017035832,4.0,1.0,0.08677362453176146,0.0,True
519,IPR000859|IPR000859,0.9999870967483331,0.0001691278293123989,11.0,1.0,0.005140491141512736,0.02,True
520,IPR000859|IPR000859|IPR000421,0.981545808458133,0.25329492274759635,2.0,1.0,0.464928904382533,0.09,False
521,IPR000859|IPR000859|IPR000742,0.9974946376443489,0.050351849914298724,3.0,1.0,0.19708381075902243,0.02,True
522,IPR000859|IPR000859|IPR000859,0.981545808458133,0.25329492274759635,2.0,1.0,0.464928904382533,0.15,False
523,IPR000859|IPR001254,0.981545808458133,0.25329492274759635,2.0,1.0,0.464928904382533,0.15,False
524,IPR000863,0.9638198848985289,0.14447146364198882,10.0,1.0,0.4000450442862573,0.74,False
525,IPR000866,0.9082977831884385,0.442454539948473,4.0,1.0,0.6543109925339897,0.43,False
526,IPR000866|IPR019479,0.9082977831884385,0.442454539948473,4.0,1.0,0.6543109925339897,0.31,False
527,IPR000867,0.998195126511336,0.01508795794371311,8.0,1.0,0.11408695175018027,0.44,False
528,IPR000867|IPR001007,0.9496481500857012,0.35476645916424515,3.0,1.0,0.5614328620219463,0.53,False
529,IPR000867|IPR001007|IPR043973,0.9496481500857012,0.35476645916424515,3.0,1.0,0.5614328620219463,0.41,False
530,IPR000867|IPR002350,0.9909985169829642,0.09170221681156158,4.0,1.0,0.28406795819264913,0.25,False
531,IPR000873,0.9729514883981933,0.08644466356225088,18.0,1.0,0.28406795819264913,0.57,False
532,IPR000873|IPR000873,0.7467050772524036,1.0,2.0,1.0,1.0,1.0,False
533,IPR000873|IPR000873|IPR025110,0.7467050772524036,1.0,2.0,1.0,1.0,1.0,False
534,IPR000873|IPR025110,0.7833618139013364,0.4996308993171507,12.0,1.0,0.7304140383099247,0.53,False
535,IPR000885,0.864004408593912,0.33393570950485546,15.0,1.0,0.5614328620219463,0.47,False
536,IPR000891,0.942625201384229,0.2442012899561677,7.0,1.0,0.464928904382533,0.03,True
537,IPR000891|IPR003379,0.8606499744935043,0.5182306685589673,5.0,1.0,0.7304140383099247,0.14,False
538,IPR000891|IPR003379|IPR000089,0.8606499744935043,0.5182306685589673,5.0,1.0,0.7304140383099247,0.13,False
539,IPR000904,0.33968215632616006,0.9034636989409194,16.0,1.0,1.0,1.0,False
540,IPR000904|IPR001605,0.7467050772524036,1.0,2.0,1.0,1.0,1.0,False
541,IPR000904|IPR001605|IPR001605,0.7467050772524036,1.0,2.0,1.0,1.0,1.0,False
542,IPR000904|IPR001849,0.6452335408357548,1.0,3.0,1.0,1.0,1.0,False
543,IPR000904|IPR015403,0.557545460051527,1.0,4.0,1.0,1.0,1.0,False
544,IPR000904|IPR015403|IPR046455,0.6452335408357548,1.0,3.0,1.0,1.0,1.0,False
545,IPR000904|IPR033742,0.7467050772524036,1.0,2.0,1.0,1.0,1.0,False
546,IPR000906,0.9713537976813527,0.08164981615748582,23.0,1.0,0.28406795819264913,0.36,False
547,IPR000906|IPR000906,0.9972307831476748,0.015937930661170028,12.0,1.0,0.11408695175018027,0.04,True
548,IPR000906|IPR000906|IPR040745,0.9895490334258487,0.05088248568851092,11.0,1.0,0.19708381075902243,0.01,True
549,IPR000906|IPR033772,0.7557987100438324,0.6402975194227803,7.0,1.0,0.8667585231484166,0.52,False
550,IPR000906|IPR033772|IPR000488,0.7557987100438324,0.6402975194227803,7.0,1.0,0.8667585231484166,0.5,False
551,IPR000906|IPR040745,0.98406206933883,0.06835476320218137,12.0,1.0,0.2517384614865795,0.02,True
552,IPR000906|IPR040745|IPR000488,0.98406206933883,0.06835476320218137,12.0,1.0,0.2517384614865795,0.02,True
553,IPR000906|IPR056182,0.7467050772524036,1.0,2.0,1.0,1.0,1.0,False
554,IPR000906|IPR056182|IPR001452,0.7467050772524036,1.0,2.0,1.0,1.0,1.0,False
555,IPR000909,0.9638198848985289,0.14447146364198882,10.0,1.0,0.4000450442862573,0.66,False
556,IPR000909|IPR001711,0.9172530969809943,0.2980194189352218,8.0,1.0,0.5376628273876715,0.6,False
557,IPR000909|IPR001711|IPR000008,0.9172530969809943,0.2980194189352218,8.0,1.0,0.5376628273876715,0.58,False
558,IPR000917,0.981545808458133,0.25329492274759635,2.0,1.0,0.464928904382533,0.53,False
559,IPR000922,0.9974946376443489,0.050351849914298724,3.0,1.0,0.19708381075902243,0.09,False
560,IPR000922|IPR003112,0.9974946376443489,0.050351849914298724,3.0,1.0,0.19708381075902243,0.02,True
561,IPR000922|IPR003112|IPR001879,0.981545808458133,0.25329492274759635,2.0,1.0,0.464928904382533,0.13,False
562,IPR000938,0.9999762871741105,0.0003630388782616913,9.0,1.0,0.009105931475622131,0.0,True
563,IPR000938|IPR000938,1.0,0.0003399888018561897,4.0,1.0,0.008917371264928588,0.0,True
564,IPR000949,0.9573190356976167,0.1359955914060879,15.0,1.0,0.39238233340166945,0.42,False
565,IPR000949|IPR001005,0.6488276211060958,0.7314471424243904,9.0,1.0,0.9806402140391347,0.86,False
566,IPR000949|IPR001005|IPR000679,0.6452335408357548,1.0,3.0,1.0,1.0,1.0,False
567,IPR000949|IPR001005|IPR049048,0.7467050772524036,1.0,2.0,1.0,1.0,1.0,False
568,IPR000953,0.9996238181041972,0.0013433374838966105,39.0,1.0,0.026094078117645813,0.25,False
569,IPR000953|IPR000330,0.996852212729553,0.014813430625927939,16.0,1.0,0.11408695175018027,0.08,False
570,IPR000953|IPR000330|IPR001650,0.996852212729553,0.014813430625927939,16.0,1.0,0.11408695175018027,0.07,False
571,IPR000953|IPR000953,0.9990258045377314,0.004495318895132064,21.0,1.0,0.055567733806572664,0.1,False
572,IPR000953|IPR000953|IPR000330,0.996852212729553,0.014813430625927939,16.0,1.0,0.11408695175018027,0.07,False
573,IPR000953|IPR007526,0.8606499744935043,0.5182306685589673,5.0,1.0,0.7304140383099247,0.26,False
574,IPR000953|IPR007526|IPR001005,0.8606499744935043,0.5182306685589673,5.0,1.0,0.7304140383099247,0.21,False
575,IPR000961,0.9993707574434862,0.001624380896684896,74.0,1.0,0.027791973818446548,0.53,False
576,IPR000961|IPR001478,0.9909985169829642,0.09170221681156158,4.0,1.0,0.28406795819264913,0.09,False
577,IPR000961|IPR001849,0.981545808458133,0.25329492274759635,2.0,1.0,0.464928904382533,0.08,False
578,IPR000961|IPR011072,0.9997545541663276,0.004055515879513668,6.0,1.0,0.05084252807529078,0.0,True
579,IPR000961|IPR011072|IPR015008,0.9909985169829642,0.09170221681156158,4.0,1.0,0.28406795819264913,0.03,True
580,IPR000961|IPR031597,0.9909985169829642,0.09170221681156158,4.0,1.0,0.28406795819264913,0.08,False
581,IPR000961|IPR031597|IPR014930,0.9496481500857012,0.35476645916424515,3.0,1.0,0.5614328620219463,0.24,False
582,IPR000967,0.9915535842838115,0.05737479861577096,7.0,1.0,0.2140473533918329,0.05,True
583,IPR000967|IPR000967,0.9915535842838115,0.05737479861577096,7.0,1.0,0.2140473533918329,0.05,True
584,IPR000967|IPR000967|IPR000967,0.9915535842838115,0.05737479861577096,7.0,1.0,0.2140473533918329,0.01,True
585,IPR000967|IPR000967|IPR001374,0.6452335408357548,1.0,3.0,1.0,1.0,1.0,False
586,IPR000967|IPR001374,0.6452335408357548,1.0,3.0,1.0,1.0,1.0,False
587,IPR000971,0.557545460051527,1.0,4.0,1.0,1.0,1.0,False
588,IPR000980,0.9999978104857924,6.08674780467053e-06,120.0,1.0,0.00039403298545898253,0.64,False
589,IPR000980|IPR000719,0.9711683511247499,0.07591707839982705,28.0,1.0,0.27780704255800737,0.4,False
590,IPR000980|IPR000719|IPR000719,0.48176933144103273,1.0,5.0,1.0,1.0,1.0,False
591,IPR000980|IPR000719|IPR015015,1.0,0.018454191541866973,2.0,1.0,0.11408695175018027,0.0,True
592,IPR000980|IPR000980,0.9915535842838115,0.05737479861577096,7.0,1.0,0.2140473533918329,0.1,False
593,IPR000980|IPR001452,0.9895611856323774,0.042680964302383335,15.0,1.0,0.19708381075902243,0.2,False
594,IPR000980|IPR001452|IPR000980,0.981545808458133,0.25329492274759635,2.0,1.0,0.464928904382533,0.03,True
595,IPR000980|IPR001496,0.8091777075696599,0.5837123437846928,6.0,1.0,0.8021387447700818,0.81,False
596,IPR000980|IPR022752,0.7467050772524036,1.0,2.0,1.0,1.0,1.0,False
597,IPR000994,0.9082977831884385,0.442454539948473,4.0,1.0,0.6543109925339897,0.46,False
598,IPR000998,0.999999982413368,1.4975358081189581e-07,29.0,1.0,1.61203490011472e-05,0.0,True
599,IPR000998|IPR000998,1.0,0.018454191541866973,2.0,1.0,0.11408695175018027,0.05,True
600,IPR000998|IPR003599,0.9999659262717878,0.0003582035708527575,12.0,1.0,0.009105931475622131,0.0,True
601,IPR000998|IPR003599|IPR003961,0.9999659262717878,0.0003582035708527575,12.0,1.0,0.009105931475622131,0.0,True
602,IPR000998|IPR003961,1.0,0.018454191541866973,2.0,1.0,0.11408695175018027,0.0,True
603,IPR000998|IPR003961|IPR003961,1.0,0.018454191541866973,2.0,1.0,0.11408695175018027,0.0,True
604,IPR001005,0.9999985779218011,5.454144083716809e-06,64.0,1.0,0.0003808319254130372,0.07,False
605,IPR001005|IPR000679,0.9082977831884385,0.442454539948473,4.0,1.0,0.6543109925339897,0.24,False
606,IPR001005|IPR001005,0.9999992222469503,6.603170105286624e-06,22.0,1.0,0.0003977103692182566,0.0,True
607,IPR001005|IPR001005|IPR001005,1.0,0.0025053623556511003,3.0,1.0,0.03667197533045109,0.0,True
608,IPR001005|IPR001005|IPR012642,1.0,0.018454191541866973,2.0,1.0,0.11408695175018027,0.0,True
609,IPR001005|IPR001005|IPR021786,0.7467050772524036,1.0,2.0,1.0,1.0,1.0,False
610,IPR001005|IPR012642,1.0,0.018454191541866973,2.0,1.0,0.11408695175018027,0.0,True
611,IPR001005|IPR021786,0.7467050772524036,1.0,2.0,1.0,1.0,1.0,False
612,IPR001005|IPR026489,0.9974946376443489,0.050351849914298724,3.0,1.0,0.19708381075902243,0.01,True
613,IPR001005|IPR026489|IPR001214,0.9974946376443489,0.050351849914298724,3.0,1.0,0.19708381075902243,0.01,True
614,IPR001005|IPR032448,0.942625201384229,0.2442012899561677,7.0,1.0,0.464928904382533,0.06,False
615,IPR001005|IPR032448|IPR032451,0.8606499744935043,0.5182306685589673,5.0,1.0,0.7304140383099247,0.19,False
616,IPR001005|IPR048358,0.9996600111981438,0.009001483017035832,4.0,1.0,0.08677362453176146,0.01,True
617,IPR001005|IPR048358|IPR001005,0.9996600111981438,0.009001483017035832,4.0,1.0,0.08677362453176146,0.0,True
618,IPR001005|IPR049048,0.9082977831884385,0.442454539948473,4.0,1.0,0.6543109925339897,0.31,False
619,IPR001005|IPR049048|IPR001005,0.9082977831884385,0.442454539948473,4.0,1.0,0.6543109925339897,0.3,False
620,IPR001005|IPR055141,0.9496481500857012,0.35476645916424515,3.0,1.0,0.5614328620219463,0.18,False
621,IPR001005|IPR055141|IPR007526,0.981545808458133,0.25329492274759635,2.0,1.0,0.464928904382533,0.0,True
622,IPR001007,0.9993805466831683,0.002353119560493023,32.0,1.0,0.03667197533045109,0.61,False
623,IPR001007|IPR000742,0.9797694962308396,0.13935002550649572,5.0,1.0,0.39238233340166945,0.3,False
624,IPR001007|IPR000742|IPR000742,0.9974946376443489,0.050351849914298724,3.0,1.0,0.19708381075902243,0.08,False
625,IPR001007|IPR001007,0.98406206933883,0.06835476320218137,12.0,1.0,0.2517384614865795,0.46,False
626,IPR001007|IPR001007|IPR000742,0.9496481500857012,0.35476645916424515,3.0,1.0,0.5614328620219463,0.28,False
627,IPR001007|IPR001007|IPR001007,0.9849120420562869,0.0827469030190057,8.0,1.0,0.28406795819264913,0.28,False
628,IPR001007|IPR001007|IPR006207,0.9974946376443489,0.050351849914298724,3.0,1.0,0.19708381075902243,0.05,True
629,IPR001007|IPR001007|IPR045716,0.7467050772524036,1.0,2.0,1.0,1.0,1.0,False
630,IPR001007|IPR001007|IPR045813,0.981545808458133,0.25329492274759635,2.0,1.0,0.464928904382533,0.01,True
631,IPR001007|IPR001846,0.9992376589979926,0.008446415716188569,7.0,1.0,0.08677362453176146,0.19,False
632,IPR001007|IPR001846|IPR014853,0.9992376589979926,0.008446415716188569,7.0,1.0,0.08677362453176146,0.2,False
633,IPR001007|IPR006207,0.9974946376443489,0.050351849914298724,3.0,1.0,0.19708381075902243,0.04,True
634,IPR001007|IPR043973,0.9496481500857012,0.35476645916424515,3.0,1.0,0.5614328620219463,0.45,False
635,IPR001007|IPR043973|IPR006207,0.7467050772524036,1.0,2.0,1.0,1.0,1.0,False
636,IPR001007|IPR045716,0.7467050772524036,1.0,2.0,1.0,1.0,1.0,False
637,IPR001007|IPR045813,0.981545808458133,0.25329492274759635,2.0,1.0,0.464928904382533,0.01,True
638,IPR001012,0.9796864726901169,0.06994573246212746,17.0,1.0,0.2565007804342176,0.26,False
639,IPR001017,0.9082977831884385,0.442454539948473,4.0,1.0,0.6543109925339897,0.58,False
640,IPR001017|IPR005475,0.7467050772524036,1.0,2.0,1.0,1.0,1.0,False
641,IPR001017|IPR005475|IPR031717,0.7467050772524036,1.0,2.0,1.0,1.0,1.0,False
642,IPR001024,0.26855285757560965,1.0,9.0,1.0,1.0,1.0,False
643,IPR001024|IPR004012,0.6452335408357548,1.0,3.0,1.0,1.0,1.0,False
644,IPR001025,0.999967624821147,0.00023648483387589837,18.0,1.0,0.006864703014813296,0.0,True
645,IPR001025|IPR000949,0.9635945083411929,0.19082229243034007,6.0,1.0,0.464928904382533,0.12,False
646,IPR001025|IPR001025,0.9959444841204863,0.03640549165880708,6.0,1.0,0.1776271722389577,0.0,True
647,IPR001025|IPR001025|IPR009071,0.9909985169829642,0.09170221681156158,4.0,1.0,0.28406795819264913,0.0,True
648,IPR001025|IPR009071,0.9909985169829642,0.09170221681156158,4.0,1.0,0.28406795819264913,0.0,True
649,IPR001030,0.7557987100438324,0.6402975194227803,7.0,1.0,0.8667585231484166,0.5,False
650,IPR001030|IPR000573,0.8091777075696599,0.5837123437846928,6.0,1.0,0.8021387447700818,0.33,False
651,IPR001039,0.8606499744935043,0.5182306685589673,5.0,1.0,0.7304140383099247,0.83,False
652,IPR001039|IPR001039,0.8606499744935043,0.5182306685589673,5.0,1.0,0.7304140383099247,0.84,False
653,IPR001039|IPR001039|IPR001039,0.8606499744935043,0.5182306685589673,5.0,1.0,0.7304140383099247,0.84,False
654,IPR001039|IPR001039|IPR003597,0.8606499744935043,0.5182306685589673,5.0,1.0,0.7304140383099247,0.81,False
655,IPR001039|IPR003597,0.8606499744935043,0.5182306685589673,5.0,1.0,0.7304140383099247,0.81,False
656,IPR001054,0.9954444034543672,0.023051889483380827,13.0,1.0,0.12698199675973212,0.39,False
657,IPR001054|IPR001054,0.981545808458133,0.25329492274759635,2.0,1.0,0.464928904382533,0.07,False
658,IPR001054|IPR009398,0.9635945083411929,0.19082229243034007,6.0,1.0,0.464928904382533,0.27,False
659,IPR001054|IPR009398|IPR001054,0.9797694962308396,0.13935002550649572,5.0,1.0,0.39238233340166945,0.05,True
660,IPR001060,0.9999925057130146,6.0020614261372315e-05,19.0,1.0,0.0023143769693172445,0.07,False
661,IPR001060|IPR001452,0.981545808458133,0.25329492274759635,2.0,1.0,0.464928904382533,0.06,False
662,IPR001060|IPR034934,0.9997545541663276,0.004055515879513668,6.0,1.0,0.05084252807529078,0.0,True
663,IPR001060|IPR049581,0.981545808458133,0.25329492274759635,2.0,1.0,0.464928904382533,0.01,True
664,IPR001060|IPR049581|IPR000198,0.981545808458133,0.25329492274759635,2.0,1.0,0.464928904382533,0.01,True
665,IPR001064,0.8888883091548999,0.29434768588510196,14.0,1.0,0.5376628273876715,0.78,False
666,IPR001064|IPR000772,0.9909985169829642,0.09170221681156158,4.0,1.0,0.28406795819264913,0.12,False
667,IPR001064|IPR001064,0.820432669625457,0.4524654471140695,11.0,1.0,0.6660652322616516,0.71,False
668,IPR001064|IPR001064|IPR000772,0.9496481500857012,0.35476645916424515,3.0,1.0,0.5614328620219463,0.24,False
669,IPR001064|IPR001064|IPR001064,0.7467050772524036,1.0,2.0,1.0,1.0,1.0,False
670,IPR001073,0.9316452367978186,0.21663818609866356,12.0,1.0,0.464928904382533,0.82,False
671,IPR001075,0.7467050772524036,1.0,2.0,1.0,1.0,1.0,False
672,IPR001078,0.9082977831884385,0.442454539948473,4.0,1.0,0.6543109925339897,0.25,False
673,IPR001079,0.747398803101664,0.48770164892819157,19.0,1.0,0.7175268849692386,0.81,False
674,IPR001079|IPR001079,0.981545808458133,0.25329492274759635,2.0,1.0,0.464928904382533,0.07,False
675,IPR001090,0.9999870967483331,0.0001691278293123989,11.0,1.0,0.005140491141512736,0.03,True
676,IPR001090|IPR003961,0.9974946376443489,0.050351849914298724,3.0,1.0,0.19708381075902243,0.06,False
677,IPR001090|IPR003961|IPR003961,0.981545808458133,0.25329492274759635,2.0,1.0,0.464928904382533,0.24,False
678,IPR001090|IPR011641,0.981545808458133,0.25329492274759635,2.0,1.0,0.464928904382533,0.4,False
679,IPR001090|IPR011641|IPR003961,0.981545808458133,0.25329492274759635,2.0,1.0,0.464928904382533,0.38,False
680,IPR001094,0.9915535842838115,0.05737479861577096,7.0,1.0,0.2140473533918329,0.22,False
681,IPR001094|IPR001094,0.9915535842838115,0.05737479861577096,7.0,1.0,0.2140473533918329,0.21,False
682,IPR001094|IPR001094|IPR001094,0.9915535842838115,0.05737479861577096,7.0,1.0,0.2140473533918329,0.17,False
683,IPR001094|IPR001094|IPR001709,0.6452335408357548,1.0,3.0,1.0,1.0,1.0,False
684,IPR001094|IPR001709,0.6452335408357548,1.0,3.0,1.0,1.0,1.0,False
685,IPR001094|IPR001709|IPR001709,0.6452335408357548,1.0,3.0,1.0,1.0,1.0,False
686,IPR001098,0.7467050772524036,1.0,2.0,1.0,1.0,1.0,False
687,IPR001102,0.9797694962308396,0.13935002550649572,5.0,1.0,0.39238233340166945,0.43,False
688,IPR001102|IPR002931,0.9797694962308396,0.13935002550649572,5.0,1.0,0.39238233340166945,0.31,False
689,IPR001102|IPR002931|IPR008958,0.9797694962308396,0.13935002550649572,5.0,1.0,0.39238233340166945,0.18,False
690,IPR001104,0.9797694962308396,0.13935002550649572,5.0,1.0,0.39238233340166945,0.14,False
691,IPR001107,0.557545460051527,1.0,4.0,1.0,1.0,1.0,False
692,IPR001111,0.9909985169829642,0.09170221681156158,4.0,1.0,0.28406795819264913,0.57,False
693,IPR001111|IPR001839,0.981545808458133,0.25329492274759635,2.0,1.0,0.464928904382533,0.54,False
694,IPR001117,0.9496481500857012,0.35476645916424515,3.0,1.0,0.5614328620219463,0.14,False
695,IPR001124,0.26855285757560965,1.0,9.0,1.0,1.0,1.0,False
696,IPR001126,0.981545808458133,0.25329492274759635,2.0,1.0,0.464928904382533,0.21,False
697,IPR001134,0.5475345528859306,0.7995074773097844,11.0,1.0,1.0,1.0,False
698,IPR001148,0.9638198848985289,0.14447146364198882,10.0,1.0,0.4000450442862573,0.34,False
699,IPR001148|IPR003961,0.6452335408357548,1.0,3.0,1.0,1.0,1.0,False
700,IPR001148|IPR003961|IPR000242,0.7467050772524036,1.0,2.0,1.0,1.0,1.0,False
701,IPR001156,0.7467050772524036,1.0,2.0,1.0,1.0,1.0,False
702,IPR001158,0.9797694962308396,0.13935002550649572,5.0,1.0,0.39238233340166945,0.28,False
703,IPR001158|IPR003351,0.981545808458133,0.25329492274759635,2.0,1.0,0.464928904382533,0.08,False
704,IPR001158|IPR003351|IPR001478,0.981545808458133,0.25329492274759635,2.0,1.0,0.464928904382533,0.07,False
705,IPR001163,0.9172530969809943,0.2980194189352218,8.0,1.0,0.5376628273876715,0.68,False
706,IPR001164,0.9968460614602445,0.013046618660657608,20.0,1.0,0.11408695175018027,0.41,False
707,IPR001164|IPR001452,0.8606499744935043,0.5182306685589673,5.0,1.0,0.7304140383099247,0.22,False
708,IPR001164|IPR001849,0.9974946376443489,0.050351849914298724,3.0,1.0,0.19708381075902243,0.05,True
709,IPR001164|IPR001849|IPR001849,0.9974946376443489,0.050351849914298724,3.0,1.0,0.19708381075902243,0.02,True
710,IPR001173,0.9895611856323774,0.042680964302383335,15.0,1.0,0.19708381075902243,0.4,False
711,IPR001173|IPR000772,0.9959444841204863,0.03640549165880708,6.0,1.0,0.1776271722389577,0.06,False
712,IPR001179,0.949117514311489,0.179567330374543,11.0,1.0,0.464928904382533,0.67,False
713,IPR001179|IPR001179,0.9797694962308396,0.13935002550649572,5.0,1.0,0.39238233340166945,0.16,False
714,IPR001180,0.9999280627328188,0.0005331657920494007,16.0,1.0,0.01263700755742777,0.02,True
715,IPR001180|IPR000095,0.9496481500857012,0.35476645916424515,3.0,1.0,0.5614328620219463,0.23,False
716,IPR001190,0.9554357336321196,0.12485036334443975,20.0,1.0,0.37593346585123555,0.84,False
717,IPR001190|IPR001190,0.557545460051527,1.0,4.0,1.0,1.0,1.0,False
718,IPR001190|IPR001190|IPR001190,0.557545460051527,1.0,4.0,1.0,1.0,1.0,False
719,IPR001190|IPR001254,0.9172530969809943,0.2980194189352218,8.0,1.0,0.5376628273876715,0.34,False
720,IPR001194,0.9300542675378726,0.19147269230701303,17.0,1.0,0.464928904382533,0.7,False
721,IPR001194|IPR005112,0.864004408593912,0.33393570950485546,15.0,1.0,0.5614328620219463,0.72,False
722,IPR001199,0.9496481500857012,0.35476645916424515,3.0,1.0,0.5614328620219463,0.7,False
723,IPR001202,0.9999999999999978,1.3121308215250664e-14,92.0,1.0,4.519853303213345e-12,0.0,True
724,IPR001202|IPR000569,0.9573190356976167,0.1359955914060879,15.0,1.0,0.39238233340166945,0.2,False
725,IPR001202|IPR001202,0.9999999999588158,3.382764662234581e-10,42.0,1.0,8.323211909412419e-08,0.0,True
726,IPR001202|IPR001202|IPR000569,0.9935886954088315,0.03618011510147109,10.0,1.0,0.1776271722389577,0.05,True
727,IPR001202|IPR001202|IPR001202,0.9999836118343148,0.0001344300063644432,17.0,1.0,0.0043910356660877715,0.0,True
728,IPR001202|IPR001202|IPR001478,0.7467050772524036,1.0,2.0,1.0,1.0,1.0,False
729,IPR001202|IPR001202|IPR001849,0.9996600111981438,0.009001483017035832,4.0,1.0,0.08677362453176146,0.01,True
730,IPR001202|IPR001202|IPR002713,0.981545808458133,0.25329492274759635,2.0,1.0,0.464928904382533,0.12,False
731,IPR001202|IPR001478,0.9496481500857012,0.35476645916424515,3.0,1.0,0.5614328620219463,0.36,False
732,IPR001202|IPR001478|IPR001478,0.9496481500857012,0.35476645916424515,3.0,1.0,0.5614328620219463,0.27,False
733,IPR001202|IPR001849,0.9996600111981438,0.009001483017035832,4.0,1.0,0.08677362453176146,0.01,True
734,IPR001202|IPR001936,0.981545808458133,0.25329492274759635,2.0,1.0,0.464928904382533,0.04,True
735,IPR001202|IPR001936|IPR000593,0.981545808458133,0.25329492274759635,2.0,1.0,0.464928904382533,0.02,True
736,IPR001202|IPR002713,0.981545808458133,0.25329492274759635,2.0,1.0,0.464928904382533,0.14,False
737,IPR001202|IPR002713|IPR002713,0.981545808458133,0.25329492274759635,2.0,1.0,0.464928904382533,0.14,False
738,IPR001202|IPR006020,0.6452335408357548,1.0,3.0,1.0,1.0,1.0,False
739,IPR001202|IPR006020|IPR006020,0.6452335408357548,1.0,3.0,1.0,1.0,1.0,False
740,IPR001202|IPR013257,0.9496481500857012,0.35476645916424515,3.0,1.0,0.5614328620219463,0.11,False
741,IPR001202|IPR015153,0.942625201384229,0.2442012899561677,7.0,1.0,0.464928904382533,0.14,False
742,IPR001202|IPR015153|IPR015154,0.942625201384229,0.2442012899561677,7.0,1.0,0.464928904382533,0.14,False
743,IPR001202|IPR040524,0.48176933144103273,1.0,5.0,1.0,1.0,1.0,False
744,IPR001202|IPR040524|IPR001202,0.48176933144103273,1.0,5.0,1.0,1.0,1.0,False
745,IPR001206,0.8555285363580112,0.40284760770688294,10.0,1.0,0.6334490532627706,0.79,False
746,IPR001206|IPR000756,0.310805609078997,1.0,8.0,1.0,1.0,1.0,False
747,IPR001206|IPR000756|IPR054474,0.7467050772524036,1.0,2.0,1.0,1.0,1.0,False
748,IPR001208,0.9974946376443489,0.050351849914298724,3.0,1.0,0.19708381075902243,0.12,False
749,IPR001208|IPR041562,0.9974946376443489,0.050351849914298724,3.0,1.0,0.19708381075902243,0.07,False
750,IPR001212,0.9082977831884385,0.442454539948473,4.0,1.0,0.6543109925339897,0.79,False
751,IPR001212|IPR000585,0.7467050772524036,1.0,2.0,1.0,1.0,1.0,False
752,IPR001212|IPR001212,0.981545808458133,0.25329492274759635,2.0,1.0,0.464928904382533,0.26,False
753,IPR001212|IPR001212|IPR001604,0.981545808458133,0.25329492274759635,2.0,1.0,0.464928904382533,0.0,True
754,IPR001212|IPR001604,0.981545808458133,0.25329492274759635,2.0,1.0,0.464928904382533,0.02,True
755,IPR001214,0.9999999994703171,3.5983458063470007e-09,46.0,1.0,6.886167696812946e-07,0.0,True
756,IPR001214|IPR003616,0.9999999922603394,8.05547055677205e-08,25.0,1.0,9.048394862356778e-06,0.0,True
757,IPR001214|IPR003616|IPR001487,0.9996600111981438,0.009001483017035832,4.0,1.0,0.08677362453176146,0.0,True
758,IPR001214|IPR003616|IPR001965,0.9935886954088315,0.03618011510147109,10.0,1.0,0.1776271722389577,0.01,True
759,IPR001214|IPR013087,0.8606499744935043,0.5182306685589673,5.0,1.0,0.7304140383099247,0.82,False
760,IPR001214|IPR013087|IPR013087,0.8606499744935043,0.5182306685589673,5.0,1.0,0.7304140383099247,0.78,False
761,IPR001222,0.7019805810647781,0.689194390921003,8.0,1.0,0.9276028699892739,0.67,False
762,IPR001223,0.7467050772524036,1.0,2.0,1.0,1.0,1.0,False
763,IPR001236,0.8091777075696599,0.5837123437846928,6.0,1.0,0.8021387447700818,0.78,False
764,IPR001236|IPR022383,0.8606499744935043,0.5182306685589673,5.0,1.0,0.7304140383099247,0.55,False
765,IPR001247,0.981545808458133,0.25329492274759635,2.0,1.0,0.464928904382533,0.39,False
766,IPR001251,0.9900373104396942,0.028188744136941682,33.0,1.0,0.15203678596615622,0.4,False
767,IPR001251|IPR000198,0.48176933144103273,1.0,5.0,1.0,1.0,1.0,False
768,IPR001251|IPR000219,0.9984845308177138,0.020230503769160375,5.0,1.0,0.11408695175018027,0.01,True
769,IPR001251|IPR000219|IPR001849,0.9984845308177138,0.020230503769160375,5.0,1.0,0.11408695175018027,0.01,True
770,IPR001251|IPR009038,0.6452335408357548,1.0,3.0,1.0,1.0,1.0,False
771,IPR001251|IPR054071,0.9959444841204863,0.03640549165880708,6.0,1.0,0.1776271722389577,0.0,True
772,IPR001251|IPR056466,0.7467050772524036,1.0,2.0,1.0,1.0,1.0,False
773,IPR001251|IPR056466|IPR000219,0.7467050772524036,1.0,2.0,1.0,1.0,1.0,False
774,IPR001254,0.9825667908192609,0.04077955660832599,46.0,1.0,0.19708381075902243,0.98,False
775,IPR001254|IPR001254,0.7467050772524036,1.0,2.0,1.0,1.0,1.0,False
776,IPR001254|IPR001254|IPR001254,0.7467050772524036,1.0,2.0,1.0,1.0,1.0,False
777,IPR001263,0.949117514311489,0.179567330374543,11.0,1.0,0.464928904382533,0.47,False
778,IPR001263|IPR000403,0.7019805810647781,0.689194390921003,8.0,1.0,0.9276028699892739,0.7,False
779,IPR001263|IPR000403|IPR001683,0.981545808458133,0.25329492274759635,2.0,1.0,0.464928904382533,0.11,False
780,IPR001279,0.7467050772524036,1.0,2.0,1.0,1.0,1.0,False
781,IPR001279|IPR022712,0.7467050772524036,1.0,2.0,1.0,1.0,1.0,False
782,IPR001293,0.9999960011868689,6.971218899254965e-05,10.0,1.0,0.002554630358329816,0.01,True
783,IPR001293|IPR001293,0.981545808458133,0.25329492274759635,2.0,1.0,0.464928904382533,0.21,False
784,IPR001293|IPR001293|IPR002083,0.981545808458133,0.25329492274759635,2.0,1.0,0.464928904382533,0.13,False
785,IPR001293|IPR002083,0.9974946376443489,0.050351849914298724,3.0,1.0,0.19708381075902243,0.07,False
786,IPR001300,0.8606499744935043,0.5182306685589673,5.0,1.0,0.7304140383099247,0.78,False
787,IPR001300|IPR022682,0.9082977831884385,0.442454539948473,4.0,1.0,0.6543109925339897,0.64,False
788,IPR001303,0.981545808458133,0.25329492274759635,2.0,1.0,0.464928904382533,0.16,False
789,IPR001304,0.996412943083687,0.010101374982426326,43.0,1.0,0.09683451676103307,0.91,False
790,IPR001304|IPR000436,0.9959444841204863,0.03640549165880708,6.0,1.0,0.1776271722389577,0.02,True
791,IPR001304|IPR001007,0.9082977831884385,0.442454539948473,4.0,1.0,0.6543109925339897,0.19,False
792,IPR001304|IPR001304,0.9959444841204863,0.03640549165880708,6.0,1.0,0.1776271722389577,0.12,False
793,IPR001304|IPR001304|IPR001304,0.9797694962308396,0.13935002550649572,5.0,1.0,0.39238233340166945,0.28,False
794,IPR001304|IPR016201,0.9974946376443489,0.050351849914298724,3.0,1.0,0.19708381075902243,0.02,True
795,IPR001304|IPR016201|IPR016201,0.9974946376443489,0.050351849914298724,3.0,1.0,0.19708381075902243,0.02,True
796,IPR001305,0.981545808458133,0.25329492274759635,2.0,1.0,0.464928904382533,0.27,False
797,IPR001309,0.9638198848985289,0.14447146364198882,10.0,1.0,0.4000450442862573,0.49,False
798,IPR001309|IPR002138,0.9496481500857012,0.35476645916424515,3.0,1.0,0.5614328620219463,0.45,False
799,IPR001315,0.9999853943183804,0.00010543554690315058,20.0,1.0,0.0037060236112148237,0.13,False
800,IPR001315|IPR001841,0.981545808458133,0.25329492274759635,2.0,1.0,0.464928904382533,0.07,False
801,IPR001315|IPR002182,0.7467050772524036,1.0,2.0,1.0,1.0,1.0,False
802,IPR001320,0.9729514883981933,0.08644466356225088,18.0,1.0,0.28406795819264913,0.32,False
803,IPR001322,0.9909985169829642,0.09170221681156158,4.0,1.0,0.28406795819264913,0.07,False
804,IPR001346,0.8606499744935043,0.5182306685589673,5.0,1.0,0.7304140383099247,0.72,False
805,IPR001356,0.9818011286421497,0.03500049420186006,85.0,1.0,0.1776271722389577,1.0,False
806,IPR001356|IPR001356,0.9082977831884385,0.442454539948473,4.0,1.0,0.6543109925339897,0.77,False
807,IPR001356|IPR001356|IPR001356,0.981545808458133,0.25329492274759635,2.0,1.0,0.464928904382533,0.17,False
808,IPR001356|IPR001356|IPR013087,0.7467050772524036,1.0,2.0,1.0,1.0,1.0,False
809,IPR001356|IPR003604,0.7467050772524036,1.0,2.0,1.0,1.0,1.0,False
810,IPR001356|IPR003604|IPR013087,0.7467050772524036,1.0,2.0,1.0,1.0,1.0,False
811,IPR001356|IPR006634,0.7019805810647781,0.689194390921003,8.0,1.0,0.9276028699892739,0.4,False
812,IPR001356|IPR013087,0.9797694962308396,0.13935002550649572,5.0,1.0,0.39238233340166945,0.58,False
813,IPR001356|IPR013087|IPR001356,0.7467050772524036,1.0,2.0,1.0,1.0,1.0,False
814,IPR001356|IPR013087|IPR013087,0.9797694962308396,0.13935002550649572,5.0,1.0,0.39238233340166945,0.52,False
815,IPR001356|IPR023339,0.7467050772524036,1.0,2.0,1.0,1.0,1.0,False
816,IPR001356|IPR023339|IPR003654,0.7467050772524036,1.0,2.0,1.0,1.0,1.0,False
817,IPR001356|IPR025281,0.981545808458133,0.25329492274759635,2.0,1.0,0.464928904382533,0.15,False
818,IPR001357,0.9905667890506991,0.02883164887525016,28.0,1.0,0.15469691561621762,0.63,False
819,IPR001357|IPR000219,0.9496481500857012,0.35476645916424515,3.0,1.0,0.5614328620219463,0.1,False
820,IPR001357|IPR001357,0.9638198848985289,0.14447146364198882,10.0,1.0,0.4000450442862573,0.47,False
821,IPR001357|IPR001357|IPR000219,0.981545808458133,0.25329492274759635,2.0,1.0,0.464928904382533,0.01,True
822,IPR001357|IPR015388,0.7467050772524036,1.0,2.0,1.0,1.0,1.0,False
823,IPR001368,0.705652314114898,0.5857186011492906,14.0,1.0,0.803826829253223,0.99,False
824,IPR001368|IPR000488,0.981545808458133,0.25329492274759635,2.0,1.0,0.464928904382533,0.16,False
825,IPR001368|IPR001368,0.8880159409201664,0.3511723788939042,9.0,1.0,0.5614328620219463,0.92,False
826,IPR001368|IPR001368|IPR000488,0.981545808458133,0.25329492274759635,2.0,1.0,0.464928904382533,0.14,False
827,IPR001368|IPR001368|IPR001368,0.942625201384229,0.2442012899561677,7.0,1.0,0.464928904382533,0.55,False
828,IPR001368|IPR001368|IPR041448,0.7467050772524036,1.0,2.0,1.0,1.0,1.0,False
829,IPR001368|IPR041448,0.7467050772524036,1.0,2.0,1.0,1.0,1.0,False
830,IPR001368|IPR041448|IPR000488,0.7467050772524036,1.0,2.0,1.0,1.0,1.0,False
831,IPR001373,0.942625201384229,0.2442012899561677,7.0,1.0,0.464928904382533,0.24,False
832,IPR001373|IPR016158,0.9635945083411929,0.19082229243034007,6.0,1.0,0.464928904382533,0.09,False
833,IPR001373|IPR016158|IPR019559,0.8606499744935043,0.5182306685589673,5.0,1.0,0.7304140383099247,0.22,False
834,IPR001374,0.837121886480019,0.3734105393475189,16.0,1.0,0.5900343292992752,0.73,False
835,IPR001374|IPR024771,0.9849120420562869,0.0827469030190057,8.0,1.0,0.28406795819264913,0.13,False
836,IPR001375,0.97572740910265,0.1119840590798335,9.0,1.0,0.3381774595356515,0.22,False
837,IPR001394,0.9982428282107656,0.006155503447950891,31.0,1.0,0.07379463182265024,0.85,False
838,IPR001394|IPR006615,0.9909985169829642,0.09170221681156158,4.0,1.0,0.28406795819264913,0.05,True
839,IPR001394|IPR006615|IPR006615,0.981545808458133,0.25329492274759635,2.0,1.0,0.464928904382533,0.0,True
840,IPR001394|IPR021905,0.9082977831884385,0.442454539948473,4.0,1.0,0.6543109925339897,0.38,False
841,IPR001401,0.8091777075696599,0.5837123437846928,6.0,1.0,0.8021387447700818,0.66,False
842,IPR001401|IPR000375,0.9082977831884385,0.442454539948473,4.0,1.0,0.6543109925339897,0.37,False
843,IPR001433,0.5475345528859306,0.7995074773097844,11.0,1.0,1.0,1.0,False
844,IPR001442,0.9635945083411929,0.19082229243034007,6.0,1.0,0.464928904382533,0.28,False
845,IPR001452,1.0,6.88215250032918e-25,343.0,1.0,8.890020492300218e-22,0.0,True
846,IPR001452|IPR000198,0.6452335408357548,1.0,3.0,1.0,1.0,1.0,False
847,IPR001452|IPR000219,0.9929351552299672,0.03193358099079641,14.0,1.0,0.17027947675897323,0.18,False
848,IPR001452|IPR000219|IPR001849,0.9769481105166191,0.0884893737438704,13.0,1.0,0.28406795819264913,0.22,False
849,IPR001452|IPR000270,0.981545808458133,0.25329492274759635,2.0,1.0,0.464928904382533,0.02,True
850,IPR001452|IPR000857,0.7019805810647781,0.689194390921003,8.0,1.0,0.9276028699892739,0.54,False
851,IPR001452|IPR000857|IPR000299,0.7557987100438324,0.6402975194227803,7.0,1.0,0.8667585231484166,0.51,False
852,IPR001452|IPR000906,0.7467050772524036,1.0,2.0,1.0,1.0,1.0,False
853,IPR001452|IPR000906|IPR056182,0.7467050772524036,1.0,2.0,1.0,1.0,1.0,False
854,IPR001452|IPR000980,0.9999863293192618,6.733743082833335e-05,34.0,1.0,0.002554630358329816,0.07,False
855,IPR001452|IPR000980|IPR000719,0.985186569374072,0.05534802506440852,16.0,1.0,0.21310226937987992,0.14,False
856,IPR001452|IPR000980|IPR001452,0.9959444841204863,0.03640549165880708,6.0,1.0,0.1776271722389577,0.06,False
857,IPR001452|IPR001202,0.981545808458133,0.25329492274759635,2.0,1.0,0.464928904382533,0.22,False
858,IPR001452|IPR001202|IPR001202,0.981545808458133,0.25329492274759635,2.0,1.0,0.464928904382533,0.1,False
859,IPR001452|IPR001452,0.999999999909724,5.877610996397938e-10,53.0,1.0,1.214784640735526e-07,0.0,True
860,IPR001452|IPR001452|IPR000219,1.0,0.018454191541866973,2.0,1.0,0.11408695175018027,0.02,True
861,IPR001452|IPR001452|IPR000980,0.9909985169829642,0.09170221681156158,4.0,1.0,0.28406795819264913,0.06,False
862,IPR001452|IPR001452|IPR001452,0.9999997196023113,1.9524643498361644e-06,30.0,1.0,0.00016271585960650744,0.0,True
863,IPR001452|IPR001478,0.997996109626352,0.010438814367622576,15.0,1.0,0.0971225616702161,0.02,True
864,IPR001452|IPR001478|IPR001660,0.9954444034543672,0.023051889483380827,13.0,1.0,0.12698199675973212,0.0,True
865,IPR001452|IPR001660,0.9082977831884385,0.442454539948473,4.0,1.0,0.6543109925339897,0.33,False
866,IPR001452|IPR001660|IPR058666,0.9082977831884385,0.442454539948473,4.0,1.0,0.6543109925339897,0.13,False
867,IPR001452|IPR001683,0.6452335408357548,1.0,3.0,1.0,1.0,1.0,False
868,IPR001452|IPR001683|IPR019497,0.7467050772524036,1.0,2.0,1.0,1.0,1.0,False
869,IPR001452|IPR002048,0.981545808458133,0.25329492274759635,2.0,1.0,0.464928904382533,0.02,True
870,IPR001452|IPR003598,0.97572740910265,0.1119840590798335,9.0,1.0,0.3381774595356515,0.14,False
871,IPR001452|IPR003598|IPR000719,0.7467050772524036,1.0,2.0,1.0,1.0,1.0,False
872,IPR001452|IPR003598|IPR003961,0.9635945083411929,0.19082229243034007,6.0,1.0,0.464928904382533,0.01,True
873,IPR001452|IPR004012,0.9909985169829642,0.09170221681156158,4.0,1.0,0.28406795819264913,0.02,True
874,IPR001452|IPR008144,0.7785192994801978,0.45058052492347783,18.0,1.0,0.6660652322616516,0.72,False
875,IPR001452|IPR008145,0.557545460051527,1.0,4.0,1.0,1.0,1.0,False
876,IPR001452|IPR014928,0.6452335408357548,1.0,3.0,1.0,1.0,1.0,False
877,IPR001452|IPR014928|IPR021901,0.6452335408357548,1.0,3.0,1.0,1.0,1.0,False
878,IPR001452|IPR032232,0.981545808458133,0.25329492274759635,2.0,1.0,0.464928904382533,0.01,True
879,IPR001452|IPR032232|IPR001660,0.981545808458133,0.25329492274759635,2.0,1.0,0.464928904382533,0.02,True
880,IPR001452|IPR032376,0.9999940234815534,0.00013682151001357293,8.0,1.0,0.0043910356660877715,0.0,True
881,IPR001452|IPR032376|IPR027007,0.9999940234815534,0.00013682151001357293,8.0,1.0,0.0043910356660877715,0.0,True
882,IPR001452|IPR041418,0.9909985169829642,0.09170221681156158,4.0,1.0,0.28406795819264913,0.06,False
883,IPR001452|IPR041573,0.9954444034543672,0.023051889483380827,13.0,1.0,0.12698199675973212,0.03,True
884,IPR001452|IPR041573|IPR002048,0.7467050772524036,1.0,2.0,1.0,1.0,1.0,False
885,IPR001452|IPR047492,0.7467050772524036,1.0,2.0,1.0,1.0,1.0,False
886,IPR001452|IPR056183,0.7467050772524036,1.0,2.0,1.0,1.0,1.0,False
887,IPR001452|IPR056183|IPR056181,0.7467050772524036,1.0,2.0,1.0,1.0,1.0,False
888,IPR001453,0.9935886954088315,0.03618011510147109,10.0,1.0,0.1776271722389577,0.04,True
889,IPR001453|IPR005111,0.97572740910265,0.1119840590798335,9.0,1.0,0.3381774595356515,0.0,True
890,IPR001478,0.9999999999999972,1.009660638761416e-14,200.0,1.0,3.726368943200169e-12,0.05,True
891,IPR001478|IPR000219,0.6452335408357548,1.0,3.0,1.0,1.0,1.0,False
892,IPR001478|IPR000219|IPR001849,0.6452335408357548,1.0,3.0,1.0,1.0,1.0,False
893,IPR001478|IPR000242,0.8606499744935043,0.5182306685589673,5.0,1.0,0.7304140383099247,0.29,False
894,IPR001478|IPR000591,0.9909985169829642,0.09170221681156158,4.0,1.0,0.28406795819264913,0.06,False
895,IPR001478|IPR000591|IPR024580,0.9974946376443489,0.050351849914298724,3.0,1.0,0.19708381075902243,0.02,True
896,IPR001478|IPR000719,0.9082977831884385,0.442454539948473,4.0,1.0,0.6543109925339897,0.21,False
897,IPR001478|IPR001452,0.8952211608997002,0.25260119689833604,19.0,1.0,0.464928904382533,0.66,False
898,IPR001478|IPR001452|IPR008144,0.808527307692987,0.4123972208561986,17.0,1.0,0.647479927123664,0.63,False
899,IPR001478|IPR001478,0.990450948553407,0.022611974559452006,53.0,1.0,0.12658296050778822,0.67,False
900,IPR001478|IPR001478|IPR000242,0.6452335408357548,1.0,3.0,1.0,1.0,1.0,False
901,IPR001478|IPR001478|IPR001452,0.8091777075696599,0.5837123437846928,6.0,1.0,0.8021387447700818,0.58,False
902,IPR001478|IPR001478|IPR001478,0.9810947255194855,0.05070406167865592,31.0,1.0,0.19708381075902243,0.45,False
903,IPR001478|IPR001478|IPR019583,0.9797694962308396,0.13935002550649572,5.0,1.0,0.39238233340166945,0.22,False
904,IPR001478|IPR001660,0.9895611856323774,0.042680964302383335,15.0,1.0,0.19708381075902243,0.06,False
905,IPR001478|IPR001683,0.981545808458133,0.25329492274759635,2.0,1.0,0.464928904382533,0.03,True
906,IPR001478|IPR001683|IPR000159,0.981545808458133,0.25329492274759635,2.0,1.0,0.464928904382533,0.0,True
907,IPR001478|IPR001849,0.998195126511336,0.01508795794371311,8.0,1.0,0.11408695175018027,0.01,True
908,IPR001478|IPR001849|IPR000198,0.9909985169829642,0.09170221681156158,4.0,1.0,0.28406795819264913,0.0,True
909,IPR001478|IPR001849|IPR001849,0.981545808458133,0.25329492274759635,2.0,1.0,0.464928904382533,0.03,True
910,IPR001478|IPR004009,0.9496481500857012,0.35476645916424515,3.0,1.0,0.5614328620219463,0.15,False
911,IPR001478|IPR004009|IPR001609,0.9496481500857012,0.35476645916424515,3.0,1.0,0.5614328620219463,0.08,False
912,IPR001478|IPR006020,1.0,0.018454191541866973,2.0,1.0,0.11408695175018027,0.0,True
913,IPR001478|IPR006643,1.0,0.018454191541866973,2.0,1.0,0.11408695175018027,0.01,True
914,IPR001478|IPR010599,0.7467050772524036,1.0,2.0,1.0,1.0,1.0,False
915,IPR001478|IPR014800,0.7467050772524036,1.0,2.0,1.0,1.0,1.0,False
916,IPR001478|IPR015098,0.9496481500857012,0.35476645916424515,3.0,1.0,0.5614328620219463,0.12,False
917,IPR001478|IPR019583,0.942625201384229,0.2442012899561677,7.0,1.0,0.464928904382533,0.24,False
918,IPR001478|IPR019583|IPR001478,0.942625201384229,0.2442012899561677,7.0,1.0,0.464928904382533,0.22,False
919,IPR001478|IPR021818,0.48176933144103273,1.0,5.0,1.0,1.0,1.0,False
920,IPR001478|IPR055349,0.557545460051527,1.0,4.0,1.0,1.0,1.0,False
921,IPR001487,0.9999999993364705,3.485048041783287e-09,64.0,1.0,6.886167696812946e-07,0.0,True
922,IPR001487|IPR000313,0.9999990909979657,2.371282588951371e-05,9.0,1.0,0.0011240749667074984,0.0,True
923,IPR001487|IPR000313|IPR056987,1.0,4.6118706748703514e-05,5.0,1.0,0.00186168248258243,0.0,True
924,IPR001487|IPR001025,0.9909985169829642,0.09170221681156158,4.0,1.0,0.28406795819264913,0.01,True
925,IPR001487|IPR001025|IPR001025,0.9909985169829642,0.09170221681156158,4.0,1.0,0.28406795819264913,0.01,True
926,IPR001487|IPR001487,0.9316452367978186,0.21663818609866356,12.0,1.0,0.464928904382533,0.38,False
927,IPR001487|IPR001487|IPR001025,0.9496481500857012,0.35476645916424515,3.0,1.0,0.5614328620219463,0.11,False
928,IPR001487|IPR001487|IPR001487,0.9082977831884385,0.442454539948473,4.0,1.0,0.6543109925339897,0.14,False
929,IPR001487|IPR001487|IPR027353,0.9635945083411929,0.19082229243034007,6.0,1.0,0.464928904382533,0.17,False
930,IPR001487|IPR001965,0.9974946376443489,0.050351849914298724,3.0,1.0,0.19708381075902243,0.02,True
931,IPR001487|IPR001965|IPR001025,0.9974946376443489,0.050351849914298724,3.0,1.0,0.19708381075902243,0.0,True
932,IPR001487|IPR010303,0.9999991524661318,3.86877663383175e-05,7.0,1.0,0.0016385220382793976,0.0,True
933,IPR001487|IPR010303|IPR056484,0.9999991524661318,3.86877663383175e-05,7.0,1.0,0.0016385220382793976,0.0,True
934,IPR001487|IPR027353,0.942625201384229,0.2442012899561677,7.0,1.0,0.464928904382533,0.16,False
935,IPR001487|IPR027353|IPR031354,0.9909985169829642,0.09170221681156158,4.0,1.0,0.28406795819264913,0.0,True
936,IPR001494,0.9999280627328188,0.0005331657920494007,16.0,1.0,0.01263700755742777,0.07,False
937,IPR001494|IPR013598,0.9496481500857012,0.35476645916424515,3.0,1.0,0.5614328620219463,0.36,False
938,IPR001494|IPR013713,0.981545808458133,0.25329492274759635,2.0,1.0,0.464928904382533,0.12,False
939,IPR001494|IPR058584,0.981545808458133,0.25329492274759635,2.0,1.0,0.464928904382533,0.0,True
940,IPR001496,0.999604697368471,0.0021453497677969818,19.0,1.0,0.03485856053524215,0.46,False
941,IPR001506,0.9974946376443489,0.050351849914298724,3.0,1.0,0.19708381075902243,0.07,False
942,IPR001506|IPR000859,0.981545808458133,0.25329492274759635,2.0,1.0,0.464928904382533,0.08,False
943,IPR001506|IPR000859|IPR000859,0.981545808458133,0.25329492274759635,2.0,1.0,0.464928904382533,0.07,False
944,IPR001507,0.7557987100438324,0.6402975194227803,7.0,1.0,0.8667585231484166,0.73,False
945,IPR001510,0.7467050772524036,1.0,2.0,1.0,1.0,1.0,False
946,IPR001523,0.9984845308177138,0.020230503769160375,5.0,1.0,0.11408695175018027,0.1,False
947,IPR001523|IPR022130,0.981545808458133,0.25329492274759635,2.0,1.0,0.464928904382533,0.03,True
948,IPR001537,0.981545808458133,0.25329492274759635,2.0,1.0,0.464928904382533,0.07,False
949,IPR001567,0.9496481500857012,0.35476645916424515,3.0,1.0,0.5614328620219463,0.16,False
950,IPR001578,0.9909985169829642,0.09170221681156158,4.0,1.0,0.28406795819264913,0.07,False
951,IPR001590,0.9999975345019304,1.6135877050432e-05,27.0,1.0,0.000850162506585364,0.12,False
952,IPR001590|IPR001762,0.9994668342079506,0.003147787270446973,16.0,1.0,0.04416368681549245,0.11,False
953,IPR001590|IPR001762|IPR006586,0.9987900677535673,0.007064844770032759,14.0,1.0,0.0807611790415028,0.14,False
954,IPR001590|IPR006586,0.9999538812932512,0.001515469182286134,5.0,1.0,0.02627660827138408,0.02,True
955,IPR001590|IPR006586|IPR045371,0.9999538812932512,0.001515469182286134,5.0,1.0,0.02627660827138408,0.01,True
956,IPR001590|IPR041645,0.6452335408357548,1.0,3.0,1.0,1.0,1.0,False
957,IPR001590|IPR041645|IPR045371,0.6452335408357548,1.0,3.0,1.0,1.0,1.0,False
958,IPR001594,0.9931564412739642,0.02704851160180669,18.0,1.0,0.14603935156377762,0.33,False
959,IPR001599,0.942625201384229,0.2442012899561677,7.0,1.0,0.464928904382533,0.43,False
960,IPR001599|IPR011626,0.7467050772524036,1.0,2.0,1.0,1.0,1.0,False
961,IPR001599|IPR011626|IPR009048,0.7467050772524036,1.0,2.0,1.0,1.0,1.0,False
962,IPR001599|IPR022041,0.7467050772524036,1.0,2.0,1.0,1.0,1.0,False
963,IPR001599|IPR022041|IPR011626,0.7467050772524036,1.0,2.0,1.0,1.0,1.0,False
964,IPR001604,0.9974946376443489,0.050351849914298724,3.0,1.0,0.19708381075902243,0.06,False
965,IPR001605,0.705652314114898,0.5857186011492906,14.0,1.0,0.803826829253223,0.64,False
966,IPR001605|IPR001605,0.7449171701948984,0.5440941846829775,13.0,1.0,0.7643650495532748,0.61,False
967,IPR001605|IPR001605|IPR001605,0.820432669625457,0.4524654471140695,11.0,1.0,0.6660652322616516,0.51,False
968,IPR001606,0.9968460614602445,0.013046618660657608,20.0,1.0,0.11408695175018027,0.23,False
969,IPR001606|IPR001965,0.8091777075696599,0.5837123437846928,6.0,1.0,0.8021387447700818,0.54,False
970,IPR001606|IPR001965|IPR003347,0.6452335408357548,1.0,3.0,1.0,1.0,1.0,False
971,IPR001606|IPR033388,1.0,0.018454191541866973,2.0,1.0,0.11408695175018027,0.0,True
972,IPR001607,0.9987900677535673,0.007064844770032759,14.0,1.0,0.0807611790415028,0.12,False
973,IPR001607|IPR001394,0.9915535842838115,0.05737479861577096,7.0,1.0,0.2140473533918329,0.1,False
974,IPR001607|IPR001394|IPR006615,0.981545808458133,0.25329492274759635,2.0,1.0,0.464928904382533,0.03,True
975,IPR001609,0.9999352455304433,0.0003082614254759355,30.0,1.0,0.008472270135288078,0.11,False
976,IPR001609|IPR000857,0.6452335408357548,1.0,3.0,1.0,1.0,1.0,False
977,IPR001609|IPR000857|IPR000299,0.7467050772524036,1.0,2.0,1.0,1.0,1.0,False
978,IPR001609|IPR002928,0.9849120420562869,0.0827469030190057,8.0,1.0,0.28406795819264913,0.05,True
979,IPR001609|IPR010926,0.981545808458133,0.25329492274759635,2.0,1.0,0.464928904382533,0.02,True
980,IPR001609|IPR031971,0.7467050772524036,1.0,2.0,1.0,1.0,1.0,False
981,IPR001609|IPR031971|IPR001849,0.7467050772524036,1.0,2.0,1.0,1.0,1.0,False
982,IPR001609|IPR049016,1.0,0.018454191541866973,2.0,1.0,0.11408695175018027,0.0,True
983,IPR001609|IPR049016|IPR032412,1.0,0.018454191541866973,2.0,1.0,0.11408695175018027,0.0,True
984,IPR001609|IPR058662,0.981545808458133,0.25329492274759635,2.0,1.0,0.464928904382533,0.04,True
985,IPR001623,0.9952633132161512,0.015203728051705728,30.0,1.0,0.11408695175018027,0.82,False
986,IPR001623|IPR015399,0.981545808458133,0.25329492274759635,2.0,1.0,0.464928904382533,0.03,True
987,IPR001627,0.9904158193816581,0.03510897205571352,19.0,1.0,0.1776271722389577,0.46,False
988,IPR001627|IPR016201,0.9904158193816581,0.03510897205571352,19.0,1.0,0.1776271722389577,0.37,False
989,IPR001627|IPR016201|IPR002909,0.557545460051527,1.0,4.0,1.0,1.0,1.0,False
990,IPR001627|IPR016201|IPR016201,0.9496481500857012,0.35476645916424515,3.0,1.0,0.5614328620219463,0.12,False
991,IPR001627|IPR016201|IPR041019,0.9984845308177138,0.020230503769160375,5.0,1.0,0.11408695175018027,0.08,False
992,IPR001627|IPR016201|IPR057563,0.9496481500857012,0.35476645916424515,3.0,1.0,0.5614328620219463,0.14,False
993,IPR001628,0.9998690683664752,0.0004324784738331076,53.0,1.0,0.01049115621735055,0.44,False
994,IPR001628|IPR000536,0.9818157689272841,0.04409591750797503,41.0,1.0,0.19708381075902243,0.38,False
995,IPR001632,0.26855285757560965,1.0,9.0,1.0,1.0,1.0,False
996,IPR001632|IPR001632,0.26855285757560965,1.0,9.0,1.0,1.0,1.0,False
997,IPR001632|IPR001632|IPR001632,0.310805609078997,1.0,8.0,1.0,1.0,1.0,False
998,IPR001650,0.9999999891586058,4.1542394109597615e-08,91.0,1.0,5.3662387591072726e-06,0.17,False
999,IPR001650|IPR002589,0.981545808458133,0.25329492274759635,2.0,1.0,0.464928904382533,0.0,True
1000,IPR001650|IPR007502,0.7833618139013364,0.4996308993171507,12.0,1.0,0.7304140383099247,0.7,False
1001,IPR001650|IPR007502|IPR011709,0.820432669625457,0.4524654471140695,11.0,1.0,0.6660652322616516,0.58,False
1002,IPR001650|IPR009463,0.9997545541663276,0.004055515879513668,6.0,1.0,0.05084252807529078,0.01,True
1003,IPR001650|IPR009463|IPR009462,0.9997545541663276,0.004055515879513668,6.0,1.0,0.05084252807529078,0.0,True
1004,IPR001650|IPR015194,1.0,0.018454191541866973,2.0,1.0,0.11408695175018027,0.0,True
1005,IPR001650|IPR015194|IPR001005,1.0,0.018454191541866973,2.0,1.0,0.11408695175018027,0.0,True
1006,IPR001650|IPR025313,0.981545808458133,0.25329492274759635,2.0,1.0,0.464928904382533,0.12,False
1007,IPR001650|IPR029295,0.820432669625457,0.4524654471140695,11.0,1.0,0.6660652322616516,0.24,False
1008,IPR001650|IPR029295|IPR001487,0.26855285757560965,1.0,9.0,1.0,1.0,1.0,False
1009,IPR001650|IPR032284,0.9974946376443489,0.050351849914298724,3.0,1.0,0.19708381075902243,0.03,True
1010,IPR001650|IPR032284|IPR018982,0.981545808458133,0.25329492274759635,2.0,1.0,0.464928904382533,0.07,False
1011,IPR001650|IPR040793,0.981545808458133,0.25329492274759635,2.0,1.0,0.464928904382533,0.05,True
1012,IPR001650|IPR040793|IPR056302,0.981545808458133,0.25329492274759635,2.0,1.0,0.464928904382533,0.06,False
1013,IPR001650|IPR041082,1.0,0.018454191541866973,2.0,1.0,0.11408695175018027,0.0,True
1014,IPR001650|IPR041082|IPR022192,1.0,0.018454191541866973,2.0,1.0,0.11408695175018027,0.0,True
1015,IPR001650|IPR048392,0.6452335408357548,1.0,3.0,1.0,1.0,1.0,False
1016,IPR001650|IPR048392|IPR025696,0.6452335408357548,1.0,3.0,1.0,1.0,1.0,False
1017,IPR001650|IPR056342,0.48176933144103273,1.0,5.0,1.0,1.0,1.0,False
1018,IPR001650|IPR056342|IPR006576,0.557545460051527,1.0,4.0,1.0,1.0,1.0,False
1019,IPR001650|IPR059032,1.0,0.018454191541866973,2.0,1.0,0.11408695175018027,0.0,True
1020,IPR001651,0.6452335408357548,1.0,3.0,1.0,1.0,1.0,False
1021,IPR001660,0.9999508170121675,0.00011848040061874631,126.0,1.0,0.004136406959439609,0.7,False
1022,IPR001660|IPR000198,0.6452335408357548,1.0,3.0,1.0,1.0,1.0,False
1023,IPR001660|IPR000198|IPR002913,0.6452335408357548,1.0,3.0,1.0,1.0,1.0,False
1024,IPR001660|IPR001660,0.9964121328774717,0.012063615671348645,29.0,1.0,0.11170735156605457,0.12,False
1025,IPR001660|IPR001660|IPR001660,0.9937653194286268,0.022496476263709035,22.0,1.0,0.12620987280628077,0.06,False
1026,IPR001660|IPR001660|IPR006020,0.9082977831884385,0.442454539948473,4.0,1.0,0.6543109925339897,0.26,False
1027,IPR001660|IPR001660|IPR032117,0.981545808458133,0.25329492274759635,2.0,1.0,0.464928904382533,0.04,True
1028,IPR001660|IPR001841,0.7467050772524036,1.0,2.0,1.0,1.0,1.0,False
1029,IPR001660|IPR001849,0.9909985169829642,0.09170221681156158,4.0,1.0,0.28406795819264913,0.1,False
1030,IPR001660|IPR001849|IPR001849,0.9909985169829642,0.09170221681156158,4.0,1.0,0.28406795819264913,0.08,False
1031,IPR001660|IPR004177,0.9974946376443489,0.050351849914298724,3.0,1.0,0.19708381075902243,0.0,True
1032,IPR001660|IPR006020,0.9082977831884385,0.442454539948473,4.0,1.0,0.6543109925339897,0.27,False
1033,IPR001660|IPR012317,0.9082977831884385,0.442454539948473,4.0,1.0,0.6543109925339897,0.22,False
1034,IPR001660|IPR025749,0.7467050772524036,1.0,2.0,1.0,1.0,1.0,False
1035,IPR001660|IPR032117,0.981545808458133,0.25329492274759635,2.0,1.0,0.464928904382533,0.04,True
1036,IPR001660|IPR032393,0.981545808458133,0.25329492274759635,2.0,1.0,0.464928904382533,0.04,True
1037,IPR001660|IPR058666,0.9082977831884385,0.442454539948473,4.0,1.0,0.6543109925339897,0.14,False
1038,IPR001660|IPR058666|IPR001660,0.9496481500857012,0.35476645916424515,3.0,1.0,0.5614328620219463,0.12,False
1039,IPR001678,1.0,0.018454191541866973,2.0,1.0,0.11408695175018027,0.04,True
1040,IPR001683,0.9977567114004314,0.006731362825279755,41.0,1.0,0.07868993601407352,0.61,False
1041,IPR001683|IPR000008,0.9082977831884385,0.442454539948473,4.0,1.0,0.6543109925339897,0.24,False
1042,IPR001683|IPR000159,0.981545808458133,0.25329492274759635,2.0,1.0,0.464928904382533,0.06,False
1043,IPR001683|IPR001452,1.0,0.018454191541866973,2.0,1.0,0.11408695175018027,0.0,True
1044,IPR001683|IPR001849,0.981545808458133,0.25329492274759635,2.0,1.0,0.464928904382533,0.1,False
1045,IPR001683|IPR001849|IPR001736,0.981545808458133,0.25329492274759635,2.0,1.0,0.464928904382533,0.12,False
1046,IPR001683|IPR015404,0.6452335408357548,1.0,3.0,1.0,1.0,1.0,False
1047,IPR001683|IPR019497,0.557545460051527,1.0,4.0,1.0,1.0,1.0,False
1048,IPR001693,0.9974946376443489,0.050351849914298724,3.0,1.0,0.19708381075902243,0.03,True
1049,IPR001709,0.820432669625457,0.4524654471140695,11.0,1.0,0.6660652322616516,0.63,False
1050,IPR001709|IPR001433,0.6488276211060958,0.7314471424243904,9.0,1.0,0.9806402140391347,0.72,False
1051,IPR001709|IPR001709,0.310805609078997,1.0,8.0,1.0,1.0,1.0,False
1052,IPR001709|IPR001709|IPR001433,0.35970248057721965,1.0,7.0,1.0,1.0,1.0,False
1053,IPR001709|IPR001709|IPR001709,0.48176933144103273,1.0,5.0,1.0,1.0,1.0,False
1054,IPR001711,0.8880159409201664,0.3511723788939042,9.0,1.0,0.5614328620219463,0.71,False
1055,IPR001711|IPR000008,0.8880159409201664,0.3511723788939042,9.0,1.0,0.5614328620219463,0.68,False
1056,IPR001711|IPR000008|IPR014815,0.9496481500857012,0.35476645916424515,3.0,1.0,0.5614328620219463,0.21,False
1057,IPR001715,0.9999999998759094,4.778494093784371e-10,115.0,1.0,1.0287699576076601e-07,0.14,False
1058,IPR001715|IPR001202,0.8606499744935043,0.5182306685589673,5.0,1.0,0.7304140383099247,0.29,False
1059,IPR001715|IPR001202|IPR015153,0.7467050772524036,1.0,2.0,1.0,1.0,1.0,False
1060,IPR001715|IPR001452,0.9994668342079506,0.003147787270446973,16.0,1.0,0.04416368681549245,0.02,True
1061,IPR001715|IPR001452|IPR041573,0.9972307831476748,0.015937930661170028,12.0,1.0,0.11408695175018027,0.0,True
1062,IPR001715|IPR001605,0.9082977831884385,0.442454539948473,4.0,1.0,0.6543109925339897,0.23,False
1063,IPR001715|IPR001605|IPR001605,0.9082977831884385,0.442454539948473,4.0,1.0,0.6543109925339897,0.23,False
1064,IPR001715|IPR001715,0.9994477088208367,0.0016404648746117015,54.0,1.0,0.027974528076299212,0.28,False
1065,IPR001715|IPR001715|IPR001202,0.6452335408357548,1.0,3.0,1.0,1.0,1.0,False
1066,IPR001715|IPR001715|IPR001452,0.9972307831476748,0.015937930661170028,12.0,1.0,0.11408695175018027,0.0,True
1067,IPR001715|IPR001715|IPR001605,0.9082977831884385,0.442454539948473,4.0,1.0,0.6543109925339897,0.16,False
1068,IPR001715|IPR001715|IPR002048,0.998195126511336,0.01508795794371311,8.0,1.0,0.11408695175018027,0.0,True
1069,IPR001715|IPR001715|IPR057057,0.9635945083411929,0.19082229243034007,6.0,1.0,0.464928904382533,0.12,False
1070,IPR001715|IPR001781,0.9172530969809943,0.2980194189352218,8.0,1.0,0.5376628273876715,0.24,False
1071,IPR001715|IPR001781|IPR016103,0.7467050772524036,1.0,2.0,1.0,1.0,1.0,False
1072,IPR001715|IPR002048,0.9935886954088315,0.03618011510147109,10.0,1.0,0.1776271722389577,0.02,True
1073,IPR001715|IPR002048|IPR014837,0.9849120420562869,0.0827469030190057,8.0,1.0,0.28406795819264913,0.03,True
1074,IPR001715|IPR004953,0.7467050772524036,1.0,2.0,1.0,1.0,1.0,False
1075,IPR001715|IPR022735,0.9496481500857012,0.35476645916424515,3.0,1.0,0.5614328620219463,0.17,False
1076,IPR001715|IPR031865,0.981545808458133,0.25329492274759635,2.0,1.0,0.464928904382533,0.11,False
1077,IPR001715|IPR057057,0.9635945083411929,0.19082229243034007,6.0,1.0,0.464928904382533,0.12,False
1078,IPR001715|IPR057057|IPR057932,0.9496481500857012,0.35476645916424515,3.0,1.0,0.5614328620219463,0.15,False
1079,IPR001736,0.9959444841204863,0.03640549165880708,6.0,1.0,0.1776271722389577,0.17,False
1080,IPR001739,0.9991969710878346,0.006411304591168485,10.0,1.0,0.07546061690789878,0.15,False
1081,IPR001739|IPR000313,0.9974946376443489,0.050351849914298724,3.0,1.0,0.19708381075902243,0.0,True
1082,IPR001739|IPR018501,0.981545808458133,0.25329492274759635,2.0,1.0,0.464928904382533,0.05,True
1083,IPR001739|IPR018501|IPR028941,0.981545808458133,0.25329492274759635,2.0,1.0,0.464928904382533,0.0,True
1084,IPR001752,0.9999998953879676,6.825447461632845e-07,35.0,1.0,6.0805322472856745e-05,0.02,True
1085,IPR001752|IPR032405,0.9999280627328188,0.0005331657920494007,16.0,1.0,0.01263700755742777,0.0,True
1086,IPR001752|IPR032405|IPR000253,0.9987900677535673,0.007064844770032759,14.0,1.0,0.0807611790415028,0.04,True
1087,IPR001759,0.981545808458133,0.25329492274759635,2.0,1.0,0.464928904382533,0.48,False
1088,IPR001762,0.9998945644530969,0.0006324666098591892,20.0,1.0,0.01465450660601987,0.12,False
1089,IPR001762|IPR006586,0.999763515166124,0.001408487815684134,18.0,1.0,0.02627660827138408,0.09,False
1090,IPR001762|IPR006586|IPR000742,0.9895490334258487,0.05088248568851092,11.0,1.0,0.19708381075902243,0.24,False
1091,IPR001763,0.9931564412739642,0.02704851160180669,18.0,1.0,0.14603935156377762,0.49,False
1092,IPR001763|IPR000340,0.9082977831884385,0.442454539948473,4.0,1.0,0.6543109925339897,0.54,False
1093,IPR001763|IPR048498,1.0,0.018454191541866973,2.0,1.0,0.11408695175018027,0.0,True
1094,IPR001766,0.999798420573821,0.0009779236445341785,25.0,1.0,0.019738013559797266,0.76,False
1095,IPR001772,0.7019805810647781,0.689194390921003,8.0,1.0,0.9276028699892739,0.68,False
1096,IPR001781,0.9999854252623047,4.4492030111108147e-05,81.0,1.0,0.00186168248258243,0.66,False
1097,IPR001781|IPR001356,0.9635945083411929,0.19082229243034007,6.0,1.0,0.464928904382533,0.52,False
1098,IPR001781|IPR001478,0.557545460051527,1.0,4.0,1.0,1.0,1.0,False
1099,IPR001781|IPR001478|IPR000719,0.7467050772524036,1.0,2.0,1.0,1.0,1.0,False
1100,IPR001781|IPR001781,0.9997498799968106,0.0008871662792180079,42.0,1.0,0.018127339158869857,0.47,False
1101,IPR001781|IPR001781|IPR001356,0.9082977831884385,0.442454539948473,4.0,1.0,0.6543109925339897,0.64,False
1102,IPR001781|IPR001781|IPR001478,0.6452335408357548,1.0,3.0,1.0,1.0,1.0,False
1103,IPR001781|IPR001781|IPR001781,0.9991124023984529,0.004729920038676855,17.0,1.0,0.05750469844669015,0.16,False
1104,IPR001781|IPR016103,0.7467050772524036,1.0,2.0,1.0,1.0,1.0,False
1105,IPR001781|IPR016103|IPR022735,0.7467050772524036,1.0,2.0,1.0,1.0,1.0,False
1106,IPR001791,0.9999999061375048,4.816186413926607e-07,49.0,1.0,4.524588218319778e-05,0.04,True
1107,IPR001791|IPR000742,0.9999879015499615,7.938450708442306e-05,23.0,1.0,0.002868389846889608,0.06,False
1108,IPR001791|IPR000742|IPR000742,0.9999925057130146,6.0020614261372315e-05,19.0,1.0,0.0023143769693172445,0.01,True
1109,IPR001791|IPR000742|IPR001791,0.9996974484703847,0.0020038903736480343,15.0,1.0,0.0328701636845695,0.13,False
1110,IPR001791|IPR001007,0.981545808458133,0.25329492274759635,2.0,1.0,0.464928904382533,0.1,False
1111,IPR001791|IPR001791,0.9995571030280425,0.002099782455122295,23.0,1.0,0.03433410109372436,0.09,False
1112,IPR001791|IPR001791|IPR000742,0.981545808458133,0.25329492274759635,2.0,1.0,0.464928904382533,0.39,False
1113,IPR001791|IPR001791|IPR001791,0.9994668342079506,0.003147787270446973,16.0,1.0,0.04416368681549245,0.0,True
1114,IPR001791|IPR003585,0.7467050772524036,1.0,2.0,1.0,1.0,1.0,False
1115,IPR001799,0.981545808458133,0.25329492274759635,2.0,1.0,0.464928904382533,0.27,False
1116,IPR001810,0.9999968417249837,1.4901663312414855e-05,42.0,1.0,0.0008191158971834847,0.47,False
1117,IPR001810|IPR007397,0.9496481500857012,0.35476645916424515,3.0,1.0,0.5614328620219463,0.2,False
1118,IPR001810|IPR045464,0.7467050772524036,1.0,2.0,1.0,1.0,1.0,False
1119,IPR001810|IPR057207,0.9082977831884385,0.442454539948473,4.0,1.0,0.6543109925339897,0.54,False
1120,IPR001811,0.45590581531702246,0.8503252177097775,13.0,1.0,1.0,1.0,False
1121,IPR001818,0.9638198848985289,0.14447146364198882,10.0,1.0,0.4000450442862573,0.63,False
1122,IPR001818|IPR000562,0.9496481500857012,0.35476645916424515,3.0,1.0,0.5614328620219463,0.18,False
1123,IPR001818|IPR000562|IPR000562,0.9496481500857012,0.35476645916424515,3.0,1.0,0.5614328620219463,0.18,False
1124,IPR001818|IPR000585,0.8880159409201664,0.3511723788939042,9.0,1.0,0.5614328620219463,0.45,False
1125,IPR001818|IPR000585|IPR021805,0.7467050772524036,1.0,2.0,1.0,1.0,1.0,False
1126,IPR001828,0.9573190356976167,0.1359955914060879,15.0,1.0,0.39238233340166945,0.9,False
1127,IPR001828|IPR001320,0.9082977831884385,0.442454539948473,4.0,1.0,0.6543109925339897,0.53,False
1128,IPR001828|IPR011500,0.9172530969809943,0.2980194189352218,8.0,1.0,0.5376628273876715,0.38,False
1129,IPR001828|IPR011500|IPR017978,0.9172530969809943,0.2980194189352218,8.0,1.0,0.5376628273876715,0.35,False
1130,IPR001839,0.9929351552299672,0.03193358099079641,14.0,1.0,0.17027947675897323,0.75,False
1131,IPR001841,1.0,4.936392771949981e-22,232.0,1.0,5.101268290533111e-19,0.32,False
1132,IPR001841|IPR000315,0.9999999992163492,8.33417330096102e-09,28.0,1.0,1.3049294983656237e-06,0.15,False
1133,IPR001841|IPR000315|IPR000315,0.999999893139558,2.3180133943108774e-06,12.0,1.0,0.00018714336263131725,0.0,True
1134,IPR001841|IPR000315|IPR001870,0.9909985169829642,0.09170221681156158,4.0,1.0,0.28406795819264913,0.46,False
1135,IPR001841|IPR000315|IPR003649,0.9974946376443489,0.050351849914298724,3.0,1.0,0.19708381075902243,0.03,True
1136,IPR001841|IPR000967,0.9984845308177138,0.020230503769160375,5.0,1.0,0.11408695175018027,0.01,True
1137,IPR001841|IPR000967|IPR000967,0.9984845308177138,0.020230503769160375,5.0,1.0,0.11408695175018027,0.01,True
1138,IPR001841|IPR001214,0.9974946376443489,0.050351849914298724,3.0,1.0,0.19708381075902243,0.01,True
1139,IPR001841|IPR001214|IPR003616,0.9974946376443489,0.050351849914298724,3.0,1.0,0.19708381075902243,0.0,True
1140,IPR001841|IPR001293,0.9998631784899864,0.0018048734886640262,8.0,1.0,0.029890324730535326,0.02,True
1141,IPR001841|IPR001293|IPR001293,0.981545808458133,0.25329492274759635,2.0,1.0,0.464928904382533,0.11,False
1142,IPR001841|IPR001452,0.981545808458133,0.25329492274759635,2.0,1.0,0.464928904382533,0.24,False
1143,IPR001841|IPR001452|IPR001452,0.981545808458133,0.25329492274759635,2.0,1.0,0.464928904382533,0.16,False
1144,IPR001841|IPR001478,0.981545808458133,0.25329492274759635,2.0,1.0,0.464928904382533,0.14,False
1145,IPR001841|IPR001841,0.9987900677535673,0.007064844770032759,14.0,1.0,0.0807611790415028,0.09,False
1146,IPR001841|IPR001841|IPR001841,0.981545808458133,0.25329492274759635,2.0,1.0,0.464928904382533,0.1,False
1147,IPR001841|IPR001841|IPR001965,0.9797694962308396,0.13935002550649572,5.0,1.0,0.39238233340166945,0.09,False
1148,IPR001841|IPR001841|IPR047441,0.9496481500857012,0.35476645916424515,3.0,1.0,0.5614328620219463,0.2,False
1149,IPR001841|IPR001965,0.9797694962308396,0.13935002550649572,5.0,1.0,0.39238233340166945,0.08,False
1150,IPR001841|IPR001965|IPR001841,0.9082977831884385,0.442454539948473,4.0,1.0,0.6543109925339897,0.34,False
1151,IPR001841|IPR001965|IPR001965,0.9496481500857012,0.35476645916424515,3.0,1.0,0.5614328620219463,0.13,False
1152,IPR001841|IPR002867,0.7449171701948984,0.5440941846829775,13.0,1.0,0.7643650495532748,0.74,False
1153,IPR001841|IPR002867|IPR001841,0.7019805810647781,0.689194390921003,8.0,1.0,0.9276028699892739,0.35,False
1154,IPR001841|IPR002867|IPR002867,0.6452335408357548,1.0,3.0,1.0,1.0,1.0,False
1155,IPR001841|IPR003105,0.8606499744935043,0.5182306685589673,5.0,1.0,0.7304140383099247,0.23,False
1156,IPR001841|IPR003105|IPR001841,0.8606499744935043,0.5182306685589673,5.0,1.0,0.7304140383099247,0.13,False
1157,IPR001841|IPR013010,0.9496481500857012,0.35476645916424515,3.0,1.0,0.5614328620219463,0.38,False
1158,IPR001841|IPR013010|IPR018121,0.981545808458133,0.25329492274759635,2.0,1.0,0.464928904382533,0.13,False
1159,IPR001841|IPR025994,0.7467050772524036,1.0,2.0,1.0,1.0,1.0,False
1160,IPR001841|IPR025994|IPR001357,0.7467050772524036,1.0,2.0,1.0,1.0,1.0,False
1161,IPR001841|IPR032443,0.9635945083411929,0.19082229243034007,6.0,1.0,0.464928904382533,0.18,False
1162,IPR001841|IPR039396,0.8606499744935043,0.5182306685589673,5.0,1.0,0.7304140383099247,0.46,False
1163,IPR001841|IPR040909,0.7467050772524036,1.0,2.0,1.0,1.0,1.0,False
1164,IPR001841|IPR045840,0.7557987100438324,0.6402975194227803,7.0,1.0,0.8667585231484166,0.31,False
1165,IPR001841|IPR047441,0.9496481500857012,0.35476645916424515,3.0,1.0,0.5614328620219463,0.19,False
1166,IPR001841|IPR047441|IPR001965,0.9496481500857012,0.35476645916424515,3.0,1.0,0.5614328620219463,0.18,False
1167,IPR001841|IPR048575,0.7467050772524036,1.0,2.0,1.0,1.0,1.0,False
1168,IPR001841|IPR048575|IPR041523,0.7467050772524036,1.0,2.0,1.0,1.0,1.0,False
1169,IPR001841|IPR049441,1.0,0.018454191541866973,2.0,1.0,0.11408695175018027,0.0,True
1170,IPR001841|IPR057031,0.981545808458133,0.25329492274759635,2.0,1.0,0.464928904382533,0.03,True
1171,IPR001846,0.998436289788411,0.010450966574151375,11.0,1.0,0.0971225616702161,0.31,False
1172,IPR001846|IPR014853,0.9996369611217383,0.0036071667516669446,9.0,1.0,0.04904797527858711,0.11,False
1173,IPR001846|IPR014853|IPR000742,1.0,0.018454191541866973,2.0,1.0,0.11408695175018027,0.03,True
1174,IPR001846|IPR014853|IPR001007,0.9984845308177138,0.020230503769160375,5.0,1.0,0.11408695175018027,0.09,False
1175,IPR001846|IPR014853|IPR002919,0.9984845308177138,0.020230503769160375,5.0,1.0,0.11408695175018027,0.12,False
1176,IPR001849,0.9999999999999896,3.111063242454675e-14,282.0,1.0,1.0046789858602066e-11,0.49,False
1177,IPR001849|IPR000008,0.998436289788411,0.010450966574151375,11.0,1.0,0.0971225616702161,0.1,False
1178,IPR001849|IPR000008|IPR000198,0.942625201384229,0.2442012899561677,7.0,1.0,0.464928904382533,0.05,True
1179,IPR001849|IPR000008|IPR001936,0.981545808458133,0.25329492274759635,2.0,1.0,0.464928904382533,0.11,False
1180,IPR001849|IPR000198,0.9729514883981933,0.08644466356225088,18.0,1.0,0.28406795819264913,0.31,False
1181,IPR001849|IPR000198|IPR000159,0.9909985169829642,0.09170221681156158,4.0,1.0,0.28406795819264913,0.05,True
1182,IPR001849|IPR000198|IPR001452,0.7467050772524036,1.0,2.0,1.0,1.0,1.0,False
1183,IPR001849|IPR000306,0.97572740910265,0.1119840590798335,9.0,1.0,0.3381774595356515,0.2,False
1184,IPR001849|IPR000306|IPR001849,0.9082977831884385,0.442454539948473,4.0,1.0,0.6543109925339897,0.29,False
1185,IPR001849|IPR000591,0.557545460051527,1.0,4.0,1.0,1.0,1.0,False
1186,IPR001849|IPR000591|IPR000591,0.557545460051527,1.0,4.0,1.0,1.0,1.0,False
1187,IPR001849|IPR000651,0.9496481500857012,0.35476645916424515,3.0,1.0,0.5614328620219463,0.34,False
1188,IPR001849|IPR000651|IPR001895,0.981545808458133,0.25329492274759635,2.0,1.0,0.464928904382533,0.05,True
1189,IPR001849|IPR000719,0.9996600111981438,0.009001483017035832,4.0,1.0,0.08677362453176146,0.01,True
1190,IPR001849|IPR000857,0.41628765621530717,1.0,6.0,1.0,1.0,1.0,False
1191,IPR001849|IPR000857|IPR000159,0.6452335408357548,1.0,3.0,1.0,1.0,1.0,False
1192,IPR001849|IPR000857|IPR000299,0.6452335408357548,1.0,3.0,1.0,1.0,1.0,False
1193,IPR001849|IPR000980,0.6452335408357548,1.0,3.0,1.0,1.0,1.0,False
1194,IPR001849|IPR001164,0.9987900677535673,0.007064844770032759,14.0,1.0,0.0807611790415028,0.14,False
1195,IPR001849|IPR001164|IPR001452,0.9082977831884385,0.442454539948473,4.0,1.0,0.6543109925339897,0.22,False
1196,IPR001849|IPR001164|IPR001849,0.9974946376443489,0.050351849914298724,3.0,1.0,0.19708381075902243,0.03,True
1197,IPR001849|IPR001180,0.9082977831884385,0.442454539948473,4.0,1.0,0.6543109925339897,0.36,False
1198,IPR001849|IPR001180|IPR000095,0.9496481500857012,0.35476645916424515,3.0,1.0,0.5614328620219463,0.23,False
1199,IPR001849|IPR001452,0.9999642547409802,0.00020157942617907726,25.0,1.0,0.006020583208481458,0.0,True
1200,IPR001849|IPR001452|IPR000219,0.9082977831884385,0.442454539948473,4.0,1.0,0.6543109925339897,0.24,False
1201,IPR001849|IPR001452|IPR003598,0.9172530969809943,0.2980194189352218,8.0,1.0,0.5376628273876715,0.13,False
1202,IPR001849|IPR001736,0.981545808458133,0.25329492274759635,2.0,1.0,0.464928904382533,0.12,False
1203,IPR001849|IPR001849,0.9970407796461196,0.011180329173120443,24.0,1.0,0.10371411281420706,0.22,False
1204,IPR001849|IPR001849|IPR000198,0.9909985169829642,0.09170221681156158,4.0,1.0,0.28406795819264913,0.05,True
1205,IPR001849|IPR001849|IPR000857,0.41628765621530717,1.0,6.0,1.0,1.0,1.0,False
1206,IPR001849|IPR001849|IPR001164,0.9909985169829642,0.09170221681156158,4.0,1.0,0.28406795819264913,0.1,False
1207,IPR001849|IPR001849|IPR055108,0.9974946376443489,0.050351849914298724,3.0,1.0,0.19708381075902243,0.0,True
1208,IPR001849|IPR002048,0.7467050772524036,1.0,2.0,1.0,1.0,1.0,False
1209,IPR001849|IPR002219,0.9959444841204863,0.03640549165880708,6.0,1.0,0.1776271722389577,0.15,False
1210,IPR001849|IPR002219|IPR001452,0.9984845308177138,0.020230503769160375,5.0,1.0,0.11408695175018027,0.0,True
1211,IPR001849|IPR003130,0.949117514311489,0.179567330374543,11.0,1.0,0.464928904382533,0.12,False
1212,IPR001849|IPR006020,0.7467050772524036,1.0,2.0,1.0,1.0,1.0,False
1213,IPR001849|IPR010439,0.9082977831884385,0.442454539948473,4.0,1.0,0.6543109925339897,0.15,False
1214,IPR001849|IPR010439|IPR010439,0.9082977831884385,0.442454539948473,4.0,1.0,0.6543109925339897,0.11,False
1215,IPR001849|IPR015042,0.98406206933883,0.06835476320218137,12.0,1.0,0.2517384614865795,0.04,True
1216,IPR001849|IPR015042|IPR000980,0.41628765621530717,1.0,6.0,1.0,1.0,1.0,False
1217,IPR001849|IPR027007,0.981545808458133,0.25329492274759635,2.0,1.0,0.464928904382533,0.15,False
1218,IPR001849|IPR040655,0.557545460051527,1.0,4.0,1.0,1.0,1.0,False
1219,IPR001849|IPR040655|IPR003116,0.6452335408357548,1.0,3.0,1.0,1.0,1.0,False
1220,IPR001849|IPR055108,0.9635945083411929,0.19082229243034007,6.0,1.0,0.464928904382533,0.07,False
1221,IPR001849|IPR057971,0.9959444841204863,0.03640549165880708,6.0,1.0,0.1776271722389577,0.01,True
1222,IPR001870,0.9999017239653476,0.0004127802401925981,35.0,1.0,0.010060544816392236,0.67,False
1223,IPR001870|IPR000699,0.981545808458133,0.25329492274759635,2.0,1.0,0.464928904382533,0.12,False
1224,IPR001870|IPR001496,0.9984845308177138,0.020230503769160375,5.0,1.0,0.11408695175018027,0.0,True
1225,IPR001870|IPR001870,0.9496481500857012,0.35476645916424515,3.0,1.0,0.5614328620219463,0.27,False
1226,IPR001870|IPR001870|IPR000699,0.981545808458133,0.25329492274759635,2.0,1.0,0.464928904382533,0.11,False
1227,IPR001870|IPR003032,0.981545808458133,0.25329492274759635,2.0,1.0,0.464928904382533,0.14,False
1228,IPR001870|IPR003032|IPR003032,0.981545808458133,0.25329492274759635,2.0,1.0,0.464928904382533,0.14,False
1229,IPR001875,0.98406206933883,0.06835476320218137,12.0,1.0,0.2517384614865795,0.26,False
1230,IPR001875|IPR001309,0.9915535842838115,0.05737479861577096,7.0,1.0,0.2140473533918329,0.0,True
1231,IPR001875|IPR001875,0.9959444841204863,0.03640549165880708,6.0,1.0,0.1776271722389577,0.01,True
1232,IPR001875|IPR001875|IPR001309,0.9959444841204863,0.03640549165880708,6.0,1.0,0.1776271722389577,0.0,True
1233,IPR001875|IPR049341,0.6452335408357548,1.0,3.0,1.0,1.0,1.0,False
1234,IPR001876,0.9999081576216945,0.0004544618190259569,27.0,1.0,0.01097291691078093,0.13,False
1235,IPR001876|IPR001841,0.8606499744935043,0.5182306685589673,5.0,1.0,0.7304140383099247,0.37,False
1236,IPR001878,0.999967624821147,0.00023648483387589837,18.0,1.0,0.006864703014813296,0.1,False
1237,IPR001878|IPR006568,0.9909985169829642,0.09170221681156158,4.0,1.0,0.28406795819264913,0.02,True
1238,IPR001879,0.998195126511336,0.01508795794371311,8.0,1.0,0.11408695175018027,0.42,False
1239,IPR001879|IPR017981,0.7467050772524036,1.0,2.0,1.0,1.0,1.0,False
1240,IPR001879|IPR032471,0.9999538812932512,0.001515469182286134,5.0,1.0,0.02627660827138408,0.04,True
1241,IPR001879|IPR032471|IPR057244,0.9999538812932512,0.001515469182286134,5.0,1.0,0.02627660827138408,0.02,True
1242,IPR001881,0.9635945083411929,0.19082229243034007,6.0,1.0,0.464928904382533,0.32,False
1243,IPR001881|IPR000742,0.7467050772524036,1.0,2.0,1.0,1.0,1.0,False
1244,IPR001881|IPR000742|IPR000742,0.7467050772524036,1.0,2.0,1.0,1.0,1.0,False
1245,IPR001895,0.837121886480019,0.3734105393475189,16.0,1.0,0.5900343292992752,0.84,False
1246,IPR001895|IPR000159,0.7467050772524036,1.0,2.0,1.0,1.0,1.0,False
1247,IPR001909,0.9999999999323701,3.0817745275109697e-10,89.0,1.0,7.96176449182459e-08,1.0,False
1248,IPR001909|IPR001909,0.9974946376443489,0.050351849914298724,3.0,1.0,0.19708381075902243,0.01,True
1249,IPR001909|IPR001909|IPR013087,1.0,0.018454191541866973,2.0,1.0,0.11408695175018027,0.0,True
1250,IPR001909|IPR013087,0.9999340881909317,0.0002231788618633998,55.0,1.0,0.006589515309989639,1.0,False
1251,IPR001909|IPR013087|IPR013087,0.9999340881909317,0.0002231788618633998,55.0,1.0,0.006589515309989639,1.0,False
1252,IPR001915,0.6452335408357548,1.0,3.0,1.0,1.0,1.0,False
1253,IPR001926,0.9496481500857012,0.35476645916424515,3.0,1.0,0.5614328620219463,0.2,False
1254,IPR001932,0.9635945083411929,0.19082229243034007,6.0,1.0,0.464928904382533,0.5,False
1255,IPR001932|IPR012911,0.981545808458133,0.25329492274759635,2.0,1.0,0.464928904382533,0.07,False
1256,IPR001936,0.9998945644530969,0.0006324666098591892,20.0,1.0,0.01465450660601987,0.02,True
1257,IPR001936|IPR000593,0.9496481500857012,0.35476645916424515,3.0,1.0,0.5614328620219463,0.18,False
1258,IPR001936|IPR001251,0.9996600111981438,0.009001483017035832,4.0,1.0,0.08677362453176146,0.0,True
1259,IPR001936|IPR001251|IPR054071,0.9996600111981438,0.009001483017035832,4.0,1.0,0.08677362453176146,0.0,True
1260,IPR001936|IPR021887,0.8606499744935043,0.5182306685589673,5.0,1.0,0.7304140383099247,0.36,False
1261,IPR001950,0.981545808458133,0.25329492274759635,2.0,1.0,0.464928904382533,0.16,False
1262,IPR001962,0.7467050772524036,1.0,2.0,1.0,1.0,1.0,False
1263,IPR001965,1.0,6.824160654797536e-18,142.0,1.0,3.917826455926541e-15,0.0,True
1264,IPR001965|IPR000313,0.9972307831476748,0.015937930661170028,12.0,1.0,0.11408695175018027,0.0,True
1265,IPR001965|IPR000313|IPR006560,0.9972307831476748,0.015937930661170028,12.0,1.0,0.11408695175018027,0.0,True
1266,IPR001965|IPR000953,0.9999538812932512,0.001515469182286134,5.0,1.0,0.02627660827138408,0.0,True
1267,IPR001965|IPR000953|IPR000953,0.9999538812932512,0.001515469182286134,5.0,1.0,0.02627660827138408,0.0,True
1268,IPR001965|IPR001025,0.9974946376443489,0.050351849914298724,3.0,1.0,0.19708381075902243,0.0,True
1269,IPR001965|IPR001487,0.9999836118343148,0.0001344300063644432,17.0,1.0,0.0043910356660877715,0.02,True
1270,IPR001965|IPR001487|IPR000313,0.9999613122336617,0.0007623410020074928,7.0,1.0,0.016143508022019325,0.0,True
1271,IPR001965|IPR001810,0.9172530969809943,0.2980194189352218,8.0,1.0,0.5376628273876715,0.1,False
1272,IPR001965|IPR001841,0.9959444841204863,0.03640549165880708,6.0,1.0,0.1776271722389577,0.02,True
1273,IPR001965|IPR001841|IPR001841,0.9909985169829642,0.09170221681156158,4.0,1.0,0.28406795819264913,0.01,True
1274,IPR001965|IPR001841|IPR001965,0.9496481500857012,0.35476645916424515,3.0,1.0,0.5614328620219463,0.13,False
1275,IPR001965|IPR001965,0.999999999012484,5.76917264894865e-09,54.0,1.0,9.936438359039224e-07,0.0,True
1276,IPR001965|IPR001965|IPR000313,0.9991969710878346,0.006411304591168485,10.0,1.0,0.07546061690789878,0.0,True
1277,IPR001965|IPR001965|IPR000953,0.9999538812932512,0.001515469182286134,5.0,1.0,0.02627660827138408,0.0,True
1278,IPR001965|IPR001965|IPR001487,0.7467050772524036,1.0,2.0,1.0,1.0,1.0,False
1279,IPR001965|IPR001965|IPR001965,0.9999997708759081,3.2842744778623915e-06,15.0,1.0,0.0002610745573402304,0.0,True
1280,IPR001965|IPR001965|IPR002717,0.9082977831884385,0.442454539948473,4.0,1.0,0.6543109925339897,0.19,False
1281,IPR001965|IPR001965|IPR002999,0.9849120420562869,0.0827469030190057,8.0,1.0,0.28406795819264913,0.05,True
1282,IPR001965|IPR001965|IPR009071,0.7467050772524036,1.0,2.0,1.0,1.0,1.0,False
1283,IPR001965|IPR002717,0.9082977831884385,0.442454539948473,4.0,1.0,0.6543109925339897,0.24,False
1284,IPR001965|IPR002999,0.9849120420562869,0.0827469030190057,8.0,1.0,0.28406795819264913,0.05,True
1285,IPR001965|IPR002999|IPR002999,0.9915535842838115,0.05737479861577096,7.0,1.0,0.2140473533918329,0.05,True
1286,IPR001965|IPR003347,0.8606499744935043,0.5182306685589673,5.0,1.0,0.7304140383099247,0.47,False
1287,IPR001965|IPR003347|IPR048615,0.557545460051527,1.0,4.0,1.0,1.0,1.0,False
1288,IPR001965|IPR009071,0.7467050772524036,1.0,2.0,1.0,1.0,1.0,False
1289,IPR001965|IPR028941,0.9082977831884385,0.442454539948473,4.0,1.0,0.6543109925339897,0.23,False
1290,IPR001965|IPR031966,0.7467050772524036,1.0,2.0,1.0,1.0,1.0,False
1291,IPR001965|IPR041306,0.9935886954088315,0.03618011510147109,10.0,1.0,0.1776271722389577,0.02,True
1292,IPR001975,0.981545808458133,0.25329492274759635,2.0,1.0,0.464928904382533,0.06,False
1293,IPR002004,0.9635945083411929,0.19082229243034007,6.0,1.0,0.464928904382533,0.2,False
1294,IPR002004|IPR000569,0.6452335408357548,1.0,3.0,1.0,1.0,1.0,False
1295,IPR002014,0.9984845308177138,0.020230503769160375,5.0,1.0,0.11408695175018027,0.07,False
1296,IPR002014|IPR004152,0.7467050772524036,1.0,2.0,1.0,1.0,1.0,False
1297,IPR002018,0.7557987100438324,0.6402975194227803,7.0,1.0,0.8667585231484166,0.64,False
1298,IPR002035,0.9999835898595213,5.8093212422931236e-05,59.0,1.0,0.0022913559434296618,0.55,False
1299,IPR002035|IPR000742,0.8091777075696599,0.5837123437846928,6.0,1.0,0.8021387447700818,0.7,False
1300,IPR002035|IPR000742|IPR000742,0.8606499744935043,0.5182306685589673,5.0,1.0,0.7304140383099247,0.44,False
1301,IPR002035|IPR002035,0.9974946376443489,0.050351849914298724,3.0,1.0,0.19708381075902243,0.23,False
1302,IPR002035|IPR002035|IPR002035,0.9974946376443489,0.050351849914298724,3.0,1.0,0.19708381075902243,0.09,False
1303,IPR002035|IPR003961,0.9082977831884385,0.442454539948473,4.0,1.0,0.6543109925339897,0.56,False
1304,IPR002035|IPR003961|IPR003961,0.6452335408357548,1.0,3.0,1.0,1.0,1.0,False
1305,IPR002035|IPR006164,0.7467050772524036,1.0,2.0,1.0,1.0,1.0,False
1306,IPR002035|IPR013680,0.8606499744935043,0.5182306685589673,5.0,1.0,0.7304140383099247,0.28,False
1307,IPR002035|IPR019466,0.8606499744935043,0.5182306685589673,5.0,1.0,0.7304140383099247,0.31,False
1308,IPR002035|IPR048287,0.9635945083411929,0.19082229243034007,6.0,1.0,0.464928904382533,0.17,False
1309,IPR002048,0.9999999788466161,5.440929564784211e-08,205.0,1.0,6.693638824104766e-06,0.92,False
1310,IPR002048|IPR000909,0.7467050772524036,1.0,2.0,1.0,1.0,1.0,False
1311,IPR002048|IPR001849,0.981545808458133,0.25329492274759635,2.0,1.0,0.464928904382533,0.06,False
1312,IPR002048|IPR002048,0.9327856342490101,0.1346390520904861,44.0,1.0,0.39238233340166945,0.97,False
1313,IPR002048|IPR002048|IPR002048,0.7557987100438324,0.6402975194227803,7.0,1.0,0.8667585231484166,0.73,False
1314,IPR002048|IPR002219,0.6488276211060958,0.7314471424243904,9.0,1.0,0.9806402140391347,0.79,False
1315,IPR002048|IPR002219|IPR002219,0.48176933144103273,1.0,5.0,1.0,1.0,1.0,False
1316,IPR002048|IPR003108,0.9984845308177138,0.020230503769160375,5.0,1.0,0.11408695175018027,0.01,True
1317,IPR002048|IPR003598,1.0,0.018454191541866973,2.0,1.0,0.11408695175018027,0.01,True
1318,IPR002048|IPR003598|IPR003598,1.0,0.018454191541866973,2.0,1.0,0.11408695175018027,0.01,True
1319,IPR002048|IPR006615,0.8091777075696599,0.5837123437846928,6.0,1.0,0.8021387447700818,0.21,False
1320,IPR002048|IPR006615|IPR028135,0.8091777075696599,0.5837123437846928,6.0,1.0,0.8021387447700818,0.17,False
1321,IPR002048|IPR013566,0.7467050772524036,1.0,2.0,1.0,1.0,1.0,False
1322,IPR002048|IPR013566|IPR020860,0.7467050772524036,1.0,2.0,1.0,1.0,1.0,False
1323,IPR002048|IPR014837,0.9952700799613231,0.020313527309883075,17.0,1.0,0.11408695175018027,0.04,True
1324,IPR002048|IPR014873,0.981545808458133,0.25329492274759635,2.0,1.0,0.464928904382533,0.08,False
1325,IPR002049,0.9999898516129027,4.530875291039909e-05,41.0,1.0,0.00186168248258243,0.15,False
1326,IPR002049|IPR000034,0.9999280627328188,0.0005331657920494007,16.0,1.0,0.01263700755742777,0.0,True
1327,IPR002049|IPR000034|IPR002049,0.9999219995485304,0.0006851072101331726,13.0,1.0,0.015324454349602177,0.0,True
1328,IPR002049|IPR000742,0.9999736189907719,0.00014093840511355553,28.0,1.0,0.004495239130998404,0.08,False
1329,IPR002049|IPR000742|IPR000742,0.9999787939031046,0.00012861239262903408,24.0,1.0,0.0043910356660877715,0.03,True
1330,IPR002049|IPR000742|IPR002049,0.8880159409201664,0.3511723788939042,9.0,1.0,0.5614328620219463,0.31,False
1331,IPR002049|IPR001134,0.6452335408357548,1.0,3.0,1.0,1.0,1.0,False
1332,IPR002049|IPR002049,0.9915600404332929,0.02864620231864738,23.0,1.0,0.1543429899691877,0.31,False
1333,IPR002049|IPR002049|IPR000034,0.6452335408357548,1.0,3.0,1.0,1.0,1.0,False
1334,IPR002049|IPR002049|IPR000742,0.9952700799613231,0.020313527309883075,17.0,1.0,0.11408695175018027,0.07,False
1335,IPR002049|IPR002049|IPR001134,0.7467050772524036,1.0,2.0,1.0,1.0,1.0,False
1336,IPR002049|IPR002049|IPR002049,0.9638198848985289,0.14447146364198882,10.0,1.0,0.4000450442862573,0.39,False
1337,IPR002049|IPR009254,0.6452335408357548,1.0,3.0,1.0,1.0,1.0,False
1338,IPR002049|IPR009254|IPR010307,0.6452335408357548,1.0,3.0,1.0,1.0,1.0,False
1339,IPR002049|IPR056732,0.981545808458133,0.25329492274759635,2.0,1.0,0.464928904382533,0.07,False
1340,IPR002058,1.0,0.0025053623556511003,3.0,1.0,0.03667197533045109,0.03,True
1341,IPR002059,0.9909985169829642,0.09170221681156158,4.0,1.0,0.28406795819264913,0.23,False
1342,IPR002059|IPR002059,1.0,0.018454191541866973,2.0,1.0,0.11408695175018027,0.01,True
1343,IPR002059|IPR002059|IPR002059,1.0,0.018454191541866973,2.0,1.0,0.11408695175018027,0.01,True
1344,IPR002059|IPR002059|IPR024642,1.0,0.018454191541866973,2.0,1.0,0.11408695175018027,0.0,True
1345,IPR002059|IPR024642,1.0,0.018454191541866973,2.0,1.0,0.11408695175018027,0.0,True
1346,IPR002068,0.6452335408357548,1.0,3.0,1.0,1.0,1.0,False
1347,IPR002072,0.7467050772524036,1.0,2.0,1.0,1.0,1.0,False
1348,IPR002073,0.9554357336321196,0.12485036334443975,20.0,1.0,0.37593346585123555,0.33,False
1349,IPR002075,0.35970248057721965,1.0,7.0,1.0,1.0,1.0,False
1350,IPR002083,0.9680664190092035,0.11111169084510009,14.0,1.0,0.3381774595356515,0.29,False
1351,IPR002083|IPR000210,0.48176933144103273,1.0,5.0,1.0,1.0,1.0,False
1352,IPR002083|IPR000210|IPR034089,0.48176933144103273,1.0,5.0,1.0,1.0,1.0,False
1353,IPR002083|IPR000742,0.7467050772524036,1.0,2.0,1.0,1.0,1.0,False
1354,IPR002087,0.9082977831884385,0.442454539948473,4.0,1.0,0.6543109925339897,0.57,False
1355,IPR002100,0.996392833248333,0.024272590897350052,9.0,1.0,0.13187852488602284,0.09,False
1356,IPR002100|IPR022102,0.9082977831884385,0.442454539948473,4.0,1.0,0.6543109925339897,0.43,False
1357,IPR002108,0.7467050772524036,1.0,2.0,1.0,1.0,1.0,False
1358,IPR002109,0.7557987100438324,0.6402975194227803,7.0,1.0,0.8667585231484166,0.73,False
1359,IPR002109|IPR023753,0.7467050772524036,1.0,2.0,1.0,1.0,1.0,False
1360,IPR002109|IPR023753|IPR004099,0.7467050772524036,1.0,2.0,1.0,1.0,1.0,False
1361,IPR002121,0.9797694962308396,0.13935002550649572,5.0,1.0,0.39238233340166945,0.11,False
1362,IPR002123,0.9954444034543672,0.023051889483380827,13.0,1.0,0.12698199675973212,0.27,False
1363,IPR002123|IPR032098,0.9996600111981438,0.009001483017035832,4.0,1.0,0.08677362453176146,0.01,True
1364,IPR002126,0.9999999986585864,5.57539030866004e-09,89.0,1.0,9.933807491326354e-07,0.76,False
1365,IPR002126|IPR000233,0.987566265365263,0.03386054755773539,34.0,1.0,0.1776271722389577,0.25,False
1366,IPR002126|IPR000742,0.9997545541663276,0.004055515879513668,6.0,1.0,0.05084252807529078,0.07,False
1367,IPR002126|IPR000742|IPR000742,0.9974946376443489,0.050351849914298724,3.0,1.0,0.19708381075902243,0.07,False
1368,IPR002126|IPR002126,0.9999999971623542,1.2352047692868455e-08,79.0,1.0,1.8771479537956267e-06,0.69,False
1369,IPR002126|IPR002126|IPR000233,0.987566265365263,0.03386054755773539,34.0,1.0,0.1776271722389577,0.21,False
1370,IPR002126|IPR002126|IPR000742,0.9997545541663276,0.004055515879513668,6.0,1.0,0.05084252807529078,0.08,False
1371,IPR002126|IPR002126|IPR002126,0.9999999991732781,3.980949650308458e-09,72.0,1.0,7.346273872551358e-07,0.57,False
1372,IPR002126|IPR002126|IPR045588,0.6452335408357548,1.0,3.0,1.0,1.0,1.0,False
1373,IPR002126|IPR002126|IPR056989,0.9909985169829642,0.09170221681156158,4.0,1.0,0.28406795819264913,0.04,True
1374,IPR002126|IPR040667,0.7467050772524036,1.0,2.0,1.0,1.0,1.0,False
1375,IPR002126|IPR040667|IPR041317,0.7467050772524036,1.0,2.0,1.0,1.0,1.0,False
1376,IPR002126|IPR045588,0.557545460051527,1.0,4.0,1.0,1.0,1.0,False
1377,IPR002126|IPR056989,0.9909985169829642,0.09170221681156158,4.0,1.0,0.28406795819264913,0.05,True
1378,IPR002130,0.9909985169829642,0.09170221681156158,4.0,1.0,0.28406795819264913,0.71,False
1379,IPR002138,0.9496481500857012,0.35476645916424515,3.0,1.0,0.5614328620219463,0.57,False
1380,IPR002154,0.7019805810647781,0.689194390921003,8.0,1.0,0.9276028699892739,0.33,False
1381,IPR002181,0.9300542675378726,0.19147269230701303,17.0,1.0,0.464928904382533,0.72,False
1382,IPR002182,0.7467050772524036,1.0,2.0,1.0,1.0,1.0,False
1383,IPR002190,0.6452335408357548,1.0,3.0,1.0,1.0,1.0,False
1384,IPR002205,1.0,0.018454191541866973,2.0,1.0,0.11408695175018027,0.0,True
1385,IPR002219,0.9999999926508885,2.8022242414366813e-08,94.0,1.0,3.81028754092193e-06,0.11,False
1386,IPR002219|IPR000008,0.9996369611217383,0.0036071667516669446,9.0,1.0,0.04904797527858711,0.03,True
1387,IPR002219|IPR000008|IPR000719,0.9997545541663276,0.004055515879513668,6.0,1.0,0.05084252807529078,0.0,True
1388,IPR002219|IPR000008|IPR010439,0.7467050772524036,1.0,2.0,1.0,1.0,1.0,False
1389,IPR002219|IPR000198,0.9996417964291472,0.0027692168523252613,12.0,1.0,0.039856667063968315,0.0,True
1390,IPR002219|IPR000219,0.9935886954088315,0.03618011510147109,10.0,1.0,0.1776271722389577,0.01,True
1391,IPR002219|IPR000219|IPR001849,0.9935886954088315,0.03618011510147109,10.0,1.0,0.1776271722389577,0.01,True
1392,IPR002219|IPR000719,0.7449171701948984,0.5440941846829775,13.0,1.0,0.7643650495532748,0.43,False
1393,IPR002219|IPR000719|IPR000961,0.9082977831884385,0.442454539948473,4.0,1.0,0.6543109925339897,0.24,False
1394,IPR002219|IPR001206,0.6488276211060958,0.7314471424243904,9.0,1.0,0.9806402140391347,0.82,False
1395,IPR002219|IPR001206|IPR000756,0.310805609078997,1.0,8.0,1.0,1.0,1.0,False
1396,IPR002219|IPR001452,0.9992376589979926,0.008446415716188569,7.0,1.0,0.08677362453176146,0.01,True
1397,IPR002219|IPR001452|IPR000980,0.9984845308177138,0.020230503769160375,5.0,1.0,0.11408695175018027,0.0,True
1398,IPR002219|IPR001452|IPR001452,0.981545808458133,0.25329492274759635,2.0,1.0,0.464928904382533,0.05,True
1399,IPR002219|IPR001849,0.8606499744935043,0.5182306685589673,5.0,1.0,0.7304140383099247,0.66,False
1400,IPR002219|IPR001849|IPR001180,0.9082977831884385,0.442454539948473,4.0,1.0,0.6543109925339897,0.36,False
1401,IPR002219|IPR002219,0.7833618139013364,0.4996308993171507,12.0,1.0,0.7304140383099247,0.89,False
1402,IPR002219|IPR002219|IPR001206,0.310805609078997,1.0,8.0,1.0,1.0,1.0,False
1403,IPR002223,0.9998945644530969,0.0006324666098591892,20.0,1.0,0.01465450660601987,0.09,False
1404,IPR002223|IPR002223,0.9935886954088315,0.03618011510147109,10.0,1.0,0.1776271722389577,0.14,False
1405,IPR002223|IPR002223|IPR002223,0.7467050772524036,1.0,2.0,1.0,1.0,1.0,False
1406,IPR002223|IPR024329,0.9797694962308396,0.13935002550649572,5.0,1.0,0.39238233340166945,0.05,True
1407,IPR002223|IPR024329|IPR013803,0.9496481500857012,0.35476645916424515,3.0,1.0,0.5614328620219463,0.07,False
1408,IPR002225,0.9496481500857012,0.35476645916424515,3.0,1.0,0.5614328620219463,0.3,False
1409,IPR002227,0.557545460051527,1.0,4.0,1.0,1.0,1.0,False
1410,IPR002300,0.557545460051527,1.0,4.0,1.0,1.0,1.0,False
1411,IPR002300|IPR013155,0.557545460051527,1.0,4.0,1.0,1.0,1.0,False
1412,IPR002314,0.8606499744935043,0.5182306685589673,5.0,1.0,0.7304140383099247,0.63,False
1413,IPR002314|IPR004154,0.9496481500857012,0.35476645916424515,3.0,1.0,0.5614328620219463,0.4,False
1414,IPR002319,0.8606499744935043,0.5182306685589673,5.0,1.0,0.7304140383099247,0.3,False
1415,IPR002319|IPR002319,0.9082977831884385,0.442454539948473,4.0,1.0,0.6543109925339897,0.18,False
1416,IPR002350,0.9999898516129027,4.530875291039909e-05,41.0,1.0,0.00186168248258243,0.26,False
1417,IPR002350|IPR000742,0.7467050772524036,1.0,2.0,1.0,1.0,1.0,False
1418,IPR002350|IPR002048,0.981545808458133,0.25329492274759635,2.0,1.0,0.464928904382533,0.11,False
1419,IPR002350|IPR002350,0.981545808458133,0.25329492274759635,2.0,1.0,0.464928904382533,0.27,False
1420,IPR002350|IPR002350|IPR002350,0.981545808458133,0.25329492274759635,2.0,1.0,0.464928904382533,0.16,False
1421,IPR002350|IPR019577,0.9909985169829642,0.09170221681156158,4.0,1.0,0.28406795819264913,0.1,False
1422,IPR002350|IPR019577|IPR002048,0.9496481500857012,0.35476645916424515,3.0,1.0,0.5614328620219463,0.13,False
1423,IPR002369,0.8606499744935043,0.5182306685589673,5.0,1.0,0.7304140383099247,0.57,False
1424,IPR002369|IPR040622,0.8606499744935043,0.5182306685589673,5.0,1.0,0.7304140383099247,0.42,False
1425,IPR002369|IPR040622|IPR000742,0.7467050772524036,1.0,2.0,1.0,1.0,1.0,False
1426,IPR002369|IPR040622|IPR057073,0.981545808458133,0.25329492274759635,2.0,1.0,0.464928904382533,0.06,False
1427,IPR002376,0.8606499744935043,0.5182306685589673,5.0,1.0,0.7304140383099247,0.42,False
1428,IPR002376|IPR005793,0.7467050772524036,1.0,2.0,1.0,1.0,1.0,False
1429,IPR002376|IPR005793|IPR009081,0.7467050772524036,1.0,2.0,1.0,1.0,1.0,False
1430,IPR002379,0.9082977831884385,0.442454539948473,4.0,1.0,0.6543109925339897,0.46,False
1431,IPR002404,0.7557987100438324,0.6402975194227803,7.0,1.0,0.8667585231484166,0.84,False
1432,IPR002420,0.9849120420562869,0.0827469030190057,8.0,1.0,0.28406795819264913,0.24,False
1433,IPR002420|IPR001263,0.942625201384229,0.2442012899561677,7.0,1.0,0.464928904382533,0.3,False
1434,IPR002420|IPR001263|IPR000403,0.8091777075696599,0.5837123437846928,6.0,1.0,0.8021387447700818,0.48,False
1435,IPR002466,0.9797694962308396,0.13935002550649572,5.0,1.0,0.39238233340166945,0.07,False
1436,IPR002469,0.981545808458133,0.25329492274759635,2.0,1.0,0.464928904382533,0.18,False
1437,IPR002469|IPR001375,0.981545808458133,0.25329492274759635,2.0,1.0,0.464928904382533,0.06,False
1438,IPR002474,0.9496481500857012,0.35476645916424515,3.0,1.0,0.5614328620219463,0.14,False
1439,IPR002474|IPR017926,0.981545808458133,0.25329492274759635,2.0,1.0,0.464928904382533,0.05,True
1440,IPR002474|IPR017926|IPR005483,0.981545808458133,0.25329492274759635,2.0,1.0,0.464928904382533,0.05,True
1441,IPR002477,0.942625201384229,0.2442012899561677,7.0,1.0,0.464928904382533,0.65,False
1442,IPR002477|IPR001818,0.48176933144103273,1.0,5.0,1.0,1.0,1.0,False
1443,IPR002477|IPR001818|IPR000585,0.48176933144103273,1.0,5.0,1.0,1.0,1.0,False
1444,IPR002498,0.41628765621530717,1.0,6.0,1.0,1.0,1.0,False
1445,IPR002501,0.981545808458133,0.25329492274759635,2.0,1.0,0.464928904382533,0.1,False
1446,IPR002502,0.981545808458133,0.25329492274759635,2.0,1.0,0.464928904382533,0.19,False
1447,IPR002539,0.981545808458133,0.25329492274759635,2.0,1.0,0.464928904382533,0.08,False
1448,IPR002539|IPR003033,0.981545808458133,0.25329492274759635,2.0,1.0,0.464928904382533,0.04,True
1449,IPR002547,0.6452335408357548,1.0,3.0,1.0,1.0,1.0,False
1450,IPR002550,0.981545808458133,0.25329492274759635,2.0,1.0,0.464928904382533,0.17,False
1451,IPR002553,0.9996369611217383,0.0036071667516669446,9.0,1.0,0.04904797527858711,0.05,True
1452,IPR002553|IPR008152,0.981545808458133,0.25329492274759635,2.0,1.0,0.464928904382533,0.05,True
1453,IPR002553|IPR010474,0.981545808458133,0.25329492274759635,2.0,1.0,0.464928904382533,0.0,True
1454,IPR002553|IPR010474|IPR058898,0.981545808458133,0.25329492274759635,2.0,1.0,0.464928904382533,0.01,True
1455,IPR002558,0.6488276211060958,0.7314471424243904,9.0,1.0,0.9806402140391347,0.71,False
1456,IPR002562,0.9996600111981438,0.009001483017035832,4.0,1.0,0.08677362453176146,0.0,True
1457,IPR002562|IPR002782,0.981545808458133,0.25329492274759635,2.0,1.0,0.464928904382533,0.01,True
1458,IPR002569,0.981545808458133,0.25329492274759635,2.0,1.0,0.464928904382533,0.02,True
1459,IPR002579,0.7467050772524036,1.0,2.0,1.0,1.0,1.0,False
1460,IPR002589,0.8606499744935043,0.5182306685589673,5.0,1.0,0.7304140383099247,0.63,False
1461,IPR002625,0.7467050772524036,1.0,2.0,1.0,1.0,1.0,False
1462,IPR002641,0.8606499744935043,0.5182306685589673,5.0,1.0,0.7304140383099247,0.67,False
1463,IPR002645,0.9638198848985289,0.14447146364198882,10.0,1.0,0.4000450442862573,0.38,False
1464,IPR002652,0.942625201384229,0.2442012899561677,7.0,1.0,0.464928904382533,0.46,False
1465,IPR002652|IPR047857,0.6452335408357548,1.0,3.0,1.0,1.0,1.0,False
1466,IPR002653,0.9909985169829642,0.09170221681156158,4.0,1.0,0.28406795819264913,0.27,False
1467,IPR002655,0.6452335408357548,1.0,3.0,1.0,1.0,1.0,False
1468,IPR002668,0.7467050772524036,1.0,2.0,1.0,1.0,1.0,False
1469,IPR002668|IPR011642,0.7467050772524036,1.0,2.0,1.0,1.0,1.0,False
1470,IPR002668|IPR011642|IPR011657,0.7467050772524036,1.0,2.0,1.0,1.0,1.0,False
1471,IPR002710,0.942625201384229,0.2442012899561677,7.0,1.0,0.464928904382533,0.26,False
1472,IPR002713,0.8091777075696599,0.5837123437846928,6.0,1.0,0.8021387447700818,0.65,False
1473,IPR002713|IPR002713,0.8091777075696599,0.5837123437846928,6.0,1.0,0.8021387447700818,0.67,False
1474,IPR002713|IPR002713|IPR002713,0.8091777075696599,0.5837123437846928,6.0,1.0,0.8021387447700818,0.6,False
1475,IPR002713|IPR002713|IPR039007,0.557545460051527,1.0,4.0,1.0,1.0,1.0,False
1476,IPR002713|IPR039007,0.557545460051527,1.0,4.0,1.0,1.0,1.0,False
1477,IPR002713|IPR039007|IPR039006,0.557545460051527,1.0,4.0,1.0,1.0,1.0,False
1478,IPR002715,0.7467050772524036,1.0,2.0,1.0,1.0,1.0,False
1479,IPR002716,0.942625201384229,0.2442012899561677,7.0,1.0,0.464928904382533,0.33,False
1480,IPR002717,0.8606499744935043,0.5182306685589673,5.0,1.0,0.7304140383099247,0.42,False
1481,IPR002719,0.97572740910265,0.1119840590798335,9.0,1.0,0.3381774595356515,0.08,False
1482,IPR002719|IPR015030,0.9172530969809943,0.2980194189352218,8.0,1.0,0.5376628273876715,0.12,False
1483,IPR002720,0.9638198848985289,0.14447146364198882,10.0,1.0,0.4000450442862573,0.12,False
1484,IPR002720|IPR002719,0.9849120420562869,0.0827469030190057,8.0,1.0,0.28406795819264913,0.03,True
1485,IPR002720|IPR002719|IPR015030,0.942625201384229,0.2442012899561677,7.0,1.0,0.464928904382533,0.07,False
1486,IPR002735,0.9082977831884385,0.442454539948473,4.0,1.0,0.6543109925339897,0.22,False
1487,IPR002782,0.981545808458133,0.25329492274759635,2.0,1.0,0.464928904382533,0.04,True
1488,IPR002792,0.9638198848985289,0.14447146364198882,10.0,1.0,0.4000450442862573,0.07,False
1489,IPR002857,0.9990258045377314,0.004495318895132064,21.0,1.0,0.055567733806572664,0.07,False
1490,IPR002857|IPR001025,0.981545808458133,0.25329492274759635,2.0,1.0,0.464928904382533,0.02,True
1491,IPR002857|IPR001025|IPR001025,0.981545808458133,0.25329492274759635,2.0,1.0,0.464928904382533,0.02,True
1492,IPR002857|IPR001965,0.8555285363580112,0.40284760770688294,10.0,1.0,0.6334490532627706,0.41,False
1493,IPR002857|IPR001965|IPR001810,0.9172530969809943,0.2980194189352218,8.0,1.0,0.5376628273876715,0.09,False
1494,IPR002861,0.9635945083411929,0.19082229243034007,6.0,1.0,0.464928904382533,0.15,False
1495,IPR002861|IPR000742,0.9082977831884385,0.442454539948473,4.0,1.0,0.6543109925339897,0.2,False
1496,IPR002861|IPR000742|IPR000742,0.9496481500857012,0.35476645916424515,3.0,1.0,0.5614328620219463,0.14,False
1497,IPR002867,0.998602579060636,0.005490553242400164,26.0,1.0,0.06628431916701319,0.18,False
1498,IPR002867|IPR001841,0.7019805810647781,0.689194390921003,8.0,1.0,0.9276028699892739,0.61,False
1499,IPR002867|IPR001841|IPR045840,0.7557987100438324,0.6402975194227803,7.0,1.0,0.8667585231484166,0.29,False
1500,IPR002867|IPR002867,0.9972307831476748,0.015937930661170028,12.0,1.0,0.11408695175018027,0.1,False
1501,IPR002867|IPR041031,0.7467050772524036,1.0,2.0,1.0,1.0,1.0,False
1502,IPR002870,0.9999999958250503,6.32941062130175e-08,19.0,1.0,7.6055964372711956e-06,0.03,True
1503,IPR002870|IPR001590,0.9999995937700643,6.619526176266705e-06,13.0,1.0,0.0003977103692182566,0.04,True
1504,IPR002870|IPR001590|IPR001762,0.9997545541663276,0.004055515879513668,6.0,1.0,0.05084252807529078,0.09,False
1505,IPR002870|IPR001590|IPR006586,0.9996600111981438,0.009001483017035832,4.0,1.0,0.08677362453176146,0.01,True
1506,IPR002872,0.6452335408357548,1.0,3.0,1.0,1.0,1.0,False
1507,IPR002889,0.9797694962308396,0.13935002550649572,5.0,1.0,0.39238233340166945,0.27,False
1508,IPR002889|IPR000859,0.9974946376443489,0.050351849914298724,3.0,1.0,0.19708381075902243,0.01,True
1509,IPR002890,0.97572740910265,0.1119840590798335,9.0,1.0,0.3381774595356515,0.36,False
1510,IPR002890|IPR041555,0.97572740910265,0.1119840590798335,9.0,1.0,0.3381774595356515,0.34,False
1511,IPR002890|IPR041555|IPR040839,0.97572740910265,0.1119840590798335,9.0,1.0,0.3381774595356515,0.27,False
1512,IPR002893,0.9999998417560714,1.675873193863637e-06,20.0,1.0,0.00014195470151956414,0.0,True
1513,IPR002909,0.964780528951835,0.0888663171026286,29.0,1.0,0.28406795819264913,0.72,False
1514,IPR002909|IPR000719,0.557545460051527,1.0,4.0,1.0,1.0,1.0,False
1515,IPR002909|IPR002909,0.9729514883981933,0.08644466356225088,18.0,1.0,0.28406795819264913,0.4,False
1516,IPR002909|IPR002909|IPR000719,0.557545460051527,1.0,4.0,1.0,1.0,1.0,False
1517,IPR002909|IPR002909|IPR002909,0.9729514883981933,0.08644466356225088,18.0,1.0,0.28406795819264913,0.42,False
1518,IPR002909|IPR002909|IPR013548,0.9992376589979926,0.008446415716188569,7.0,1.0,0.08677362453176146,0.02,True
1519,IPR002909|IPR013548,0.9992376589979926,0.008446415716188569,7.0,1.0,0.08677362453176146,0.02,True
1520,IPR002913,0.9135553364377491,0.22148070051980215,18.0,1.0,0.464928904382533,0.39,False
1521,IPR002919,0.9984845308177138,0.020230503769160375,5.0,1.0,0.11408695175018027,0.2,False
1522,IPR002919|IPR001007,0.9996600111981438,0.009001483017035832,4.0,1.0,0.08677362453176146,0.1,False
1523,IPR002919|IPR001007|IPR001846,0.9996600111981438,0.009001483017035832,4.0,1.0,0.08677362453176146,0.05,True
1524,IPR002928,0.999342670089619,0.002671421032899055,28.0,1.0,0.038992182138388176,0.03,True
1525,IPR002931,0.9635945083411929,0.19082229243034007,6.0,1.0,0.464928904382533,0.44,False
1526,IPR002931|IPR008958,0.9635945083411929,0.19082229243034007,6.0,1.0,0.464928904382533,0.32,False
1527,IPR002931|IPR008958|IPR008958,0.8606499744935043,0.5182306685589673,5.0,1.0,0.7304140383099247,0.49,False
1528,IPR002934,0.9974946376443489,0.050351849914298724,3.0,1.0,0.19708381075902243,0.03,True
1529,IPR002934|IPR018952,0.9974946376443489,0.050351849914298724,3.0,1.0,0.19708381075902243,0.01,True
1530,IPR002937,0.9909985169829642,0.09170221681156158,4.0,1.0,0.28406795819264913,0.18,False
1531,IPR002938,0.8606499744935043,0.5182306685589673,5.0,1.0,0.7304140383099247,0.52,False
1532,IPR002938|IPR057494,0.9496481500857012,0.35476645916424515,3.0,1.0,0.5614328620219463,0.33,False
1533,IPR002938|IPR057494|IPR001715,0.9496481500857012,0.35476645916424515,3.0,1.0,0.5614328620219463,0.26,False
1534,IPR002999,0.9999568797839897,0.00016648813936278974,45.0,1.0,0.005140491141512736,0.16,False
1535,IPR002999|IPR002999,0.9993148927898668,0.004555596545632768,13.0,1.0,0.055779069552806905,0.1,False
1536,IPR002999|IPR002999|IPR022255,1.0,0.0025053623556511003,3.0,1.0,0.03667197533045109,0.0,True
1537,IPR002999|IPR011545,0.9496481500857012,0.35476645916424515,3.0,1.0,0.5614328620219463,0.1,False
1538,IPR002999|IPR011545|IPR002999,0.9496481500857012,0.35476645916424515,3.0,1.0,0.5614328620219463,0.06,False
1539,IPR002999|IPR016071,0.7557987100438324,0.6402975194227803,7.0,1.0,0.8667585231484166,0.21,False
1540,IPR002999|IPR022255,0.9984845308177138,0.020230503769160375,5.0,1.0,0.11408695175018027,0.0,True
1541,IPR002999|IPR022255|IPR013087,0.9984845308177138,0.020230503769160375,5.0,1.0,0.11408695175018027,0.0,True
1542,IPR003008,0.8606499744935043,0.5182306685589673,5.0,1.0,0.7304140383099247,0.77,False
1543,IPR003008|IPR018316,0.6452335408357548,1.0,3.0,1.0,1.0,1.0,False
1544,IPR003010,0.9849120420562869,0.0827469030190057,8.0,1.0,0.28406795819264913,0.13,False
1545,IPR003018,0.8606499744935043,0.5182306685589673,5.0,1.0,0.7304140383099247,0.65,False
1546,IPR003018|IPR002073,0.8606499744935043,0.5182306685589673,5.0,1.0,0.7304140383099247,0.29,False
1547,IPR003018|IPR003018,0.6452335408357548,1.0,3.0,1.0,1.0,1.0,False
1548,IPR003018|IPR003018|IPR002073,0.6452335408357548,1.0,3.0,1.0,1.0,1.0,False
1549,IPR003029,0.98406206933883,0.06835476320218137,12.0,1.0,0.2517384614865795,0.22,False
1550,IPR003029|IPR003029,0.981545808458133,0.25329492274759635,2.0,1.0,0.464928904382533,0.06,False
1551,IPR003032,0.9496481500857012,0.35476645916424515,3.0,1.0,0.5614328620219463,0.34,False
1552,IPR003032|IPR001870,0.9496481500857012,0.35476645916424515,3.0,1.0,0.5614328620219463,0.22,False
1553,IPR003032|IPR001870|IPR001870,0.9496481500857012,0.35476645916424515,3.0,1.0,0.5614328620219463,0.25,False
1554,IPR003032|IPR003032,0.9496481500857012,0.35476645916424515,3.0,1.0,0.5614328620219463,0.32,False
1555,IPR003032|IPR003032|IPR001870,0.9496481500857012,0.35476645916424515,3.0,1.0,0.5614328620219463,0.23,False
1556,IPR003033,0.9082977831884385,0.442454539948473,4.0,1.0,0.6543109925339897,0.54,False
1557,IPR003034,0.9999999982335287,1.4367711673798262e-08,35.0,1.0,2.0621657282921007e-06,0.0,True
1558,IPR003034|IPR001870,0.9974946376443489,0.050351849914298724,3.0,1.0,0.19708381075902243,0.03,True
1559,IPR003034|IPR023321,0.9635945083411929,0.19082229243034007,6.0,1.0,0.464928904382533,0.13,False
1560,IPR003034|IPR023321|IPR004181,0.557545460051527,1.0,4.0,1.0,1.0,1.0,False
1561,IPR003093,0.9496481500857012,0.35476645916424515,3.0,1.0,0.5614328620219463,0.36,False
1562,IPR003093|IPR046371,0.7467050772524036,1.0,2.0,1.0,1.0,1.0,False
1563,IPR003100,0.9082977831884385,0.442454539948473,4.0,1.0,0.6543109925339897,0.61,False
1564,IPR003100|IPR032472,0.9496481500857012,0.35476645916424515,3.0,1.0,0.5614328620219463,0.32,False
1565,IPR003100|IPR032472|IPR032473,0.9496481500857012,0.35476645916424515,3.0,1.0,0.5614328620219463,0.29,False
1566,IPR003101,0.9999998634507399,3.998813131069719e-06,10.0,1.0,0.0002869703812255172,0.0,True
1567,IPR003101|IPR001487,1.0,6.253281363970692e-06,6.0,1.0,0.00039403298545898253,0.0,True
1568,IPR003101|IPR001487|IPR010303,1.0,6.253281363970692e-06,6.0,1.0,0.00039403298545898253,0.0,True
1569,IPR003105,0.8091777075696599,0.5837123437846928,6.0,1.0,0.8021387447700818,0.38,False
1570,IPR003105|IPR001841,0.8091777075696599,0.5837123437846928,6.0,1.0,0.8021387447700818,0.28,False
1571,IPR003106,0.7467050772524036,1.0,2.0,1.0,1.0,1.0,False
1572,IPR003106|IPR003106,0.7467050772524036,1.0,2.0,1.0,1.0,1.0,False
1573,IPR003106|IPR003106|IPR003106,0.7467050772524036,1.0,2.0,1.0,1.0,1.0,False
1574,IPR003108,0.9959444841204863,0.03640549165880708,6.0,1.0,0.1776271722389577,0.1,False
1575,IPR003111,0.9999940234815534,0.00013682151001357293,8.0,1.0,0.0043910356660877715,0.0,True
1576,IPR003111|IPR003593,1.0,0.0025053623556511003,3.0,1.0,0.03667197533045109,0.0,True
1577,IPR003111|IPR003593|IPR054594,1.0,0.0025053623556511003,3.0,1.0,0.03667197533045109,0.0,True
1578,IPR003112,0.9929351552299672,0.03193358099079641,14.0,1.0,0.17027947675897323,0.27,False
1579,IPR003112|IPR001879,0.981545808458133,0.25329492274759635,2.0,1.0,0.464928904382533,0.12,False
1580,IPR003112|IPR001879|IPR032471,0.981545808458133,0.25329492274759635,2.0,1.0,0.464928904382533,0.07,False
1581,IPR003113,0.8606499744935043,0.5182306685589673,5.0,1.0,0.7304140383099247,0.47,False
1582,IPR003113|IPR000341,0.8606499744935043,0.5182306685589673,5.0,1.0,0.7304140383099247,0.45,False
1583,IPR003113|IPR000341|IPR002420,0.9082977831884385,0.442454539948473,4.0,1.0,0.6543109925339897,0.41,False
1584,IPR003114,0.7467050772524036,1.0,2.0,1.0,1.0,1.0,False
1585,IPR003116,0.9994668342079506,0.003147787270446973,16.0,1.0,0.04416368681549245,0.0,True
1586,IPR003116|IPR001478,0.6452335408357548,1.0,3.0,1.0,1.0,1.0,False
1587,IPR003116|IPR001478|IPR000219,0.6452335408357548,1.0,3.0,1.0,1.0,1.0,False
1588,IPR003116|IPR002219,0.9999659262717878,0.0003582035708527575,12.0,1.0,0.009105931475622131,0.0,True
1589,IPR003116|IPR002219|IPR000719,0.981545808458133,0.25329492274759635,2.0,1.0,0.464928904382533,0.01,True
1590,IPR003117,0.8091777075696599,0.5837123437846928,6.0,1.0,0.8021387447700818,0.79,False
1591,IPR003118,0.9972307831476748,0.015937930661170028,12.0,1.0,0.11408695175018027,0.16,False
1592,IPR003118|IPR000418,0.9638198848985289,0.14447146364198882,10.0,1.0,0.4000450442862573,0.15,False
1593,IPR003119,0.9496481500857012,0.35476645916424515,3.0,1.0,0.5614328620219463,0.45,False
1594,IPR003119|IPR007856,0.9496481500857012,0.35476645916424515,3.0,1.0,0.5614328620219463,0.44,False
1595,IPR003119|IPR007856|IPR008138,0.9496481500857012,0.35476645916424515,3.0,1.0,0.5614328620219463,0.24,False
1596,IPR003121,0.8555285363580112,0.40284760770688294,10.0,1.0,0.6334490532627706,0.43,False
1597,IPR003121|IPR001876,0.9082977831884385,0.442454539948473,4.0,1.0,0.6543109925339897,0.13,False
1598,IPR003121|IPR001876|IPR001841,0.9082977831884385,0.442454539948473,4.0,1.0,0.6543109925339897,0.13,False
1599,IPR003123,0.8880159409201664,0.3511723788939042,9.0,1.0,0.5614328620219463,0.53,False
1600,IPR003123|IPR000159,0.7467050772524036,1.0,2.0,1.0,1.0,1.0,False
1601,IPR003124,0.9952633132161512,0.015203728051705728,30.0,1.0,0.11408695175018027,0.32,False
1602,IPR003124|IPR003124,0.7467050772524036,1.0,2.0,1.0,1.0,1.0,False
1603,IPR003126,0.9993148927898668,0.004555596545632768,13.0,1.0,0.055779069552806905,0.02,True
1604,IPR003126|IPR002004,0.9082977831884385,0.442454539948473,4.0,1.0,0.6543109925339897,0.19,False
1605,IPR003126|IPR002004|IPR000569,0.6452335408357548,1.0,3.0,1.0,1.0,1.0,False
1606,IPR003126|IPR003769,0.9997545541663276,0.004055515879513668,6.0,1.0,0.05084252807529078,0.0,True
1607,IPR003126|IPR003769|IPR055194,0.9997545541663276,0.004055515879513668,6.0,1.0,0.05084252807529078,0.0,True
1608,IPR003127,0.996392833248333,0.024272590897350052,9.0,1.0,0.13187852488602284,0.03,True
1609,IPR003127|IPR001452,0.9974946376443489,0.050351849914298724,3.0,1.0,0.19708381075902243,0.01,True
1610,IPR003127|IPR001452|IPR001452,0.9974946376443489,0.050351849914298724,3.0,1.0,0.19708381075902243,0.0,True
1611,IPR003127|IPR013087,0.9496481500857012,0.35476645916424515,3.0,1.0,0.5614328620219463,0.08,False
1612,IPR003127|IPR013087|IPR001452,0.9496481500857012,0.35476645916424515,3.0,1.0,0.5614328620219463,0.07,False
1613,IPR003128,0.9796864726901169,0.06994573246212746,17.0,1.0,0.2565007804342176,0.14,False
1614,IPR003130,0.9985485640382901,0.006234680571373245,22.0,1.0,0.07457082063029065,0.04,True
1615,IPR003131,0.9082977831884385,0.442454539948473,4.0,1.0,0.6543109925339897,0.64,False
1616,IPR003137,0.9635945083411929,0.19082229243034007,6.0,1.0,0.464928904382533,0.71,False
1617,IPR003142,0.981545808458133,0.25329492274759635,2.0,1.0,0.464928904382533,0.03,True
1618,IPR003146,0.981545808458133,0.25329492274759635,2.0,1.0,0.464928904382533,0.34,False
1619,IPR003146|IPR000834,0.981545808458133,0.25329492274759635,2.0,1.0,0.464928904382533,0.04,True
1620,IPR003148,0.97572740910265,0.1119840590798335,9.0,1.0,0.3381774595356515,0.23,False
1621,IPR003148|IPR003929,0.9797694962308396,0.13935002550649572,5.0,1.0,0.39238233340166945,0.16,False
1622,IPR003148|IPR003929|IPR003148,0.9797694962308396,0.13935002550649572,5.0,1.0,0.39238233340166945,0.11,False
1623,IPR003148|IPR048735,0.9172530969809943,0.2980194189352218,8.0,1.0,0.5376628273876715,0.09,False
1624,IPR003149,0.9082977831884385,0.442454539948473,4.0,1.0,0.6543109925339897,0.25,False
1625,IPR003150,0.9935886954088315,0.03618011510147109,10.0,1.0,0.1776271722389577,0.16,False
1626,IPR003150|IPR013087,0.981545808458133,0.25329492274759635,2.0,1.0,0.464928904382533,0.03,True
1627,IPR003150|IPR057321,0.9849120420562869,0.0827469030190057,8.0,1.0,0.28406795819264913,0.05,True
1628,IPR003151,0.9992376589979926,0.008446415716188569,7.0,1.0,0.08677362453176146,0.04,True
1629,IPR003151|IPR000403,0.9496481500857012,0.35476645916424515,3.0,1.0,0.5614328620219463,0.21,False
1630,IPR003151|IPR000403|IPR003152,0.9496481500857012,0.35476645916424515,3.0,1.0,0.5614328620219463,0.21,False
1631,IPR003151|IPR057564,0.9974946376443489,0.050351849914298724,3.0,1.0,0.19708381075902243,0.02,True
1632,IPR003151|IPR057564|IPR009076,0.981545808458133,0.25329492274759635,2.0,1.0,0.464928904382533,0.01,True
1633,IPR003152,0.9987900677535673,0.007064844770032759,14.0,1.0,0.0807611790415028,0.02,True
1634,IPR003153,0.9974946376443489,0.050351849914298724,3.0,1.0,0.19708381075902243,0.04,True
1635,IPR003153|IPR014741,0.9974946376443489,0.050351849914298724,3.0,1.0,0.19708381075902243,0.03,True
1636,IPR003153|IPR014741|IPR014742,0.981545808458133,0.25329492274759635,2.0,1.0,0.464928904382533,0.17,False
1637,IPR003156,0.981545808458133,0.25329492274759635,2.0,1.0,0.464928904382533,0.0,True
1638,IPR003164,0.9082977831884385,0.442454539948473,4.0,1.0,0.6543109925339897,0.19,False
1639,IPR003165,0.557545460051527,1.0,4.0,1.0,1.0,1.0,False
1640,IPR003228,0.7467050772524036,1.0,2.0,1.0,1.0,1.0,False
1641,IPR003307,0.9316452367978186,0.21663818609866356,12.0,1.0,0.464928904382533,0.18,False
1642,IPR003309,0.9954444034543672,0.023051889483380827,13.0,1.0,0.12698199675973212,0.84,False
1643,IPR003309|IPR013087,0.557545460051527,1.0,4.0,1.0,1.0,1.0,False
1644,IPR003309|IPR013087|IPR013087,0.557545460051527,1.0,4.0,1.0,1.0,1.0,False
1645,IPR003316,0.7557987100438324,0.6402975194227803,7.0,1.0,0.8667585231484166,0.92,False
1646,IPR003316|IPR014889,0.48176933144103273,1.0,5.0,1.0,1.0,1.0,False
1647,IPR003316|IPR032198,0.981545808458133,0.25329492274759635,2.0,1.0,0.464928904382533,0.23,False
1648,IPR003323,0.8091777075696599,0.5837123437846928,6.0,1.0,0.8021387447700818,0.83,False
1649,IPR003323|IPR002653,0.9496481500857012,0.35476645916424515,3.0,1.0,0.5614328620219463,0.18,False
1650,IPR003327,0.557545460051527,1.0,4.0,1.0,1.0,1.0,False
1651,IPR003334,0.9974946376443489,0.050351849914298724,3.0,1.0,0.19708381075902243,0.02,True
1652,IPR003334|IPR003334,0.981545808458133,0.25329492274759635,2.0,1.0,0.464928904382533,0.02,True
1653,IPR003343,0.7467050772524036,1.0,2.0,1.0,1.0,1.0,False
1654,IPR003343|IPR058779,0.7467050772524036,1.0,2.0,1.0,1.0,1.0,False
1655,IPR003343|IPR058779|IPR055094,0.7467050772524036,1.0,2.0,1.0,1.0,1.0,False
1656,IPR003347,0.9999359791919524,0.0002501200031893622,42.0,1.0,0.006985784089078024,0.09,False
1657,IPR003347|IPR001965,0.97572740910265,0.1119840590798335,9.0,1.0,0.3381774595356515,0.08,False
1658,IPR003347|IPR001965|IPR001965,0.9915535842838115,0.05737479861577096,7.0,1.0,0.2140473533918329,0.02,True
1659,IPR003347|IPR041070,0.9895490334258487,0.05088248568851092,11.0,1.0,0.19708381075902243,0.01,True
1660,IPR003347|IPR041070|IPR002857,0.9797694962308396,0.13935002550649572,5.0,1.0,0.39238233340166945,0.06,False
1661,IPR003347|IPR048562,0.7467050772524036,1.0,2.0,1.0,1.0,1.0,False
1662,IPR003347|IPR048562|IPR048560,0.7467050772524036,1.0,2.0,1.0,1.0,1.0,False
1663,IPR003347|IPR048615,0.557545460051527,1.0,4.0,1.0,1.0,1.0,False
1664,IPR003347|IPR048615|IPR004198,0.557545460051527,1.0,4.0,1.0,1.0,1.0,False
1665,IPR003349,0.9999702480718133,0.0001442144142082999,32.0,1.0,0.0045715084553023646,0.01,True
1666,IPR003349|IPR001606,0.8555285363580112,0.40284760770688294,10.0,1.0,0.6334490532627706,0.51,False
1667,IPR003349|IPR001606|IPR001965,0.8091777075696599,0.5837123437846928,6.0,1.0,0.8021387447700818,0.55,False
1668,IPR003349|IPR003347,0.9998655699936355,0.0008875976015471403,17.0,1.0,0.018127339158869857,0.0,True
1669,IPR003349|IPR003347|IPR001965,0.9849120420562869,0.0827469030190057,8.0,1.0,0.28406795819264913,0.05,True
1670,IPR003350,0.8091777075696599,0.5837123437846928,6.0,1.0,0.8021387447700818,0.77,False
1671,IPR003350|IPR001356,0.48176933144103273,1.0,5.0,1.0,1.0,1.0,False
1672,IPR003350|IPR003350,0.6452335408357548,1.0,3.0,1.0,1.0,1.0,False
1673,IPR003350|IPR003350|IPR001356,0.6452335408357548,1.0,3.0,1.0,1.0,1.0,False
1674,IPR003351,0.9909985169829642,0.09170221681156158,4.0,1.0,0.28406795819264913,0.09,False
1675,IPR003351|IPR001478,0.9909985169829642,0.09170221681156158,4.0,1.0,0.28406795819264913,0.07,False
1676,IPR003351|IPR001478|IPR000591,0.9909985169829642,0.09170221681156158,4.0,1.0,0.28406795819264913,0.04,True
1677,IPR003379,0.8606499744935043,0.5182306685589673,5.0,1.0,0.7304140383099247,0.15,False
1678,IPR003379|IPR000089,0.8606499744935043,0.5182306685589673,5.0,1.0,0.7304140383099247,0.15,False
1679,IPR003380,0.9999987524924461,1.6289159696526232e-05,14.0,1.0,0.000850162506585364,0.0,True
1680,IPR003380|IPR014890,0.9999960011868689,6.971218899254965e-05,10.0,1.0,0.002554630358329816,0.0,True
1681,IPR003388,0.942625201384229,0.2442012899561677,7.0,1.0,0.464928904382533,0.06,False
1682,IPR003395,0.9496481500857012,0.35476645916424515,3.0,1.0,0.5614328620219463,0.25,False
1683,IPR003439,0.9944913009808763,0.014035113398902881,50.0,1.0,0.11408695175018027,0.76,False
1684,IPR003439|IPR003439,0.7467050772524036,1.0,2.0,1.0,1.0,1.0,False
1685,IPR003439|IPR011527,0.705652314114898,0.5857186011492906,14.0,1.0,0.803826829253223,0.76,False
1686,IPR003439|IPR011527|IPR003439,0.7449171701948984,0.5440941846829775,13.0,1.0,0.7643650495532748,0.6,False
1687,IPR003439|IPR013525,0.9996369611217383,0.0036071667516669446,9.0,1.0,0.04904797527858711,0.02,True
1688,IPR003439|IPR013525|IPR003439,0.9909985169829642,0.09170221681156158,4.0,1.0,0.28406795819264913,0.14,False
1689,IPR003439|IPR056264,0.9797694962308396,0.13935002550649572,5.0,1.0,0.39238233340166945,0.34,False
1690,IPR003502,0.7467050772524036,1.0,2.0,1.0,1.0,1.0,False
1691,IPR003508,0.9082977831884385,0.442454539948473,4.0,1.0,0.6543109925339897,0.46,False
1692,IPR003511,0.9909985169829642,0.09170221681156158,4.0,1.0,0.28406795819264913,0.04,True
1693,IPR003533,0.7557987100438324,0.6402975194227803,7.0,1.0,0.8667585231484166,0.87,False
1694,IPR003533|IPR000719,0.7467050772524036,1.0,2.0,1.0,1.0,1.0,False
1695,IPR003533|IPR003533,0.7467050772524036,1.0,2.0,1.0,1.0,1.0,False
1696,IPR003582,0.9496481500857012,0.35476645916424515,3.0,1.0,0.5614328620219463,0.31,False
1697,IPR003583,1.0,0.018454191541866973,2.0,1.0,0.11408695175018027,0.01,True
1698,IPR003583|IPR003583,1.0,0.018454191541866973,2.0,1.0,0.11408695175018027,0.01,True
1699,IPR003585,0.6660642904951446,0.62445443063305,15.0,1.0,0.8549433076526151,0.81,False
1700,IPR003593,0.9999995498563361,1.5516998061613005e-06,86.0,1.0,0.00013362721497392398,0.37,False
1701,IPR003593|IPR003593,0.808527307692987,0.4123972208561986,17.0,1.0,0.647479927123664,0.77,False
1702,IPR003593|IPR003593|IPR041466,0.6488276211060958,0.7314471424243904,9.0,1.0,0.9806402140391347,0.83,False
1703,IPR003593|IPR003593|IPR049400,0.7467050772524036,1.0,2.0,1.0,1.0,1.0,False
1704,IPR003593|IPR019489,0.41628765621530717,1.0,6.0,1.0,1.0,1.0,False
1705,IPR003593|IPR020587,0.981545808458133,0.25329492274759635,2.0,1.0,0.464928904382533,0.03,True
1706,IPR003593|IPR041466,0.597152392293117,0.7679582018374467,10.0,1.0,1.0,1.0,False
1707,IPR003593|IPR041466|IPR003593,0.597152392293117,0.7679582018374467,10.0,1.0,1.0,1.0,False
1708,IPR003593|IPR041569,0.9990220763554658,0.00407369975288763,25.0,1.0,0.05084252807529078,0.23,False
1709,IPR003593|IPR041569|IPR001487,0.981545808458133,0.25329492274759635,2.0,1.0,0.464928904382533,0.08,False
1710,IPR003593|IPR041569|IPR003593,0.7467050772524036,1.0,2.0,1.0,1.0,1.0,False
1711,IPR003593|IPR041569|IPR015415,0.9496481500857012,0.35476645916424515,3.0,1.0,0.5614328620219463,0.31,False
1712,IPR003593|IPR041589,0.597152392293117,0.7679582018374467,10.0,1.0,1.0,1.0,False
1713,IPR003593|IPR041589|IPR024317,0.6488276211060958,0.7314471424243904,9.0,1.0,0.9806402140391347,0.73,False
1714,IPR003593|IPR047854,0.6452335408357548,1.0,3.0,1.0,1.0,1.0,False
1715,IPR003593|IPR047854|IPR013748,0.7467050772524036,1.0,2.0,1.0,1.0,1.0,False
1716,IPR003593|IPR049400,0.7467050772524036,1.0,2.0,1.0,1.0,1.0,False
1717,IPR003593|IPR049400|IPR003593,0.7467050772524036,1.0,2.0,1.0,1.0,1.0,False
1718,IPR003593|IPR054354,0.7467050772524036,1.0,2.0,1.0,1.0,1.0,False
1719,IPR003593|IPR054354|IPR024317,0.7467050772524036,1.0,2.0,1.0,1.0,1.0,False
1720,IPR003593|IPR054425,0.557545460051527,1.0,4.0,1.0,1.0,1.0,False
1721,IPR003593|IPR054425|IPR015163,0.557545460051527,1.0,4.0,1.0,1.0,1.0,False
1722,IPR003593|IPR054594,0.9999538812932512,0.001515469182286134,5.0,1.0,0.02627660827138408,0.0,True
1723,IPR003593|IPR054594|IPR008269,0.981545808458133,0.25329492274759635,2.0,1.0,0.464928904382533,0.08,False
1724,IPR003593|IPR057568,0.9849120420562869,0.0827469030190057,8.0,1.0,0.28406795819264913,0.07,False
1725,IPR003594,0.9999762871741105,0.0003630388782616913,9.0,1.0,0.009105931475622131,0.03,True
1726,IPR003594|IPR013506,1.0,0.0025053623556511003,3.0,1.0,0.03667197533045109,0.0,True
1727,IPR003594|IPR013506|IPR006171,1.0,0.0025053623556511003,3.0,1.0,0.03667197533045109,0.0,True
1728,IPR003595,0.9496481500857012,0.35476645916424515,3.0,1.0,0.5614328620219463,0.33,False
1729,IPR003597,0.985186569374072,0.05534802506440852,16.0,1.0,0.21310226937987992,0.96,False
1730,IPR003598,0.999999999823527,4.705312683221878e-10,245.0,1.0,1.0287699576076601e-07,0.96,False
1731,IPR003598|IPR000157,0.7467050772524036,1.0,2.0,1.0,1.0,1.0,False
1732,IPR003598|IPR000719,0.9999808818438815,9.771402926202635e-05,31.0,1.0,0.0034581396520334943,0.01,True
1733,IPR003598|IPR000742,0.9959444841204863,0.03640549165880708,6.0,1.0,0.1776271722389577,0.06,False
1734,IPR003598|IPR000742|IPR002154,0.6452335408357548,1.0,3.0,1.0,1.0,1.0,False
1735,IPR003598|IPR000906,0.8091777075696599,0.5837123437846928,6.0,1.0,0.8021387447700818,0.41,False
1736,IPR003598|IPR000906|IPR033772,0.8091777075696599,0.5837123437846928,6.0,1.0,0.8021387447700818,0.34,False
1737,IPR003598|IPR003598,0.9999999999659879,1.19536274545472e-10,145.0,1.0,3.2507575293497574e-08,0.38,False
1738,IPR003598|IPR003598|IPR000719,0.9999986431668721,9.553842726318463e-06,26.0,1.0,0.00054849672629875,0.0,True
1739,IPR003598|IPR003598|IPR003598,0.9999999999024464,3.959777568035175e-10,106.0,1.0,9.300077588198978e-08,0.12,False
1740,IPR003598|IPR003598|IPR003599,0.97572740910265,0.1119840590798335,9.0,1.0,0.3381774595356515,0.54,False
1741,IPR003598|IPR003598|IPR003961,0.9783025799434627,0.05109544796154933,42.0,1.0,0.19761240989320764,0.72,False
1742,IPR003598|IPR003598|IPR006605,0.981545808458133,0.25329492274759635,2.0,1.0,0.464928904382533,0.05,True
1743,IPR003598|IPR003598|IPR010909,0.9909985169829642,0.09170221681156158,4.0,1.0,0.28406795819264913,0.06,False
1744,IPR003598|IPR003598|IPR013106,0.9909985169829642,0.09170221681156158,4.0,1.0,0.28406795819264913,0.17,False
1745,IPR003598|IPR003598|IPR034824,0.7467050772524036,1.0,2.0,1.0,1.0,1.0,False
1746,IPR003598|IPR003598|IPR041348,0.7467050772524036,1.0,2.0,1.0,1.0,1.0,False
1747,IPR003598|IPR003599,0.987566265365263,0.03386054755773539,34.0,1.0,0.1776271722389577,0.85,False
1748,IPR003598|IPR003599|IPR003598,0.9554357336321196,0.12485036334443975,20.0,1.0,0.37593346585123555,0.86,False
1749,IPR003598|IPR003599|IPR003599,0.981545808458133,0.25329492274759635,2.0,1.0,0.464928904382533,0.27,False
1750,IPR003598|IPR003599|IPR003961,0.942625201384229,0.2442012899561677,7.0,1.0,0.464928904382533,0.3,False
1751,IPR003598|IPR003961,0.9979741164062048,0.005073095206343864,65.0,1.0,0.06153211955675763,0.74,False
1752,IPR003598|IPR003961|IPR000719,0.9638198848985289,0.14447146364198882,10.0,1.0,0.4000450442862573,0.09,False
1753,IPR003598|IPR003961|IPR000998,0.9496481500857012,0.35476645916424515,3.0,1.0,0.5614328620219463,0.17,False
1754,IPR003598|IPR003961|IPR003598,0.9635945083411929,0.19082229243034007,6.0,1.0,0.464928904382533,0.3,False
1755,IPR003598|IPR003961|IPR003961,0.9783025799434627,0.05109544796154933,42.0,1.0,0.19761240989320764,0.65,False
1756,IPR003598|IPR006605,0.981545808458133,0.25329492274759635,2.0,1.0,0.464928904382533,0.06,False
1757,IPR003598|IPR006605|IPR000742,0.981545808458133,0.25329492274759635,2.0,1.0,0.464928904382533,0.06,False
1758,IPR003598|IPR007110,0.7557987100438324,0.6402975194227803,7.0,1.0,0.8667585231484166,0.82,False
1759,IPR003598|IPR007110|IPR003598,0.7557987100438324,0.6402975194227803,7.0,1.0,0.8667585231484166,0.74,False
1760,IPR003598|IPR010909,0.9909985169829642,0.09170221681156158,4.0,1.0,0.28406795819264913,0.07,False
1761,IPR003598|IPR013106,0.9909985169829642,0.09170221681156158,4.0,1.0,0.28406795819264913,0.18,False
1762,IPR003598|IPR013106|IPR003598,0.9909985169829642,0.09170221681156158,4.0,1.0,0.28406795819264913,0.17,False
1763,IPR003598|IPR034824,0.6452335408357548,1.0,3.0,1.0,1.0,1.0,False
1764,IPR003598|IPR034824|IPR001007,0.6452335408357548,1.0,3.0,1.0,1.0,1.0,False
1765,IPR003598|IPR040849,0.7467050772524036,1.0,2.0,1.0,1.0,1.0,False
1766,IPR003598|IPR040849|IPR003599,0.7467050772524036,1.0,2.0,1.0,1.0,1.0,False
1767,IPR003598|IPR041348,0.7467050772524036,1.0,2.0,1.0,1.0,1.0,False
1768,IPR003598|IPR041348|IPR000719,0.7467050772524036,1.0,2.0,1.0,1.0,1.0,False
1769,IPR003599,0.9999999728168651,8.32164396550825e-08,134.0,1.0,9.148496674421517e-06,1.0,False
1770,IPR003599|IPR000157,0.981545808458133,0.25329492274759635,2.0,1.0,0.464928904382533,0.14,False
1771,IPR003599|IPR000538,0.9992376589979926,0.008446415716188569,7.0,1.0,0.08677362453176146,0.04,True
1772,IPR003599|IPR000538|IPR000538,0.9992376589979926,0.008446415716188569,7.0,1.0,0.08677362453176146,0.01,True
1773,IPR003599|IPR003597,0.981545808458133,0.25329492274759635,2.0,1.0,0.464928904382533,0.36,False
1774,IPR003599|IPR003598,0.9818157689272841,0.04409591750797503,41.0,1.0,0.19708381075902243,0.96,False
1775,IPR003599|IPR003598|IPR003598,0.828678699990283,0.32972065729938976,28.0,1.0,0.5614328620219463,0.96,False
1776,IPR003599|IPR003598|IPR003599,0.9915535842838115,0.05737479861577096,7.0,1.0,0.2140473533918329,0.22,False
1777,IPR003599|IPR003598|IPR003961,0.9974946376443489,0.050351849914298724,3.0,1.0,0.19708381075902243,0.04,True
1778,IPR003599|IPR003599,0.9767819980203226,0.05986608157831549,32.0,1.0,0.22301949784798566,0.95,False
1779,IPR003599|IPR003599|IPR000157,0.981545808458133,0.25329492274759635,2.0,1.0,0.464928904382533,0.1,False
1780,IPR003599|IPR003599|IPR003598,0.8091777075696599,0.5837123437846928,6.0,1.0,0.8021387447700818,0.9,False
1781,IPR003599|IPR003599|IPR003599,0.9972307831476748,0.015937930661170028,12.0,1.0,0.11408695175018027,0.17,False
1782,IPR003599|IPR003599|IPR003961,0.981545808458133,0.25329492274759635,2.0,1.0,0.464928904382533,0.16,False
1783,IPR003599|IPR003961,0.9999975345019304,1.6135877050432e-05,27.0,1.0,0.000850162506585364,0.0,True
1784,IPR003599|IPR003961|IPR003599,0.9797694962308396,0.13935002550649572,5.0,1.0,0.39238233340166945,0.12,False
1785,IPR003599|IPR003961|IPR003961,0.9996974484703847,0.0020038903736480343,15.0,1.0,0.0328701636845695,0.02,True
1786,IPR003599|IPR007110,0.7557987100438324,0.6402975194227803,7.0,1.0,0.8667585231484166,0.92,False
1787,IPR003599|IPR007110|IPR003599,0.7467050772524036,1.0,2.0,1.0,1.0,1.0,False
1788,IPR003599|IPR013098,0.981545808458133,0.25329492274759635,2.0,1.0,0.464928904382533,0.04,True
1789,IPR003599|IPR040849,1.0,0.018454191541866973,2.0,1.0,0.11408695175018027,0.02,True
1790,IPR003599|IPR053896,0.7467050772524036,1.0,2.0,1.0,1.0,1.0,False
1791,IPR003601,0.9996600111981438,0.009001483017035832,4.0,1.0,0.08677362453176146,0.0,True
1792,IPR003603,0.9082977831884385,0.442454539948473,4.0,1.0,0.6543109925339897,0.5,False
1793,IPR003604,0.9994928961677177,0.0017459685013405796,40.0,1.0,0.029675721205351235,0.35,False
1794,IPR003604|IPR000504,0.41628765621530717,1.0,6.0,1.0,1.0,1.0,False
1795,IPR003604|IPR000504|IPR000504,0.557545460051527,1.0,4.0,1.0,1.0,1.0,False
1796,IPR003604|IPR003604,0.9931564412739642,0.02704851160180669,18.0,1.0,0.14603935156377762,0.24,False
1797,IPR003604|IPR003604|IPR003604,0.9954444034543672,0.023051889483380827,13.0,1.0,0.12698199675973212,0.07,False
1798,IPR003604|IPR003604|IPR013087,0.7467050772524036,1.0,2.0,1.0,1.0,1.0,False
1799,IPR003604|IPR006561,1.0,0.018454191541866973,2.0,1.0,0.11408695175018027,0.0,True
1800,IPR003604|IPR013087,0.310805609078997,1.0,8.0,1.0,1.0,1.0,False
1801,IPR003604|IPR013087|IPR001356,0.7467050772524036,1.0,2.0,1.0,1.0,1.0,False
1802,IPR003604|IPR013087|IPR003604,0.35970248057721965,1.0,7.0,1.0,1.0,1.0,False
1803,IPR003604|IPR013087|IPR013087,0.48176933144103273,1.0,5.0,1.0,1.0,1.0,False
1804,IPR003605,0.8606499744935043,0.5182306685589673,5.0,1.0,0.7304140383099247,0.6,False
1805,IPR003605|IPR000719,0.6452335408357548,1.0,3.0,1.0,1.0,1.0,False
1806,IPR003607,0.981545808458133,0.25329492274759635,2.0,1.0,0.464928904382533,0.13,False
1807,IPR003613,0.9999659262717878,0.0003582035708527575,12.0,1.0,0.009105931475622131,0.0,True
1808,IPR003613|IPR013915,1.0,0.018454191541866973,2.0,1.0,0.11408695175018027,0.0,True
1809,IPR003615,0.6452335408357548,1.0,3.0,1.0,1.0,1.0,False
1810,IPR003615|IPR002893,0.6452335408357548,1.0,3.0,1.0,1.0,1.0,False
1811,IPR003616,0.9999999824221497,1.6643223545809622e-07,26.0,1.0,1.7199107212239665e-05,0.0,True
1812,IPR003616|IPR001487,0.9996600111981438,0.009001483017035832,4.0,1.0,0.08677362453176146,0.0,True
1813,IPR003616|IPR001487|IPR001965,0.9974946376443489,0.050351849914298724,3.0,1.0,0.19708381075902243,0.0,True
1814,IPR003616|IPR001965,0.9935886954088315,0.03618011510147109,10.0,1.0,0.1776271722389577,0.02,True
1815,IPR003616|IPR001965|IPR041306,0.9935886954088315,0.03618011510147109,10.0,1.0,0.1776271722389577,0.02,True
1816,IPR003617,0.9959444841204863,0.03640549165880708,6.0,1.0,0.1776271722389577,0.2,False
1817,IPR003617|IPR000571,0.7467050772524036,1.0,2.0,1.0,1.0,1.0,False
1818,IPR003618,0.7557987100438324,0.6402975194227803,7.0,1.0,0.8667585231484166,0.75,False
1819,IPR003618|IPR001222,0.8091777075696599,0.5837123437846928,6.0,1.0,0.8021387447700818,0.47,False
1820,IPR003619,0.9999999965331443,2.655102135670322e-08,36.0,1.0,3.7078142527050147e-06,0.0,True
1821,IPR003644,0.996392833248333,0.024272590897350052,9.0,1.0,0.13187852488602284,0.15,False
1822,IPR003644|IPR003644,0.998195126511336,0.01508795794371311,8.0,1.0,0.11408695175018027,0.06,False
1823,IPR003644|IPR003644|IPR003644,0.9959444841204863,0.03640549165880708,6.0,1.0,0.1776271722389577,0.03,True
1824,IPR003644|IPR003644|IPR004837,0.981545808458133,0.25329492274759635,2.0,1.0,0.464928904382533,0.01,True
1825,IPR003644|IPR003644|IPR057244,0.9496481500857012,0.35476645916424515,3.0,1.0,0.5614328620219463,0.11,False
1826,IPR003644|IPR004837,0.981545808458133,0.25329492274759635,2.0,1.0,0.464928904382533,0.03,True
1827,IPR003644|IPR057244,0.9496481500857012,0.35476645916424515,3.0,1.0,0.5614328620219463,0.11,False
1828,IPR003645,0.9635945083411929,0.19082229243034007,6.0,1.0,0.464928904382533,0.45,False
1829,IPR003645|IPR002350,0.8606499744935043,0.5182306685589673,5.0,1.0,0.7304140383099247,0.59,False
1830,IPR003645|IPR002350|IPR019577,0.9496481500857012,0.35476645916424515,3.0,1.0,0.5614328620219463,0.17,False
1831,IPR003649,0.9999999882466402,2.2912409191926352e-07,15.0,1.0,2.2767003518208356e-05,0.0,True
1832,IPR003649|IPR002083,0.981545808458133,0.25329492274759635,2.0,1.0,0.464928904382533,0.01,True
1833,IPR003649|IPR017903,0.981545808458133,0.25329492274759635,2.0,1.0,0.464928904382533,0.3,False
1834,IPR003649|IPR017903|IPR003961,0.981545808458133,0.25329492274759635,2.0,1.0,0.464928904382533,0.25,False
1835,IPR003650,0.9974946376443489,0.050351849914298724,3.0,1.0,0.19708381075902243,0.27,False
1836,IPR003652,0.981545808458133,0.25329492274759635,2.0,1.0,0.464928904382533,0.13,False
1837,IPR003653,0.8091777075696599,0.5837123437846928,6.0,1.0,0.8021387447700818,0.57,False
1838,IPR003654,0.557545460051527,1.0,4.0,1.0,1.0,1.0,False
1839,IPR003734,0.981545808458133,0.25329492274759635,2.0,1.0,0.464928904382533,0.02,True
1840,IPR003769,0.9992376589979926,0.008446415716188569,7.0,1.0,0.08677362453176146,0.0,True
1841,IPR003769|IPR055194,0.9992376589979926,0.008446415716188569,7.0,1.0,0.08677362453176146,0.0,True
1842,IPR003781,0.9635945083411929,0.19082229243034007,6.0,1.0,0.464928904382533,0.08,False
1843,IPR003781|IPR005811,0.8606499744935043,0.5182306685589673,5.0,1.0,0.7304140383099247,0.32,False
1844,IPR003819,0.981545808458133,0.25329492274759635,2.0,1.0,0.464928904382533,0.06,False
1845,IPR003829,0.981545808458133,0.25329492274759635,2.0,1.0,0.464928904382533,0.04,True
1846,IPR003864,0.981545808458133,0.25329492274759635,2.0,1.0,0.464928904382533,0.18,False
1847,IPR003887,0.9316452367978186,0.21663818609866356,12.0,1.0,0.464928904382533,0.45,False
1848,IPR003887|IPR011320,0.9082977831884385,0.442454539948473,4.0,1.0,0.6543109925339897,0.2,False
1849,IPR003890,0.9929351552299672,0.03193358099079641,14.0,1.0,0.17027947675897323,0.15,False
1850,IPR003890|IPR003891,0.9638198848985289,0.14447146364198882,10.0,1.0,0.4000450442862573,0.16,False
1851,IPR003890|IPR003891|IPR003307,0.9849120420562869,0.0827469030190057,8.0,1.0,0.28406795819264913,0.05,True
1852,IPR003891,0.9895490334258487,0.05088248568851092,11.0,1.0,0.19708381075902243,0.05,True
1853,IPR003891|IPR003307,0.9849120420562869,0.0827469030190057,8.0,1.0,0.28406795819264913,0.05,True
1854,IPR003892,0.9680664190092035,0.11111169084510009,14.0,1.0,0.3381774595356515,0.36,False
1855,IPR003892|IPR003892,0.981545808458133,0.25329492274759635,2.0,1.0,0.464928904382533,0.0,True
1856,IPR003894,0.9935886954088315,0.03618011510147109,10.0,1.0,0.1776271722389577,0.08,False
1857,IPR003894|IPR007900,0.7467050772524036,1.0,2.0,1.0,1.0,1.0,False
1858,IPR003894|IPR014896,0.9909985169829642,0.09170221681156158,4.0,1.0,0.28406795819264913,0.05,True
1859,IPR003894|IPR014896|IPR002893,0.9909985169829642,0.09170221681156158,4.0,1.0,0.28406795819264913,0.04,True
1860,IPR003929,0.9797694962308396,0.13935002550649572,5.0,1.0,0.39238233340166945,0.24,False
1861,IPR003929|IPR003148,0.9797694962308396,0.13935002550649572,5.0,1.0,0.39238233340166945,0.16,False
1862,IPR003929|IPR003148|IPR048735,0.9082977831884385,0.442454539948473,4.0,1.0,0.6543109925339897,0.22,False
1863,IPR003953,0.7467050772524036,1.0,2.0,1.0,1.0,1.0,False
1864,IPR003961,0.9999999999989357,3.267054951452998e-12,222.0,1.0,9.929925255386847e-10,0.71,False
1865,IPR003961|IPR000242,0.6265894606524811,0.6603178436738399,16.0,1.0,0.8926902925857485,0.73,False
1866,IPR003961|IPR000242|IPR000242,0.597152392293117,0.7679582018374467,10.0,1.0,1.0,1.0,False
1867,IPR003961|IPR000719,0.9680664190092035,0.11111169084510009,14.0,1.0,0.3381774595356515,0.23,False
1868,IPR003961|IPR000719|IPR003598,0.6452335408357548,1.0,3.0,1.0,1.0,1.0,False
1869,IPR003961|IPR000742,0.981545808458133,0.25329492274759635,2.0,1.0,0.464928904382533,0.08,False
1870,IPR003961|IPR000998,0.9496481500857012,0.35476645916424515,3.0,1.0,0.5614328620219463,0.2,False
1871,IPR003961|IPR001870,0.8606499744935043,0.5182306685589673,5.0,1.0,0.7304140383099247,0.63,False
1872,IPR003961|IPR002035,0.6452335408357548,1.0,3.0,1.0,1.0,1.0,False
1873,IPR003961|IPR002035|IPR048287,0.6452335408357548,1.0,3.0,1.0,1.0,1.0,False
1874,IPR003961|IPR002181,0.9909985169829642,0.09170221681156158,4.0,1.0,0.28406795819264913,0.09,False
1875,IPR003961|IPR003598,0.9573190356976167,0.1359955914060879,15.0,1.0,0.39238233340166945,0.54,False
1876,IPR003961|IPR003598|IPR003599,0.9082977831884385,0.442454539948473,4.0,1.0,0.6543109925339897,0.33,False
1877,IPR003961|IPR003598|IPR003961,0.9172530969809943,0.2980194189352218,8.0,1.0,0.5376628273876715,0.44,False
1878,IPR003961|IPR003599,0.9849120420562869,0.0827469030190057,8.0,1.0,0.28406795819264913,0.27,False
1879,IPR003961|IPR003599|IPR003598,0.9082977831884385,0.442454539948473,4.0,1.0,0.6543109925339897,0.41,False
1880,IPR003961|IPR003599|IPR003961,0.9496481500857012,0.35476645916424515,3.0,1.0,0.5614328620219463,0.26,False
1881,IPR003961|IPR003961,0.999999985745829,4.416571910634269e-08,136.0,1.0,5.565957820060309e-06,0.49,False
1882,IPR003961|IPR003961|IPR000242,0.7449171701948984,0.5440941846829775,13.0,1.0,0.7643650495532748,0.62,False
1883,IPR003961|IPR003961|IPR000719,0.9082977831884385,0.442454539948473,4.0,1.0,0.6543109925339897,0.38,False
1884,IPR003961|IPR003961|IPR000742,0.981545808458133,0.25329492274759635,2.0,1.0,0.464928904382533,0.02,True
1885,IPR003961|IPR003961|IPR002035,0.6452335408357548,1.0,3.0,1.0,1.0,1.0,False
1886,IPR003961|IPR003961|IPR002181,0.9909985169829642,0.09170221681156158,4.0,1.0,0.28406795819264913,0.08,False
1887,IPR003961|IPR003961|IPR003598,0.9316452367978186,0.21663818609866356,12.0,1.0,0.464928904382533,0.39,False
1888,IPR003961|IPR003961|IPR003599,0.9496481500857012,0.35476645916424515,3.0,1.0,0.5614328620219463,0.43,False
1889,IPR003961|IPR003961|IPR003961,0.9999909636339396,2.649297432612693e-05,93.0,1.0,0.0012301892882996262,0.37,False
1890,IPR003961|IPR003961|IPR010560,0.9496481500857012,0.35476645916424515,3.0,1.0,0.5614328620219463,0.13,False
1891,IPR003961|IPR003961|IPR026966,0.557545460051527,1.0,4.0,1.0,1.0,1.0,False
1892,IPR003961|IPR003961|IPR027936,0.7557987100438324,0.6402975194227803,7.0,1.0,0.8667585231484166,0.79,False
1893,IPR003961|IPR003961|IPR040969,0.9909985169829642,0.09170221681156158,4.0,1.0,0.28406795819264913,0.01,True
1894,IPR003961|IPR003961|IPR049109,0.981545808458133,0.25329492274759635,2.0,1.0,0.464928904382533,0.04,True
1895,IPR003961|IPR003961|IPR057598,0.996392833248333,0.024272590897350052,9.0,1.0,0.13187852488602284,0.01,True
1896,IPR003961|IPR007110,0.7467050772524036,1.0,2.0,1.0,1.0,1.0,False
1897,IPR003961|IPR007110|IPR041182,0.7467050772524036,1.0,2.0,1.0,1.0,1.0,False
1898,IPR003961|IPR010560,0.9496481500857012,0.35476645916424515,3.0,1.0,0.5614328620219463,0.15,False
1899,IPR003961|IPR025871,0.7467050772524036,1.0,2.0,1.0,1.0,1.0,False
1900,IPR003961|IPR026966,0.557545460051527,1.0,4.0,1.0,1.0,1.0,False
1901,IPR003961|IPR027936,0.820432669625457,0.4524654471140695,11.0,1.0,0.6660652322616516,0.71,False
1902,IPR003961|IPR027936|IPR000719,0.597152392293117,0.7679582018374467,10.0,1.0,1.0,1.0,False
1903,IPR003961|IPR040969,0.9797694962308396,0.13935002550649572,5.0,1.0,0.39238233340166945,0.02,True
1904,IPR003961|IPR040969|IPR000719,0.9797694962308396,0.13935002550649572,5.0,1.0,0.39238233340166945,0.01,True
1905,IPR003961|IPR045545,0.7467050772524036,1.0,2.0,1.0,1.0,1.0,False
1906,IPR003961|IPR049109,0.981545808458133,0.25329492274759635,2.0,1.0,0.464928904382533,0.08,False
1907,IPR003961|IPR057598,0.996392833248333,0.024272590897350052,9.0,1.0,0.13187852488602284,0.01,True
1908,IPR003961|IPR057598|IPR000242,0.9635945083411929,0.19082229243034007,6.0,1.0,0.464928904382533,0.09,False
1909,IPR003987,0.9496481500857012,0.35476645916424515,3.0,1.0,0.5614328620219463,0.41,False
1910,IPR003987|IPR003987,0.9496481500857012,0.35476645916424515,3.0,1.0,0.5614328620219463,0.39,False
1911,IPR003987|IPR003987|IPR003987,0.9496481500857012,0.35476645916424515,3.0,1.0,0.5614328620219463,0.35,False
1912,IPR003987|IPR003987|IPR003988,0.9496481500857012,0.35476645916424515,3.0,1.0,0.5614328620219463,0.3,False
1913,IPR003987|IPR003988,0.9496481500857012,0.35476645916424515,3.0,1.0,0.5614328620219463,0.3,False
1914,IPR003988,0.9496481500857012,0.35476645916424515,3.0,1.0,0.5614328620219463,0.3,False
1915,IPR004009,0.9999838641229496,9.18423783055323e-05,27.0,1.0,0.0032954831160047597,0.04,True
1916,IPR004009|IPR001609,0.9999642035124755,0.0003025515296153369,15.0,1.0,0.008359806168569229,0.02,True
1917,IPR004009|IPR001609|IPR002928,0.9849120420562869,0.0827469030190057,8.0,1.0,0.28406795819264913,0.05,True
1918,IPR004009|IPR001609|IPR049016,1.0,0.018454191541866973,2.0,1.0,0.11408695175018027,0.0,True
1919,IPR004009|IPR001609|IPR058662,0.981545808458133,0.25329492274759635,2.0,1.0,0.464928904382533,0.04,True
1920,IPR004012,0.9993675333901408,0.0031539385397555087,20.0,1.0,0.04416368681549245,0.14,False
1921,IPR004012|IPR001024,0.7467050772524036,1.0,2.0,1.0,1.0,1.0,False
1922,IPR004012|IPR001024|IPR004012,0.7467050772524036,1.0,2.0,1.0,1.0,1.0,False
1923,IPR004014,0.9990258045377314,0.004495318895132064,21.0,1.0,0.055567733806572664,0.13,False
1924,IPR004014|IPR059000,0.9931564412739642,0.02704851160180669,18.0,1.0,0.14603935156377762,0.22,False
1925,IPR004014|IPR059000|IPR044492,0.9638198848985289,0.14447146364198882,10.0,1.0,0.4000450442862573,0.36,False
1926,IPR004020,0.9959444841204863,0.03640549165880708,6.0,1.0,0.1776271722389577,0.57,False
1927,IPR004020|IPR004021,0.9496481500857012,0.35476645916424515,3.0,1.0,0.5614328620219463,0.26,False
1928,IPR004020|IPR007111,0.9974946376443489,0.050351849914298724,3.0,1.0,0.19708381075902243,0.26,False
1929,IPR004020|IPR007111|IPR041075,0.981545808458133,0.25329492274759635,2.0,1.0,0.464928904382533,0.43,False
1930,IPR004021,0.9915535842838115,0.05737479861577096,7.0,1.0,0.2140473533918329,0.04,True
1931,IPR004038,0.981545808458133,0.25329492274759635,2.0,1.0,0.464928904382533,0.38,False
1932,IPR004043,0.7467050772524036,1.0,2.0,1.0,1.0,1.0,False
1933,IPR004043|IPR004043,0.7467050772524036,1.0,2.0,1.0,1.0,1.0,False
1934,IPR004045,0.8880159409201664,0.3511723788939042,9.0,1.0,0.5614328620219463,0.83,False
1935,IPR004045|IPR004046,0.9496481500857012,0.35476645916424515,3.0,1.0,0.5614328620219463,0.56,False
1936,IPR004045|IPR010987,0.981545808458133,0.25329492274759635,2.0,1.0,0.464928904382533,0.08,False
1937,IPR004046,0.8555285363580112,0.40284760770688294,10.0,1.0,0.6334490532627706,0.87,False
1938,IPR004046|IPR002300,0.7467050772524036,1.0,2.0,1.0,1.0,1.0,False
1939,IPR004046|IPR002300|IPR013155,0.7467050772524036,1.0,2.0,1.0,1.0,1.0,False
1940,IPR004087,0.9999999654958842,1.6565595347343594e-07,58.0,1.0,1.7199107212239665e-05,0.03,True
1941,IPR004087|IPR001841,0.9082977831884385,0.442454539948473,4.0,1.0,0.6543109925339897,0.52,False
1942,IPR004087|IPR002999,0.9496481500857012,0.35476645916424515,3.0,1.0,0.5614328620219463,0.15,False
1943,IPR004087|IPR004087,0.9999863293192618,6.733743082833335e-05,34.0,1.0,0.002554630358329816,0.04,True
1944,IPR004087|IPR004087|IPR002999,0.7467050772524036,1.0,2.0,1.0,1.0,1.0,False
1945,IPR004087|IPR004087|IPR004087,0.9769481105166191,0.0884893737438704,13.0,1.0,0.28406795819264913,0.32,False
1946,IPR004087|IPR004087|IPR015096,0.981545808458133,0.25329492274759635,2.0,1.0,0.464928904382533,0.05,True
1947,IPR004087|IPR004087|IPR022034,0.9974946376443489,0.050351849914298724,3.0,1.0,0.19708381075902243,0.03,True
1948,IPR004087|IPR015096,0.981545808458133,0.25329492274759635,2.0,1.0,0.464928904382533,0.05,True
1949,IPR004087|IPR015096|IPR015096,0.981545808458133,0.25329492274759635,2.0,1.0,0.464928904382533,0.03,True
1950,IPR004087|IPR022034,0.9974946376443489,0.050351849914298724,3.0,1.0,0.19708381075902243,0.03,True
1951,IPR004087|IPR022034|IPR032172,0.9974946376443489,0.050351849914298724,3.0,1.0,0.19708381075902243,0.01,True
1952,IPR004087|IPR032335,0.9797694962308396,0.13935002550649572,5.0,1.0,0.39238233340166945,0.07,False
1953,IPR004087|IPR054727,0.9909985169829642,0.09170221681156158,4.0,1.0,0.28406795819264913,0.01,True
1954,IPR004087|IPR054727|IPR001660,0.9974946376443489,0.050351849914298724,3.0,1.0,0.19708381075902243,0.0,True
1955,IPR004087|IPR054727|IPR004087,0.9909985169829642,0.09170221681156158,4.0,1.0,0.28406795819264913,0.01,True
1956,IPR004088,1.0,0.018454191541866973,2.0,1.0,0.11408695175018027,0.0,True
1957,IPR004094,0.981545808458133,0.25329492274759635,2.0,1.0,0.464928904382533,0.04,True
1958,IPR004094|IPR001007,0.981545808458133,0.25329492274759635,2.0,1.0,0.464928904382533,0.01,True
1959,IPR004094|IPR001007|IPR001007,0.981545808458133,0.25329492274759635,2.0,1.0,0.464928904382533,0.01,True
1960,IPR004094|IPR004094,0.981545808458133,0.25329492274759635,2.0,1.0,0.464928904382533,0.03,True
1961,IPR004094|IPR004094|IPR001007,0.981545808458133,0.25329492274759635,2.0,1.0,0.464928904382533,0.01,True
1962,IPR004094|IPR004094|IPR004094,0.981545808458133,0.25329492274759635,2.0,1.0,0.464928904382533,0.02,True
1963,IPR004095,0.8091777075696599,0.5837123437846928,6.0,1.0,0.8021387447700818,0.74,False
1964,IPR004095|IPR012947,0.7467050772524036,1.0,2.0,1.0,1.0,1.0,False
1965,IPR004095|IPR012947|IPR002314,0.7467050772524036,1.0,2.0,1.0,1.0,1.0,False
1966,IPR004099,0.8091777075696599,0.5837123437846928,6.0,1.0,0.8021387447700818,0.56,False
1967,IPR004100,1.0,0.018454191541866973,2.0,1.0,0.11408695175018027,0.02,True
1968,IPR004147,0.9496481500857012,0.35476645916424515,3.0,1.0,0.5614328620219463,0.32,False
1969,IPR004148,0.997996109626352,0.010438814367622576,15.0,1.0,0.0971225616702161,0.3,False
1970,IPR004148|IPR001452,0.7467050772524036,1.0,2.0,1.0,1.0,1.0,False
1971,IPR004148|IPR001452|IPR001452,0.7467050772524036,1.0,2.0,1.0,1.0,1.0,False
1972,IPR004148|IPR001849,0.9915535842838115,0.05737479861577096,7.0,1.0,0.2140473533918329,0.18,False
1973,IPR004148|IPR001849|IPR001164,1.0,0.0025053623556511003,3.0,1.0,0.03667197533045109,0.0,True
1974,IPR004152,0.9915535842838115,0.05737479861577096,7.0,1.0,0.2140473533918329,0.1,False
1975,IPR004152|IPR008152,0.9496481500857012,0.35476645916424515,3.0,1.0,0.5614328620219463,0.12,False
1976,IPR004154,0.942625201384229,0.2442012899561677,7.0,1.0,0.464928904382533,0.41,False
1977,IPR004161,0.97572740910265,0.1119840590798335,9.0,1.0,0.3381774595356515,0.45,False
1978,IPR004161|IPR054696,0.9496481500857012,0.35476645916424515,3.0,1.0,0.5614328620219463,0.36,False
1979,IPR004166,0.9635945083411929,0.19082229243034007,6.0,1.0,0.464928904382533,0.18,False
1980,IPR004167,0.9909985169829642,0.09170221681156158,4.0,1.0,0.28406795819264913,0.09,False
1981,IPR004167|IPR001078,0.9496481500857012,0.35476645916424515,3.0,1.0,0.5614328620219463,0.17,False
1982,IPR004170,0.996852212729553,0.014813430625927939,16.0,1.0,0.11408695175018027,0.24,False
1983,IPR004170|IPR001841,0.8606499744935043,0.5182306685589673,5.0,1.0,0.7304140383099247,0.32,False
1984,IPR004170|IPR001841|IPR039396,0.9082977831884385,0.442454539948473,4.0,1.0,0.6543109925339897,0.21,False
1985,IPR004170|IPR004170,0.557545460051527,1.0,4.0,1.0,1.0,1.0,False
1986,IPR004170|IPR004170|IPR001841,0.7467050772524036,1.0,2.0,1.0,1.0,1.0,False
1987,IPR004170|IPR012317,0.7467050772524036,1.0,2.0,1.0,1.0,1.0,False
1988,IPR004170|IPR057825,0.981545808458133,0.25329492274759635,2.0,1.0,0.464928904382533,0.13,False
1989,IPR004170|IPR057825|IPR001660,0.981545808458133,0.25329492274759635,2.0,1.0,0.464928904382533,0.06,False
1990,IPR004172,0.9973285789671009,0.009433210949300979,28.0,1.0,0.09059739958185532,0.26,False
1991,IPR004172|IPR001478,0.9115106262561296,0.2550828298051015,13.0,1.0,0.46704924932776737,0.58,False
1992,IPR004172|IPR001478|IPR001452,0.8606499744935043,0.5182306685589673,5.0,1.0,0.7304140383099247,0.67,False
1993,IPR004172|IPR001478|IPR001478,0.9082977831884385,0.442454539948473,4.0,1.0,0.6543109925339897,0.4,False
1994,IPR004172|IPR004172,0.942625201384229,0.2442012899561677,7.0,1.0,0.464928904382533,0.26,False
1995,IPR004172|IPR004172|IPR001478,0.942625201384229,0.2442012899561677,7.0,1.0,0.464928904382533,0.23,False
1996,IPR004177,0.942625201384229,0.2442012899561677,7.0,1.0,0.464928904382533,0.21,False
1997,IPR004177|IPR031315,0.6452335408357548,1.0,3.0,1.0,1.0,1.0,False
1998,IPR004178,0.41628765621530717,1.0,6.0,1.0,1.0,1.0,False
1999,IPR004179,0.6452335408357548,1.0,3.0,1.0,1.0,1.0,False
2000,IPR004181,0.310805609078997,1.0,8.0,1.0,1.0,1.0,False
2001,IPR004182,0.9987900677535673,0.007064844770032759,14.0,1.0,0.0807611790415028,0.23,False
2002,IPR004182|IPR000195,0.9974946376443489,0.050351849914298724,3.0,1.0,0.19708381075902243,0.02,True
2003,IPR004182|IPR000195|IPR002048,0.981545808458133,0.25329492274759635,2.0,1.0,0.464928904382533,0.03,True
2004,IPR004182|IPR000387,0.9496481500857012,0.35476645916424515,3.0,1.0,0.5614328620219463,0.24,False
2005,IPR004182|IPR004182,0.9909985169829642,0.09170221681156158,4.0,1.0,0.28406795819264913,0.09,False
2006,IPR004182|IPR004182|IPR000195,0.9974946376443489,0.050351849914298724,3.0,1.0,0.19708381075902243,0.01,True
2007,IPR004182|IPR010569,0.981545808458133,0.25329492274759635,2.0,1.0,0.464928904382533,0.1,False
2008,IPR004193,0.981545808458133,0.25329492274759635,2.0,1.0,0.464928904382533,0.03,True
2009,IPR004198,0.48176933144103273,1.0,5.0,1.0,1.0,1.0,False
2010,IPR004198|IPR013637,0.6452335408357548,1.0,3.0,1.0,1.0,1.0,False
2011,IPR004198|IPR013637|IPR001965,0.6452335408357548,1.0,3.0,1.0,1.0,1.0,False
2012,IPR004217,0.981545808458133,0.25329492274759635,2.0,1.0,0.464928904382533,0.2,False
2013,IPR004273,0.828678699990283,0.32972065729938976,28.0,1.0,0.5614328620219463,0.63,False
2014,IPR004273|IPR041658,0.8491224617638309,0.30143505778337654,27.0,1.0,0.5432559970584955,0.56,False
2015,IPR004273|IPR041658|IPR041228,0.8491224617638309,0.30143505778337654,27.0,1.0,0.5432559970584955,0.51,False
2016,IPR004274,0.310805609078997,1.0,8.0,1.0,1.0,1.0,False
2017,IPR004274|IPR001357,0.7467050772524036,1.0,2.0,1.0,1.0,1.0,False
2018,IPR004274|IPR001357|IPR015388,0.7467050772524036,1.0,2.0,1.0,1.0,1.0,False
2019,IPR004328,0.9909985169829642,0.09170221681156158,4.0,1.0,0.28406795819264913,0.06,False
2020,IPR004328|IPR001478,0.9909985169829642,0.09170221681156158,4.0,1.0,0.28406795819264913,0.02,True
2021,IPR004331,0.981545808458133,0.25329492274759635,2.0,1.0,0.464928904382533,0.02,True
2022,IPR004343,0.9974946376443489,0.050351849914298724,3.0,1.0,0.19708381075902243,0.0,True
2023,IPR004360,0.7467050772524036,1.0,2.0,1.0,1.0,1.0,False
2024,IPR004364,0.7557987100438324,0.6402975194227803,7.0,1.0,0.8667585231484166,0.43,False
2025,IPR004365,0.9316452367978186,0.21663818609866356,12.0,1.0,0.464928904382533,0.31,False
2026,IPR004365|IPR004364,0.8091777075696599,0.5837123437846928,6.0,1.0,0.8021387447700818,0.37,False
2027,IPR004367,0.597152392293117,0.7679582018374467,10.0,1.0,1.0,1.0,False
2028,IPR004680,0.981545808458133,0.25329492274759635,2.0,1.0,0.464928904382533,0.01,True
2029,IPR004821,0.8606499744935043,0.5182306685589673,5.0,1.0,0.7304140383099247,0.57,False
2030,IPR004823,0.9496481500857012,0.35476645916424515,3.0,1.0,0.5614328620219463,0.4,False
2031,IPR004826,0.9998397178261664,0.0012099322464327762,14.0,1.0,0.023591395914408134,0.09,False
2032,IPR004827,0.9952633132161512,0.015203728051705728,30.0,1.0,0.11408695175018027,0.69,False
2033,IPR004837,0.98406206933883,0.06835476320218137,12.0,1.0,0.2517384614865795,0.37,False
2034,IPR004837|IPR004837,0.7467050772524036,1.0,2.0,1.0,1.0,1.0,False
2035,IPR004839,0.7019805810647781,0.689194390921003,8.0,1.0,0.9276028699892739,0.68,False
2036,IPR004841,0.9915535842838115,0.05737479861577096,7.0,1.0,0.2140473533918329,0.2,False
2037,IPR004841|IPR004841,0.9996600111981438,0.009001483017035832,4.0,1.0,0.08677362453176146,0.0,True
2038,IPR004841|IPR004841|IPR018491,1.0,0.018454191541866973,2.0,1.0,0.11408695175018027,0.0,True
2039,IPR004841|IPR018491,0.9797694962308396,0.13935002550649572,5.0,1.0,0.39238233340166945,0.17,False
2040,IPR004841|IPR018491|IPR018491,0.9797694962308396,0.13935002550649572,5.0,1.0,0.39238233340166945,0.09,False
2041,IPR004843,0.97572740910265,0.1119840590798335,9.0,1.0,0.3381774595356515,0.69,False
2042,IPR004850,0.8606499744935043,0.5182306685589673,5.0,1.0,0.7304140383099247,0.29,False
2043,IPR004859,0.981545808458133,0.25329492274759635,2.0,1.0,0.464928904382533,0.16,False
2044,IPR004865,0.7467050772524036,1.0,2.0,1.0,1.0,1.0,False
2045,IPR004910,0.8091777075696599,0.5837123437846928,6.0,1.0,0.8021387447700818,0.6,False
2046,IPR004939,0.8606499744935043,0.5182306685589673,5.0,1.0,0.7304140383099247,0.55,False
2047,IPR004942,0.9496481500857012,0.35476645916424515,3.0,1.0,0.5614328620219463,0.2,False
2048,IPR004953,0.6452335408357548,1.0,3.0,1.0,1.0,1.0,False
2049,IPR005000,0.7467050772524036,1.0,2.0,1.0,1.0,1.0,False
2050,IPR005052,0.9082977831884385,0.442454539948473,4.0,1.0,0.6543109925339897,0.29,False
2051,IPR005100,0.981545808458133,0.25329492274759635,2.0,1.0,0.464928904382533,0.04,True
2052,IPR005100|IPR005824,0.981545808458133,0.25329492274759635,2.0,1.0,0.464928904382533,0.04,True
2053,IPR005100|IPR005824|IPR041973,0.981545808458133,0.25329492274759635,2.0,1.0,0.464928904382533,0.03,True
2054,IPR005110,0.9797694962308396,0.13935002550649572,5.0,1.0,0.39238233340166945,0.03,True
2055,IPR005110|IPR001453,0.9082977831884385,0.442454539948473,4.0,1.0,0.6543109925339897,0.09,False
2056,IPR005110|IPR001453|IPR005111,0.9082977831884385,0.442454539948473,4.0,1.0,0.6543109925339897,0.06,False
2057,IPR005111,0.9895490334258487,0.05088248568851092,11.0,1.0,0.19708381075902243,0.0,True
2058,IPR005112,0.6829894743919538,0.5579777931724222,21.0,1.0,0.7832304420869073,0.9,False
2059,IPR005112|IPR004012,0.7467050772524036,1.0,2.0,1.0,1.0,1.0,False
2060,IPR005112|IPR004012|IPR001024,0.7467050772524036,1.0,2.0,1.0,1.0,1.0,False
2061,IPR005112|IPR057977,0.7467050772524036,1.0,2.0,1.0,1.0,1.0,False
2062,IPR005113,0.9999399793857386,0.000395302631528972,19.0,1.0,0.009680230791991462,0.07,False
2063,IPR005113|IPR001194,0.9680664190092035,0.11111169084510009,14.0,1.0,0.3381774595356515,0.52,False
2064,IPR005113|IPR001194|IPR005112,0.9316452367978186,0.21663818609866356,12.0,1.0,0.464928904382533,0.53,False
2065,IPR005121,0.9974946376443489,0.050351849914298724,3.0,1.0,0.19708381075902243,0.02,True
2066,IPR005123,0.9680664190092035,0.11111169084510009,14.0,1.0,0.3381774595356515,0.52,False
2067,IPR005135,1.0,0.018454191541866973,2.0,1.0,0.11408695175018027,0.1,False
2068,IPR005141,0.7467050772524036,1.0,2.0,1.0,1.0,1.0,False
2069,IPR005141|IPR005142,0.7467050772524036,1.0,2.0,1.0,1.0,1.0,False
2070,IPR005142,0.7467050772524036,1.0,2.0,1.0,1.0,1.0,False
2071,IPR005176,0.9496481500857012,0.35476645916424515,3.0,1.0,0.5614328620219463,0.32,False
2072,IPR005189,0.9797694962308396,0.13935002550649572,5.0,1.0,0.39238233340166945,0.05,True
2073,IPR005225,0.6107769158044551,0.5396611035162351,58.0,1.0,0.7597898969668629,1.0,False
2074,IPR005326,0.981545808458133,0.25329492274759635,2.0,1.0,0.464928904382533,0.09,False
2075,IPR005398,0.7467050772524036,1.0,2.0,1.0,1.0,1.0,False
2076,IPR005474,0.981545808458133,0.25329492274759635,2.0,1.0,0.464928904382533,0.21,False
2077,IPR005474|IPR005475,0.981545808458133,0.25329492274759635,2.0,1.0,0.464928904382533,0.12,False
2078,IPR005474|IPR005475|IPR033248,0.981545808458133,0.25329492274759635,2.0,1.0,0.464928904382533,0.13,False
2079,IPR005475,0.820432669625457,0.4524654471140695,11.0,1.0,0.6660652322616516,0.67,False
2080,IPR005475|IPR031717,0.7467050772524036,1.0,2.0,1.0,1.0,1.0,False
2081,IPR005475|IPR033248,0.8606499744935043,0.5182306685589673,5.0,1.0,0.7304140383099247,0.52,False
2082,IPR005479,0.999967624821147,0.00023648483387589837,18.0,1.0,0.006864703014813296,0.0,True
2083,IPR005479|IPR005482,0.9996417964291472,0.0027692168523252613,12.0,1.0,0.039856667063968315,0.0,True
2084,IPR005479|IPR005482|IPR000891,0.9082977831884385,0.442454539948473,4.0,1.0,0.6543109925339897,0.14,False
2085,IPR005479|IPR005482|IPR049074,0.9999613122336617,0.0007623410020074928,7.0,1.0,0.016143508022019325,0.0,True
2086,IPR005479|IPR005483,0.9496481500857012,0.35476645916424515,3.0,1.0,0.5614328620219463,0.2,False
2087,IPR005479|IPR005483|IPR005480,0.981545808458133,0.25329492274759635,2.0,1.0,0.464928904382533,0.04,True
2088,IPR005479|IPR011607,0.981545808458133,0.25329492274759635,2.0,1.0,0.464928904382533,0.04,True
2089,IPR005480,0.981545808458133,0.25329492274759635,2.0,1.0,0.464928904382533,0.05,True
2090,IPR005480|IPR058047,0.981545808458133,0.25329492274759635,2.0,1.0,0.464928904382533,0.0,True
2091,IPR005480|IPR058047|IPR005479,0.981545808458133,0.25329492274759635,2.0,1.0,0.464928904382533,0.0,True
2092,IPR005481,0.9999965743301068,2.6903694518648683e-05,21.0,1.0,0.0012301892882996262,0.0,True
2093,IPR005481|IPR005479,0.9999219995485304,0.0006851072101331726,13.0,1.0,0.015324454349602177,0.0,True
2094,IPR005481|IPR005479|IPR005482,0.9991969710878346,0.006411304591168485,10.0,1.0,0.07546061690789878,0.0,True
2095,IPR005482,0.9996417964291472,0.0027692168523252613,12.0,1.0,0.039856667063968315,0.0,True
2096,IPR005482|IPR000891,0.9082977831884385,0.442454539948473,4.0,1.0,0.6543109925339897,0.15,False
2097,IPR005482|IPR000891|IPR003379,0.9082977831884385,0.442454539948473,4.0,1.0,0.6543109925339897,0.14,False
2098,IPR005482|IPR049074,0.9999613122336617,0.0007623410020074928,7.0,1.0,0.016143508022019325,0.0,True
2099,IPR005482|IPR049074|IPR000089,0.9999613122336617,0.0007623410020074928,7.0,1.0,0.016143508022019325,0.0,True
2100,IPR005483,0.9496481500857012,0.35476645916424515,3.0,1.0,0.5614328620219463,0.21,False
2101,IPR005483|IPR005479,0.9496481500857012,0.35476645916424515,3.0,1.0,0.5614328620219463,0.2,False
2102,IPR005483|IPR005479|IPR005483,0.9496481500857012,0.35476645916424515,3.0,1.0,0.5614328620219463,0.19,False
2103,IPR005483|IPR005480,0.981545808458133,0.25329492274759635,2.0,1.0,0.464928904382533,0.05,True
2104,IPR005483|IPR005480|IPR058047,0.981545808458133,0.25329492274759635,2.0,1.0,0.464928904382533,0.0,True
2105,IPR005483|IPR005483,0.9496481500857012,0.35476645916424515,3.0,1.0,0.5614328620219463,0.18,False
2106,IPR005483|IPR005483|IPR005479,0.9496481500857012,0.35476645916424515,3.0,1.0,0.5614328620219463,0.2,False
2107,IPR005491,0.9496481500857012,0.35476645916424515,3.0,1.0,0.5614328620219463,0.13,False
2108,IPR005533,0.6452335408357548,1.0,3.0,1.0,1.0,1.0,False
2109,IPR005549,0.981545808458133,0.25329492274759635,2.0,1.0,0.464928904382533,0.02,True
2110,IPR005559,0.7467050772524036,1.0,2.0,1.0,1.0,1.0,False
2111,IPR005559|IPR002909,0.7467050772524036,1.0,2.0,1.0,1.0,1.0,False
2112,IPR005576,0.9909985169829642,0.09170221681156158,4.0,1.0,0.28406795819264913,0.12,False
2113,IPR005617,0.981545808458133,0.25329492274759635,2.0,1.0,0.464928904382533,0.16,False
2114,IPR005637,0.9496481500857012,0.35476645916424515,3.0,1.0,0.5614328620219463,0.17,False
2115,IPR005788,0.7557987100438324,0.6402975194227803,7.0,1.0,0.8667585231484166,0.68,False
2116,IPR005793,0.7467050772524036,1.0,2.0,1.0,1.0,1.0,False
2117,IPR005793|IPR009081,0.7467050772524036,1.0,2.0,1.0,1.0,1.0,False
2118,IPR005793|IPR009081|IPR015590,0.7467050772524036,1.0,2.0,1.0,1.0,1.0,False
2119,IPR005804,0.6452335408357548,1.0,3.0,1.0,1.0,1.0,False
2120,IPR005811,0.8555285363580112,0.40284760770688294,10.0,1.0,0.6334490532627706,0.31,False
2121,IPR005818,0.9999967157255222,3.5796487524521974e-05,15.0,1.0,0.0015944866468896987,0.04,True
2122,IPR005818|IPR001965,0.9984845308177138,0.020230503769160375,5.0,1.0,0.11408695175018027,0.02,True
2123,IPR005818|IPR001965|IPR001965,0.9984845308177138,0.020230503769160375,5.0,1.0,0.11408695175018027,0.01,True
2124,IPR005821,0.9999960747633831,1.31316251645059e-05,76.0,1.0,0.0007456165629121098,0.82,False
2125,IPR005821|IPR000595,0.6452335408357548,1.0,3.0,1.0,1.0,1.0,False
2126,IPR005821|IPR003148,0.6452335408357548,1.0,3.0,1.0,1.0,1.0,False
2127,IPR005821|IPR003148|IPR003929,0.6452335408357548,1.0,3.0,1.0,1.0,1.0,False
2128,IPR005821|IPR005821,0.837121886480019,0.3734105393475189,16.0,1.0,0.5900343292992752,0.84,False
2129,IPR005821|IPR005821|IPR005821,0.6488276211060958,0.7314471424243904,9.0,1.0,0.9806402140391347,0.82,False
2130,IPR005821|IPR005821|IPR031649,0.310805609078997,1.0,8.0,1.0,1.0,1.0,False
2131,IPR005821|IPR010526,0.9992376589979926,0.008446415716188569,7.0,1.0,0.08677362453176146,0.07,False
2132,IPR005821|IPR010526|IPR005821,0.9992376589979926,0.008446415716188569,7.0,1.0,0.08677362453176146,0.03,True
2133,IPR005821|IPR024583,0.9996600111981438,0.009001483017035832,4.0,1.0,0.08677362453176146,0.03,True
2134,IPR005821|IPR024583|IPR005821,0.9974946376443489,0.050351849914298724,3.0,1.0,0.19708381075902243,0.04,True
2135,IPR005821|IPR031649,0.23204179816255327,1.0,10.0,1.0,1.0,1.0,False
2136,IPR005821|IPR031649|IPR014873,0.23204179816255327,1.0,10.0,1.0,1.0,1.0,False
2137,IPR005821|IPR032415,0.9974946376443489,0.050351849914298724,3.0,1.0,0.19708381075902243,0.01,True
2138,IPR005821|IPR044564,0.9959444841204863,0.03640549165880708,6.0,1.0,0.1776271722389577,0.03,True
2139,IPR005821|IPR044564|IPR005821,0.9959444841204863,0.03640549165880708,6.0,1.0,0.1776271722389577,0.03,True
2140,IPR005821|IPR058542,0.9959444841204863,0.03640549165880708,6.0,1.0,0.1776271722389577,0.1,False
2141,IPR005824,0.9635945083411929,0.19082229243034007,6.0,1.0,0.464928904382533,0.39,False
2142,IPR005824|IPR005824,0.981545808458133,0.25329492274759635,2.0,1.0,0.464928904382533,0.05,True
2143,IPR005824|IPR005824|IPR024945,0.981545808458133,0.25329492274759635,2.0,1.0,0.464928904382533,0.04,True
2144,IPR005824|IPR005824|IPR057936,0.981545808458133,0.25329492274759635,2.0,1.0,0.464928904382533,0.05,True
2145,IPR005824|IPR024945,0.981545808458133,0.25329492274759635,2.0,1.0,0.464928904382533,0.04,True
2146,IPR005824|IPR024945|IPR041980,0.981545808458133,0.25329492274759635,2.0,1.0,0.464928904382533,0.03,True
2147,IPR005824|IPR032277,0.981545808458133,0.25329492274759635,2.0,1.0,0.464928904382533,0.11,False
2148,IPR005824|IPR041973,0.981545808458133,0.25329492274759635,2.0,1.0,0.464928904382533,0.04,True
2149,IPR005824|IPR041973|IPR005824,0.981545808458133,0.25329492274759635,2.0,1.0,0.464928904382533,0.03,True
2150,IPR005824|IPR057936,0.981545808458133,0.25329492274759635,2.0,1.0,0.464928904382533,0.05,True
2151,IPR005824|IPR057936|IPR005824,0.981545808458133,0.25329492274759635,2.0,1.0,0.464928904382533,0.05,True
2152,IPR005835,0.7467050772524036,1.0,2.0,1.0,1.0,1.0,False
2153,IPR005845,0.981545808458133,0.25329492274759635,2.0,1.0,0.464928904382533,0.15,False
2154,IPR005845|IPR005846,0.981545808458133,0.25329492274759635,2.0,1.0,0.464928904382533,0.09,False
2155,IPR005846,0.981545808458133,0.25329492274759635,2.0,1.0,0.464928904382533,0.17,False
2156,IPR006011,0.9909985169829642,0.09170221681156158,4.0,1.0,0.28406795819264913,0.29,False
2157,IPR006011|IPR000727,0.9974946376443489,0.050351849914298724,3.0,1.0,0.19708381075902243,0.09,False
2158,IPR006019,0.9496481500857012,0.35476645916424515,3.0,1.0,0.5614328620219463,0.29,False
2159,IPR006019|IPR000980,0.9496481500857012,0.35476645916424515,3.0,1.0,0.5614328620219463,0.1,False
2160,IPR006020,0.998452004155305,0.005170766419451761,35.0,1.0,0.06256990653233548,0.44,False
2161,IPR006020|IPR001478,0.9909985169829642,0.09170221681156158,4.0,1.0,0.28406795819264913,0.07,False
2162,IPR006020|IPR001478|IPR001478,0.9909985169829642,0.09170221681156158,4.0,1.0,0.28406795819264913,0.03,True
2163,IPR006020|IPR006020,0.48176933144103273,1.0,5.0,1.0,1.0,1.0,False
2164,IPR006020|IPR022164,0.9959444841204863,0.03640549165880708,6.0,1.0,0.1776271722389577,0.0,True
2165,IPR006029,0.8058607458889676,0.3825095819957106,23.0,1.0,0.6042271507709681,0.97,False
2166,IPR006052,0.8606499744935043,0.5182306685589673,5.0,1.0,0.7304140383099247,0.83,False
2167,IPR006068,0.837121886480019,0.3734105393475189,16.0,1.0,0.5900343292992752,0.58,False
2168,IPR006068|IPR022141,0.41628765621530717,1.0,6.0,1.0,1.0,1.0,False
2169,IPR006068|IPR022141|IPR022141,0.6452335408357548,1.0,3.0,1.0,1.0,1.0,False
2170,IPR006073,0.8091777075696599,0.5837123437846928,6.0,1.0,0.8021387447700818,0.83,False
2171,IPR006076,0.9635945083411929,0.19082229243034007,6.0,1.0,0.464928904382533,0.22,False
2172,IPR006076|IPR031656,0.981545808458133,0.25329492274759635,2.0,1.0,0.464928904382533,0.03,True
2173,IPR006076|IPR031656|IPR002048,0.981545808458133,0.25329492274759635,2.0,1.0,0.464928904382533,0.0,True
2174,IPR006076|IPR032503,0.981545808458133,0.25329492274759635,2.0,1.0,0.464928904382533,0.04,True
2175,IPR006076|IPR032503|IPR006222,0.981545808458133,0.25329492274759635,2.0,1.0,0.464928904382533,0.01,True
2176,IPR006083,1.0,0.0003399888018561897,4.0,1.0,0.008917371264928588,0.0,True
2177,IPR006091,0.998195126511336,0.01508795794371311,8.0,1.0,0.11408695175018027,0.23,False
2178,IPR006091|IPR009075,0.9959444841204863,0.03640549165880708,6.0,1.0,0.1776271722389577,0.06,False
2179,IPR006094,0.981545808458133,0.25329492274759635,2.0,1.0,0.464928904382533,0.21,False
2180,IPR006098,0.7467050772524036,1.0,2.0,1.0,1.0,1.0,False
2181,IPR006108,0.48176933144103273,1.0,5.0,1.0,1.0,1.0,False
2182,IPR006108|IPR006108,0.6452335408357548,1.0,3.0,1.0,1.0,1.0,False
2183,IPR006109,0.7467050772524036,1.0,2.0,1.0,1.0,1.0,False
2184,IPR006114,0.7467050772524036,1.0,2.0,1.0,1.0,1.0,False
2185,IPR006115,0.6452335408357548,1.0,3.0,1.0,1.0,1.0,False
2186,IPR006115|IPR006114,0.7467050772524036,1.0,2.0,1.0,1.0,1.0,False
2187,IPR006116,0.981545808458133,0.25329492274759635,2.0,1.0,0.464928904382533,0.25,False
2188,IPR006116|IPR018952,0.981545808458133,0.25329492274759635,2.0,1.0,0.464928904382533,0.21,False
2189,IPR006116|IPR018952|IPR002934,0.981545808458133,0.25329492274759635,2.0,1.0,0.464928904382533,0.09,False
2190,IPR006133,0.9959444841204863,0.03640549165880708,6.0,1.0,0.1776271722389577,0.07,False
2191,IPR006133|IPR006134,0.9974946376443489,0.050351849914298724,3.0,1.0,0.19708381075902243,0.0,True
2192,IPR006134,0.9974946376443489,0.050351849914298724,3.0,1.0,0.19708381075902243,0.0,True
2193,IPR006139,0.7467050772524036,1.0,2.0,1.0,1.0,1.0,False
2194,IPR006145,0.981545808458133,0.25329492274759635,2.0,1.0,0.464928904382533,0.13,False
2195,IPR006164,0.6452335408357548,1.0,3.0,1.0,1.0,1.0,False
2196,IPR006166,0.6452335408357548,1.0,3.0,1.0,1.0,1.0,False
2197,IPR006169,0.6452335408357548,1.0,3.0,1.0,1.0,1.0,False
2198,IPR006169|IPR006073,0.7467050772524036,1.0,2.0,1.0,1.0,1.0,False
2199,IPR006171,0.9999991524661318,3.86877663383175e-05,7.0,1.0,0.0016385220382793976,0.0,True
2200,IPR006171|IPR003601,0.9996600111981438,0.009001483017035832,4.0,1.0,0.08677362453176146,0.0,True
2201,IPR006171|IPR031660,1.0,0.0025053623556511003,3.0,1.0,0.03667197533045109,0.0,True
2202,IPR006171|IPR031660|IPR002205,1.0,0.018454191541866973,2.0,1.0,0.11408695175018027,0.0,True
2203,IPR006176,0.8606499744935043,0.5182306685589673,5.0,1.0,0.7304140383099247,0.4,False
2204,IPR006176|IPR006108,0.557545460051527,1.0,4.0,1.0,1.0,1.0,False
2205,IPR006176|IPR006108|IPR006108,0.6452335408357548,1.0,3.0,1.0,1.0,1.0,False
2206,IPR006202,0.597152392293117,0.7679582018374467,10.0,1.0,1.0,1.0,False
2207,IPR006202|IPR006029,0.597152392293117,0.7679582018374467,10.0,1.0,1.0,1.0,False
2208,IPR006207,0.9935886954088315,0.03618011510147109,10.0,1.0,0.1776271722389577,0.39,False
2209,IPR006211,0.9938444965520491,0.018905274480514513,31.0,1.0,0.11408695175018027,0.15,False
2210,IPR006211|IPR000494,0.9905667890506991,0.02883164887525016,28.0,1.0,0.15469691561621762,0.18,False
2211,IPR006211|IPR000494|IPR003961,0.9797694962308396,0.13935002550649572,5.0,1.0,0.39238233340166945,0.13,False
2212,IPR006211|IPR000494|IPR032778,0.6660642904951446,0.62445443063305,15.0,1.0,0.8549433076526151,0.53,False
2213,IPR006222,0.9974946376443489,0.050351849914298724,3.0,1.0,0.19708381075902243,0.02,True
2214,IPR006222|IPR013977,1.0,0.018454191541866973,2.0,1.0,0.11408695175018027,0.01,True
2215,IPR006545,0.97572740910265,0.1119840590798335,9.0,1.0,0.3381774595356515,0.1,False
2216,IPR006554,0.981545808458133,0.25329492274759635,2.0,1.0,0.464928904382533,0.13,False
2217,IPR006555,0.9999538812932512,0.001515469182286134,5.0,1.0,0.02627660827138408,0.0,True
2218,IPR006558,0.981545808458133,0.25329492274759635,2.0,1.0,0.464928904382533,0.17,False
2219,IPR006558|IPR000800,0.981545808458133,0.25329492274759635,2.0,1.0,0.464928904382533,0.13,False
2220,IPR006560,0.9999970091968184,2.1206096895337348e-05,24.0,1.0,0.0010702865382945024,0.0,True
2221,IPR006560|IPR001214,0.9999983241268061,1.460568161959405e-05,20.0,1.0,0.0008114791067574458,0.0,True
2222,IPR006560|IPR001214|IPR003616,0.9999983241268061,1.460568161959405e-05,20.0,1.0,0.0008114791067574458,0.0,True
2223,IPR006561,1.0,0.018454191541866973,2.0,1.0,0.11408695175018027,0.01,True
2224,IPR006565,0.9992376589979926,0.008446415716188569,7.0,1.0,0.08677362453176146,0.0,True
2225,IPR006565|IPR019473,0.9996600111981438,0.009001483017035832,4.0,1.0,0.08677362453176146,0.0,True
2226,IPR006568,0.9909985169829642,0.09170221681156158,4.0,1.0,0.28406795819264913,0.03,True
2227,IPR006569,0.9915535842838115,0.05737479861577096,7.0,1.0,0.2140473533918329,0.15,False
2228,IPR006571,0.9082977831884385,0.442454539948473,4.0,1.0,0.6543109925339897,0.52,False
2229,IPR006573,1.0,0.018454191541866973,2.0,1.0,0.11408695175018027,0.07,False
2230,IPR006575,0.9991969710878346,0.006411304591168485,10.0,1.0,0.07546061690789878,0.08,False
2231,IPR006575|IPR000719,0.9496481500857012,0.35476645916424515,3.0,1.0,0.5614328620219463,0.14,False
2232,IPR006575|IPR000719|IPR000719,0.981545808458133,0.25329492274759635,2.0,1.0,0.464928904382533,0.0,True
2233,IPR006575|IPR001841,1.0,0.018454191541866973,2.0,1.0,0.11408695175018027,0.0,True
2234,IPR006576,0.9796864726901169,0.06994573246212746,17.0,1.0,0.2565007804342176,0.1,False
2235,IPR006576|IPR000330,0.998436289788411,0.010450966574151375,11.0,1.0,0.0971225616702161,0.0,True
2236,IPR006576|IPR000330|IPR001650,0.9172530969809943,0.2980194189352218,8.0,1.0,0.5376628273876715,0.09,False
2237,IPR006576|IPR006576,0.6452335408357548,1.0,3.0,1.0,1.0,1.0,False
2238,IPR006577,0.9635945083411929,0.19082229243034007,6.0,1.0,0.464928904382533,0.11,False
2239,IPR006577|IPR001012,0.9909985169829642,0.09170221681156158,4.0,1.0,0.28406795819264913,0.05,True
2240,IPR006581,0.9082977831884385,0.442454539948473,4.0,1.0,0.6543109925339897,0.32,False
2241,IPR006586,0.9999998335677646,1.3568331278293076e-06,26.0,1.0,0.00011882638595752597,0.01,True
2242,IPR006586|IPR000742,0.9972307831476748,0.015937930661170028,12.0,1.0,0.11408695175018027,0.2,False
2243,IPR006586|IPR045371,0.9997545541663276,0.004055515879513668,6.0,1.0,0.05084252807529078,0.01,True
2244,IPR006586|IPR045371|IPR010294,0.9997545541663276,0.004055515879513668,6.0,1.0,0.05084252807529078,0.01,True
2245,IPR006595,0.9797694962308396,0.13935002550649572,5.0,1.0,0.39238233340166945,0.34,False
2246,IPR006599,0.7019805810647781,0.689194390921003,8.0,1.0,0.9276028699892739,0.76,False
2247,IPR006599|IPR006599,0.7019805810647781,0.689194390921003,8.0,1.0,0.9276028699892739,0.77,False
2248,IPR006602,0.981545808458133,0.25329492274759635,2.0,1.0,0.464928904382533,0.26,False
2249,IPR006605,0.9974946376443489,0.050351849914298724,3.0,1.0,0.19708381075902243,0.06,False
2250,IPR006605|IPR000742,0.9974946376443489,0.050351849914298724,3.0,1.0,0.19708381075902243,0.06,False
2251,IPR006605|IPR000742|IPR000742,0.9974946376443489,0.050351849914298724,3.0,1.0,0.19708381075902243,0.05,True
2252,IPR006608,0.9996600111981438,0.009001483017035832,4.0,1.0,0.08677362453176146,0.0,True
2253,IPR006608|IPR006608,1.0,0.0025053623556511003,3.0,1.0,0.03667197533045109,0.0,True
2254,IPR006608|IPR006608|IPR006608,1.0,0.0025053623556511003,3.0,1.0,0.03667197533045109,0.0,True
2255,IPR006612,1.0,0.018454191541866973,2.0,1.0,0.11408695175018027,0.19,False
2256,IPR006615,0.9300542675378726,0.19147269230701303,17.0,1.0,0.464928904382533,0.28,False
2257,IPR006615|IPR006615,0.981545808458133,0.25329492274759635,2.0,1.0,0.464928904382533,0.08,False
2258,IPR006615|IPR028135,0.597152392293117,0.7679582018374467,10.0,1.0,1.0,1.0,False
2259,IPR006615|IPR028135|IPR001394,0.557545460051527,1.0,4.0,1.0,1.0,1.0,False
2260,IPR006620,1.0,0.018454191541866973,2.0,1.0,0.11408695175018027,0.0,True
2261,IPR006620|IPR005123,1.0,0.018454191541866973,2.0,1.0,0.11408695175018027,0.0,True
2262,IPR006629,0.942625201384229,0.2442012899561677,7.0,1.0,0.464928904382533,0.11,False
2263,IPR006630,0.9082977831884385,0.442454539948473,4.0,1.0,0.6543109925339897,0.54,False
2264,IPR006630|IPR000504,0.7467050772524036,1.0,2.0,1.0,1.0,1.0,False
2265,IPR006630|IPR000504|IPR014886,0.7467050772524036,1.0,2.0,1.0,1.0,1.0,False
2266,IPR006634,0.6488276211060958,0.7314471424243904,9.0,1.0,0.9806402140391347,0.9,False
2267,IPR006636,0.9999933968298947,4.7204218932010776e-05,22.0,1.0,0.0018761861478592283,0.02,True
2268,IPR006636|IPR006636,0.9999990909979657,2.371282588951371e-05,9.0,1.0,0.0011240749667074984,0.0,True
2269,IPR006636|IPR006636|IPR006636,0.9996600111981438,0.009001483017035832,4.0,1.0,0.08677362453176146,0.02,True
2270,IPR006636|IPR006636|IPR015940,0.9999937467186361,0.0002454458336723676,6.0,1.0,0.0068924925140495825,0.0,True
2271,IPR006636|IPR015940,0.9999960011868689,6.971218899254965e-05,10.0,1.0,0.002554630358329816,0.0,True
2272,IPR006638,0.820432669625457,0.4524654471140695,11.0,1.0,0.6660652322616516,0.46,False
2273,IPR006638|IPR002792,0.9797694962308396,0.13935002550649572,5.0,1.0,0.39238233340166945,0.05,True
2274,IPR006638|IPR032432,0.7467050772524036,1.0,2.0,1.0,1.0,1.0,False
2275,IPR006641,0.9496481500857012,0.35476645916424515,3.0,1.0,0.5614328620219463,0.22,False
2276,IPR006641|IPR032706,0.981545808458133,0.25329492274759635,2.0,1.0,0.464928904382533,0.05,True
2277,IPR006641|IPR032706|IPR041692,0.981545808458133,0.25329492274759635,2.0,1.0,0.464928904382533,0.05,True
2278,IPR006642,0.9996600111981438,0.009001483017035832,4.0,1.0,0.08677362453176146,0.12,False
2279,IPR006642|IPR003034,1.0,0.018454191541866973,2.0,1.0,0.11408695175018027,0.0,True
2280,IPR006643,0.9959444841204863,0.03640549165880708,6.0,1.0,0.1776271722389577,0.05,True
2281,IPR006643|IPR001781,0.9082977831884385,0.442454539948473,4.0,1.0,0.6543109925339897,0.22,False
2282,IPR006667,0.8606499744935043,0.5182306685589673,5.0,1.0,0.7304140383099247,0.53,False
2283,IPR006667|IPR006667,0.981545808458133,0.25329492274759635,2.0,1.0,0.464928904382533,0.06,False
2284,IPR006671,0.9796864726901169,0.06994573246212746,17.0,1.0,0.2565007804342176,0.68,False
2285,IPR006671|IPR004367,0.7557987100438324,0.6402975194227803,7.0,1.0,0.8667585231484166,0.74,False
2286,IPR006683,0.97572740910265,0.1119840590798335,9.0,1.0,0.3381774595356515,0.26,False
2287,IPR006683|IPR006683,0.9974946376443489,0.050351849914298724,3.0,1.0,0.19708381075902243,0.01,True
2288,IPR006692,0.8091777075696599,0.5837123437846928,6.0,1.0,0.8021387447700818,0.3,False
2289,IPR006692|IPR056176,0.8091777075696599,0.5837123437846928,6.0,1.0,0.8021387447700818,0.3,False
2290,IPR006692|IPR056176|IPR010714,0.9082977831884385,0.442454539948473,4.0,1.0,0.6543109925339897,0.08,False
2291,IPR006693,0.7467050772524036,1.0,2.0,1.0,1.0,1.0,False
2292,IPR006694,0.7467050772524036,1.0,2.0,1.0,1.0,1.0,False
2293,IPR006703,0.6452335408357548,1.0,3.0,1.0,1.0,1.0,False
2294,IPR006715,0.9082977831884385,0.442454539948473,4.0,1.0,0.6543109925339897,0.16,False
2295,IPR006715|IPR000418,0.9082977831884385,0.442454539948473,4.0,1.0,0.6543109925339897,0.09,False
2296,IPR006723,0.9797694962308396,0.13935002550649572,5.0,1.0,0.39238233340166945,0.04,True
2297,IPR006767,0.9496481500857012,0.35476645916424515,3.0,1.0,0.5614328620219463,0.16,False
2298,IPR006768,0.9496481500857012,0.35476645916424515,3.0,1.0,0.5614328620219463,0.18,False
2299,IPR006768|IPR006767,0.9496481500857012,0.35476645916424515,3.0,1.0,0.5614328620219463,0.15,False
2300,IPR006769,0.9496481500857012,0.35476645916424515,3.0,1.0,0.5614328620219463,0.15,False
2301,IPR006782,0.9797694962308396,0.13935002550649572,5.0,1.0,0.39238233340166945,0.05,True
2302,IPR006895,0.9996600111981438,0.009001483017035832,4.0,1.0,0.08677362453176146,0.07,False
2303,IPR006897,1.0,0.018454191541866973,2.0,1.0,0.11408695175018027,0.0,True
2304,IPR006899,0.981545808458133,0.25329492274759635,2.0,1.0,0.464928904382533,0.09,False
2305,IPR006900,0.7467050772524036,1.0,2.0,1.0,1.0,1.0,False
2306,IPR006900|IPR007123,0.7467050772524036,1.0,2.0,1.0,1.0,1.0,False
2307,IPR006910,0.9974946376443489,0.050351849914298724,3.0,1.0,0.19708381075902243,0.02,True
2308,IPR006910|IPR049589,0.981545808458133,0.25329492274759635,2.0,1.0,0.464928904382533,0.05,True
2309,IPR006925,0.7467050772524036,1.0,2.0,1.0,1.0,1.0,False
2310,IPR006935,0.7467050772524036,1.0,2.0,1.0,1.0,1.0,False
2311,IPR006964,1.0,0.018454191541866973,2.0,1.0,0.11408695175018027,0.01,True
2312,IPR006977,0.7467050772524036,1.0,2.0,1.0,1.0,1.0,False
2313,IPR006988,0.981545808458133,0.25329492274759635,2.0,1.0,0.464928904382533,0.13,False
2314,IPR006988|IPR006989,0.981545808458133,0.25329492274759635,2.0,1.0,0.464928904382533,0.13,False
2315,IPR006989,0.981545808458133,0.25329492274759635,2.0,1.0,0.464928904382533,0.13,False
2316,IPR007010,0.9496481500857012,0.35476645916424515,3.0,1.0,0.5614328620219463,0.28,False
2317,IPR007012,0.9496481500857012,0.35476645916424515,3.0,1.0,0.5614328620219463,0.32,False
2318,IPR007012|IPR007010,0.9496481500857012,0.35476645916424515,3.0,1.0,0.5614328620219463,0.32,False
2319,IPR007036,0.7467050772524036,1.0,2.0,1.0,1.0,1.0,False
2320,IPR007052,0.949117514311489,0.179567330374543,11.0,1.0,0.464928904382533,0.55,False
2321,IPR007053,0.9496481500857012,0.35476645916424515,3.0,1.0,0.5614328620219463,0.54,False
2322,IPR007066,0.981545808458133,0.25329492274759635,2.0,1.0,0.464928904382533,0.2,False
2323,IPR007066|IPR007083,0.981545808458133,0.25329492274759635,2.0,1.0,0.464928904382533,0.12,False
2324,IPR007080,0.981545808458133,0.25329492274759635,2.0,1.0,0.464928904382533,0.2,False
2325,IPR007080|IPR000722,0.981545808458133,0.25329492274759635,2.0,1.0,0.464928904382533,0.14,False
2326,IPR007080|IPR000722|IPR007066,0.981545808458133,0.25329492274759635,2.0,1.0,0.464928904382533,0.11,False
2327,IPR007083,0.9496481500857012,0.35476645916424515,3.0,1.0,0.5614328620219463,0.34,False
2328,IPR007084,0.9082977831884385,0.442454539948473,4.0,1.0,0.6543109925339897,0.54,False
2329,IPR007110,0.9358542789813171,0.15087753823616917,27.0,1.0,0.4171130230424217,1.0,False
2330,IPR007110|IPR003598,0.9638198848985289,0.14447146364198882,10.0,1.0,0.4000450442862573,0.42,False
2331,IPR007110|IPR003598|IPR003599,0.7467050772524036,1.0,2.0,1.0,1.0,1.0,False
2332,IPR007110|IPR003599,0.7467050772524036,1.0,2.0,1.0,1.0,1.0,False
2333,IPR007110|IPR041182,0.7467050772524036,1.0,2.0,1.0,1.0,1.0,False
2334,IPR007111,0.9999302878110075,0.0008030289121654039,10.0,1.0,0.016866871500644885,0.24,False
2335,IPR007111|IPR041075,0.9999538812932512,0.001515469182286134,5.0,1.0,0.02627660827138408,0.09,False
2336,IPR007111|IPR041075|IPR041267,0.9999538812932512,0.001515469182286134,5.0,1.0,0.02627660827138408,0.08,False
2337,IPR007111|IPR041267,0.981545808458133,0.25329492274759635,2.0,1.0,0.464928904382533,0.38,False
2338,IPR007111|IPR048900,0.7467050772524036,1.0,2.0,1.0,1.0,1.0,False
2339,IPR007120,0.6452335408357548,1.0,3.0,1.0,1.0,1.0,False
2340,IPR007120|IPR007641,0.6452335408357548,1.0,3.0,1.0,1.0,1.0,False
2341,IPR007123,0.9895611856323774,0.042680964302383335,15.0,1.0,0.19708381075902243,0.34,False
2342,IPR007123|IPR003128,0.9849120420562869,0.0827469030190057,8.0,1.0,0.28406795819264913,0.09,False
2343,IPR007123|IPR007123,0.9635945083411929,0.19082229243034007,6.0,1.0,0.464928904382533,0.39,False
2344,IPR007123|IPR007123|IPR003128,0.9496481500857012,0.35476645916424515,3.0,1.0,0.5614328620219463,0.23,False
2345,IPR007123|IPR007123|IPR007123,0.9635945083411929,0.19082229243034007,6.0,1.0,0.464928904382533,0.35,False
2346,IPR007125,0.942625201384229,0.2442012899561677,7.0,1.0,0.464928904382533,1.0,False
2347,IPR007138,0.7467050772524036,1.0,2.0,1.0,1.0,1.0,False
2348,IPR007185,0.9082977831884385,0.442454539948473,4.0,1.0,0.6543109925339897,0.31,False
2349,IPR007191,0.9984845308177138,0.020230503769160375,5.0,1.0,0.11408695175018027,0.0,True
2350,IPR007230,0.9909985169829642,0.09170221681156158,4.0,1.0,0.28406795819264913,0.05,True
2351,IPR007230|IPR021967,0.9909985169829642,0.09170221681156158,4.0,1.0,0.28406795819264913,0.01,True
2352,IPR007249,0.7467050772524036,1.0,2.0,1.0,1.0,1.0,False
2353,IPR007275,0.7467050772524036,1.0,2.0,1.0,1.0,1.0,False
2354,IPR007282,0.9496481500857012,0.35476645916424515,3.0,1.0,0.5614328620219463,0.2,False
2355,IPR007365,0.9496481500857012,0.35476645916424515,3.0,1.0,0.5614328620219463,0.32,False
2356,IPR007379,0.6452335408357548,1.0,3.0,1.0,1.0,1.0,False
2357,IPR007397,0.9496481500857012,0.35476645916424515,3.0,1.0,0.5614328620219463,0.21,False
2358,IPR007472,0.981545808458133,0.25329492274759635,2.0,1.0,0.464928904382533,0.03,True
2359,IPR007474,1.0,0.018454191541866973,2.0,1.0,0.11408695175018027,0.0,True
2360,IPR007477,0.9972307831476748,0.015937930661170028,12.0,1.0,0.11408695175018027,0.01,True
2361,IPR007477|IPR008379,0.9915535842838115,0.05737479861577096,7.0,1.0,0.2140473533918329,0.0,True
2362,IPR007484,0.9998631784899864,0.0018048734886640262,8.0,1.0,0.029890324730535326,0.03,True
2363,IPR007502,0.9115106262561296,0.2550828298051015,13.0,1.0,0.46704924932776737,0.64,False
2364,IPR007502|IPR011709,0.9316452367978186,0.21663818609866356,12.0,1.0,0.464928904382533,0.53,False
2365,IPR007502|IPR011709|IPR056371,0.981545808458133,0.25329492274759635,2.0,1.0,0.464928904382533,0.01,True
2366,IPR007526,0.9935886954088315,0.03618011510147109,10.0,1.0,0.1776271722389577,0.06,False
2367,IPR007526|IPR001005,0.8606499744935043,0.5182306685589673,5.0,1.0,0.7304140383099247,0.21,False
2368,IPR007526|IPR001005|IPR032448,0.8606499744935043,0.5182306685589673,5.0,1.0,0.7304140383099247,0.19,False
2369,IPR007527,0.998195126511336,0.01508795794371311,8.0,1.0,0.11408695175018027,0.11,False
2370,IPR007527|IPR048370,0.9496481500857012,0.35476645916424515,3.0,1.0,0.5614328620219463,0.15,False
2371,IPR007604,0.9999538812932512,0.001515469182286134,5.0,1.0,0.02627660827138408,0.02,True
2372,IPR007638,0.7467050772524036,1.0,2.0,1.0,1.0,1.0,False
2373,IPR007639,0.7467050772524036,1.0,2.0,1.0,1.0,1.0,False
2374,IPR007639|IPR007638,0.7467050772524036,1.0,2.0,1.0,1.0,1.0,False
2375,IPR007641,0.6452335408357548,1.0,3.0,1.0,1.0,1.0,False
2376,IPR007645,0.6452335408357548,1.0,3.0,1.0,1.0,1.0,False
2377,IPR007645|IPR009674,0.7467050772524036,1.0,2.0,1.0,1.0,1.0,False
2378,IPR007645|IPR009674|IPR007120,0.7467050772524036,1.0,2.0,1.0,1.0,1.0,False
2379,IPR007651,0.9909985169829642,0.09170221681156158,4.0,1.0,0.28406795819264913,0.09,False
2380,IPR007651|IPR031703,0.9909985169829642,0.09170221681156158,4.0,1.0,0.28406795819264913,0.02,True
2381,IPR007651|IPR031703|IPR013209,0.9909985169829642,0.09170221681156158,4.0,1.0,0.28406795819264913,0.01,True
2382,IPR007652,0.981545808458133,0.25329492274759635,2.0,1.0,0.464928904382533,0.14,False
2383,IPR007668,0.9797694962308396,0.13935002550649572,5.0,1.0,0.39238233340166945,0.1,False
2384,IPR007668|IPR003150,0.9082977831884385,0.442454539948473,4.0,1.0,0.6543109925339897,0.3,False
2385,IPR007668|IPR003150|IPR057321,0.9082977831884385,0.442454539948473,4.0,1.0,0.6543109925339897,0.2,False
2386,IPR007695,0.9909985169829642,0.09170221681156158,4.0,1.0,0.28406795819264913,0.09,False
2387,IPR007695|IPR007860,0.9974946376443489,0.050351849914298724,3.0,1.0,0.19708381075902243,0.05,True
2388,IPR007696,0.981545808458133,0.25329492274759635,2.0,1.0,0.464928904382533,0.2,False
2389,IPR007696|IPR000432,0.981545808458133,0.25329492274759635,2.0,1.0,0.464928904382533,0.13,False
2390,IPR007705,0.9997545541663276,0.004055515879513668,6.0,1.0,0.05084252807529078,0.0,True
2391,IPR007707,0.9996369611217383,0.0036071667516669446,9.0,1.0,0.04904797527858711,0.0,True
2392,IPR007716,0.9996600111981438,0.009001483017035832,4.0,1.0,0.08677362453176146,0.0,True
2393,IPR007716|IPR007717,0.9974946376443489,0.050351849914298724,3.0,1.0,0.19708381075902243,0.0,True
2394,IPR007716|IPR007717|IPR001876,0.9974946376443489,0.050351849914298724,3.0,1.0,0.19708381075902243,0.0,True
2395,IPR007717,0.9974946376443489,0.050351849914298724,3.0,1.0,0.19708381075902243,0.0,True
2396,IPR007717|IPR001876,0.9974946376443489,0.050351849914298724,3.0,1.0,0.19708381075902243,0.0,True
2397,IPR007722,0.7467050772524036,1.0,2.0,1.0,1.0,1.0,False
2398,IPR007725,0.981545808458133,0.25329492274759635,2.0,1.0,0.464928904382533,0.01,True
2399,IPR007726,0.9849120420562869,0.0827469030190057,8.0,1.0,0.28406795819264913,0.1,False
2400,IPR007728,1.0,0.018454191541866973,2.0,1.0,0.11408695175018027,0.06,False
2401,IPR007728|IPR001214,1.0,0.018454191541866973,2.0,1.0,0.11408695175018027,0.02,True
2402,IPR007735,1.0,0.018454191541866973,2.0,1.0,0.11408695175018027,0.01,True
2403,IPR007758,0.6452335408357548,1.0,3.0,1.0,1.0,1.0,False
2404,IPR007759,0.9974946376443489,0.050351849914298724,3.0,1.0,0.19708381075902243,0.06,False
2405,IPR007794,0.9909985169829642,0.09170221681156158,4.0,1.0,0.28406795819264913,0.13,False
2406,IPR007794|IPR007794,0.9974946376443489,0.050351849914298724,3.0,1.0,0.19708381075902243,0.0,True
2407,IPR007829,0.7467050772524036,1.0,2.0,1.0,1.0,1.0,False
2408,IPR007848,0.6452335408357548,1.0,3.0,1.0,1.0,1.0,False
2409,IPR007850,0.7467050772524036,1.0,2.0,1.0,1.0,1.0,False
2410,IPR007854,0.9909985169829642,0.09170221681156158,4.0,1.0,0.28406795819264913,0.03,True
2411,IPR007856,0.9496481500857012,0.35476645916424515,3.0,1.0,0.5614328620219463,0.45,False
2412,IPR007856|IPR008138,0.9496481500857012,0.35476645916424515,3.0,1.0,0.5614328620219463,0.45,False
2413,IPR007856|IPR008138|IPR008139,0.981545808458133,0.25329492274759635,2.0,1.0,0.464928904382533,0.03,True
2414,IPR007860,0.9909985169829642,0.09170221681156158,4.0,1.0,0.28406795819264913,0.12,False
2415,IPR007860|IPR007696,0.981545808458133,0.25329492274759635,2.0,1.0,0.464928904382533,0.11,False
2416,IPR007860|IPR007696|IPR000432,0.981545808458133,0.25329492274759635,2.0,1.0,0.464928904382533,0.06,False
2417,IPR007863,0.9849120420562869,0.0827469030190057,8.0,1.0,0.28406795819264913,0.13,False
2418,IPR007863|IPR032632,0.981545808458133,0.25329492274759635,2.0,1.0,0.464928904382533,0.05,True
2419,IPR007865,0.9909985169829642,0.09170221681156158,4.0,1.0,0.28406795819264913,0.09,False
2420,IPR007886,0.9974946376443489,0.050351849914298724,3.0,1.0,0.19708381075902243,0.04,True
2421,IPR007900,0.7467050772524036,1.0,2.0,1.0,1.0,1.0,False
2422,IPR007934,0.981545808458133,0.25329492274759635,2.0,1.0,0.464928904382533,0.14,False
2423,IPR008011,0.8091777075696599,0.5837123437846928,6.0,1.0,0.8021387447700818,0.83,False
2424,IPR008138,0.9797694962308396,0.13935002550649572,5.0,1.0,0.39238233340166945,0.34,False
2425,IPR008138|IPR008139,0.981545808458133,0.25329492274759635,2.0,1.0,0.464928904382533,0.05,True
2426,IPR008139,0.9974946376443489,0.050351849914298724,3.0,1.0,0.19708381075902243,0.1,False
2427,IPR008144,0.747398803101664,0.48770164892819157,19.0,1.0,0.7175268849692386,0.84,False
2428,IPR008145,0.48176933144103273,1.0,5.0,1.0,1.0,1.0,False
2429,IPR008146,0.7467050772524036,1.0,2.0,1.0,1.0,1.0,False
2430,IPR008147,0.7467050772524036,1.0,2.0,1.0,1.0,1.0,False
2431,IPR008147|IPR008146,0.7467050772524036,1.0,2.0,1.0,1.0,1.0,False
2432,IPR008152,0.97572740910265,0.1119840590798335,9.0,1.0,0.3381774595356515,0.19,False
2433,IPR008152|IPR003164,0.9496481500857012,0.35476645916424515,3.0,1.0,0.5614328620219463,0.13,False
2434,IPR008152|IPR015151,0.9496481500857012,0.35476645916424515,3.0,1.0,0.5614328620219463,0.11,False
2435,IPR008154,0.8606499744935043,0.5182306685589673,5.0,1.0,0.7304140383099247,0.42,False
2436,IPR008154|IPR002223,0.9082977831884385,0.442454539948473,4.0,1.0,0.6543109925339897,0.28,False
2437,IPR008154|IPR002223|IPR024329,0.9496481500857012,0.35476645916424515,3.0,1.0,0.5614328620219463,0.1,False
2438,IPR008197,0.48176933144103273,1.0,5.0,1.0,1.0,1.0,False
2439,IPR008197|IPR008197,0.7467050772524036,1.0,2.0,1.0,1.0,1.0,False
2440,IPR008211,0.9968460614602445,0.013046618660657608,20.0,1.0,0.11408695175018027,0.29,False
2441,IPR008211|IPR002049,0.9952700799613231,0.020313527309883075,17.0,1.0,0.11408695175018027,0.23,False
2442,IPR008211|IPR002049|IPR000742,0.9991969710878346,0.006411304591168485,10.0,1.0,0.07546061690789878,0.05,True
2443,IPR008211|IPR002049|IPR002049,0.8091777075696599,0.5837123437846928,6.0,1.0,0.8021387447700818,0.76,False
2444,IPR008253,0.9984845308177138,0.020230503769160375,5.0,1.0,0.11408695175018027,0.39,False
2445,IPR008269,0.981545808458133,0.25329492274759635,2.0,1.0,0.464928904382533,0.11,False
2446,IPR008331,0.981545808458133,0.25329492274759635,2.0,1.0,0.464928904382533,0.3,False
2447,IPR008332,0.981545808458133,0.25329492274759635,2.0,1.0,0.464928904382533,0.01,True
2448,IPR008332|IPR014048,0.981545808458133,0.25329492274759635,2.0,1.0,0.464928904382533,0.01,True
2449,IPR008336,0.9974946376443489,0.050351849914298724,3.0,1.0,0.19708381075902243,0.0,True
2450,IPR008336|IPR013499,0.981545808458133,0.25329492274759635,2.0,1.0,0.464928904382533,0.03,True
2451,IPR008376,1.0,0.018454191541866973,2.0,1.0,0.11408695175018027,0.01,True
2452,IPR008376|IPR008376,1.0,0.018454191541866973,2.0,1.0,0.11408695175018027,0.01,True
2453,IPR008379,0.998195126511336,0.01508795794371311,8.0,1.0,0.11408695175018027,0.0,True
2454,IPR008395,0.9984845308177138,0.020230503769160375,5.0,1.0,0.11408695175018027,0.0,True
2455,IPR008395|IPR040472,0.9996600111981438,0.009001483017035832,4.0,1.0,0.08677362453176146,0.0,True
2456,IPR008395|IPR040472|IPR004087,0.9974946376443489,0.050351849914298724,3.0,1.0,0.19708381075902243,0.0,True
2457,IPR008399,0.7467050772524036,1.0,2.0,1.0,1.0,1.0,False
2458,IPR008598,0.7467050772524036,1.0,2.0,1.0,1.0,1.0,False
2459,IPR008636,0.9974946376443489,0.050351849914298724,3.0,1.0,0.19708381075902243,0.01,True
2460,IPR008664,0.7467050772524036,1.0,2.0,1.0,1.0,1.0,False
2461,IPR008753,0.981545808458133,0.25329492274759635,2.0,1.0,0.464928904382533,0.33,False
2462,IPR008753|IPR018497,0.981545808458133,0.25329492274759635,2.0,1.0,0.464928904382533,0.09,False
2463,IPR008778,0.9496481500857012,0.35476645916424515,3.0,1.0,0.5614328620219463,0.12,False
2464,IPR008847,0.6452335408357548,1.0,3.0,1.0,1.0,1.0,False
2465,IPR008859,0.7467050772524036,1.0,2.0,1.0,1.0,1.0,False
2466,IPR008899,0.9909985169829642,0.09170221681156158,4.0,1.0,0.28406795819264913,0.04,True
2467,IPR008899|IPR008899,0.981545808458133,0.25329492274759635,2.0,1.0,0.464928904382533,0.07,False
2468,IPR008958,0.9638198848985289,0.14447146364198882,10.0,1.0,0.4000450442862573,0.45,False
2469,IPR008958|IPR008958,0.8880159409201664,0.3511723788939042,9.0,1.0,0.5614328620219463,0.48,False
2470,IPR009038,0.6452335408357548,1.0,3.0,1.0,1.0,1.0,False
2471,IPR009048,0.23204179816255327,1.0,10.0,1.0,1.0,1.0,False
2472,IPR009048|IPR001134,0.7467050772524036,1.0,2.0,1.0,1.0,1.0,False
2473,IPR009048|IPR002350,0.557545460051527,1.0,4.0,1.0,1.0,1.0,False
2474,IPR009071,0.9999990457563763,4.745177618908586e-06,43.0,1.0,0.0003358675720123379,0.33,False
2475,IPR009071|IPR001841,0.981545808458133,0.25329492274759635,2.0,1.0,0.464928904382533,0.17,False
2476,IPR009071|IPR009071,0.9797694962308396,0.13935002550649572,5.0,1.0,0.39238233340166945,0.49,False
2477,IPR009071|IPR009071|IPR009071,0.9974946376443489,0.050351849914298724,3.0,1.0,0.19708381075902243,0.01,True
2478,IPR009071|IPR019102,0.9974946376443489,0.050351849914298724,3.0,1.0,0.19708381075902243,0.01,True
2479,IPR009075,0.9959444841204863,0.03640549165880708,6.0,1.0,0.1776271722389577,0.12,False
2480,IPR009076,0.9797694962308396,0.13935002550649572,5.0,1.0,0.39238233340166945,0.02,True
2481,IPR009076|IPR000403,0.9797694962308396,0.13935002550649572,5.0,1.0,0.39238233340166945,0.02,True
2482,IPR009076|IPR000403|IPR003152,0.9797694962308396,0.13935002550649572,5.0,1.0,0.39238233340166945,0.02,True
2483,IPR009081,0.48176933144103273,1.0,5.0,1.0,1.0,1.0,False
2484,IPR009081|IPR015590,0.7467050772524036,1.0,2.0,1.0,1.0,1.0,False
2485,IPR009109,0.9082977831884385,0.442454539948473,4.0,1.0,0.6543109925339897,0.14,False
2486,IPR009254,0.9998397178261664,0.0012099322464327762,14.0,1.0,0.023591395914408134,0.0,True
2487,IPR009254|IPR010307,0.9999219995485304,0.0006851072101331726,13.0,1.0,0.015324454349602177,0.0,True
2488,IPR009254|IPR010307|IPR001791,0.9999219995485304,0.0006851072101331726,13.0,1.0,0.015324454349602177,0.0,True
2489,IPR009263,0.35970248057721965,1.0,7.0,1.0,1.0,1.0,False
2490,IPR009398,0.9635945083411929,0.19082229243034007,6.0,1.0,0.464928904382533,0.33,False
2491,IPR009398|IPR001054,0.9797694962308396,0.13935002550649572,5.0,1.0,0.39238233340166945,0.12,False
2492,IPR009428,0.7467050772524036,1.0,2.0,1.0,1.0,1.0,False
2493,IPR009449,0.9172530969809943,0.2980194189352218,8.0,1.0,0.5376628273876715,0.07,False
2494,IPR009460,0.6452335408357548,1.0,3.0,1.0,1.0,1.0,False
2495,IPR009460|IPR005821,0.6452335408357548,1.0,3.0,1.0,1.0,1.0,False
2496,IPR009462,0.9997545541663276,0.004055515879513668,6.0,1.0,0.05084252807529078,0.01,True
2497,IPR009462|IPR012957,0.9909985169829642,0.09170221681156158,4.0,1.0,0.28406795819264913,0.04,True
2498,IPR009463,0.9997545541663276,0.004055515879513668,6.0,1.0,0.05084252807529078,0.02,True
2499,IPR009463|IPR009462,0.9997545541663276,0.004055515879513668,6.0,1.0,0.05084252807529078,0.01,True
2500,IPR009463|IPR009462|IPR012957,0.9909985169829642,0.09170221681156158,4.0,1.0,0.28406795819264913,0.04,True
2501,IPR009471,0.9797694962308396,0.13935002550649572,5.0,1.0,0.39238233340166945,0.15,False
2502,IPR009471|IPR057629,0.9797694962308396,0.13935002550649572,5.0,1.0,0.39238233340166945,0.14,False
2503,IPR009471|IPR057629|IPR000742,0.9797694962308396,0.13935002550649572,5.0,1.0,0.39238233340166945,0.13,False
2504,IPR009496,0.7467050772524036,1.0,2.0,1.0,1.0,1.0,False
2505,IPR009543,0.9915535842838115,0.05737479861577096,7.0,1.0,0.2140473533918329,0.04,True
2506,IPR009581,0.7467050772524036,1.0,2.0,1.0,1.0,1.0,False
2507,IPR009604,0.7467050772524036,1.0,2.0,1.0,1.0,1.0,False
2508,IPR009674,0.7467050772524036,1.0,2.0,1.0,1.0,1.0,False
2509,IPR009674|IPR007120,0.7467050772524036,1.0,2.0,1.0,1.0,1.0,False
2510,IPR009674|IPR007120|IPR007641,0.7467050772524036,1.0,2.0,1.0,1.0,1.0,False
2511,IPR009738,0.9991969710878346,0.006411304591168485,10.0,1.0,0.07546061690789878,0.0,True
2512,IPR009764,0.9959444841204863,0.03640549165880708,6.0,1.0,0.1776271722389577,0.01,True
2513,IPR009828,0.9984845308177138,0.020230503769160375,5.0,1.0,0.11408695175018027,0.01,True
2514,IPR009851,0.9496481500857012,0.35476645916424515,3.0,1.0,0.5614328620219463,0.2,False
2515,IPR010011,0.9635945083411929,0.19082229243034007,6.0,1.0,0.464928904382533,0.13,False
2516,IPR010011|IPR010011,0.7467050772524036,1.0,2.0,1.0,1.0,1.0,False
2517,IPR010294,0.9952700799613231,0.020313527309883075,17.0,1.0,0.11408695175018027,0.25,False
2518,IPR010294|IPR010909,0.597152392293117,0.7679582018374467,10.0,1.0,1.0,1.0,False
2519,IPR010303,0.9999991524661318,3.86877663383175e-05,7.0,1.0,0.0016385220382793976,0.0,True
2520,IPR010303|IPR056484,0.9999991524661318,3.86877663383175e-05,7.0,1.0,0.0016385220382793976,0.0,True
2521,IPR010303|IPR056484|IPR031162,0.9996600111981438,0.009001483017035832,4.0,1.0,0.08677362453176146,0.0,True
2522,IPR010307,0.9998397178261664,0.0012099322464327762,14.0,1.0,0.023591395914408134,0.0,True
2523,IPR010307|IPR001791,0.9998397178261664,0.0012099322464327762,14.0,1.0,0.023591395914408134,0.0,True
2524,IPR010307|IPR001791|IPR001791,0.9998397178261664,0.0012099322464327762,14.0,1.0,0.023591395914408134,0.0,True
2525,IPR010309,0.981545808458133,0.25329492274759635,2.0,1.0,0.464928904382533,0.02,True
2526,IPR010439,0.9638198848985289,0.14447146364198882,10.0,1.0,0.4000450442862573,0.18,False
2527,IPR010439|IPR000008,0.9496481500857012,0.35476645916424515,3.0,1.0,0.5614328620219463,0.22,False
2528,IPR010439|IPR010439,0.9082977831884385,0.442454539948473,4.0,1.0,0.6543109925339897,0.14,False
2529,IPR010439|IPR014772,0.981545808458133,0.25329492274759635,2.0,1.0,0.464928904382533,0.05,True
2530,IPR010442,0.9635945083411929,0.19082229243034007,6.0,1.0,0.464928904382533,0.38,False
2531,IPR010442|IPR001781,0.8606499744935043,0.5182306685589673,5.0,1.0,0.7304140383099247,0.59,False
2532,IPR010442|IPR001781|IPR001781,0.8606499744935043,0.5182306685589673,5.0,1.0,0.7304140383099247,0.56,False
2533,IPR010457,0.9996600111981438,0.009001483017035832,4.0,1.0,0.08677362453176146,0.0,True
2534,IPR010457|IPR003961,0.9996600111981438,0.009001483017035832,4.0,1.0,0.08677362453176146,0.0,True
2535,IPR010457|IPR003961|IPR003961,0.9996600111981438,0.009001483017035832,4.0,1.0,0.08677362453176146,0.0,True
2536,IPR010472,0.942625201384229,0.2442012899561677,7.0,1.0,0.464928904382533,0.45,False
2537,IPR010472|IPR015425,0.8606499744935043,0.5182306685589673,5.0,1.0,0.7304140383099247,0.37,False
2538,IPR010472|IPR015425|IPR014767,0.8606499744935043,0.5182306685589673,5.0,1.0,0.7304140383099247,0.31,False
2539,IPR010473,0.9797694962308396,0.13935002550649572,5.0,1.0,0.39238233340166945,0.43,False
2540,IPR010473|IPR010472,0.9082977831884385,0.442454539948473,4.0,1.0,0.6543109925339897,0.61,False
2541,IPR010473|IPR010472|IPR015425,0.7467050772524036,1.0,2.0,1.0,1.0,1.0,False
2542,IPR010474,0.981545808458133,0.25329492274759635,2.0,1.0,0.464928904382533,0.03,True
2543,IPR010474|IPR058898,0.981545808458133,0.25329492274759635,2.0,1.0,0.464928904382533,0.01,True
2544,IPR010491,0.981545808458133,0.25329492274759635,2.0,1.0,0.464928904382533,0.04,True
2545,IPR010504,0.998195126511336,0.01508795794371311,8.0,1.0,0.11408695175018027,0.02,True
2546,IPR010504|IPR006723,0.9974946376443489,0.050351849914298724,3.0,1.0,0.19708381075902243,0.0,True
2547,IPR010506,0.9999940234815534,0.00013682151001357293,8.0,1.0,0.0043910356660877715,0.0,True
2548,IPR010506|IPR022702,1.0,0.018454191541866973,2.0,1.0,0.11408695175018027,0.0,True
2549,IPR010507,0.9998631784899864,0.0018048734886640262,8.0,1.0,0.029890324730535326,0.06,False
2550,IPR010507|IPR010507,0.9959444841204863,0.03640549165880708,6.0,1.0,0.1776271722389577,0.1,False
2551,IPR010507|IPR010507|IPR010507,0.9959444841204863,0.03640549165880708,6.0,1.0,0.1776271722389577,0.1,False
2552,IPR010507|IPR010507|IPR011017,0.9984845308177138,0.020230503769160375,5.0,1.0,0.11408695175018027,0.02,True
2553,IPR010507|IPR011017,0.9984845308177138,0.020230503769160375,5.0,1.0,0.11408695175018027,0.03,True
2554,IPR010507|IPR011017|IPR010507,0.9984845308177138,0.020230503769160375,5.0,1.0,0.11408695175018027,0.03,True
2555,IPR010507|IPR057926,0.9496481500857012,0.35476645916424515,3.0,1.0,0.5614328620219463,0.2,False
2556,IPR010507|IPR057926|IPR021893,0.9496481500857012,0.35476645916424515,3.0,1.0,0.5614328620219463,0.17,False
2557,IPR010508,0.9915535842838115,0.05737479861577096,7.0,1.0,0.2140473533918329,0.02,True
2558,IPR010508|IPR023362,0.9915535842838115,0.05737479861577096,7.0,1.0,0.2140473533918329,0.02,True
2559,IPR010508|IPR023362|IPR000409,0.9635945083411929,0.19082229243034007,6.0,1.0,0.464928904382533,0.1,False
2560,IPR010526,0.9992376589979926,0.008446415716188569,7.0,1.0,0.08677362453176146,0.09,False
2561,IPR010526|IPR005821,0.9992376589979926,0.008446415716188569,7.0,1.0,0.08677362453176146,0.02,True
2562,IPR010526|IPR005821|IPR044564,0.9959444841204863,0.03640549165880708,6.0,1.0,0.1776271722389577,0.04,True
2563,IPR010536,0.7467050772524036,1.0,2.0,1.0,1.0,1.0,False
2564,IPR010536|IPR009496,0.7467050772524036,1.0,2.0,1.0,1.0,1.0,False
2565,IPR010560,0.9496481500857012,0.35476645916424515,3.0,1.0,0.5614328620219463,0.18,False
2566,IPR010569,0.981545808458133,0.25329492274759635,2.0,1.0,0.464928904382533,0.19,False
2567,IPR010578,0.981545808458133,0.25329492274759635,2.0,1.0,0.464928904382533,0.05,True
2568,IPR010582,0.998195126511336,0.01508795794371311,8.0,1.0,0.11408695175018027,0.0,True
2569,IPR010599,0.7467050772524036,1.0,2.0,1.0,1.0,1.0,False
2570,IPR010600,0.7467050772524036,1.0,2.0,1.0,1.0,1.0,False
2571,IPR010606,0.9999538812932512,0.001515469182286134,5.0,1.0,0.02627660827138408,0.0,True
2572,IPR010606|IPR000433,1.0,0.018454191541866973,2.0,1.0,0.11408695175018027,0.0,True
2573,IPR010606|IPR000433|IPR010606,1.0,0.018454191541866973,2.0,1.0,0.11408695175018027,0.0,True
2574,IPR010625,0.8606499744935043,0.5182306685589673,5.0,1.0,0.7304140383099247,0.73,False
2575,IPR010630,0.8091777075696599,0.5837123437846928,6.0,1.0,0.8021387447700818,0.93,False
2576,IPR010652,0.7467050772524036,1.0,2.0,1.0,1.0,1.0,False
2577,IPR010660,0.9999998634507399,3.998813131069719e-06,10.0,1.0,0.0002869703812255172,0.0,True
2578,IPR010660|IPR011656,0.9999613122336617,0.0007623410020074928,7.0,1.0,0.016143508022019325,0.0,True
2579,IPR010660|IPR011656|IPR024600,0.9996600111981438,0.009001483017035832,4.0,1.0,0.08677362453176146,0.01,True
2580,IPR010666,0.7467050772524036,1.0,2.0,1.0,1.0,1.0,False
2581,IPR010666|IPR010666,0.7467050772524036,1.0,2.0,1.0,1.0,1.0,False
2582,IPR010714,0.9082977831884385,0.442454539948473,4.0,1.0,0.6543109925339897,0.15,False
2583,IPR010844,0.9496481500857012,0.35476645916424515,3.0,1.0,0.5614328620219463,0.39,False
2584,IPR010908,1.0,0.018454191541866973,2.0,1.0,0.11408695175018027,0.02,True
2585,IPR010909,0.9300542675378726,0.19147269230701303,17.0,1.0,0.464928904382533,0.54,False
2586,IPR010911,0.9984845308177138,0.020230503769160375,5.0,1.0,0.11408695175018027,0.14,False
2587,IPR010911|IPR000008,1.0,0.018454191541866973,2.0,1.0,0.11408695175018027,0.03,True
2588,IPR010911|IPR000008|IPR000008,1.0,0.018454191541866973,2.0,1.0,0.11408695175018027,0.0,True
2589,IPR010918,0.9496481500857012,0.35476645916424515,3.0,1.0,0.5614328620219463,0.36,False
2590,IPR010926,0.9638198848985289,0.14447146364198882,10.0,1.0,0.4000450442862573,0.29,False
2591,IPR010926|IPR001452,0.7467050772524036,1.0,2.0,1.0,1.0,1.0,False
2592,IPR010987,0.8091777075696599,0.5837123437846928,6.0,1.0,0.8021387447700818,0.76,False
2593,IPR010991,0.942625201384229,0.2442012899561677,7.0,1.0,0.464928904382533,0.11,False
2594,IPR010991|IPR001660,0.6452335408357548,1.0,3.0,1.0,1.0,1.0,False
2595,IPR011016,0.9496481500857012,0.35476645916424515,3.0,1.0,0.5614328620219463,0.49,False
2596,IPR011017,0.9984845308177138,0.020230503769160375,5.0,1.0,0.11408695175018027,0.02,True
2597,IPR011017|IPR010507,0.9984845308177138,0.020230503769160375,5.0,1.0,0.11408695175018027,0.05,True
2598,IPR011017|IPR010507|IPR010507,0.9984845308177138,0.020230503769160375,5.0,1.0,0.11408695175018027,0.05,True
2599,IPR011017|IPR010507|IPR057926,0.9496481500857012,0.35476645916424515,3.0,1.0,0.5614328620219463,0.07,False
2600,IPR011019,0.9496481500857012,0.35476645916424515,3.0,1.0,0.5614328620219463,0.41,False
2601,IPR011019|IPR000299,0.981545808458133,0.25329492274759635,2.0,1.0,0.464928904382533,0.07,False
2602,IPR011019|IPR000299|IPR001478,0.981545808458133,0.25329492274759635,2.0,1.0,0.464928904382533,0.07,False
2603,IPR011021,0.9496481500857012,0.35476645916424515,3.0,1.0,0.5614328620219463,0.61,False
2604,IPR011021|IPR011022,0.981545808458133,0.25329492274759635,2.0,1.0,0.464928904382533,0.25,False
2605,IPR011022,0.9082977831884385,0.442454539948473,4.0,1.0,0.6543109925339897,0.56,False
2606,IPR011072,0.999604697368471,0.0021453497677969818,19.0,1.0,0.03485856053524215,0.07,False
2607,IPR011072|IPR000008,0.6452335408357548,1.0,3.0,1.0,1.0,1.0,False
2608,IPR011072|IPR000008|IPR000719,0.7467050772524036,1.0,2.0,1.0,1.0,1.0,False
2609,IPR011072|IPR001452,0.557545460051527,1.0,4.0,1.0,1.0,1.0,False
2610,IPR011072|IPR004328,0.9909985169829642,0.09170221681156158,4.0,1.0,0.28406795819264913,0.0,True
2611,IPR011072|IPR004328|IPR001478,0.9909985169829642,0.09170221681156158,4.0,1.0,0.28406795819264913,0.0,True
2612,IPR011072|IPR011072,0.9797694962308396,0.13935002550649572,5.0,1.0,0.39238233340166945,0.17,False
2613,IPR011072|IPR011072|IPR000008,0.6452335408357548,1.0,3.0,1.0,1.0,1.0,False
2614,IPR011072|IPR011072|IPR011072,0.6452335408357548,1.0,3.0,1.0,1.0,1.0,False
2615,IPR011072|IPR015008,0.9909985169829642,0.09170221681156158,4.0,1.0,0.28406795819264913,0.03,True
2616,IPR011074,0.5475345528859306,0.7995074773097844,11.0,1.0,1.0,1.0,False
2617,IPR011074|IPR001251,0.597152392293117,0.7679582018374467,10.0,1.0,1.0,1.0,False
2618,IPR011074|IPR001251|IPR009038,0.7467050772524036,1.0,2.0,1.0,1.0,1.0,False
2619,IPR011106,0.48176933144103273,1.0,5.0,1.0,1.0,1.0,False
2620,IPR011108,0.9496481500857012,0.35476645916424515,3.0,1.0,0.5614328620219463,0.31,False
2621,IPR011108|IPR021718,0.981545808458133,0.25329492274759635,2.0,1.0,0.464928904382533,0.02,True
2622,IPR011124,0.6452335408357548,1.0,3.0,1.0,1.0,1.0,False
2623,IPR011128,0.7467050772524036,1.0,2.0,1.0,1.0,1.0,False
2624,IPR011146,0.6452335408357548,1.0,3.0,1.0,1.0,1.0,False
2625,IPR011161,0.7467050772524036,1.0,2.0,1.0,1.0,1.0,False
2626,IPR011161|IPR003597,0.7467050772524036,1.0,2.0,1.0,1.0,1.0,False
2627,IPR011234,0.981545808458133,0.25329492274759635,2.0,1.0,0.464928904382533,0.19,False
2628,IPR011259,0.557545460051527,1.0,4.0,1.0,1.0,1.0,False
2629,IPR011320,0.9082977831884385,0.442454539948473,4.0,1.0,0.6543109925339897,0.31,False
2630,IPR011417,0.9984845308177138,0.020230503769160375,5.0,1.0,0.11408695175018027,0.02,True
2631,IPR011417|IPR032422,0.9974946376443489,0.050351849914298724,3.0,1.0,0.19708381075902243,0.01,True
2632,IPR011417|IPR032422|IPR002558,0.981545808458133,0.25329492274759635,2.0,1.0,0.464928904382533,0.0,True
2633,IPR011489,0.942625201384229,0.2442012899561677,7.0,1.0,0.464928904382533,0.55,False
2634,IPR011489|IPR000742,0.981545808458133,0.25329492274759635,2.0,1.0,0.464928904382533,0.27,False
2635,IPR011489|IPR000742|IPR000742,0.981545808458133,0.25329492274759635,2.0,1.0,0.464928904382533,0.23,False
2636,IPR011500,0.9115106262561296,0.2550828298051015,13.0,1.0,0.46704924932776737,0.48,False
2637,IPR011500|IPR017978,0.9115106262561296,0.2550828298051015,13.0,1.0,0.46704924932776737,0.47,False
2638,IPR011519,0.981545808458133,0.25329492274759635,2.0,1.0,0.464928904382533,0.03,True
2639,IPR011519|IPR001881,0.981545808458133,0.25329492274759635,2.0,1.0,0.464928904382533,0.02,True
2640,IPR011524,0.20049252269021553,1.0,11.0,1.0,1.0,1.0,False
2641,IPR011527,0.828678699990283,0.32972065729938976,28.0,1.0,0.5614328620219463,0.89,False
2642,IPR011527|IPR003439,0.5849331336578896,0.6516851843523368,24.0,1.0,0.8819427311546685,0.95,False
2643,IPR011527|IPR003439|IPR011527,0.8555285363580112,0.40284760770688294,10.0,1.0,0.6334490532627706,0.49,False
2644,IPR011539,0.9849120420562869,0.0827469030190057,8.0,1.0,0.28406795819264913,0.29,False
2645,IPR011539|IPR002909,0.8091777075696599,0.5837123437846928,6.0,1.0,0.8021387447700818,0.6,False
2646,IPR011545,0.9999999925111287,3.6651382747971886e-08,62.0,1.0,4.855838324583865e-06,0.14,False
2647,IPR011545|IPR001650,0.9999050039141543,0.0003761818958027587,39.0,1.0,0.009390008964313305,0.25,False
2648,IPR011545|IPR001650|IPR007502,0.597152392293117,0.7679582018374467,10.0,1.0,1.0,1.0,False
2649,IPR011545|IPR001650|IPR025313,0.981545808458133,0.25329492274759635,2.0,1.0,0.464928904382533,0.07,False
2650,IPR011545|IPR001650|IPR032284,1.0,0.018454191541866973,2.0,1.0,0.11408695175018027,0.01,True
2651,IPR011545|IPR001650|IPR048392,0.6452335408357548,1.0,3.0,1.0,1.0,1.0,False
2652,IPR011545|IPR001650|IPR059032,1.0,0.018454191541866973,2.0,1.0,0.11408695175018027,0.0,True
2653,IPR011545|IPR002999,0.9635945083411929,0.19082229243034007,6.0,1.0,0.464928904382533,0.01,True
2654,IPR011545|IPR041204,1.0,0.018454191541866973,2.0,1.0,0.11408695175018027,0.0,True
2655,IPR011545|IPR041204|IPR001650,1.0,0.018454191541866973,2.0,1.0,0.11408695175018027,0.0,True
2656,IPR011547,0.9915535842838115,0.05737479861577096,7.0,1.0,0.2140473533918329,0.13,False
2657,IPR011547|IPR002645,0.9959444841204863,0.03640549165880708,6.0,1.0,0.1776271722389577,0.05,True
2658,IPR011598,0.9999999983792656,8.068088150304665e-09,66.0,1.0,1.3049294983656237e-06,0.56,False
2659,IPR011598|IPR000014,0.9998655699936355,0.0008875976015471403,17.0,1.0,0.018127339158869857,0.08,False
2660,IPR011598|IPR000014|IPR000014,0.9959444841204863,0.03640549165880708,6.0,1.0,0.1776271722389577,0.15,False
2661,IPR011598|IPR000014|IPR014935,0.9959444841204863,0.03640549165880708,6.0,1.0,0.1776271722389577,0.0,True
2662,IPR011598|IPR003327,0.557545460051527,1.0,4.0,1.0,1.0,1.0,False
2663,IPR011598|IPR021802,0.9999990909979657,2.371282588951371e-05,9.0,1.0,0.0011240749667074984,0.0,True
2664,IPR011598|IPR022575,0.9635945083411929,0.19082229243034007,6.0,1.0,0.464928904382533,0.31,False
2665,IPR011607,0.981545808458133,0.25329492274759635,2.0,1.0,0.464928904382533,0.14,False
2666,IPR011614,0.9797694962308396,0.13935002550649572,5.0,1.0,0.39238233340166945,0.01,True
2667,IPR011614|IPR010582,0.9797694962308396,0.13935002550649572,5.0,1.0,0.39238233340166945,0.0,True
2668,IPR011615,0.942625201384229,0.2442012899561677,7.0,1.0,0.464928904382533,0.13,False
2669,IPR011615|IPR010991,0.8091777075696599,0.5837123437846928,6.0,1.0,0.8021387447700818,0.35,False
2670,IPR011615|IPR010991|IPR001660,0.6452335408357548,1.0,3.0,1.0,1.0,1.0,False
2671,IPR011625,0.9849120420562869,0.0827469030190057,8.0,1.0,0.28406795819264913,0.33,False
2672,IPR011625|IPR000020,0.981545808458133,0.25329492274759635,2.0,1.0,0.464928904382533,0.27,False
2673,IPR011625|IPR000020|IPR001599,0.981545808458133,0.25329492274759635,2.0,1.0,0.464928904382533,0.23,False
2674,IPR011625|IPR001599,0.8606499744935043,0.5182306685589673,5.0,1.0,0.7304140383099247,0.41,False
2675,IPR011625|IPR001599|IPR022041,0.7467050772524036,1.0,2.0,1.0,1.0,1.0,False
2676,IPR011626,0.310805609078997,1.0,8.0,1.0,1.0,1.0,False
2677,IPR011626|IPR009048,0.35970248057721965,1.0,7.0,1.0,1.0,1.0,False
2678,IPR011626|IPR009048|IPR002350,0.557545460051527,1.0,4.0,1.0,1.0,1.0,False
2679,IPR011641,0.7019805810647781,0.689194390921003,8.0,1.0,0.9276028699892739,0.9,False
2680,IPR011641|IPR000716,0.7467050772524036,1.0,2.0,1.0,1.0,1.0,False
2681,IPR011641|IPR000742,0.7467050772524036,1.0,2.0,1.0,1.0,1.0,False
2682,IPR011641|IPR000742|IPR000859,0.7467050772524036,1.0,2.0,1.0,1.0,1.0,False
2683,IPR011641|IPR003961,0.9082977831884385,0.442454539948473,4.0,1.0,0.6543109925339897,0.59,False
2684,IPR011641|IPR003961|IPR003961,0.9082977831884385,0.442454539948473,4.0,1.0,0.6543109925339897,0.57,False
2685,IPR011641|IPR011641,0.7467050772524036,1.0,2.0,1.0,1.0,1.0,False
2686,IPR011641|IPR011641|IPR000742,0.7467050772524036,1.0,2.0,1.0,1.0,1.0,False
2687,IPR011642,0.7467050772524036,1.0,2.0,1.0,1.0,1.0,False
2688,IPR011642|IPR011657,0.7467050772524036,1.0,2.0,1.0,1.0,1.0,False
2689,IPR011656,0.9991969710878346,0.006411304591168485,10.0,1.0,0.07546061690789878,0.01,True
2690,IPR011656|IPR024600,0.9915535842838115,0.05737479861577096,7.0,1.0,0.2140473533918329,0.02,True
2691,IPR011657,0.7467050772524036,1.0,2.0,1.0,1.0,1.0,False
2692,IPR011665,0.7467050772524036,1.0,2.0,1.0,1.0,1.0,False
2693,IPR011677,0.981545808458133,0.25329492274759635,2.0,1.0,0.464928904382533,0.16,False
2694,IPR011677|IPR011677,0.981545808458133,0.25329492274759635,2.0,1.0,0.464928904382533,0.08,False
2695,IPR011705,0.9997914517987765,0.0008542562400362575,33.0,1.0,0.01779815319462638,0.77,False
2696,IPR011705|IPR012983,0.9082977831884385,0.442454539948473,4.0,1.0,0.6543109925339897,0.35,False
2697,IPR011705|IPR056737,0.7467050772524036,1.0,2.0,1.0,1.0,1.0,False
2698,IPR011707,0.9984845308177138,0.020230503769160375,5.0,1.0,0.11408695175018027,0.11,False
2699,IPR011707|IPR001117,0.9496481500857012,0.35476645916424515,3.0,1.0,0.5614328620219463,0.14,False
2700,IPR011709,0.9769481105166191,0.0884893737438704,13.0,1.0,0.28406795819264913,0.4,False
2701,IPR011709|IPR056371,0.981545808458133,0.25329492274759635,2.0,1.0,0.464928904382533,0.02,True
2702,IPR011722,0.981545808458133,0.25329492274759635,2.0,1.0,0.464928904382533,0.04,True
2703,IPR011761,0.8606499744935043,0.5182306685589673,5.0,1.0,0.7304140383099247,0.47,False
2704,IPR011761|IPR005811,0.7467050772524036,1.0,2.0,1.0,1.0,1.0,False
2705,IPR011762,0.9999762871741105,0.0003630388782616913,9.0,1.0,0.009105931475622131,0.0,True
2706,IPR011762|IPR011763,0.9999613122336617,0.0007623410020074928,7.0,1.0,0.016143508022019325,0.0,True
2707,IPR011763,0.9972307831476748,0.015937930661170028,12.0,1.0,0.11408695175018027,0.0,True
2708,IPR011765,0.9984845308177138,0.020230503769160375,5.0,1.0,0.11408695175018027,0.06,False
2709,IPR011765|IPR007863,0.9984845308177138,0.020230503769160375,5.0,1.0,0.11408695175018027,0.03,True
2710,IPR011987,0.9496481500857012,0.35476645916424515,3.0,1.0,0.5614328620219463,0.18,False
2711,IPR012000,0.9974946376443489,0.050351849914298724,3.0,1.0,0.19708381075902243,0.01,True
2712,IPR012001,0.9797694962308396,0.13935002550649572,5.0,1.0,0.39238233340166945,0.08,False
2713,IPR012001|IPR012000,0.9974946376443489,0.050351849914298724,3.0,1.0,0.19708381075902243,0.0,True
2714,IPR012308,0.7467050772524036,1.0,2.0,1.0,1.0,1.0,False
2715,IPR012309,0.9496481500857012,0.35476645916424515,3.0,1.0,0.5614328620219463,0.26,False
2716,IPR012309|IPR001357,0.981545808458133,0.25329492274759635,2.0,1.0,0.464928904382533,0.07,False
2717,IPR012313,0.996392833248333,0.024272590897350052,9.0,1.0,0.13187852488602284,0.11,False
2718,IPR012315,0.8606499744935043,0.5182306685589673,5.0,1.0,0.7304140383099247,0.37,False
2719,IPR012317,0.808527307692987,0.4123972208561986,17.0,1.0,0.647479927123664,0.76,False
2720,IPR012336,0.981545808458133,0.25329492274759635,2.0,1.0,0.464928904382533,0.23,False
2721,IPR012336|IPR041861,0.981545808458133,0.25329492274759635,2.0,1.0,0.464928904382533,0.0,True
2722,IPR012461,0.7467050772524036,1.0,2.0,1.0,1.0,1.0,False
2723,IPR012496,0.9496481500857012,0.35476645916424515,3.0,1.0,0.5614328620219463,0.43,False
2724,IPR012577,0.557545460051527,1.0,4.0,1.0,1.0,1.0,False
2725,IPR012583,0.981545808458133,0.25329492274759635,2.0,1.0,0.464928904382533,0.03,True
2726,IPR012617,0.6452335408357548,1.0,3.0,1.0,1.0,1.0,False
2727,IPR012642,0.9974946376443489,0.050351849914298724,3.0,1.0,0.19708381075902243,0.0,True
2728,IPR012642|IPR015395,0.981545808458133,0.25329492274759635,2.0,1.0,0.464928904382533,0.04,True
2729,IPR012682,0.557545460051527,1.0,4.0,1.0,1.0,1.0,False
2730,IPR012682|IPR011598,0.557545460051527,1.0,4.0,1.0,1.0,1.0,False
2731,IPR012682|IPR011598|IPR003327,0.557545460051527,1.0,4.0,1.0,1.0,1.0,False
2732,IPR012858,0.7467050772524036,1.0,2.0,1.0,1.0,1.0,False
2733,IPR012896,0.9849120420562869,0.0827469030190057,8.0,1.0,0.28406795819264913,0.27,False
2734,IPR012896|IPR014836,0.9909985169829642,0.09170221681156158,4.0,1.0,0.28406795819264913,0.22,False
2735,IPR012908,0.7467050772524036,1.0,2.0,1.0,1.0,1.0,False
2736,IPR012911,0.981545808458133,0.25329492274759635,2.0,1.0,0.464928904382533,0.09,False
2737,IPR012913,1.0,0.0003399888018561897,4.0,1.0,0.008917371264928588,0.0,True
2738,IPR012919,0.9895490334258487,0.05088248568851092,11.0,1.0,0.19708381075902243,0.06,False
2739,IPR012936,0.557545460051527,1.0,4.0,1.0,1.0,1.0,False
2740,IPR012943,0.8091777075696599,0.5837123437846928,6.0,1.0,0.8021387447700818,0.49,False
2741,IPR012943|IPR056273,0.6452335408357548,1.0,3.0,1.0,1.0,1.0,False
2742,IPR012943|IPR056273|IPR010630,0.7467050772524036,1.0,2.0,1.0,1.0,1.0,False
2743,IPR012947,0.9797694962308396,0.13935002550649572,5.0,1.0,0.39238233340166945,0.24,False
2744,IPR012947|IPR002314,0.7467050772524036,1.0,2.0,1.0,1.0,1.0,False
2745,IPR012947|IPR002314|IPR004154,0.7467050772524036,1.0,2.0,1.0,1.0,1.0,False
2746,IPR012947|IPR003156,0.981545808458133,0.25329492274759635,2.0,1.0,0.464928904382533,0.0,True
2747,IPR012956,0.7467050772524036,1.0,2.0,1.0,1.0,1.0,False
2748,IPR012957,0.9797694962308396,0.13935002550649572,5.0,1.0,0.39238233340166945,0.09,False
2749,IPR012958,0.9997545541663276,0.004055515879513668,6.0,1.0,0.05084252807529078,0.02,True
2750,IPR012958|IPR001965,0.9999538812932512,0.001515469182286134,5.0,1.0,0.02627660827138408,0.0,True
2751,IPR012958|IPR001965|IPR001965,0.9999538812932512,0.001515469182286134,5.0,1.0,0.02627660827138408,0.0,True
2752,IPR012966,0.9974946376443489,0.050351849914298724,3.0,1.0,0.19708381075902243,0.03,True
2753,IPR012975,0.9915535842838115,0.05737479861577096,7.0,1.0,0.2140473533918329,0.03,True
2754,IPR012978,0.9974946376443489,0.050351849914298724,3.0,1.0,0.19708381075902243,0.0,True
2755,IPR012983,0.8091777075696599,0.5837123437846928,6.0,1.0,0.8021387447700818,0.55,False
2756,IPR012984,0.7467050772524036,1.0,2.0,1.0,1.0,1.0,False
2757,IPR012989,0.6452335408357548,1.0,3.0,1.0,1.0,1.0,False
2758,IPR012989|IPR001012,0.6452335408357548,1.0,3.0,1.0,1.0,1.0,False
2759,IPR012990,0.9496481500857012,0.35476645916424515,3.0,1.0,0.5614328620219463,0.41,False
2760,IPR012990|IPR006900,0.7467050772524036,1.0,2.0,1.0,1.0,1.0,False
2761,IPR012990|IPR006900|IPR007123,0.7467050772524036,1.0,2.0,1.0,1.0,1.0,False
2762,IPR012996,0.9496481500857012,0.35476645916424515,3.0,1.0,0.5614328620219463,0.3,False
2763,IPR012996|IPR000504,0.9496481500857012,0.35476645916424515,3.0,1.0,0.5614328620219463,0.3,False
2764,IPR013010,0.9496481500857012,0.35476645916424515,3.0,1.0,0.5614328620219463,0.38,False
2765,IPR013010|IPR018121,0.981545808458133,0.25329492274759635,2.0,1.0,0.464928904382533,0.13,False
2766,IPR013057,0.9638198848985289,0.14447146364198882,10.0,1.0,0.4000450442862573,0.31,False
2767,IPR013057|IPR013057,0.9496481500857012,0.35476645916424515,3.0,1.0,0.5614328620219463,0.12,False
2768,IPR013079,0.981545808458133,0.25329492274759635,2.0,1.0,0.464928904382533,0.18,False
2769,IPR013086,0.6452335408357548,1.0,3.0,1.0,1.0,1.0,False
2770,IPR013087,1.0,2.6583657408657634e-26,367.0,1.0,6.8678878915267e-23,1.0,False
2771,IPR013087|IPR000949,0.981545808458133,0.25329492274759635,2.0,1.0,0.464928904382533,0.03,True
2772,IPR013087|IPR000949|IPR001005,0.981545808458133,0.25329492274759635,2.0,1.0,0.464928904382533,0.03,True
2773,IPR013087|IPR001356,0.97572740910265,0.1119840590798335,9.0,1.0,0.3381774595356515,0.65,False
2774,IPR013087|IPR001356|IPR001356,0.9082977831884385,0.442454539948473,4.0,1.0,0.6543109925339897,0.56,False
2775,IPR013087|IPR001356|IPR003604,0.7467050772524036,1.0,2.0,1.0,1.0,1.0,False
2776,IPR013087|IPR001356|IPR013087,0.9797694962308396,0.13935002550649572,5.0,1.0,0.39238233340166945,0.34,False
2777,IPR013087|IPR001452,0.9984845308177138,0.020230503769160375,5.0,1.0,0.11408695175018027,0.06,False
2778,IPR013087|IPR001452|IPR001452,0.9909985169829642,0.09170221681156158,4.0,1.0,0.28406795819264913,0.06,False
2779,IPR013087|IPR001965,0.996392833248333,0.024272590897350052,9.0,1.0,0.13187852488602284,0.03,True
2780,IPR013087|IPR001965|IPR001965,0.7467050772524036,1.0,2.0,1.0,1.0,1.0,False
2781,IPR013087|IPR003604,0.310805609078997,1.0,8.0,1.0,1.0,1.0,False
2782,IPR013087|IPR003604|IPR003604,0.7467050772524036,1.0,2.0,1.0,1.0,1.0,False
2783,IPR013087|IPR003604|IPR013087,0.310805609078997,1.0,8.0,1.0,1.0,1.0,False
2784,IPR013087|IPR004827,0.9496481500857012,0.35476645916424515,3.0,1.0,0.5614328620219463,0.24,False
2785,IPR013087|IPR013087,1.0,1.433337082253781e-19,311.0,1.0,1.0580075291436122e-16,1.0,False
2786,IPR013087|IPR013087|IPR001356,0.9849120420562869,0.0827469030190057,8.0,1.0,0.28406795819264913,0.52,False
2787,IPR013087|IPR013087|IPR003604,0.310805609078997,1.0,8.0,1.0,1.0,1.0,False
2788,IPR013087|IPR013087|IPR013087,1.0,9.296516756065461e-18,277.0,1.0,4.803510207859024e-15,1.0,False
2789,IPR013087|IPR013087|IPR057618,0.9974946376443489,0.050351849914298724,3.0,1.0,0.19708381075902243,0.01,True
2790,IPR013087|IPR057618,0.9974946376443489,0.050351849914298724,3.0,1.0,0.19708381075902243,0.01,True
2791,IPR013087|IPR057618|IPR013087,0.9974946376443489,0.050351849914298724,3.0,1.0,0.19708381075902243,0.01,True
2792,IPR013087|IPR059034,0.981545808458133,0.25329492274759635,2.0,1.0,0.464928904382533,0.02,True
2793,IPR013092,0.8091777075696599,0.5837123437846928,6.0,1.0,0.8021387447700818,0.98,False
2794,IPR013094,0.9909985169829642,0.09170221681156158,4.0,1.0,0.28406795819264913,0.14,False
2795,IPR013094|IPR013094,0.9974946376443489,0.050351849914298724,3.0,1.0,0.19708381075902243,0.05,True
2796,IPR013098,0.9496481500857012,0.35476645916424515,3.0,1.0,0.5614328620219463,0.2,False
2797,IPR013099,0.9172530969809943,0.2980194189352218,8.0,1.0,0.5376628273876715,0.89,False
2798,IPR013099|IPR004178,0.557545460051527,1.0,4.0,1.0,1.0,1.0,False
2799,IPR013106,0.9895490334258487,0.05088248568851092,11.0,1.0,0.19708381075902243,0.57,False
2800,IPR013106|IPR003598,0.9909985169829642,0.09170221681156158,4.0,1.0,0.28406795819264913,0.17,False
2801,IPR013106|IPR003598|IPR003598,0.9909985169829642,0.09170221681156158,4.0,1.0,0.28406795819264913,0.17,False
2802,IPR013111,0.9997545541663276,0.004055515879513668,6.0,1.0,0.05084252807529078,0.02,True
2803,IPR013111|IPR012896,0.9984845308177138,0.020230503769160375,5.0,1.0,0.11408695175018027,0.02,True
2804,IPR013111|IPR012896|IPR014836,0.9974946376443489,0.050351849914298724,3.0,1.0,0.19708381075902243,0.07,False
2805,IPR013111|IPR013111,0.9984845308177138,0.020230503769160375,5.0,1.0,0.11408695175018027,0.0,True
2806,IPR013111|IPR013111|IPR012896,0.9984845308177138,0.020230503769160375,5.0,1.0,0.11408695175018027,0.0,True
2807,IPR013120,0.9496481500857012,0.35476645916424515,3.0,1.0,0.5614328620219463,0.14,False
2808,IPR013121,0.7467050772524036,1.0,2.0,1.0,1.0,1.0,False
2809,IPR013122,0.7467050772524036,1.0,2.0,1.0,1.0,1.0,False
2810,IPR013130,0.9909985169829642,0.09170221681156158,4.0,1.0,0.28406795819264913,0.35,False
2811,IPR013136,0.6452335408357548,1.0,3.0,1.0,1.0,1.0,False
2812,IPR013136|IPR018501,0.6452335408357548,1.0,3.0,1.0,1.0,1.0,False
2813,IPR013136|IPR018501|IPR028942,0.6452335408357548,1.0,3.0,1.0,1.0,1.0,False
2814,IPR013149,0.597152392293117,0.7679582018374467,10.0,1.0,1.0,1.0,False
2815,IPR013149|IPR013968,0.7467050772524036,1.0,2.0,1.0,1.0,1.0,False
2816,IPR013149|IPR013968|IPR009081,0.7467050772524036,1.0,2.0,1.0,1.0,1.0,False
2817,IPR013150,0.9496481500857012,0.35476645916424515,3.0,1.0,0.5614328620219463,0.24,False
2818,IPR013150|IPR011665,0.7467050772524036,1.0,2.0,1.0,1.0,1.0,False
2819,IPR013154,0.9082977831884385,0.442454539948473,4.0,1.0,0.6543109925339897,0.82,False
2820,IPR013154|IPR013149,0.9082977831884385,0.442454539948473,4.0,1.0,0.6543109925339897,0.52,False
2821,IPR013155,0.41628765621530717,1.0,6.0,1.0,1.0,1.0,False
2822,IPR013167,0.9797694962308396,0.13935002550649572,5.0,1.0,0.39238233340166945,0.08,False
2823,IPR013167|IPR048684,0.9082977831884385,0.442454539948473,4.0,1.0,0.6543109925339897,0.1,False
2824,IPR013170,0.9496481500857012,0.35476645916424515,3.0,1.0,0.5614328620219463,0.35,False
2825,IPR013194,0.981545808458133,0.25329492274759635,2.0,1.0,0.464928904382533,0.08,False
2826,IPR013201,0.48176933144103273,1.0,5.0,1.0,1.0,1.0,False
2827,IPR013201|IPR000668,0.557545460051527,1.0,4.0,1.0,1.0,1.0,False
2828,IPR013209,0.9909985169829642,0.09170221681156158,4.0,1.0,0.28406795819264913,0.05,True
2829,IPR013216,0.9496481500857012,0.35476645916424515,3.0,1.0,0.5614328620219463,0.47,False
2830,IPR013217,0.6452335408357548,1.0,3.0,1.0,1.0,1.0,False
2831,IPR013217|IPR013149,0.7467050772524036,1.0,2.0,1.0,1.0,1.0,False
2832,IPR013217|IPR013149|IPR013968,0.7467050772524036,1.0,2.0,1.0,1.0,1.0,False
2833,IPR013238,0.7467050772524036,1.0,2.0,1.0,1.0,1.0,False
2834,IPR013243,0.6452335408357548,1.0,3.0,1.0,1.0,1.0,False
2835,IPR013244,0.981545808458133,0.25329492274759635,2.0,1.0,0.464928904382533,0.03,True
2836,IPR013257,0.8606499744935043,0.5182306685589673,5.0,1.0,0.7304140383099247,0.28,False
2837,IPR013258,0.9909985169829642,0.09170221681156158,4.0,1.0,0.28406795819264913,0.1,False
2838,IPR013499,0.981545808458133,0.25329492274759635,2.0,1.0,0.464928904382533,0.06,False
2839,IPR013506,1.0,0.0025053623556511003,3.0,1.0,0.03667197533045109,0.0,True
2840,IPR013506|IPR006171,1.0,0.0025053623556511003,3.0,1.0,0.03667197533045109,0.0,True
2841,IPR013506|IPR006171|IPR031660,1.0,0.0025053623556511003,3.0,1.0,0.03667197533045109,0.0,True
2842,IPR013520,0.6452335408357548,1.0,3.0,1.0,1.0,1.0,False
2843,IPR013524,0.9974946376443489,0.050351849914298724,3.0,1.0,0.19708381075902243,0.02,True
2844,IPR013525,0.9996974484703847,0.0020038903736480343,15.0,1.0,0.0328701636845695,0.11,False
2845,IPR013525|IPR003439,0.998195126511336,0.01508795794371311,8.0,1.0,0.11408695175018027,0.16,False
2846,IPR013525|IPR003439|IPR013525,0.9996600111981438,0.009001483017035832,4.0,1.0,0.08677362453176146,0.02,True
2847,IPR013525|IPR003439|IPR056264,0.9496481500857012,0.35476645916424515,3.0,1.0,0.5614328620219463,0.39,False
2848,IPR013528,1.0,0.018454191541866973,2.0,1.0,0.11408695175018027,0.0,True
2849,IPR013530,0.981545808458133,0.25329492274759635,2.0,1.0,0.464928904382533,0.11,False
2850,IPR013537,0.9999940234815534,0.00013682151001357293,8.0,1.0,0.0043910356660877715,0.0,True
2851,IPR013537|IPR011762,0.9999613122336617,0.0007623410020074928,7.0,1.0,0.016143508022019325,0.0,True
2852,IPR013537|IPR011762|IPR011763,0.9999538812932512,0.001515469182286134,5.0,1.0,0.02627660827138408,0.0,True
2853,IPR013543,0.9496481500857012,0.35476645916424515,3.0,1.0,0.5614328620219463,0.29,False
2854,IPR013548,0.998195126511336,0.01508795794371311,8.0,1.0,0.11408695175018027,0.03,True
2855,IPR013555,0.9082977831884385,0.442454539948473,4.0,1.0,0.6543109925339897,0.62,False
2856,IPR013555|IPR005821,0.9082977831884385,0.442454539948473,4.0,1.0,0.6543109925339897,0.61,False
2857,IPR013566,0.7467050772524036,1.0,2.0,1.0,1.0,1.0,False
2858,IPR013566|IPR020860,0.7467050772524036,1.0,2.0,1.0,1.0,1.0,False
2859,IPR013567,0.7467050772524036,1.0,2.0,1.0,1.0,1.0,False
2860,IPR013567|IPR002048,0.7467050772524036,1.0,2.0,1.0,1.0,1.0,False
2861,IPR013567|IPR002048|IPR013566,0.7467050772524036,1.0,2.0,1.0,1.0,1.0,False
2862,IPR013568,0.981545808458133,0.25329492274759635,2.0,1.0,0.464928904382533,0.29,False
2863,IPR013577,0.9635945083411929,0.19082229243034007,6.0,1.0,0.464928904382533,0.19,False
2864,IPR013583,0.8606499744935043,0.5182306685589673,5.0,1.0,0.7304140383099247,0.28,False
2865,IPR013584,0.9974946376443489,0.050351849914298724,3.0,1.0,0.19708381075902243,0.04,True
2866,IPR013586,0.9797694962308396,0.13935002550649572,5.0,1.0,0.39238233340166945,0.02,True
2867,IPR013592,0.7467050772524036,1.0,2.0,1.0,1.0,1.0,False
2868,IPR013592|IPR004826,0.7467050772524036,1.0,2.0,1.0,1.0,1.0,False
2869,IPR013594,0.949117514311489,0.179567330374543,11.0,1.0,0.464928904382533,0.52,False
2870,IPR013594|IPR013602,0.9082977831884385,0.442454539948473,4.0,1.0,0.6543109925339897,0.55,False
2871,IPR013594|IPR013602|IPR003593,0.6452335408357548,1.0,3.0,1.0,1.0,1.0,False
2872,IPR013594|IPR056759,0.8606499744935043,0.5182306685589673,5.0,1.0,0.7304140383099247,0.36,False
2873,IPR013594|IPR056759|IPR013602,0.8606499744935043,0.5182306685589673,5.0,1.0,0.7304140383099247,0.29,False
2874,IPR013598,0.8606499744935043,0.5182306685589673,5.0,1.0,0.7304140383099247,0.55,False
2875,IPR013598|IPR014877,0.7467050772524036,1.0,2.0,1.0,1.0,1.0,False
2876,IPR013602,0.820432669625457,0.4524654471140695,11.0,1.0,0.6660652322616516,0.83,False
2877,IPR013602|IPR003593,0.597152392293117,0.7679582018374467,10.0,1.0,1.0,1.0,False
2878,IPR013602|IPR003593|IPR003593,0.597152392293117,0.7679582018374467,10.0,1.0,1.0,1.0,False
2879,IPR013606,1.0,0.018454191541866973,2.0,1.0,0.11408695175018027,0.03,True
2880,IPR013608,0.942625201384229,0.2442012899561677,7.0,1.0,0.464928904382533,0.26,False
2881,IPR013608|IPR002035,0.8606499744935043,0.5182306685589673,5.0,1.0,0.7304140383099247,0.49,False
2882,IPR013608|IPR002035|IPR013680,0.6452335408357548,1.0,3.0,1.0,1.0,1.0,False
2883,IPR013612,0.9082977831884385,0.442454539948473,4.0,1.0,0.6543109925339897,0.46,False
2884,IPR013618,0.9635945083411929,0.19082229243034007,6.0,1.0,0.464928904382533,0.16,False
2885,IPR013621,1.0,0.018454191541866973,2.0,1.0,0.11408695175018027,0.02,True
2886,IPR013632,0.9909985169829642,0.09170221681156158,4.0,1.0,0.28406795819264913,0.04,True
2887,IPR013637,0.6452335408357548,1.0,3.0,1.0,1.0,1.0,False
2888,IPR013637|IPR001965,0.6452335408357548,1.0,3.0,1.0,1.0,1.0,False
2889,IPR013637|IPR001965|IPR001965,0.7467050772524036,1.0,2.0,1.0,1.0,1.0,False
2890,IPR013649,0.9635945083411929,0.19082229243034007,6.0,1.0,0.464928904382533,0.62,False
2891,IPR013649|IPR048285,0.9635945083411929,0.19082229243034007,6.0,1.0,0.464928904382533,0.58,False
2892,IPR013652,0.9172530969809943,0.2980194189352218,8.0,1.0,0.5376628273876715,0.33,False
2893,IPR013662,0.9972307831476748,0.015937930661170028,12.0,1.0,0.11408695175018027,0.04,True
2894,IPR013662|IPR005821,0.996392833248333,0.024272590897350052,9.0,1.0,0.13187852488602284,0.01,True
2895,IPR013673,0.9797694962308396,0.13935002550649572,5.0,1.0,0.39238233340166945,0.18,False
2896,IPR013673|IPR040445,0.9797694962308396,0.13935002550649572,5.0,1.0,0.39238233340166945,0.18,False
2897,IPR013673|IPR040445|IPR041647,0.9797694962308396,0.13935002550649572,5.0,1.0,0.39238233340166945,0.18,False
2898,IPR013680,0.8091777075696599,0.5837123437846928,6.0,1.0,0.8021387447700818,0.46,False
2899,IPR013681,0.35970248057721965,1.0,7.0,1.0,1.0,1.0,False
2900,IPR013681|IPR013681,0.7467050772524036,1.0,2.0,1.0,1.0,1.0,False
2901,IPR013694,0.557545460051527,1.0,4.0,1.0,1.0,1.0,False
2902,IPR013694|IPR002035,0.557545460051527,1.0,4.0,1.0,1.0,1.0,False
2903,IPR013711,0.9082977831884385,0.442454539948473,4.0,1.0,0.6543109925339897,0.25,False
2904,IPR013713,0.981545808458133,0.25329492274759635,2.0,1.0,0.464928904382533,0.16,False
2905,IPR013719,0.7467050772524036,1.0,2.0,1.0,1.0,1.0,False
2906,IPR013721,0.9915535842838115,0.05737479861577096,7.0,1.0,0.2140473533918329,0.02,True
2907,IPR013721|IPR020839,0.9635945083411929,0.19082229243034007,6.0,1.0,0.464928904382533,0.1,False
2908,IPR013721|IPR020839|IPR056396,0.8606499744935043,0.5182306685589673,5.0,1.0,0.7304140383099247,0.23,False
2909,IPR013724,0.6452335408357548,1.0,3.0,1.0,1.0,1.0,False
2910,IPR013724|IPR013724,0.7467050772524036,1.0,2.0,1.0,1.0,1.0,False
2911,IPR013724|IPR013724|IPR032352,0.7467050772524036,1.0,2.0,1.0,1.0,1.0,False
2912,IPR013724|IPR032352,0.6452335408357548,1.0,3.0,1.0,1.0,1.0,False
2913,IPR013724|IPR032352|IPR022018,0.6452335408357548,1.0,3.0,1.0,1.0,1.0,False
2914,IPR013732,0.981545808458133,0.25329492274759635,2.0,1.0,0.464928904382533,0.24,False
2915,IPR013748,0.7467050772524036,1.0,2.0,1.0,1.0,1.0,False
2916,IPR013763,0.7467050772524036,1.0,2.0,1.0,1.0,1.0,False
2917,IPR013766,0.8555285363580112,0.40284760770688294,10.0,1.0,0.6334490532627706,0.9,False
2918,IPR013769,0.9996600111981438,0.009001483017035832,4.0,1.0,0.08677362453176146,0.03,True
2919,IPR013786,0.9959444841204863,0.03640549165880708,6.0,1.0,0.1776271722389577,0.24,False
2920,IPR013786|IPR006091,0.9959444841204863,0.03640549165880708,6.0,1.0,0.1776271722389577,0.15,False
2921,IPR013786|IPR006091|IPR009075,0.9797694962308396,0.13935002550649572,5.0,1.0,0.39238233340166945,0.22,False
2922,IPR013787,0.4764461021939176,0.7768166021397792,20.0,1.0,1.0,1.0,False
2923,IPR013787|IPR002048,0.5475345528859306,0.7995074773097844,11.0,1.0,1.0,1.0,False
2924,IPR013791,0.7467050772524036,1.0,2.0,1.0,1.0,1.0,False
2925,IPR013799,0.7833618139013364,0.4996308993171507,12.0,1.0,0.7304140383099247,0.64,False
2926,IPR013799|IPR013800,0.8880159409201664,0.3511723788939042,9.0,1.0,0.5614328620219463,0.47,False
2927,IPR013799|IPR013800|IPR013801,0.8880159409201664,0.3511723788939042,9.0,1.0,0.5614328620219463,0.34,False
2928,IPR013800,0.820432669625457,0.4524654471140695,11.0,1.0,0.6660652322616516,0.59,False
2929,IPR013800|IPR013801,0.820432669625457,0.4524654471140695,11.0,1.0,0.6660652322616516,0.44,False
2930,IPR013800|IPR013801|IPR048988,0.820432669625457,0.4524654471140695,11.0,1.0,0.6660652322616516,0.44,False
2931,IPR013801,0.7833618139013364,0.4996308993171507,12.0,1.0,0.7304140383099247,0.55,False
2932,IPR013801|IPR048988,0.7833618139013364,0.4996308993171507,12.0,1.0,0.7304140383099247,0.46,False
2933,IPR013801|IPR048988|IPR000980,0.5475345528859306,0.7995074773097844,11.0,1.0,1.0,1.0,False
2934,IPR013803,0.9082977831884385,0.442454539948473,4.0,1.0,0.6543109925339897,0.2,False
2935,IPR013803|IPR019543,0.9082977831884385,0.442454539948473,4.0,1.0,0.6543109925339897,0.2,False
2936,IPR013809,0.9797694962308396,0.13935002550649572,5.0,1.0,0.39238233340166945,0.23,False
2937,IPR013818,0.7467050772524036,1.0,2.0,1.0,1.0,1.0,False
2938,IPR013818|IPR001024,0.7467050772524036,1.0,2.0,1.0,1.0,1.0,False
2939,IPR013819,0.981545808458133,0.25329492274759635,2.0,1.0,0.464928904382533,0.1,False
2940,IPR013821,0.8606499744935043,0.5182306685589673,5.0,1.0,0.7304140383099247,0.42,False
2941,IPR013848,0.9998631784899864,0.0018048734886640262,8.0,1.0,0.029890324730535326,0.0,True
2942,IPR013848|IPR006638,0.9496481500857012,0.35476645916424515,3.0,1.0,0.5614328620219463,0.11,False
2943,IPR013872,0.9974946376443489,0.050351849914298724,3.0,1.0,0.19708381075902243,0.0,True
2944,IPR013872|IPR040926,0.9974946376443489,0.050351849914298724,3.0,1.0,0.19708381075902243,0.0,True
2945,IPR013872|IPR040926|IPR011615,0.9974946376443489,0.050351849914298724,3.0,1.0,0.19708381075902243,0.0,True
2946,IPR013882,0.7467050772524036,1.0,2.0,1.0,1.0,1.0,False
2947,IPR013894,0.981545808458133,0.25329492274759635,2.0,1.0,0.464928904382533,0.05,True
2948,IPR013894|IPR015940,0.981545808458133,0.25329492274759635,2.0,1.0,0.464928904382533,0.01,True
2949,IPR013899,0.7467050772524036,1.0,2.0,1.0,1.0,1.0,False
2950,IPR013899|IPR002625,0.7467050772524036,1.0,2.0,1.0,1.0,1.0,False
2951,IPR013915,1.0,0.018454191541866973,2.0,1.0,0.11408695175018027,0.0,True
2952,IPR013918,0.8091777075696599,0.5837123437846928,6.0,1.0,0.8021387447700818,0.51,False
2953,IPR013968,0.7467050772524036,1.0,2.0,1.0,1.0,1.0,False
2954,IPR013968|IPR009081,0.7467050772524036,1.0,2.0,1.0,1.0,1.0,False
2955,IPR013977,0.9974946376443489,0.050351849914298724,3.0,1.0,0.19708381075902243,0.05,True
2956,IPR013979,0.7467050772524036,1.0,2.0,1.0,1.0,1.0,False
2957,IPR013980,0.9797694962308396,0.13935002550649572,5.0,1.0,0.39238233340166945,0.02,True
2958,IPR014009,0.7467050772524036,1.0,2.0,1.0,1.0,1.0,False
2959,IPR014012,0.9999836118343148,0.0001344300063644432,17.0,1.0,0.0043910356660877715,0.0,True
2960,IPR014012|IPR000330,1.0,0.018454191541866973,2.0,1.0,0.11408695175018027,0.0,True
2961,IPR014012|IPR006576,0.9954444034543672,0.023051889483380827,13.0,1.0,0.12698199675973212,0.02,True
2962,IPR014012|IPR006576|IPR000330,0.998436289788411,0.010450966574151375,11.0,1.0,0.0971225616702161,0.0,True
2963,IPR014014,0.9982428282107656,0.006155503447950891,31.0,1.0,0.07379463182265024,0.59,False
2964,IPR014014|IPR011545,0.9968460614602445,0.013046618660657608,20.0,1.0,0.11408695175018027,0.45,False
2965,IPR014014|IPR011545|IPR001650,0.9316452367978186,0.21663818609866356,12.0,1.0,0.464928904382533,0.58,False
2966,IPR014016,0.9909985169829642,0.09170221681156158,4.0,1.0,0.28406795819264913,0.04,True
2967,IPR014016|IPR041677,0.9496481500857012,0.35476645916424515,3.0,1.0,0.5614328620219463,0.13,False
2968,IPR014016|IPR041677|IPR041679,0.9496481500857012,0.35476645916424515,3.0,1.0,0.5614328620219463,0.11,False
2969,IPR014020,0.996852212729553,0.014813430625927939,16.0,1.0,0.11408695175018027,0.1,False
2970,IPR014020|IPR001623,0.9082977831884385,0.442454539948473,4.0,1.0,0.6543109925339897,0.17,False
2971,IPR014030,0.6452335408357548,1.0,3.0,1.0,1.0,1.0,False
2972,IPR014030|IPR014031,0.6452335408357548,1.0,3.0,1.0,1.0,1.0,False
2973,IPR014030|IPR014031|IPR014043,0.6452335408357548,1.0,3.0,1.0,1.0,1.0,False
2974,IPR014031,0.6452335408357548,1.0,3.0,1.0,1.0,1.0,False
2975,IPR014031|IPR014043,0.6452335408357548,1.0,3.0,1.0,1.0,1.0,False
2976,IPR014031|IPR014043|IPR020807,0.6452335408357548,1.0,3.0,1.0,1.0,1.0,False
2977,IPR014038,1.0,0.018454191541866973,2.0,1.0,0.11408695175018027,0.01,True
2978,IPR014043,0.6452335408357548,1.0,3.0,1.0,1.0,1.0,False
2979,IPR014043|IPR020807,0.6452335408357548,1.0,3.0,1.0,1.0,1.0,False
2980,IPR014043|IPR020807|IPR013217,0.6452335408357548,1.0,3.0,1.0,1.0,1.0,False
2981,IPR014044,0.9082977831884385,0.442454539948473,4.0,1.0,0.6543109925339897,0.64,False
2982,IPR014044|IPR003582,0.981545808458133,0.25329492274759635,2.0,1.0,0.464928904382533,0.03,True
2983,IPR014048,0.9496481500857012,0.35476645916424515,3.0,1.0,0.5614328620219463,0.1,False
2984,IPR014720,0.9973285789671009,0.009433210949300979,28.0,1.0,0.09059739958185532,0.28,False
2985,IPR014720|IPR002466,0.9797694962308396,0.13935002550649572,5.0,1.0,0.39238233340166945,0.03,True
2986,IPR014720|IPR014720,0.996852212729553,0.014813430625927939,16.0,1.0,0.11408695175018027,0.16,False
2987,IPR014720|IPR014720|IPR002466,0.9909985169829642,0.09170221681156158,4.0,1.0,0.28406795819264913,0.02,True
2988,IPR014720|IPR014720|IPR014720,0.9909985169829642,0.09170221681156158,4.0,1.0,0.28406795819264913,0.1,False
2989,IPR014720|IPR014720|IPR032478,0.981545808458133,0.25329492274759635,2.0,1.0,0.464928904382533,0.05,True
2990,IPR014720|IPR032478,0.9496481500857012,0.35476645916424515,3.0,1.0,0.5614328620219463,0.17,False
2991,IPR014730,0.7467050772524036,1.0,2.0,1.0,1.0,1.0,False
2992,IPR014741,0.9909985169829642,0.09170221681156158,4.0,1.0,0.28406795819264913,0.07,False
2993,IPR014741|IPR014742,0.9496481500857012,0.35476645916424515,3.0,1.0,0.5614328620219463,0.34,False
2994,IPR014741|IPR014742|IPR001841,0.9496481500857012,0.35476645916424515,3.0,1.0,0.5614328620219463,0.29,False
2995,IPR014742,0.9496481500857012,0.35476645916424515,3.0,1.0,0.5614328620219463,0.35,False
2996,IPR014742|IPR001841,0.9496481500857012,0.35476645916424515,3.0,1.0,0.5614328620219463,0.31,False
2997,IPR014744,0.9496481500857012,0.35476645916424515,3.0,1.0,0.5614328620219463,0.16,False
2998,IPR014767,0.808527307692987,0.4123972208561986,17.0,1.0,0.647479927123664,0.53,False
2999,IPR014768,0.7467050772524036,1.0,2.0,1.0,1.0,1.0,False
3000,IPR014771,0.9974946376443489,0.050351849914298724,3.0,1.0,0.19708381075902243,0.01,True
3001,IPR014771|IPR015040,0.981545808458133,0.25329492274759635,2.0,1.0,0.464928904382533,0.02,True
3002,IPR014772,0.981545808458133,0.25329492274759635,2.0,1.0,0.464928904382533,0.06,False
3003,IPR014782,0.9998397178261664,0.0012099322464327762,14.0,1.0,0.023591395914408134,0.02,True
3004,IPR014782|IPR015211,0.981545808458133,0.25329492274759635,2.0,1.0,0.464928904382533,0.1,False
3005,IPR014782|IPR024571,0.9082977831884385,0.442454539948473,4.0,1.0,0.6543109925339897,0.34,False
3006,IPR014788,0.7467050772524036,1.0,2.0,1.0,1.0,1.0,False
3007,IPR014799,0.7467050772524036,1.0,2.0,1.0,1.0,1.0,False
3008,IPR014800,0.557545460051527,1.0,4.0,1.0,1.0,1.0,False
3009,IPR014800|IPR014799,0.7467050772524036,1.0,2.0,1.0,1.0,1.0,False
3010,IPR014811,0.981545808458133,0.25329492274759635,2.0,1.0,0.464928904382533,0.26,False
3011,IPR014811|IPR003100,0.981545808458133,0.25329492274759635,2.0,1.0,0.464928904382533,0.23,False
3012,IPR014815,0.9496481500857012,0.35476645916424515,3.0,1.0,0.5614328620219463,0.26,False
3013,IPR014821,0.9999762871741105,0.0003630388782616913,9.0,1.0,0.009105931475622131,0.0,True
3014,IPR014821|IPR016093,0.9998631784899864,0.0018048734886640262,8.0,1.0,0.029890324730535326,0.0,True
3015,IPR014821|IPR016093|IPR000699,0.9992376589979926,0.008446415716188569,7.0,1.0,0.08677362453176146,0.02,True
3016,IPR014836,0.9984845308177138,0.020230503769160375,5.0,1.0,0.11408695175018027,0.06,False
3017,IPR014837,0.9952700799613231,0.020313527309883075,17.0,1.0,0.11408695175018027,0.04,True
3018,IPR014840,0.981545808458133,0.25329492274759635,2.0,1.0,0.464928904382533,0.09,False
3019,IPR014847,0.9904158193816581,0.03510897205571352,19.0,1.0,0.1776271722389577,0.15,False
3020,IPR014847|IPR000219,0.6452335408357548,1.0,3.0,1.0,1.0,1.0,False
3021,IPR014847|IPR000219|IPR001849,0.6452335408357548,1.0,3.0,1.0,1.0,1.0,False
3022,IPR014847|IPR007477,0.9895490334258487,0.05088248568851092,11.0,1.0,0.19708381075902243,0.01,True
3023,IPR014847|IPR007477|IPR008379,0.9635945083411929,0.19082229243034007,6.0,1.0,0.464928904382533,0.04,True
3024,IPR014853,0.9996369611217383,0.0036071667516669446,9.0,1.0,0.04904797527858711,0.12,False
3025,IPR014853|IPR000742,0.9974946376443489,0.050351849914298724,3.0,1.0,0.19708381075902243,0.07,False
3026,IPR014853|IPR000742|IPR001007,0.9974946376443489,0.050351849914298724,3.0,1.0,0.19708381075902243,0.06,False
3027,IPR014853|IPR001007,0.9984845308177138,0.020230503769160375,5.0,1.0,0.11408695175018027,0.1,False
3028,IPR014853|IPR001007|IPR001007,1.0,0.018454191541866973,2.0,1.0,0.11408695175018027,0.0,True
3029,IPR014853|IPR001007|IPR001846,0.981545808458133,0.25329492274759635,2.0,1.0,0.464928904382533,0.15,False
3030,IPR014853|IPR002919,0.9984845308177138,0.020230503769160375,5.0,1.0,0.11408695175018027,0.15,False
3031,IPR014853|IPR002919|IPR001007,0.9996600111981438,0.009001483017035832,4.0,1.0,0.08677362453176146,0.07,False
3032,IPR014853|IPR007934,0.981545808458133,0.25329492274759635,2.0,1.0,0.464928904382533,0.12,False
3033,IPR014868,0.9935886954088315,0.03618011510147109,10.0,1.0,0.1776271722389577,0.14,False
3034,IPR014868|IPR002126,0.9915535842838115,0.05737479861577096,7.0,1.0,0.2140473533918329,0.15,False
3035,IPR014868|IPR002126|IPR002126,0.9909985169829642,0.09170221681156158,4.0,1.0,0.28406795819264913,0.17,False
3036,IPR014873,0.705652314114898,0.5857186011492906,14.0,1.0,0.803826829253223,0.71,False
3037,IPR014873|IPR031688,0.8091777075696599,0.5837123437846928,6.0,1.0,0.8021387447700818,0.48,False
3038,IPR014876,0.97572740910265,0.1119840590798335,9.0,1.0,0.3381774595356515,0.16,False
3039,IPR014876|IPR000340,0.97572740910265,0.1119840590798335,9.0,1.0,0.3381774595356515,0.1,False
3040,IPR014877,0.7467050772524036,1.0,2.0,1.0,1.0,1.0,False
3041,IPR014878,0.9496481500857012,0.35476645916424515,3.0,1.0,0.5614328620219463,0.09,False
3042,IPR014886,0.9082977831884385,0.442454539948473,4.0,1.0,0.6543109925339897,0.26,False
3043,IPR014889,0.48176933144103273,1.0,5.0,1.0,1.0,1.0,False
3044,IPR014890,0.9999960011868689,6.971218899254965e-05,10.0,1.0,0.002554630358329816,0.0,True
3045,IPR014896,0.9909985169829642,0.09170221681156158,4.0,1.0,0.28406795819264913,0.1,False
3046,IPR014896|IPR002893,0.9909985169829642,0.09170221681156158,4.0,1.0,0.28406795819264913,0.05,True
3047,IPR014905,0.7467050772524036,1.0,2.0,1.0,1.0,1.0,False
3048,IPR014920,0.9915535842838115,0.05737479861577096,7.0,1.0,0.2140473533918329,0.01,True
3049,IPR014920|IPR010011,0.9635945083411929,0.19082229243034007,6.0,1.0,0.464928904382533,0.11,False
3050,IPR014920|IPR010011|IPR010011,0.7467050772524036,1.0,2.0,1.0,1.0,1.0,False
3051,IPR014928,0.8606499744935043,0.5182306685589673,5.0,1.0,0.7304140383099247,0.31,False
3052,IPR014928|IPR021901,0.8606499744935043,0.5182306685589673,5.0,1.0,0.7304140383099247,0.24,False
3053,IPR014929,0.7467050772524036,1.0,2.0,1.0,1.0,1.0,False
3054,IPR014930,0.9082977831884385,0.442454539948473,4.0,1.0,0.6543109925339897,0.45,False
3055,IPR014930|IPR002219,0.9082977831884385,0.442454539948473,4.0,1.0,0.6543109925339897,0.35,False
3056,IPR014930|IPR002219|IPR001849,0.9496481500857012,0.35476645916424515,3.0,1.0,0.5614328620219463,0.26,False
3057,IPR014935,0.9915535842838115,0.05737479861577096,7.0,1.0,0.2140473533918329,0.01,True
3058,IPR014935|IPR014920,0.7467050772524036,1.0,2.0,1.0,1.0,1.0,False
3059,IPR014935|IPR014920|IPR010011,0.7467050772524036,1.0,2.0,1.0,1.0,1.0,False
3060,IPR014935|IPR032565,0.9984845308177138,0.020230503769160375,5.0,1.0,0.11408695175018027,0.0,True
3061,IPR014935|IPR032565|IPR014920,0.9984845308177138,0.020230503769160375,5.0,1.0,0.11408695175018027,0.0,True
3062,IPR014936,0.7467050772524036,1.0,2.0,1.0,1.0,1.0,False
3063,IPR014936|IPR001158,0.7467050772524036,1.0,2.0,1.0,1.0,1.0,False
3064,IPR014940,0.7467050772524036,1.0,2.0,1.0,1.0,1.0,False
3065,IPR014978,0.9994668342079506,0.003147787270446973,16.0,1.0,0.04416368681549245,0.0,True
3066,IPR014978|IPR014012,0.9954444034543672,0.023051889483380827,13.0,1.0,0.12698199675973212,0.01,True
3067,IPR014978|IPR014012|IPR006576,0.9954444034543672,0.023051889483380827,13.0,1.0,0.12698199675973212,0.01,True
3068,IPR015008,0.9909985169829642,0.09170221681156158,4.0,1.0,0.28406795819264913,0.05,True
3069,IPR015009,0.557545460051527,1.0,4.0,1.0,1.0,1.0,False
3070,IPR015009|IPR054060,0.557545460051527,1.0,4.0,1.0,1.0,1.0,False
3071,IPR015009|IPR054060|IPR054082,0.6452335408357548,1.0,3.0,1.0,1.0,1.0,False
3072,IPR015015,1.0,0.0025053623556511003,3.0,1.0,0.03667197533045109,0.0,True
3073,IPR015022,0.9496481500857012,0.35476645916424515,3.0,1.0,0.5614328620219463,0.29,False
3074,IPR015022|IPR000719,0.7467050772524036,1.0,2.0,1.0,1.0,1.0,False
3075,IPR015022|IPR000719|IPR000961,0.7467050772524036,1.0,2.0,1.0,1.0,1.0,False
3076,IPR015030,0.9115106262561296,0.2550828298051015,13.0,1.0,0.46704924932776737,0.07,False
3077,IPR015040,0.981545808458133,0.25329492274759635,2.0,1.0,0.464928904382533,0.05,True
3078,IPR015042,0.98406206933883,0.06835476320218137,12.0,1.0,0.2517384614865795,0.05,True
3079,IPR015042|IPR000980,0.41628765621530717,1.0,6.0,1.0,1.0,1.0,False
3080,IPR015048,0.9993148927898668,0.004555596545632768,13.0,1.0,0.055779069552806905,0.11,False
3081,IPR015063,0.981545808458133,0.25329492274759635,2.0,1.0,0.464928904382533,0.2,False
3082,IPR015096,0.981545808458133,0.25329492274759635,2.0,1.0,0.464928904382533,0.08,False
3083,IPR015096|IPR015096,0.981545808458133,0.25329492274759635,2.0,1.0,0.464928904382533,0.05,True
3084,IPR015097,0.7467050772524036,1.0,2.0,1.0,1.0,1.0,False
3085,IPR015097|IPR001304,0.7467050772524036,1.0,2.0,1.0,1.0,1.0,False
3086,IPR015098,0.9496481500857012,0.35476645916424515,3.0,1.0,0.5614328620219463,0.13,False
3087,IPR015120,0.981545808458133,0.25329492274759635,2.0,1.0,0.464928904382533,0.07,False
3088,IPR015123,0.9999613122336617,0.0007623410020074928,7.0,1.0,0.016143508022019325,0.0,True
3089,IPR015123|IPR000219,0.9974946376443489,0.050351849914298724,3.0,1.0,0.19708381075902243,0.0,True
3090,IPR015123|IPR000219|IPR001849,1.0,0.018454191541866973,2.0,1.0,0.11408695175018027,0.0,True
3091,IPR015128,0.97572740910265,0.1119840590798335,9.0,1.0,0.3381774595356515,0.08,False
3092,IPR015128|IPR027330,0.9496481500857012,0.35476645916424515,3.0,1.0,0.5614328620219463,0.13,False
3093,IPR015128|IPR027330|IPR027329,0.9496481500857012,0.35476645916424515,3.0,1.0,0.5614328620219463,0.11,False
3094,IPR015134,0.7467050772524036,1.0,2.0,1.0,1.0,1.0,False
3095,IPR015151,0.97572740910265,0.1119840590798335,9.0,1.0,0.3381774595356515,0.08,False
3096,IPR015152,0.9496481500857012,0.35476645916424515,3.0,1.0,0.5614328620219463,0.33,False
3097,IPR015152|IPR003961,0.9496481500857012,0.35476645916424515,3.0,1.0,0.5614328620219463,0.26,False
3098,IPR015152|IPR003961|IPR025871,0.7467050772524036,1.0,2.0,1.0,1.0,1.0,False
3099,IPR015153,0.996392833248333,0.024272590897350052,9.0,1.0,0.13187852488602284,0.09,False
3100,IPR015153|IPR015154,0.9849120420562869,0.0827469030190057,8.0,1.0,0.28406795819264913,0.18,False
3101,IPR015153|IPR015154|IPR000433,0.9849120420562869,0.0827469030190057,8.0,1.0,0.28406795819264913,0.16,False
3102,IPR015154,0.9849120420562869,0.0827469030190057,8.0,1.0,0.28406795819264913,0.24,False
3103,IPR015154|IPR000433,0.9849120420562869,0.0827469030190057,8.0,1.0,0.28406795819264913,0.21,False
3104,IPR015163,0.41628765621530717,1.0,6.0,1.0,1.0,1.0,False
3105,IPR015194,1.0,0.0025053623556511003,3.0,1.0,0.03667197533045109,0.0,True
3106,IPR015194|IPR001005,1.0,0.0025053623556511003,3.0,1.0,0.03667197533045109,0.0,True
3107,IPR015194|IPR001005|IPR001005,1.0,0.018454191541866973,2.0,1.0,0.11408695175018027,0.0,True
3108,IPR015211,0.9974946376443489,0.050351849914298724,3.0,1.0,0.19708381075902243,0.04,True
3109,IPR015245,0.557545460051527,1.0,4.0,1.0,1.0,1.0,False
3110,IPR015245|IPR057125,0.557545460051527,1.0,4.0,1.0,1.0,1.0,False
3111,IPR015245|IPR057125|IPR002075,0.6452335408357548,1.0,3.0,1.0,1.0,1.0,False
3112,IPR015249,0.7467050772524036,1.0,2.0,1.0,1.0,1.0,False
3113,IPR015260,0.981545808458133,0.25329492274759635,2.0,1.0,0.464928904382533,0.08,False
3114,IPR015338,0.981545808458133,0.25329492274759635,2.0,1.0,0.464928904382533,0.14,False
3115,IPR015341,0.557545460051527,1.0,4.0,1.0,1.0,1.0,False
3116,IPR015341|IPR048534,0.6452335408357548,1.0,3.0,1.0,1.0,1.0,False
3117,IPR015348,0.998195126511336,0.01508795794371311,8.0,1.0,0.11408695175018027,0.01,True
3118,IPR015373,0.9797694962308396,0.13935002550649572,5.0,1.0,0.39238233340166945,0.13,False
3119,IPR015388,0.7467050772524036,1.0,2.0,1.0,1.0,1.0,False
3120,IPR015395,0.9496481500857012,0.35476645916424515,3.0,1.0,0.5614328620219463,0.29,False
3121,IPR015399,0.9496481500857012,0.35476645916424515,3.0,1.0,0.5614328620219463,0.21,False
3122,IPR015403,0.8091777075696599,0.5837123437846928,6.0,1.0,0.8021387447700818,0.6,False
3123,IPR015403|IPR046455,0.6452335408357548,1.0,3.0,1.0,1.0,1.0,False
3124,IPR015404,0.6452335408357548,1.0,3.0,1.0,1.0,1.0,False
3125,IPR015415,0.8091777075696599,0.5837123437846928,6.0,1.0,0.8021387447700818,0.7,False
3126,IPR015425,0.820432669625457,0.4524654471140695,11.0,1.0,0.6660652322616516,0.57,False
3127,IPR015425|IPR014767,0.7019805810647781,0.689194390921003,8.0,1.0,0.9276028699892739,0.63,False
3128,IPR015590,0.5494194750765222,0.7237231019402814,18.0,1.0,0.9738222051368317,0.76,False
3129,IPR015590|IPR015590,0.9082977831884385,0.442454539948473,4.0,1.0,0.6543109925339897,0.03,True
3130,IPR015671,0.7467050772524036,1.0,2.0,1.0,1.0,1.0,False
3131,IPR015795,0.9496481500857012,0.35476645916424515,3.0,1.0,0.5614328620219463,0.15,False
3132,IPR015847,0.7467050772524036,1.0,2.0,1.0,1.0,1.0,False
3133,IPR015877,0.981545808458133,0.25329492274759635,2.0,1.0,0.464928904382533,0.0,True
3134,IPR015878,0.9172530969809943,0.2980194189352218,8.0,1.0,0.5376628273876715,0.19,False
3135,IPR015883,0.7467050772524036,1.0,2.0,1.0,1.0,1.0,False
3136,IPR015886,0.6452335408357548,1.0,3.0,1.0,1.0,1.0,False
3137,IPR015886|IPR000214,0.6452335408357548,1.0,3.0,1.0,1.0,1.0,False
3138,IPR015898,0.9115106262561296,0.2550828298051015,13.0,1.0,0.46704924932776737,0.73,False
3139,IPR015898|IPR016137,0.942625201384229,0.2442012899561677,7.0,1.0,0.464928904382533,0.1,False
3140,IPR015938,0.9635945083411929,0.19082229243034007,6.0,1.0,0.464928904382533,0.11,False
3141,IPR015938|IPR013652,0.9635945083411929,0.19082229243034007,6.0,1.0,0.464928904382533,0.11,False
3142,IPR015939,0.9496481500857012,0.35476645916424515,3.0,1.0,0.5614328620219463,0.11,False
3143,IPR015940,0.9996642440975866,0.001050702792858326,52.0,1.0,0.021124440975482377,0.4,False
3144,IPR015940|IPR000571,0.7467050772524036,1.0,2.0,1.0,1.0,1.0,False
3145,IPR015940|IPR001772,0.6452335408357548,1.0,3.0,1.0,1.0,1.0,False
3146,IPR015940|IPR006636,0.8606499744935043,0.5182306685589673,5.0,1.0,0.7304140383099247,0.35,False
3147,IPR015940|IPR006636|IPR015940,0.9496481500857012,0.35476645916424515,3.0,1.0,0.5614328620219463,0.13,False
3148,IPR015940|IPR015940,0.6452335408357548,1.0,3.0,1.0,1.0,1.0,False
3149,IPR016014,0.6452335408357548,1.0,3.0,1.0,1.0,1.0,False
3150,IPR016014|IPR016015,0.6452335408357548,1.0,3.0,1.0,1.0,1.0,False
3151,IPR016015,0.557545460051527,1.0,4.0,1.0,1.0,1.0,False
3152,IPR016054,0.98406206933883,0.06835476320218137,12.0,1.0,0.2517384614865795,0.72,False
3153,IPR016054|IPR016054,0.942625201384229,0.2442012899561677,7.0,1.0,0.464928904382533,0.29,False
3154,IPR016054|IPR016054|IPR016054,0.6452335408357548,1.0,3.0,1.0,1.0,1.0,False
3155,IPR016071,0.98406206933883,0.06835476320218137,12.0,1.0,0.2517384614865795,0.0,True
3156,IPR016071|IPR002999,0.557545460051527,1.0,4.0,1.0,1.0,1.0,False
3157,IPR016071|IPR002999|IPR016071,0.557545460051527,1.0,4.0,1.0,1.0,1.0,False
3158,IPR016071|IPR016071,0.9797694962308396,0.13935002550649572,5.0,1.0,0.39238233340166945,0.04,True
3159,IPR016071|IPR016071|IPR002999,0.7467050772524036,1.0,2.0,1.0,1.0,1.0,False
3160,IPR016071|IPR016071|IPR016071,0.9496481500857012,0.35476645916424515,3.0,1.0,0.5614328620219463,0.07,False
3161,IPR016090,0.8606499744935043,0.5182306685589673,5.0,1.0,0.7304140383099247,0.65,False
3162,IPR016093,0.9998397178261664,0.0012099322464327762,14.0,1.0,0.023591395914408134,0.01,True
3163,IPR016093|IPR000699,0.9998308721706876,0.0015637102115890087,11.0,1.0,0.02693230221093469,0.0,True
3164,IPR016093|IPR000699|IPR000699,0.9992376589979926,0.008446415716188569,7.0,1.0,0.08677362453176146,0.0,True
3165,IPR016093|IPR000699|IPR001870,0.981545808458133,0.25329492274759635,2.0,1.0,0.464928904382533,0.13,False
3166,IPR016103,0.7467050772524036,1.0,2.0,1.0,1.0,1.0,False
3167,IPR016103|IPR022735,0.7467050772524036,1.0,2.0,1.0,1.0,1.0,False
3168,IPR016137,0.9990698265373967,0.0035878671225283935,29.0,1.0,0.04904797527858711,0.44,False
3169,IPR016137|IPR000719,0.9974946376443489,0.050351849914298724,3.0,1.0,0.19708381075902243,0.03,True
3170,IPR016137|IPR000719|IPR000961,0.981545808458133,0.25329492274759635,2.0,1.0,0.464928904382533,0.14,False
3171,IPR016137|IPR014936,0.7467050772524036,1.0,2.0,1.0,1.0,1.0,False
3172,IPR016137|IPR014936|IPR001158,0.7467050772524036,1.0,2.0,1.0,1.0,1.0,False
3173,IPR016137|IPR016137,0.9082977831884385,0.442454539948473,4.0,1.0,0.6543109925339897,0.24,False
3174,IPR016137|IPR016137|IPR037719,0.7467050772524036,1.0,2.0,1.0,1.0,1.0,False
3175,IPR016137|IPR037719,0.7467050772524036,1.0,2.0,1.0,1.0,1.0,False
3176,IPR016158,0.942625201384229,0.2442012899561677,7.0,1.0,0.464928904382533,0.35,False
3177,IPR016158|IPR019559,0.8091777075696599,0.5837123437846928,6.0,1.0,0.8021387447700818,0.65,False
3178,IPR016188,0.7467050772524036,1.0,2.0,1.0,1.0,1.0,False
3179,IPR016188|IPR010918,0.7467050772524036,1.0,2.0,1.0,1.0,1.0,False
3180,IPR016201,0.9999538026063869,0.00019844636740834338,37.0,1.0,0.005961467327900641,0.19,False
3181,IPR016201|IPR000742,0.981545808458133,0.25329492274759635,2.0,1.0,0.464928904382533,0.14,False
3182,IPR016201|IPR001304,0.9974946376443489,0.050351849914298724,3.0,1.0,0.19708381075902243,0.02,True
3183,IPR016201|IPR001304|IPR016201,0.9974946376443489,0.050351849914298724,3.0,1.0,0.19708381075902243,0.02,True
3184,IPR016201|IPR002035,1.0,0.018454191541866973,2.0,1.0,0.11408695175018027,0.0,True
3185,IPR016201|IPR002909,0.9796864726901169,0.06994573246212746,17.0,1.0,0.2565007804342176,0.3,False
3186,IPR016201|IPR002909|IPR002909,0.9796864726901169,0.06994573246212746,17.0,1.0,0.2565007804342176,0.25,False
3187,IPR016201|IPR003599,0.9974946376443489,0.050351849914298724,3.0,1.0,0.19708381075902243,0.04,True
3188,IPR016201|IPR016201,0.996392833248333,0.024272590897350052,9.0,1.0,0.13187852488602284,0.07,False
3189,IPR016201|IPR016201|IPR000742,0.981545808458133,0.25329492274759635,2.0,1.0,0.464928904382533,0.14,False
3190,IPR016201|IPR016201|IPR001304,0.9974946376443489,0.050351849914298724,3.0,1.0,0.19708381075902243,0.02,True
3191,IPR016201|IPR016201|IPR002909,0.9797694962308396,0.13935002550649572,5.0,1.0,0.39238233340166945,0.13,False
3192,IPR016201|IPR016201|IPR016201,0.9909985169829642,0.09170221681156158,4.0,1.0,0.28406795819264913,0.17,False
3193,IPR016201|IPR041019,0.9984845308177138,0.020230503769160375,5.0,1.0,0.11408695175018027,0.1,False
3194,IPR016201|IPR041019|IPR016201,0.9984845308177138,0.020230503769160375,5.0,1.0,0.11408695175018027,0.1,False
3195,IPR016201|IPR041362,0.9974946376443489,0.050351849914298724,3.0,1.0,0.19708381075902243,0.12,False
3196,IPR016201|IPR041362|IPR016201,0.9974946376443489,0.050351849914298724,3.0,1.0,0.19708381075902243,0.12,False
3197,IPR016201|IPR057563,0.9082977831884385,0.442454539948473,4.0,1.0,0.6543109925339897,0.31,False
3198,IPR017452,0.9996589328266094,0.0008268282435736693,96.0,1.0,0.01729644345969696,1.0,False
3199,IPR017456,0.7467050772524036,1.0,2.0,1.0,1.0,1.0,False
3200,IPR017874,0.7467050772524036,1.0,2.0,1.0,1.0,1.0,False
3201,IPR017874|IPR001478,0.7467050772524036,1.0,2.0,1.0,1.0,1.0,False
3202,IPR017878,0.949117514311489,0.179567330374543,11.0,1.0,0.464928904382533,0.51,False
3203,IPR017878|IPR000742,0.6488276211060958,0.7314471424243904,9.0,1.0,0.9806402140391347,0.86,False
3204,IPR017878|IPR000742|IPR000742,0.7019805810647781,0.689194390921003,8.0,1.0,0.9276028699892739,0.82,False
3205,IPR017878|IPR000742|IPR017878,0.9082977831884385,0.442454539948473,4.0,1.0,0.6543109925339897,0.55,False
3206,IPR017893,0.9496481500857012,0.35476645916424515,3.0,1.0,0.5614328620219463,0.28,False
3207,IPR017896,0.9797694962308396,0.13935002550649572,5.0,1.0,0.39238233340166945,0.16,False
3208,IPR017896|IPR017896,0.981545808458133,0.25329492274759635,2.0,1.0,0.464928904382533,0.02,True
3209,IPR017903,0.8606499744935043,0.5182306685589673,5.0,1.0,0.7304140383099247,0.77,False
3210,IPR017903|IPR003961,0.9082977831884385,0.442454539948473,4.0,1.0,0.6543109925339897,0.55,False
3211,IPR017903|IPR003961|IPR001870,0.9082977831884385,0.442454539948473,4.0,1.0,0.6543109925339897,0.44,False
3212,IPR017920,0.6488276211060958,0.7314471424243904,9.0,1.0,0.9806402140391347,0.84,False
3213,IPR017926,0.981545808458133,0.25329492274759635,2.0,1.0,0.464928904382533,0.17,False
3214,IPR017926|IPR005483,0.981545808458133,0.25329492274759635,2.0,1.0,0.464928904382533,0.07,False
3215,IPR017926|IPR005483|IPR005483,0.981545808458133,0.25329492274759635,2.0,1.0,0.464928904382533,0.05,True
3216,IPR017932,0.7467050772524036,1.0,2.0,1.0,1.0,1.0,False
3217,IPR017942,0.41628765621530717,1.0,6.0,1.0,1.0,1.0,False
3218,IPR017942|IPR001124,0.41628765621530717,1.0,6.0,1.0,1.0,1.0,False
3219,IPR017961,0.9974946376443489,0.050351849914298724,3.0,1.0,0.19708381075902243,0.08,False
3220,IPR017961|IPR041298,0.9974946376443489,0.050351849914298724,3.0,1.0,0.19708381075902243,0.0,True
3221,IPR017978,0.9895611856323774,0.042680964302383335,15.0,1.0,0.19708381075902243,0.47,False
3222,IPR017981,0.9680664190092035,0.11111169084510009,14.0,1.0,0.3381774595356515,0.73,False
3223,IPR017981|IPR003334,0.9974946376443489,0.050351849914298724,3.0,1.0,0.19708381075902243,0.01,True
3224,IPR017981|IPR003334|IPR003334,0.981545808458133,0.25329492274759635,2.0,1.0,0.464928904382533,0.02,True
3225,IPR018121,0.981545808458133,0.25329492274759635,2.0,1.0,0.464928904382533,0.18,False
3226,IPR018143,0.9082977831884385,0.442454539948473,4.0,1.0,0.6543109925339897,0.44,False
3227,IPR018276,1.0,0.018454191541866973,2.0,1.0,0.11408695175018027,0.0,True
3228,IPR018316,0.557545460051527,1.0,4.0,1.0,1.0,1.0,False
3229,IPR018379,0.942625201384229,0.2442012899561677,7.0,1.0,0.464928904382533,0.36,False
3230,IPR018379|IPR018379,0.9974946376443489,0.050351849914298724,3.0,1.0,0.19708381075902243,0.01,True
3231,IPR018379|IPR018379|IPR018379,0.981545808458133,0.25329492274759635,2.0,1.0,0.464928904382533,0.02,True
3232,IPR018392,0.8606499744935043,0.5182306685589673,5.0,1.0,0.7304140383099247,0.58,False
3233,IPR018392|IPR006571,0.7467050772524036,1.0,2.0,1.0,1.0,1.0,False
3234,IPR018459,0.9984845308177138,0.020230503769160375,5.0,1.0,0.11408695175018027,0.04,True
3235,IPR018484,0.9974946376443489,0.050351849914298724,3.0,1.0,0.19708381075902243,0.15,False
3236,IPR018485,0.981545808458133,0.25329492274759635,2.0,1.0,0.464928904382533,0.3,False
3237,IPR018491,0.9849120420562869,0.0827469030190057,8.0,1.0,0.28406795819264913,0.26,False
3238,IPR018491|IPR018491,0.9797694962308396,0.13935002550649572,5.0,1.0,0.39238233340166945,0.14,False
3239,IPR018497,0.998195126511336,0.01508795794371311,8.0,1.0,0.11408695175018027,0.06,False
3240,IPR018501,0.9895490334258487,0.05088248568851092,11.0,1.0,0.19708381075902243,0.07,False
3241,IPR018501|IPR001965,0.9797694962308396,0.13935002550649572,5.0,1.0,0.39238233340166945,0.02,True
3242,IPR018501|IPR001965|IPR028941,0.9082977831884385,0.442454539948473,4.0,1.0,0.6543109925339897,0.23,False
3243,IPR018501|IPR028941,0.981545808458133,0.25329492274759635,2.0,1.0,0.464928904382533,0.02,True
3244,IPR018501|IPR028941|IPR001965,0.981545808458133,0.25329492274759635,2.0,1.0,0.464928904382533,0.03,True
3245,IPR018501|IPR028942,0.9082977831884385,0.442454539948473,4.0,1.0,0.6543109925339897,0.35,False
3246,IPR018501|IPR028942|IPR028941,0.9082977831884385,0.442454539948473,4.0,1.0,0.6543109925339897,0.33,False
3247,IPR018545,0.557545460051527,1.0,4.0,1.0,1.0,1.0,False
3248,IPR018612,0.9082977831884385,0.442454539948473,4.0,1.0,0.6543109925339897,0.23,False
3249,IPR018612|IPR046850,0.9082977831884385,0.442454539948473,4.0,1.0,0.6543109925339897,0.2,False
3250,IPR018731,0.981545808458133,0.25329492274759635,2.0,1.0,0.464928904382533,0.02,True
3251,IPR018834,0.6452335408357548,1.0,3.0,1.0,1.0,1.0,False
3252,IPR018846,0.9999870967483331,0.0001691278293123989,11.0,1.0,0.005140491141512736,0.0,True
3253,IPR018846|IPR058543,0.9959444841204863,0.03640549165880708,6.0,1.0,0.1776271722389577,0.03,True
3254,IPR018864,0.981545808458133,0.25329492274759635,2.0,1.0,0.464928904382533,0.06,False
3255,IPR018940,1.0,0.018454191541866973,2.0,1.0,0.11408695175018027,0.01,True
3256,IPR018940|IPR014038,1.0,0.018454191541866973,2.0,1.0,0.11408695175018027,0.01,True
3257,IPR018952,0.9974946376443489,0.050351849914298724,3.0,1.0,0.19708381075902243,0.11,False
3258,IPR018952|IPR002934,0.9974946376443489,0.050351849914298724,3.0,1.0,0.19708381075902243,0.01,True
3259,IPR018952|IPR002934|IPR018952,0.9974946376443489,0.050351849914298724,3.0,1.0,0.19708381075902243,0.0,True
3260,IPR018965,0.9496481500857012,0.35476645916424515,3.0,1.0,0.5614328620219463,0.2,False
3261,IPR018967,0.8091777075696599,0.5837123437846928,6.0,1.0,0.8021387447700818,0.47,False
3262,IPR018967|IPR018967,0.9082977831884385,0.442454539948473,4.0,1.0,0.6543109925339897,0.17,False
3263,IPR018974,0.981545808458133,0.25329492274759635,2.0,1.0,0.464928904382533,0.07,False
3264,IPR018982,0.9496481500857012,0.35476645916424515,3.0,1.0,0.5614328620219463,0.27,False
3265,IPR018982|IPR002121,0.9496481500857012,0.35476645916424515,3.0,1.0,0.5614328620219463,0.24,False
3266,IPR018999,0.981545808458133,0.25329492274759635,2.0,1.0,0.464928904382533,0.03,True
3267,IPR019018,0.864004408593912,0.33393570950485546,15.0,1.0,0.5614328620219463,0.43,False
3268,IPR019024,0.7467050772524036,1.0,2.0,1.0,1.0,1.0,False
3269,IPR019025,0.9496481500857012,0.35476645916424515,3.0,1.0,0.5614328620219463,0.23,False
3270,IPR019035,0.7467050772524036,1.0,2.0,1.0,1.0,1.0,False
3271,IPR019035|IPR021990,0.7467050772524036,1.0,2.0,1.0,1.0,1.0,False
3272,IPR019050,0.7557987100438324,0.6402975194227803,7.0,1.0,0.8667585231484166,0.45,False
3273,IPR019082,0.9849120420562869,0.0827469030190057,8.0,1.0,0.28406795819264913,0.13,False
3274,IPR019082|IPR048452,0.981545808458133,0.25329492274759635,2.0,1.0,0.464928904382533,0.06,False
3275,IPR019087,1.0,0.0025053623556511003,3.0,1.0,0.03667197533045109,0.0,True
3276,IPR019102,0.9974946376443489,0.050351849914298724,3.0,1.0,0.19708381075902243,0.01,True
3277,IPR019147,0.9909985169829642,0.09170221681156158,4.0,1.0,0.28406795819264913,0.07,False
3278,IPR019155,0.9974946376443489,0.050351849914298724,3.0,1.0,0.19708381075902243,0.0,True
3279,IPR019156,0.9496481500857012,0.35476645916424515,3.0,1.0,0.5614328620219463,0.11,False
3280,IPR019167,0.6452335408357548,1.0,3.0,1.0,1.0,1.0,False
3281,IPR019316,0.9909985169829642,0.09170221681156158,4.0,1.0,0.28406795819264913,0.16,False
3282,IPR019316|IPR039473,0.9974946376443489,0.050351849914298724,3.0,1.0,0.19708381075902243,0.03,True
3283,IPR019316|IPR039473|IPR025155,0.981545808458133,0.25329492274759635,2.0,1.0,0.464928904382533,0.01,True
3284,IPR019327,0.6452335408357548,1.0,3.0,1.0,1.0,1.0,False
3285,IPR019339,0.942625201384229,0.2442012899561677,7.0,1.0,0.464928904382533,0.2,False
3286,IPR019343,0.557545460051527,1.0,4.0,1.0,1.0,1.0,False
3287,IPR019343|IPR019348,0.6452335408357548,1.0,3.0,1.0,1.0,1.0,False
3288,IPR019345,0.7467050772524036,1.0,2.0,1.0,1.0,1.0,False
3289,IPR019348,0.6452335408357548,1.0,3.0,1.0,1.0,1.0,False
3290,IPR019349,0.9496481500857012,0.35476645916424515,3.0,1.0,0.5614328620219463,0.16,False
3291,IPR019402,0.6452335408357548,1.0,3.0,1.0,1.0,1.0,False
3292,IPR019414,0.9635945083411929,0.19082229243034007,6.0,1.0,0.464928904382533,0.02,True
3293,IPR019441,0.9909985169829642,0.09170221681156158,4.0,1.0,0.28406795819264913,0.02,True
3294,IPR019448,0.9849120420562869,0.0827469030190057,8.0,1.0,0.28406795819264913,0.16,False
3295,IPR019448|IPR001715,0.9496481500857012,0.35476645916424515,3.0,1.0,0.5614328620219463,0.15,False
3296,IPR019451,1.0,0.018454191541866973,2.0,1.0,0.11408695175018027,0.0,True
3297,IPR019451|IPR019414,1.0,0.018454191541866973,2.0,1.0,0.11408695175018027,0.0,True
3298,IPR019452,0.981545808458133,0.25329492274759635,2.0,1.0,0.464928904382533,0.13,False
3299,IPR019458,0.7467050772524036,1.0,2.0,1.0,1.0,1.0,False
3300,IPR019458|IPR018834,0.7467050772524036,1.0,2.0,1.0,1.0,1.0,False
3301,IPR019460,0.7467050772524036,1.0,2.0,1.0,1.0,1.0,False
3302,IPR019466,0.7557987100438324,0.6402975194227803,7.0,1.0,0.8667585231484166,0.56,False
3303,IPR019468,0.981545808458133,0.25329492274759635,2.0,1.0,0.464928904382533,0.06,False
3304,IPR019471,0.7467050772524036,1.0,2.0,1.0,1.0,1.0,False
3305,IPR019473,0.9996600111981438,0.009001483017035832,4.0,1.0,0.08677362453176146,0.0,True
3306,IPR019474,0.9996600111981438,0.009001483017035832,4.0,1.0,0.08677362453176146,0.0,True
3307,IPR019474|IPR003613,0.9996600111981438,0.009001483017035832,4.0,1.0,0.08677362453176146,0.0,True
3308,IPR019479,0.9082977831884385,0.442454539948473,4.0,1.0,0.6543109925339897,0.49,False
3309,IPR019486,0.7467050772524036,1.0,2.0,1.0,1.0,1.0,False
3310,IPR019486|IPR015940,0.7467050772524036,1.0,2.0,1.0,1.0,1.0,False
3311,IPR019489,0.41628765621530717,1.0,6.0,1.0,1.0,1.0,False
3312,IPR019497,0.8606499744935043,0.5182306685589673,5.0,1.0,0.7304140383099247,0.39,False
3313,IPR019498,0.9972307831476748,0.015937930661170028,12.0,1.0,0.11408695175018027,0.0,True
3314,IPR019498|IPR002913,0.9172530969809943,0.2980194189352218,8.0,1.0,0.5376628273876715,0.0,True
3315,IPR019511,0.981545808458133,0.25329492274759635,2.0,1.0,0.464928904382533,0.06,False
3316,IPR019514,0.9909985169829642,0.09170221681156158,4.0,1.0,0.28406795819264913,0.02,True
3317,IPR019515,0.981545808458133,0.25329492274759635,2.0,1.0,0.464928904382533,0.08,False
3318,IPR019518,0.9974946376443489,0.050351849914298724,3.0,1.0,0.19708381075902243,0.02,True
3319,IPR019527,0.9974946376443489,0.050351849914298724,3.0,1.0,0.19708381075902243,0.0,True
3320,IPR019528,0.9496481500857012,0.35476645916424515,3.0,1.0,0.5614328620219463,0.2,False
3321,IPR019533,0.9974946376443489,0.050351849914298724,3.0,1.0,0.19708381075902243,0.0,True
3322,IPR019542,0.9082977831884385,0.442454539948473,4.0,1.0,0.6543109925339897,0.53,False
3323,IPR019542|IPR001965,0.6452335408357548,1.0,3.0,1.0,1.0,1.0,False
3324,IPR019542|IPR001965|IPR001965,0.6452335408357548,1.0,3.0,1.0,1.0,1.0,False
3325,IPR019543,0.9172530969809943,0.2980194189352218,8.0,1.0,0.5376628273876715,0.16,False
3326,IPR019547,0.7467050772524036,1.0,2.0,1.0,1.0,1.0,False
3327,IPR019548,0.9999999314685017,5.063882918717218e-07,31.0,1.0,4.590365445791555e-05,0.0,True
3328,IPR019548|IPR003619,0.9999999314685017,5.063882918717218e-07,31.0,1.0,4.590365445791555e-05,0.0,True
3329,IPR019559,0.5475345528859306,0.7995074773097844,11.0,1.0,1.0,1.0,False
3330,IPR019577,0.9997545541663276,0.004055515879513668,6.0,1.0,0.05084252807529078,0.01,True
3331,IPR019577|IPR000716,1.0,0.018454191541866973,2.0,1.0,0.11408695175018027,0.0,True
3332,IPR019577|IPR002048,0.9496481500857012,0.35476645916424515,3.0,1.0,0.5614328620219463,0.16,False
3333,IPR019583,0.9172530969809943,0.2980194189352218,8.0,1.0,0.5376628273876715,0.3,False
3334,IPR019583|IPR001478,0.9172530969809943,0.2980194189352218,8.0,1.0,0.5376628273876715,0.3,False
3335,IPR019583|IPR001478|IPR001452,0.8091777075696599,0.5837123437846928,6.0,1.0,0.8021387447700818,0.47,False
3336,IPR019590,0.9496481500857012,0.35476645916424515,3.0,1.0,0.5614328620219463,0.35,False
3337,IPR019590|IPR001478,0.9496481500857012,0.35476645916424515,3.0,1.0,0.5614328620219463,0.31,False
3338,IPR019590|IPR001478|IPR001478,0.9496481500857012,0.35476645916424515,3.0,1.0,0.5614328620219463,0.29,False
3339,IPR019607,0.981545808458133,0.25329492274759635,2.0,1.0,0.464928904382533,0.05,True
3340,IPR019680,0.9496481500857012,0.35476645916424515,3.0,1.0,0.5614328620219463,0.05,True
3341,IPR019748,0.557545460051527,1.0,4.0,1.0,1.0,1.0,False
3342,IPR019748|IPR041797,0.6452335408357548,1.0,3.0,1.0,1.0,1.0,False
3343,IPR019799,0.9115106262561296,0.2550828298051015,13.0,1.0,0.46704924932776737,0.37,False
3344,IPR019814,0.7467050772524036,1.0,2.0,1.0,1.0,1.0,False
3345,IPR020067,0.998195126511336,0.01508795794371311,8.0,1.0,0.11408695175018027,0.49,False
3346,IPR020067|IPR001134,0.981545808458133,0.25329492274759635,2.0,1.0,0.464928904382533,0.16,False
3347,IPR020189,1.0,0.018454191541866973,2.0,1.0,0.11408695175018027,0.02,True
3348,IPR020587,0.9974946376443489,0.050351849914298724,3.0,1.0,0.19708381075902243,0.01,True
3349,IPR020616,0.9082977831884385,0.442454539948473,4.0,1.0,0.6543109925339897,0.36,False
3350,IPR020616|IPR020617,0.7467050772524036,1.0,2.0,1.0,1.0,1.0,False
3351,IPR020617,0.8606499744935043,0.5182306685589673,5.0,1.0,0.7304140383099247,0.42,False
3352,IPR020630,0.9974946376443489,0.050351849914298724,3.0,1.0,0.19708381075902243,0.1,False
3353,IPR020630|IPR020631,0.981545808458133,0.25329492274759635,2.0,1.0,0.464928904382533,0.16,False
3354,IPR020631,0.9909985169829642,0.09170221681156158,4.0,1.0,0.28406795819264913,0.12,False
3355,IPR020807,0.6452335408357548,1.0,3.0,1.0,1.0,1.0,False
3356,IPR020807|IPR013217,0.6452335408357548,1.0,3.0,1.0,1.0,1.0,False
3357,IPR020807|IPR013217|IPR013149,0.7467050772524036,1.0,2.0,1.0,1.0,1.0,False
3358,IPR020810,0.9915535842838115,0.05737479861577096,7.0,1.0,0.2140473533918329,0.02,True
3359,IPR020811,0.9797694962308396,0.13935002550649572,5.0,1.0,0.39238233340166945,0.2,False
3360,IPR020811|IPR020810,0.9797694962308396,0.13935002550649572,5.0,1.0,0.39238233340166945,0.02,True
3361,IPR020839,0.9635945083411929,0.19082229243034007,6.0,1.0,0.464928904382533,0.12,False
3362,IPR020839|IPR056396,0.8606499744935043,0.5182306685589673,5.0,1.0,0.7304140383099247,0.28,False
3363,IPR020846,0.9931564412739642,0.02704851160180669,18.0,1.0,0.14603935156377762,0.54,False
3364,IPR020860,0.6452335408357548,1.0,3.0,1.0,1.0,1.0,False
3365,IPR020864,0.6452335408357548,1.0,3.0,1.0,1.0,1.0,False
3366,IPR020864|IPR045574,0.7467050772524036,1.0,2.0,1.0,1.0,1.0,False
3367,IPR020864|IPR045574|IPR040685,0.7467050772524036,1.0,2.0,1.0,1.0,1.0,False
3368,IPR020898,0.7467050772524036,1.0,2.0,1.0,1.0,1.0,False
3369,IPR021040,0.7467050772524036,1.0,2.0,1.0,1.0,1.0,False
3370,IPR021072,0.6452335408357548,1.0,3.0,1.0,1.0,1.0,False
3371,IPR021072|IPR002190,0.6452335408357548,1.0,3.0,1.0,1.0,1.0,False
3372,IPR021090,0.9082977831884385,0.442454539948473,4.0,1.0,0.6543109925339897,0.34,False
3373,IPR021090|IPR001452,0.9082977831884385,0.442454539948473,4.0,1.0,0.6543109925339897,0.31,False
3374,IPR021090|IPR001452|IPR001660,0.9082977831884385,0.442454539948473,4.0,1.0,0.6543109925339897,0.27,False
3375,IPR021097,0.9496481500857012,0.35476645916424515,3.0,1.0,0.5614328620219463,0.31,False
3376,IPR021151,0.9974946376443489,0.050351849914298724,3.0,1.0,0.19708381075902243,0.02,True
3377,IPR021151|IPR056783,0.981545808458133,0.25329492274759635,2.0,1.0,0.464928904382533,0.01,True
3378,IPR021394,0.7467050772524036,1.0,2.0,1.0,1.0,1.0,False
3379,IPR021397,0.7467050772524036,1.0,2.0,1.0,1.0,1.0,False
3380,IPR021419,0.7467050772524036,1.0,2.0,1.0,1.0,1.0,False
3381,IPR021419|IPR021397,0.7467050772524036,1.0,2.0,1.0,1.0,1.0,False
3382,IPR021538,0.9797694962308396,0.13935002550649572,5.0,1.0,0.39238233340166945,0.07,False
3383,IPR021563,0.6452335408357548,1.0,3.0,1.0,1.0,1.0,False
3384,IPR021567,0.6452335408357548,1.0,3.0,1.0,1.0,1.0,False
3385,IPR021613,0.7467050772524036,1.0,2.0,1.0,1.0,1.0,False
3386,IPR021613|IPR000242,0.7467050772524036,1.0,2.0,1.0,1.0,1.0,False
3387,IPR021625,0.981545808458133,0.25329492274759635,2.0,1.0,0.464928904382533,0.08,False
3388,IPR021625|IPR001810,0.981545808458133,0.25329492274759635,2.0,1.0,0.464928904382533,0.03,True
3389,IPR021644,0.981545808458133,0.25329492274759635,2.0,1.0,0.464928904382533,0.01,True
3390,IPR021665,0.7467050772524036,1.0,2.0,1.0,1.0,1.0,False
3391,IPR021718,0.9974946376443489,0.050351849914298724,3.0,1.0,0.19708381075902243,0.0,True
3392,IPR021774,0.9082977831884385,0.442454539948473,4.0,1.0,0.6543109925339897,0.3,False
3393,IPR021785,0.7467050772524036,1.0,2.0,1.0,1.0,1.0,False
3394,IPR021786,0.7467050772524036,1.0,2.0,1.0,1.0,1.0,False
3395,IPR021802,0.9999990909979657,2.371282588951371e-05,9.0,1.0,0.0011240749667074984,0.0,True
3396,IPR021805,0.8606499744935043,0.5182306685589673,5.0,1.0,0.7304140383099247,0.47,False
3397,IPR021816,0.9635945083411929,0.19082229243034007,6.0,1.0,0.464928904382533,0.37,False
3398,IPR021816|IPR027007,0.9082977831884385,0.442454539948473,4.0,1.0,0.6543109925339897,0.31,False
3399,IPR021818,0.35970248057721965,1.0,7.0,1.0,1.0,1.0,False
3400,IPR021841,0.7467050772524036,1.0,2.0,1.0,1.0,1.0,False
3401,IPR021869,0.7467050772524036,1.0,2.0,1.0,1.0,1.0,False
3402,IPR021887,0.8606499744935043,0.5182306685589673,5.0,1.0,0.7304140383099247,0.38,False
3403,IPR021893,0.9496481500857012,0.35476645916424515,3.0,1.0,0.5614328620219463,0.35,False
3404,IPR021901,0.8606499744935043,0.5182306685589673,5.0,1.0,0.7304140383099247,0.36,False
3405,IPR021905,0.9082977831884385,0.442454539948473,4.0,1.0,0.6543109925339897,0.41,False
3406,IPR021922,0.9999613122336617,0.0007623410020074928,7.0,1.0,0.016143508022019325,0.0,True
3407,IPR021922|IPR001478,0.981545808458133,0.25329492274759635,2.0,1.0,0.464928904382533,0.05,True
3408,IPR021922|IPR001478|IPR001478,0.981545808458133,0.25329492274759635,2.0,1.0,0.464928904382533,0.03,True
3409,IPR021935,0.9635945083411929,0.19082229243034007,6.0,1.0,0.464928904382533,0.14,False
3410,IPR021935|IPR000195,0.9082977831884385,0.442454539948473,4.0,1.0,0.6543109925339897,0.19,False
3411,IPR021966,0.981545808458133,0.25329492274759635,2.0,1.0,0.464928904382533,0.06,False
3412,IPR021966|IPR031774,0.981545808458133,0.25329492274759635,2.0,1.0,0.464928904382533,0.05,True
3413,IPR021966|IPR031774|IPR025086,0.981545808458133,0.25329492274759635,2.0,1.0,0.464928904382533,0.05,True
3414,IPR021967,0.9635945083411929,0.19082229243034007,6.0,1.0,0.464928904382533,0.01,True
3415,IPR021978,0.7467050772524036,1.0,2.0,1.0,1.0,1.0,False
3416,IPR021980,0.9496481500857012,0.35476645916424515,3.0,1.0,0.5614328620219463,0.26,False
3417,IPR021987,0.9082977831884385,0.442454539948473,4.0,1.0,0.6543109925339897,0.43,False
3418,IPR021987|IPR001660,0.9496481500857012,0.35476645916424515,3.0,1.0,0.5614328620219463,0.28,False
3419,IPR021990,0.7467050772524036,1.0,2.0,1.0,1.0,1.0,False
3420,IPR021991,0.6452335408357548,1.0,3.0,1.0,1.0,1.0,False
3421,IPR021991|IPR001841,0.6452335408357548,1.0,3.0,1.0,1.0,1.0,False
3422,IPR021991|IPR001841|IPR003105,0.7467050772524036,1.0,2.0,1.0,1.0,1.0,False
3423,IPR022006,0.981545808458133,0.25329492274759635,2.0,1.0,0.464928904382533,0.03,True
3424,IPR022007,0.9974946376443489,0.050351849914298724,3.0,1.0,0.19708381075902243,0.0,True
3425,IPR022018,0.557545460051527,1.0,4.0,1.0,1.0,1.0,False
3426,IPR022033,0.7467050772524036,1.0,2.0,1.0,1.0,1.0,False
3427,IPR022033|IPR022033,0.7467050772524036,1.0,2.0,1.0,1.0,1.0,False
3428,IPR022034,0.9974946376443489,0.050351849914298724,3.0,1.0,0.19708381075902243,0.01,True
3429,IPR022034|IPR032172,0.9974946376443489,0.050351849914298724,3.0,1.0,0.19708381075902243,0.0,True
3430,IPR022034|IPR032172|IPR032177,0.981545808458133,0.25329492274759635,2.0,1.0,0.464928904382533,0.03,True
3431,IPR022041,0.6452335408357548,1.0,3.0,1.0,1.0,1.0,False
3432,IPR022041|IPR011626,0.6452335408357548,1.0,3.0,1.0,1.0,1.0,False
3433,IPR022041|IPR011626|IPR009048,0.6452335408357548,1.0,3.0,1.0,1.0,1.0,False
3434,IPR022052,0.9974946376443489,0.050351849914298724,3.0,1.0,0.19708381075902243,0.06,False
3435,IPR022075,0.9496481500857012,0.35476645916424515,3.0,1.0,0.5614328620219463,0.12,False
3436,IPR022082,0.48176933144103273,1.0,5.0,1.0,1.0,1.0,False
3437,IPR022082|IPR003112,0.48176933144103273,1.0,5.0,1.0,1.0,1.0,False
3438,IPR022084,0.981545808458133,0.25329492274759635,2.0,1.0,0.464928904382533,0.14,False
3439,IPR022084|IPR000418,0.981545808458133,0.25329492274759635,2.0,1.0,0.464928904382533,0.04,True
3440,IPR022102,0.7557987100438324,0.6402975194227803,7.0,1.0,0.8667585231484166,0.67,False
3441,IPR022110,0.7467050772524036,1.0,2.0,1.0,1.0,1.0,False
3442,IPR022130,0.9909985169829642,0.09170221681156158,4.0,1.0,0.28406795819264913,0.06,False
3443,IPR022140,0.9316452367978186,0.21663818609866356,12.0,1.0,0.464928904382533,0.3,False
3444,IPR022140|IPR022164,0.8555285363580112,0.40284760770688294,10.0,1.0,0.6334490532627706,0.35,False
3445,IPR022140|IPR022164|IPR001849,0.7467050772524036,1.0,2.0,1.0,1.0,1.0,False
3446,IPR022140|IPR022164|IPR022164,0.557545460051527,1.0,4.0,1.0,1.0,1.0,False
3447,IPR022141,0.7557987100438324,0.6402975194227803,7.0,1.0,0.8667585231484166,0.52,False
3448,IPR022141|IPR022141,0.6452335408357548,1.0,3.0,1.0,1.0,1.0,False
3449,IPR022145,0.7467050772524036,1.0,2.0,1.0,1.0,1.0,False
3450,IPR022145|IPR053966,0.7467050772524036,1.0,2.0,1.0,1.0,1.0,False
3451,IPR022145|IPR053966|IPR053964,0.7467050772524036,1.0,2.0,1.0,1.0,1.0,False
3452,IPR022150,0.7467050772524036,1.0,2.0,1.0,1.0,1.0,False
3453,IPR022151,0.7467050772524036,1.0,2.0,1.0,1.0,1.0,False
3454,IPR022151|IPR009071,0.7467050772524036,1.0,2.0,1.0,1.0,1.0,False
3455,IPR022158,0.9496481500857012,0.35476645916424515,3.0,1.0,0.5614328620219463,0.23,False
3456,IPR022164,0.985186569374072,0.05534802506440852,16.0,1.0,0.21310226937987992,0.09,False
3457,IPR022164|IPR001849,0.7467050772524036,1.0,2.0,1.0,1.0,1.0,False
3458,IPR022164|IPR022164,0.557545460051527,1.0,4.0,1.0,1.0,1.0,False
3459,IPR022168,0.981545808458133,0.25329492274759635,2.0,1.0,0.464928904382533,0.53,False
3460,IPR022174,0.9496481500857012,0.35476645916424515,3.0,1.0,0.5614328620219463,0.12,False
3461,IPR022175,0.9929351552299672,0.03193358099079641,14.0,1.0,0.17027947675897323,0.0,True
3462,IPR022189,0.9496481500857012,0.35476645916424515,3.0,1.0,0.5614328620219463,0.16,False
3463,IPR022189|IPR001715,0.9496481500857012,0.35476645916424515,3.0,1.0,0.5614328620219463,0.11,False
3464,IPR022189|IPR022189,0.981545808458133,0.25329492274759635,2.0,1.0,0.464928904382533,0.03,True
3465,IPR022189|IPR022189|IPR001715,0.981545808458133,0.25329492274759635,2.0,1.0,0.464928904382533,0.0,True
3466,IPR022189|IPR022189|IPR022189,0.981545808458133,0.25329492274759635,2.0,1.0,0.464928904382533,0.01,True
3467,IPR022192,1.0,0.018454191541866973,2.0,1.0,0.11408695175018027,0.0,True
3468,IPR022226,0.981545808458133,0.25329492274759635,2.0,1.0,0.464928904382533,0.02,True
3469,IPR022241,0.9797694962308396,0.13935002550649572,5.0,1.0,0.39238233340166945,0.07,False
3470,IPR022241|IPR022764,0.9797694962308396,0.13935002550649572,5.0,1.0,0.39238233340166945,0.01,True
3471,IPR022247,0.48176933144103273,1.0,5.0,1.0,1.0,1.0,False
3472,IPR022247|IPR022247,0.7467050772524036,1.0,2.0,1.0,1.0,1.0,False
3473,IPR022255,0.9984845308177138,0.020230503769160375,5.0,1.0,0.11408695175018027,0.0,True
3474,IPR022255|IPR013087,0.9984845308177138,0.020230503769160375,5.0,1.0,0.11408695175018027,0.0,True
3475,IPR022255|IPR013087|IPR001965,0.9909985169829642,0.09170221681156158,4.0,1.0,0.28406795819264913,0.02,True
3476,IPR022383,0.942625201384229,0.2442012899561677,7.0,1.0,0.464928904382533,0.44,False
3477,IPR022385,0.9895490334258487,0.05088248568851092,11.0,1.0,0.19708381075902243,0.01,True
3478,IPR022385|IPR028916,0.9895490334258487,0.05088248568851092,11.0,1.0,0.19708381075902243,0.01,True
3479,IPR022413,0.7467050772524036,1.0,2.0,1.0,1.0,1.0,False
3480,IPR022413|IPR022414,0.7467050772524036,1.0,2.0,1.0,1.0,1.0,False
3481,IPR022414,0.6452335408357548,1.0,3.0,1.0,1.0,1.0,False
3482,IPR022542,0.981545808458133,0.25329492274759635,2.0,1.0,0.464928904382533,0.05,True
3483,IPR022557,0.6452335408357548,1.0,3.0,1.0,1.0,1.0,False
3484,IPR022575,0.9635945083411929,0.19082229243034007,6.0,1.0,0.464928904382533,0.31,False
3485,IPR022577,0.8555285363580112,0.40284760770688294,10.0,1.0,0.6334490532627706,0.2,False
3486,IPR022581,0.7467050772524036,1.0,2.0,1.0,1.0,1.0,False
3487,IPR022590,0.9984845308177138,0.020230503769160375,5.0,1.0,0.11408695175018027,0.0,True
3488,IPR022590|IPR001628,0.9984845308177138,0.020230503769160375,5.0,1.0,0.11408695175018027,0.0,True
3489,IPR022590|IPR001628|IPR000536,0.9909985169829642,0.09170221681156158,4.0,1.0,0.28406795819264913,0.01,True
3490,IPR022672,0.9909985169829642,0.09170221681156158,4.0,1.0,0.28406795819264913,0.16,False
3491,IPR022672|IPR022673,0.9496481500857012,0.35476645916424515,3.0,1.0,0.5614328620219463,0.36,False
3492,IPR022673,0.9496481500857012,0.35476645916424515,3.0,1.0,0.5614328620219463,0.41,False
3493,IPR022674,0.981545808458133,0.25329492274759635,2.0,1.0,0.464928904382533,0.05,True
3494,IPR022676,0.9974946376443489,0.050351849914298724,3.0,1.0,0.19708381075902243,0.01,True
3495,IPR022676|IPR022677,0.981545808458133,0.25329492274759635,2.0,1.0,0.464928904382533,0.03,True
3496,IPR022677,0.9496481500857012,0.35476645916424515,3.0,1.0,0.5614328620219463,0.18,False
3497,IPR022682,0.9959444841204863,0.03640549165880708,6.0,1.0,0.1776271722389577,0.29,False
3498,IPR022682|IPR002048,0.9974946376443489,0.050351849914298724,3.0,1.0,0.19708381075902243,0.1,False
3499,IPR022702,0.9974946376443489,0.050351849914298724,3.0,1.0,0.19708381075902243,0.0,True
3500,IPR022702|IPR002857,0.981545808458133,0.25329492274759635,2.0,1.0,0.464928904382533,0.01,True
3501,IPR022702|IPR002857|IPR001025,0.981545808458133,0.25329492274759635,2.0,1.0,0.464928904382533,0.01,True
3502,IPR022712,0.9082977831884385,0.442454539948473,4.0,1.0,0.6543109925339897,0.45,False
3503,IPR022712|IPR011108,0.9496481500857012,0.35476645916424515,3.0,1.0,0.5614328620219463,0.29,False
3504,IPR022712|IPR011108|IPR021718,0.981545808458133,0.25329492274759635,2.0,1.0,0.464928904382533,0.02,True
3505,IPR022735,0.7557987100438324,0.6402975194227803,7.0,1.0,0.8667585231484166,0.57,False
3506,IPR022746,0.7467050772524036,1.0,2.0,1.0,1.0,1.0,False
3507,IPR022750,1.0,0.018454191541866973,2.0,1.0,0.11408695175018027,0.03,True
3508,IPR022750|IPR058682,1.0,0.018454191541866973,2.0,1.0,0.11408695175018027,0.03,True
3509,IPR022752,0.7467050772524036,1.0,2.0,1.0,1.0,1.0,False
3510,IPR022764,0.705652314114898,0.5857186011492906,14.0,1.0,0.803826829253223,0.69,False
3511,IPR022775,0.949117514311489,0.179567330374543,11.0,1.0,0.464928904382533,0.59,False
3512,IPR022775|IPR028565,0.9082977831884385,0.442454539948473,4.0,1.0,0.6543109925339897,0.3,False
3513,IPR022776,0.9999538812932512,0.001515469182286134,5.0,1.0,0.02627660827138408,0.0,True
3514,IPR022782,0.9909985169829642,0.09170221681156158,4.0,1.0,0.28406795819264913,0.08,False
3515,IPR023128,0.7467050772524036,1.0,2.0,1.0,1.0,1.0,False
3516,IPR023210,0.23204179816255327,1.0,10.0,1.0,1.0,1.0,False
3517,IPR023302,1.0,0.0025053623556511003,3.0,1.0,0.03667197533045109,0.0,True
3518,IPR023321,0.9635945083411929,0.19082229243034007,6.0,1.0,0.464928904382533,0.13,False
3519,IPR023321|IPR004181,0.557545460051527,1.0,4.0,1.0,1.0,1.0,False
3520,IPR023339,0.7467050772524036,1.0,2.0,1.0,1.0,1.0,False
3521,IPR023339|IPR003654,0.7467050772524036,1.0,2.0,1.0,1.0,1.0,False
3522,IPR023340,0.7467050772524036,1.0,2.0,1.0,1.0,1.0,False
3523,IPR023341,0.9909985169829642,0.09170221681156158,4.0,1.0,0.28406795819264913,0.2,False
3524,IPR023341|IPR005113,0.981545808458133,0.25329492274759635,2.0,1.0,0.464928904382533,0.2,False
3525,IPR023341|IPR005113|IPR001194,0.981545808458133,0.25329492274759635,2.0,1.0,0.464928904382533,0.2,False
3526,IPR023362,0.9895490334258487,0.05088248568851092,11.0,1.0,0.19708381075902243,0.09,False
3527,IPR023362|IPR000409,0.9638198848985289,0.14447146364198882,10.0,1.0,0.4000450442862573,0.24,False
3528,IPR023362|IPR000409|IPR046851,0.9797694962308396,0.13935002550649572,5.0,1.0,0.39238233340166945,0.15,False
3529,IPR023410,0.981545808458133,0.25329492274759635,2.0,1.0,0.464928904382533,0.27,False
3530,IPR023631,0.9496481500857012,0.35476645916424515,3.0,1.0,0.5614328620219463,0.12,False
3531,IPR023753,0.8606499744935043,0.5182306685589673,5.0,1.0,0.7304140383099247,0.66,False
3532,IPR023753|IPR004099,0.6452335408357548,1.0,3.0,1.0,1.0,1.0,False
3533,IPR023796,0.97572740910265,0.1119840590798335,9.0,1.0,0.3381774595356515,0.45,False
3534,IPR023801,0.5475345528859306,0.7995074773097844,11.0,1.0,1.0,1.0,False
3535,IPR024061,1.0,0.018454191541866973,2.0,1.0,0.11408695175018027,0.0,True
3536,IPR024061|IPR030392,1.0,0.018454191541866973,2.0,1.0,0.11408695175018027,0.0,True
3537,IPR024061|IPR030392|IPR026932,1.0,0.018454191541866973,2.0,1.0,0.11408695175018027,0.0,True
3538,IPR024084,0.7467050772524036,1.0,2.0,1.0,1.0,1.0,False
3539,IPR024298,0.9909985169829642,0.09170221681156158,4.0,1.0,0.28406795819264913,0.06,False
3540,IPR024314,0.9496481500857012,0.35476645916424515,3.0,1.0,0.5614328620219463,0.15,False
3541,IPR024317,0.7154610947131896,0.5235538978060824,20.0,1.0,0.7373134341684459,0.75,False
3542,IPR024317|IPR024743,0.7154610947131896,0.5235538978060824,20.0,1.0,0.7373134341684459,0.67,False
3543,IPR024317|IPR024743|IPR035706,0.7154610947131896,0.5235538978060824,20.0,1.0,0.7373134341684459,0.6,False
3544,IPR024329,0.942625201384229,0.2442012899561677,7.0,1.0,0.464928904382533,0.09,False
3545,IPR024329|IPR013803,0.9496481500857012,0.35476645916424515,3.0,1.0,0.5614328620219463,0.08,False
3546,IPR024329|IPR013803|IPR019543,0.9496481500857012,0.35476645916424515,3.0,1.0,0.5614328620219463,0.08,False
3547,IPR024329|IPR019543,0.6452335408357548,1.0,3.0,1.0,1.0,1.0,False
3548,IPR024395,0.8091777075696599,0.5837123437846928,6.0,1.0,0.8021387447700818,0.5,False
3549,IPR024395|IPR034085,0.8091777075696599,0.5837123437846928,6.0,1.0,0.8021387447700818,0.45,False
3550,IPR024395|IPR034085|IPR034085,0.7467050772524036,1.0,2.0,1.0,1.0,1.0,False
3551,IPR024448,0.7467050772524036,1.0,2.0,1.0,1.0,1.0,False
3552,IPR024548,0.7467050772524036,1.0,2.0,1.0,1.0,1.0,False
3553,IPR024571,0.7557987100438324,0.6402975194227803,7.0,1.0,0.8667585231484166,0.58,False
3554,IPR024574,1.0,0.018454191541866973,2.0,1.0,0.11408695175018027,0.01,True
3555,IPR024580,0.9974946376443489,0.050351849914298724,3.0,1.0,0.19708381075902243,0.04,True
3556,IPR024581,0.7467050772524036,1.0,2.0,1.0,1.0,1.0,False
3557,IPR024581|IPR041641,0.7467050772524036,1.0,2.0,1.0,1.0,1.0,False
3558,IPR024583,0.9984845308177138,0.020230503769160375,5.0,1.0,0.11408695175018027,0.03,True
3559,IPR024583|IPR005821,0.9909985169829642,0.09170221681156158,4.0,1.0,0.28406795819264913,0.14,False
3560,IPR024583|IPR005821|IPR010526,0.9909985169829642,0.09170221681156158,4.0,1.0,0.28406795819264913,0.12,False
3561,IPR024585,1.0,0.018454191541866973,2.0,1.0,0.11408695175018027,0.0,True
3562,IPR024586,0.9797694962308396,0.13935002550649572,5.0,1.0,0.39238233340166945,0.0,True
3563,IPR024599,0.9954444034543672,0.023051889483380827,13.0,1.0,0.12698199675973212,0.03,True
3564,IPR024599|IPR002720,0.9172530969809943,0.2980194189352218,8.0,1.0,0.5376628273876715,0.11,False
3565,IPR024599|IPR002720|IPR002719,0.9635945083411929,0.19082229243034007,6.0,1.0,0.464928904382533,0.0,True
3566,IPR024600,0.9769481105166191,0.0884893737438704,13.0,1.0,0.28406795819264913,0.08,False
3567,IPR024608,0.6452335408357548,1.0,3.0,1.0,1.0,1.0,False
3568,IPR024608|IPR022557,0.7467050772524036,1.0,2.0,1.0,1.0,1.0,False
3569,IPR024609,0.6452335408357548,1.0,3.0,1.0,1.0,1.0,False
3570,IPR024642,0.9974946376443489,0.050351849914298724,3.0,1.0,0.19708381075902243,0.03,True
3571,IPR024643,0.6488276211060958,0.7314471424243904,9.0,1.0,0.9806402140391347,0.64,False
3572,IPR024643|IPR023801,0.7019805810647781,0.689194390921003,8.0,1.0,0.9276028699892739,0.2,False
3573,IPR024647,1.0,0.0003399888018561897,4.0,1.0,0.008917371264928588,0.0,True
3574,IPR024647|IPR006133,1.0,0.0025053623556511003,3.0,1.0,0.03667197533045109,0.0,True
3575,IPR024647|IPR006133|IPR006134,1.0,0.018454191541866973,2.0,1.0,0.11408695175018027,0.0,True
3576,IPR024666,1.0,0.018454191541866973,2.0,1.0,0.11408695175018027,0.0,True
3577,IPR024666|IPR000504,1.0,0.018454191541866973,2.0,1.0,0.11408695175018027,0.0,True
3578,IPR024675,0.981545808458133,0.25329492274759635,2.0,1.0,0.464928904382533,0.01,True
3579,IPR024678,0.9849120420562869,0.0827469030190057,8.0,1.0,0.28406795819264913,0.18,False
3580,IPR024678|IPR056865,0.9496481500857012,0.35476645916424515,3.0,1.0,0.5614328620219463,0.21,False
3581,IPR024679,0.7467050772524036,1.0,2.0,1.0,1.0,1.0,False
3582,IPR024679|IPR057949,0.7467050772524036,1.0,2.0,1.0,1.0,1.0,False
3583,IPR024682,0.9974946376443489,0.050351849914298724,3.0,1.0,0.19708381075902243,0.0,True
3584,IPR024682|IPR007716,1.0,0.018454191541866973,2.0,1.0,0.11408695175018027,0.0,True
3585,IPR024689,0.9959444841204863,0.03640549165880708,6.0,1.0,0.1776271722389577,0.01,True
3586,IPR024725,0.981545808458133,0.25329492274759635,2.0,1.0,0.464928904382533,0.05,True
3587,IPR024725|IPR003126,0.981545808458133,0.25329492274759635,2.0,1.0,0.464928904382533,0.01,True
3588,IPR024725|IPR003126|IPR002004,0.981545808458133,0.25329492274759635,2.0,1.0,0.464928904382533,0.0,True
3589,IPR024743,0.6502504750277116,0.5908559407829694,22.0,1.0,0.8102315939558394,0.82,False
3590,IPR024743|IPR035706,0.6502504750277116,0.5908559407829694,22.0,1.0,0.8102315939558394,0.8,False
3591,IPR024743|IPR035706|IPR004273,0.6829894743919538,0.5579777931724222,21.0,1.0,0.7832304420869073,0.72,False
3592,IPR024771,0.9849120420562869,0.0827469030190057,8.0,1.0,0.28406795819264913,0.19,False
3593,IPR024783,0.981545808458133,0.25329492274759635,2.0,1.0,0.464928904382533,0.15,False
3594,IPR024784,0.8606499744935043,0.5182306685589673,5.0,1.0,0.7304140383099247,0.31,False
3595,IPR024784|IPR024785,0.9082977831884385,0.442454539948473,4.0,1.0,0.6543109925339897,0.19,False
3596,IPR024785,0.9635945083411929,0.19082229243034007,6.0,1.0,0.464928904382533,0.17,False
3597,IPR024945,0.981545808458133,0.25329492274759635,2.0,1.0,0.464928904382533,0.07,False
3598,IPR024945|IPR041980,0.981545808458133,0.25329492274759635,2.0,1.0,0.464928904382533,0.03,True
3599,IPR024945|IPR041980|IPR005824,0.981545808458133,0.25329492274759635,2.0,1.0,0.464928904382533,0.03,True
3600,IPR024951,0.7467050772524036,1.0,2.0,1.0,1.0,1.0,False
3601,IPR024977,0.9974946376443489,0.050351849914298724,3.0,1.0,0.19708381075902243,0.0,True
3602,IPR024983,0.981545808458133,0.25329492274759635,2.0,1.0,0.464928904382533,0.03,True
3603,IPR024983|IPR058900,0.981545808458133,0.25329492274759635,2.0,1.0,0.464928904382533,0.02,True
3604,IPR024986,0.7467050772524036,1.0,2.0,1.0,1.0,1.0,False
3605,IPR025086,0.981545808458133,0.25329492274759635,2.0,1.0,0.464928904382533,0.08,False
3606,IPR025086|IPR000690,0.981545808458133,0.25329492274759635,2.0,1.0,0.464928904382533,0.03,True
3607,IPR025110,0.8491224617638309,0.30143505778337654,27.0,1.0,0.5432559970584955,0.58,False
3608,IPR025136,0.6452335408357548,1.0,3.0,1.0,1.0,1.0,False
3609,IPR025155,0.981545808458133,0.25329492274759635,2.0,1.0,0.464928904382533,0.25,False
3610,IPR025155|IPR025155,0.981545808458133,0.25329492274759635,2.0,1.0,0.464928904382533,0.14,False
3611,IPR025160,1.0,0.018454191541866973,2.0,1.0,0.11408695175018027,0.0,True
3612,IPR025223,0.9999937467186361,0.0002454458336723676,6.0,1.0,0.0068924925140495825,0.0,True
3613,IPR025223|IPR025954,0.9974946376443489,0.050351849914298724,3.0,1.0,0.19708381075902243,0.02,True
3614,IPR025223|IPR025954|IPR045353,1.0,0.018454191541866973,2.0,1.0,0.11408695175018027,0.0,True
3615,IPR025260,0.981545808458133,0.25329492274759635,2.0,1.0,0.464928904382533,0.09,False
3616,IPR025261,0.981545808458133,0.25329492274759635,2.0,1.0,0.464928904382533,0.14,False
3617,IPR025261|IPR033473,0.981545808458133,0.25329492274759635,2.0,1.0,0.464928904382533,0.11,False
3618,IPR025281,0.981545808458133,0.25329492274759635,2.0,1.0,0.464928904382533,0.15,False
3619,IPR025283,0.981545808458133,0.25329492274759635,2.0,1.0,0.464928904382533,0.02,True
3620,IPR025307,0.981545808458133,0.25329492274759635,2.0,1.0,0.464928904382533,0.05,True
3621,IPR025307|IPR001315,0.981545808458133,0.25329492274759635,2.0,1.0,0.464928904382533,0.04,True
3622,IPR025313,0.981545808458133,0.25329492274759635,2.0,1.0,0.464928904382533,0.16,False
3623,IPR025423,0.8606499744935043,0.5182306685589673,5.0,1.0,0.7304140383099247,0.18,False
3624,IPR025481,1.0,0.018454191541866973,2.0,1.0,0.11408695175018027,0.01,True
3625,IPR025607,0.981545808458133,0.25329492274759635,2.0,1.0,0.464928904382533,0.04,True
3626,IPR025609,0.9797694962308396,0.13935002550649572,5.0,1.0,0.39238233340166945,0.15,False
3627,IPR025614,1.0,0.0025053623556511003,3.0,1.0,0.03667197533045109,0.0,True
3628,IPR025614|IPR029473,1.0,0.018454191541866973,2.0,1.0,0.11408695175018027,0.0,True
3629,IPR025614|IPR029473|IPR029473,1.0,0.018454191541866973,2.0,1.0,0.11408695175018027,0.0,True
3630,IPR025670,0.820432669625457,0.4524654471140695,11.0,1.0,0.6660652322616516,0.36,False
3631,IPR025696,0.6452335408357548,1.0,3.0,1.0,1.0,1.0,False
3632,IPR025714,0.9999302878110075,0.0008030289121654039,10.0,1.0,0.016866871500644885,0.0,True
3633,IPR025715,0.981545808458133,0.25329492274759635,2.0,1.0,0.464928904382533,0.1,False
3634,IPR025719,0.9909985169829642,0.09170221681156158,4.0,1.0,0.28406795819264913,0.04,True
3635,IPR025721,0.7467050772524036,1.0,2.0,1.0,1.0,1.0,False
3636,IPR025749,0.7467050772524036,1.0,2.0,1.0,1.0,1.0,False
3637,IPR025750,0.9496481500857012,0.35476645916424515,3.0,1.0,0.5614328620219463,0.32,False
3638,IPR025750|IPR013087,0.9496481500857012,0.35476645916424515,3.0,1.0,0.5614328620219463,0.2,False
3639,IPR025750|IPR013087|IPR001965,0.9496481500857012,0.35476645916424515,3.0,1.0,0.5614328620219463,0.19,False
3640,IPR025766,0.981545808458133,0.25329492274759635,2.0,1.0,0.464928904382533,0.14,False
3641,IPR025852,0.7467050772524036,1.0,2.0,1.0,1.0,1.0,False
3642,IPR025852|IPR009604,0.7467050772524036,1.0,2.0,1.0,1.0,1.0,False
3643,IPR025871,0.7467050772524036,1.0,2.0,1.0,1.0,1.0,False
3644,IPR025874,0.981545808458133,0.25329492274759635,2.0,1.0,0.464928904382533,0.04,True
3645,IPR025883,0.981545808458133,0.25329492274759635,2.0,1.0,0.464928904382533,0.03,True
3646,IPR025883|IPR057106,0.981545808458133,0.25329492274759635,2.0,1.0,0.464928904382533,0.02,True
3647,IPR025884,0.9496481500857012,0.35476645916424515,3.0,1.0,0.5614328620219463,0.62,False
3648,IPR025887,0.9984845308177138,0.020230503769160375,5.0,1.0,0.11408695175018027,0.07,False
3649,IPR025887|IPR000322,0.9909985169829642,0.09170221681156158,4.0,1.0,0.28406795819264913,0.13,False
3650,IPR025887|IPR000322|IPR048395,0.9909985169829642,0.09170221681156158,4.0,1.0,0.28406795819264913,0.09,False
3651,IPR025933,0.942625201384229,0.2442012899561677,7.0,1.0,0.464928904382533,0.87,False
3652,IPR025934,0.7467050772524036,1.0,2.0,1.0,1.0,1.0,False
3653,IPR025941,1.0,0.018454191541866973,2.0,1.0,0.11408695175018027,0.0,True
3654,IPR025941|IPR001841,1.0,0.018454191541866973,2.0,1.0,0.11408695175018027,0.0,True
3655,IPR025946,0.9496481500857012,0.35476645916424515,3.0,1.0,0.5614328620219463,0.45,False
3656,IPR025954,0.9974946376443489,0.050351849914298724,3.0,1.0,0.19708381075902243,0.01,True
3657,IPR025954|IPR045353,1.0,0.018454191541866973,2.0,1.0,0.11408695175018027,0.0,True
3658,IPR025986,0.9999538812932512,0.001515469182286134,5.0,1.0,0.02627660827138408,0.0,True
3659,IPR025994,0.7467050772524036,1.0,2.0,1.0,1.0,1.0,False
3660,IPR025994|IPR001357,0.7467050772524036,1.0,2.0,1.0,1.0,1.0,False
3661,IPR026489,0.9974946376443489,0.050351849914298724,3.0,1.0,0.19708381075902243,0.01,True
3662,IPR026489|IPR001214,0.9974946376443489,0.050351849914298724,3.0,1.0,0.19708381075902243,0.01,True
3663,IPR026590,0.557545460051527,1.0,4.0,1.0,1.0,1.0,False
3664,IPR026799,0.981545808458133,0.25329492274759635,2.0,1.0,0.464928904382533,0.01,True
3665,IPR026800,0.7467050772524036,1.0,2.0,1.0,1.0,1.0,False
3666,IPR026854,0.996392833248333,0.024272590897350052,9.0,1.0,0.13187852488602284,0.02,True
3667,IPR026854|IPR056747,0.9984845308177138,0.020230503769160375,5.0,1.0,0.11408695175018027,0.01,True
3668,IPR026854|IPR056747|IPR009543,0.9496481500857012,0.35476645916424515,3.0,1.0,0.5614328620219463,0.1,False
3669,IPR026870,0.9496481500857012,0.35476645916424515,3.0,1.0,0.5614328620219463,0.18,False
3670,IPR026905,0.981545808458133,0.25329492274759635,2.0,1.0,0.464928904382533,0.2,False
3671,IPR026932,0.9974946376443489,0.050351849914298724,3.0,1.0,0.19708381075902243,0.03,True
3672,IPR026932|IPR025719,0.9974946376443489,0.050351849914298724,3.0,1.0,0.19708381075902243,0.01,True
3673,IPR026937,0.97572740910265,0.1119840590798335,9.0,1.0,0.3381774595356515,0.07,False
3674,IPR026937|IPR057332,0.9849120420562869,0.0827469030190057,8.0,1.0,0.28406795819264913,0.05,True
3675,IPR026966,0.48176933144103273,1.0,5.0,1.0,1.0,1.0,False
3676,IPR026987,0.6452335408357548,1.0,3.0,1.0,1.0,1.0,False
3677,IPR027007,0.99982317186002,0.0009741954622686036,21.0,1.0,0.019738013559797266,0.05,True
3678,IPR027007|IPR027357,0.9496481500857012,0.35476645916424515,3.0,1.0,0.5614328620219463,0.18,False
3679,IPR027007|IPR056372,0.942625201384229,0.2442012899561677,7.0,1.0,0.464928904382533,0.19,False
3680,IPR027007|IPR056372|IPR026800,0.7467050772524036,1.0,2.0,1.0,1.0,1.0,False
3681,IPR027007|IPR056372|IPR027357,0.9797694962308396,0.13935002550649572,5.0,1.0,0.39238233340166945,0.02,True
3682,IPR027012,0.7467050772524036,1.0,2.0,1.0,1.0,1.0,False
3683,IPR027300,0.9082977831884385,0.442454539948473,4.0,1.0,0.6543109925339897,0.39,False
3684,IPR027329,0.9496481500857012,0.35476645916424515,3.0,1.0,0.5614328620219463,0.19,False
3685,IPR027329|IPR027329,0.9496481500857012,0.35476645916424515,3.0,1.0,0.5614328620219463,0.13,False
3686,IPR027330,0.9496481500857012,0.35476645916424515,3.0,1.0,0.5614328620219463,0.17,False
3687,IPR027330|IPR027329,0.9496481500857012,0.35476645916424515,3.0,1.0,0.5614328620219463,0.15,False
3688,IPR027330|IPR027329|IPR027329,0.9496481500857012,0.35476645916424515,3.0,1.0,0.5614328620219463,0.1,False
3689,IPR027353,0.9172530969809943,0.2980194189352218,8.0,1.0,0.5376628273876715,0.26,False
3690,IPR027353|IPR031354,0.9909985169829642,0.09170221681156158,4.0,1.0,0.28406795819264913,0.01,True
3691,IPR027357,0.864004408593912,0.33393570950485546,15.0,1.0,0.5614328620219463,0.45,False
3692,IPR027377,0.557545460051527,1.0,4.0,1.0,1.0,1.0,False
3693,IPR027486,0.8606499744935043,0.5182306685589673,5.0,1.0,0.7304140383099247,0.38,False
3694,IPR027791,0.6452335408357548,1.0,3.0,1.0,1.0,1.0,False
3695,IPR027815,0.981545808458133,0.25329492274759635,2.0,1.0,0.464928904382533,0.21,False
3696,IPR027815|IPR003864,0.981545808458133,0.25329492274759635,2.0,1.0,0.464928904382533,0.14,False
3697,IPR027831,0.7467050772524036,1.0,2.0,1.0,1.0,1.0,False
3698,IPR027841,0.981545808458133,0.25329492274759635,2.0,1.0,0.464928904382533,0.06,False
3699,IPR027881,0.9959444841204863,0.03640549165880708,6.0,1.0,0.1776271722389577,0.04,True
3700,IPR027881|IPR027881,0.9959444841204863,0.03640549165880708,6.0,1.0,0.1776271722389577,0.04,True
3701,IPR027881|IPR027881|IPR027882,0.9984845308177138,0.020230503769160375,5.0,1.0,0.11408695175018027,0.0,True
3702,IPR027881|IPR027882,0.9984845308177138,0.020230503769160375,5.0,1.0,0.11408695175018027,0.0,True
3703,IPR027882,0.9959444841204863,0.03640549165880708,6.0,1.0,0.1776271722389577,0.03,True
3704,IPR027898,0.9496481500857012,0.35476645916424515,3.0,1.0,0.5614328620219463,0.16,False
3705,IPR027918,0.7467050772524036,1.0,2.0,1.0,1.0,1.0,False
3706,IPR027925,0.9959444841204863,0.03640549165880708,6.0,1.0,0.1776271722389577,0.09,False
3707,IPR027925|IPR033762,0.9974946376443489,0.050351849914298724,3.0,1.0,0.19708381075902243,0.1,False
3708,IPR027936,0.7449171701948984,0.5440941846829775,13.0,1.0,0.7643650495532748,0.84,False
3709,IPR027936|IPR000719,0.5003691006828492,0.8267689844000238,12.0,1.0,1.0,1.0,False
3710,IPR027936|IPR000719|IPR001660,0.5003691006828492,0.8267689844000238,12.0,1.0,1.0,1.0,False
3711,IPR027953,0.7467050772524036,1.0,2.0,1.0,1.0,1.0,False
3712,IPR027995,0.9915535842838115,0.05737479861577096,7.0,1.0,0.2140473533918329,0.13,False
3713,IPR027995|IPR027791,0.6452335408357548,1.0,3.0,1.0,1.0,1.0,False
3714,IPR028005,0.981545808458133,0.25329492274759635,2.0,1.0,0.464928904382533,0.07,False
3715,IPR028020,0.981545808458133,0.25329492274759635,2.0,1.0,0.464928904382533,0.13,False
3716,IPR028020|IPR026905,0.981545808458133,0.25329492274759635,2.0,1.0,0.464928904382533,0.1,False
3717,IPR028026,1.0,0.018454191541866973,2.0,1.0,0.11408695175018027,0.0,True
3718,IPR028030,0.6452335408357548,1.0,3.0,1.0,1.0,1.0,False
3719,IPR028083,0.981545808458133,0.25329492274759635,2.0,1.0,0.464928904382533,0.02,True
3720,IPR028083|IPR028088,0.981545808458133,0.25329492274759635,2.0,1.0,0.464928904382533,0.02,True
3721,IPR028083|IPR028088|IPR006641,0.981545808458133,0.25329492274759635,2.0,1.0,0.464928904382533,0.02,True
3722,IPR028084,0.9974946376443489,0.050351849914298724,3.0,1.0,0.19708381075902243,0.01,True
3723,IPR028088,0.981545808458133,0.25329492274759635,2.0,1.0,0.464928904382533,0.04,True
3724,IPR028088|IPR006641,0.981545808458133,0.25329492274759635,2.0,1.0,0.464928904382533,0.04,True
3725,IPR028088|IPR006641|IPR032706,0.981545808458133,0.25329492274759635,2.0,1.0,0.464928904382533,0.03,True
3726,IPR028124,0.9909985169829642,0.09170221681156158,4.0,1.0,0.28406795819264913,0.05,True
3727,IPR028129,0.981545808458133,0.25329492274759635,2.0,1.0,0.464928904382533,0.02,True
3728,IPR028135,0.7833618139013364,0.4996308993171507,12.0,1.0,0.7304140383099247,0.39,False
3729,IPR028135|IPR001394,0.8091777075696599,0.5837123437846928,6.0,1.0,0.8021387447700818,0.25,False
3730,IPR028144,0.9496481500857012,0.35476645916424515,3.0,1.0,0.5614328620219463,0.09,False
3731,IPR028158,0.6452335408357548,1.0,3.0,1.0,1.0,1.0,False
3732,IPR028400,0.9996600111981438,0.009001483017035832,4.0,1.0,0.08677362453176146,0.0,True
3733,IPR028400|IPR000909,0.9996600111981438,0.009001483017035832,4.0,1.0,0.08677362453176146,0.0,True
3734,IPR028400|IPR000909|IPR001711,0.9974946376443489,0.050351849914298724,3.0,1.0,0.19708381075902243,0.0,True
3735,IPR028565,0.998195126511336,0.01508795794371311,8.0,1.0,0.11408695175018027,0.05,True
3736,IPR028881,0.7467050772524036,1.0,2.0,1.0,1.0,1.0,False
3737,IPR028881|IPR013520,0.7467050772524036,1.0,2.0,1.0,1.0,1.0,False
3738,IPR028916,0.9972307831476748,0.015937930661170028,12.0,1.0,0.11408695175018027,0.0,True
3739,IPR028933,0.981545808458133,0.25329492274759635,2.0,1.0,0.464928904382533,0.07,False
3740,IPR028941,0.949117514311489,0.179567330374543,11.0,1.0,0.464928904382533,0.31,False
3741,IPR028941|IPR001965,0.9496481500857012,0.35476645916424515,3.0,1.0,0.5614328620219463,0.35,False
3742,IPR028941|IPR001965|IPR001487,0.9496481500857012,0.35476645916424515,3.0,1.0,0.5614328620219463,0.29,False
3743,IPR028942,0.9849120420562869,0.0827469030190057,8.0,1.0,0.28406795819264913,0.1,False
3744,IPR028942|IPR001965,0.981545808458133,0.25329492274759635,2.0,1.0,0.464928904382533,0.0,True
3745,IPR028942|IPR028941,0.9082977831884385,0.442454539948473,4.0,1.0,0.6543109925339897,0.37,False
3746,IPR029004,0.9974946376443489,0.050351849914298724,3.0,1.0,0.19708381075902243,0.02,True
3747,IPR029023,0.981545808458133,0.25329492274759635,2.0,1.0,0.464928904382533,0.11,False
3748,IPR029023|IPR014020,0.981545808458133,0.25329492274759635,2.0,1.0,0.464928904382533,0.09,False
3749,IPR029123,0.7467050772524036,1.0,2.0,1.0,1.0,1.0,False
3750,IPR029144,0.6452335408357548,1.0,3.0,1.0,1.0,1.0,False
3751,IPR029145,1.0,0.018454191541866973,2.0,1.0,0.11408695175018027,0.0,True
3752,IPR029154,0.9974946376443489,0.050351849914298724,3.0,1.0,0.19708381075902243,0.01,True
3753,IPR029249,0.981545808458133,0.25329492274759635,2.0,1.0,0.464928904382533,0.06,False
3754,IPR029273,0.1496747822902224,1.0,13.0,1.0,1.0,1.0,False
3755,IPR029273|IPR029273,0.7467050772524036,1.0,2.0,1.0,1.0,1.0,False
3756,IPR029279,0.7467050772524036,1.0,2.0,1.0,1.0,1.0,False
3757,IPR029295,0.7833618139013364,0.4996308993171507,12.0,1.0,0.7304140383099247,0.25,False
3758,IPR029295|IPR001487,0.23204179816255327,1.0,10.0,1.0,1.0,1.0,False
3759,IPR029299,0.9909985169829642,0.09170221681156158,4.0,1.0,0.28406795819264913,0.07,False
3760,IPR029305,0.981545808458133,0.25329492274759635,2.0,1.0,0.464928904382533,0.03,True
3761,IPR029305|IPR029308,0.981545808458133,0.25329492274759635,2.0,1.0,0.464928904382533,0.02,True
3762,IPR029305|IPR029308|IPR029310,0.981545808458133,0.25329492274759635,2.0,1.0,0.464928904382533,0.02,True
3763,IPR029308,0.981545808458133,0.25329492274759635,2.0,1.0,0.464928904382533,0.02,True
3764,IPR029308|IPR029310,0.981545808458133,0.25329492274759635,2.0,1.0,0.464928904382533,0.02,True
3765,IPR029310,0.981545808458133,0.25329492274759635,2.0,1.0,0.464928904382533,0.02,True
3766,IPR029318,0.9996600111981438,0.009001483017035832,4.0,1.0,0.08677362453176146,0.0,True
3767,IPR029318|IPR041691,0.9996600111981438,0.009001483017035832,4.0,1.0,0.08677362453176146,0.0,True
3768,IPR029318|IPR041691|IPR040455,0.981545808458133,0.25329492274759635,2.0,1.0,0.464928904382533,0.03,True
3769,IPR029325,0.981545808458133,0.25329492274759635,2.0,1.0,0.464928904382533,0.11,False
3770,IPR029325|IPR029326,0.981545808458133,0.25329492274759635,2.0,1.0,0.464928904382533,0.04,True
3771,IPR029326,0.9496481500857012,0.35476645916424515,3.0,1.0,0.5614328620219463,0.18,False
3772,IPR029332,0.7019805810647781,0.689194390921003,8.0,1.0,0.9276028699892739,0.36,False
3773,IPR029334,0.981545808458133,0.25329492274759635,2.0,1.0,0.464928904382533,0.12,False
3774,IPR029341,0.7467050772524036,1.0,2.0,1.0,1.0,1.0,False
3775,IPR029341|IPR007850,0.7467050772524036,1.0,2.0,1.0,1.0,1.0,False
3776,IPR029342,0.9496481500857012,0.35476645916424515,3.0,1.0,0.5614328620219463,0.15,False
3777,IPR029347,0.9909985169829642,0.09170221681156158,4.0,1.0,0.28406795819264913,0.02,True
3778,IPR029353,0.6452335408357548,1.0,3.0,1.0,1.0,1.0,False
3779,IPR029360,0.7467050772524036,1.0,2.0,1.0,1.0,1.0,False
3780,IPR029384,0.7467050772524036,1.0,2.0,1.0,1.0,1.0,False
3781,IPR029423,0.981545808458133,0.25329492274759635,2.0,1.0,0.464928904382533,0.05,True
3782,IPR029436,0.981545808458133,0.25329492274759635,2.0,1.0,0.464928904382533,0.06,False
3783,IPR029444,0.981545808458133,0.25329492274759635,2.0,1.0,0.464928904382533,0.04,True
3784,IPR029445,0.981545808458133,0.25329492274759635,2.0,1.0,0.464928904382533,0.04,True
3785,IPR029445|IPR029444,0.981545808458133,0.25329492274759635,2.0,1.0,0.464928904382533,0.04,True
3786,IPR029473,1.0,0.018454191541866973,2.0,1.0,0.11408695175018027,0.01,True
3787,IPR029473|IPR025481,1.0,0.018454191541866973,2.0,1.0,0.11408695175018027,0.01,True
3788,IPR029473|IPR029473,1.0,0.018454191541866973,2.0,1.0,0.11408695175018027,0.01,True
3789,IPR029473|IPR029473|IPR025481,1.0,0.018454191541866973,2.0,1.0,0.11408695175018027,0.01,True
3790,IPR029473|IPR029473|IPR029473,1.0,0.018454191541866973,2.0,1.0,0.11408695175018027,0.0,True
3791,IPR029477,0.8091777075696599,0.5837123437846928,6.0,1.0,0.8021387447700818,0.57,False
3792,IPR029477|IPR002048,0.8091777075696599,0.5837123437846928,6.0,1.0,0.8021387447700818,0.55,False
3793,IPR029477|IPR002048|IPR002219,0.8091777075696599,0.5837123437846928,6.0,1.0,0.8021387447700818,0.48,False
3794,IPR029477|IPR029477,0.7467050772524036,1.0,2.0,1.0,1.0,1.0,False
3795,IPR029477|IPR029477|IPR002048,0.7467050772524036,1.0,2.0,1.0,1.0,1.0,False
3796,IPR029485,0.9496481500857012,0.35476645916424515,3.0,1.0,0.5614328620219463,0.41,False
3797,IPR029491,0.7467050772524036,1.0,2.0,1.0,1.0,1.0,False
3798,IPR029526,0.9496481500857012,0.35476645916424515,3.0,1.0,0.5614328620219463,0.41,False
3799,IPR030379,0.9959444841204863,0.03640549165880708,6.0,1.0,0.1776271722389577,0.16,False
3800,IPR030381,0.9909985169829642,0.09170221681156158,4.0,1.0,0.28406795819264913,0.15,False
3801,IPR030392,0.9974946376443489,0.050351849914298724,3.0,1.0,0.19708381075902243,0.03,True
3802,IPR030392|IPR026932,0.9974946376443489,0.050351849914298724,3.0,1.0,0.19708381075902243,0.03,True
3803,IPR030392|IPR026932|IPR025719,0.9974946376443489,0.050351849914298724,3.0,1.0,0.19708381075902243,0.0,True
3804,IPR030395,0.9915535842838115,0.05737479861577096,7.0,1.0,0.2140473533918329,0.04,True
3805,IPR031162,0.9996600111981438,0.009001483017035832,4.0,1.0,0.08677362453176146,0.0,True
3806,IPR031162|IPR000433,0.9974946376443489,0.050351849914298724,3.0,1.0,0.19708381075902243,0.0,True
3807,IPR031162|IPR000433|IPR000197,0.9974946376443489,0.050351849914298724,3.0,1.0,0.19708381075902243,0.0,True
3808,IPR031313,0.9496481500857012,0.35476645916424515,3.0,1.0,0.5614328620219463,0.07,False
3809,IPR031314,0.7467050772524036,1.0,2.0,1.0,1.0,1.0,False
3810,IPR031315,0.557545460051527,1.0,4.0,1.0,1.0,1.0,False
3811,IPR031320,0.557545460051527,1.0,4.0,1.0,1.0,1.0,False
3812,IPR031354,0.9915535842838115,0.05737479861577096,7.0,1.0,0.2140473533918329,0.0,True
3813,IPR031358,0.981545808458133,0.25329492274759635,2.0,1.0,0.464928904382533,0.05,True
3814,IPR031405,0.981545808458133,0.25329492274759635,2.0,1.0,0.464928904382533,0.01,True
3815,IPR031405|IPR031406,0.981545808458133,0.25329492274759635,2.0,1.0,0.464928904382533,0.01,True
3816,IPR031405|IPR031406|IPR031408,0.981545808458133,0.25329492274759635,2.0,1.0,0.464928904382533,0.01,True
3817,IPR031406,0.981545808458133,0.25329492274759635,2.0,1.0,0.464928904382533,0.01,True
3818,IPR031406|IPR031408,0.981545808458133,0.25329492274759635,2.0,1.0,0.464928904382533,0.01,True
3819,IPR031408,0.981545808458133,0.25329492274759635,2.0,1.0,0.464928904382533,0.01,True
3820,IPR031416,0.9974946376443489,0.050351849914298724,3.0,1.0,0.19708381075902243,0.01,True
3821,IPR031417,0.9974946376443489,0.050351849914298724,3.0,1.0,0.19708381075902243,0.01,True
3822,IPR031417|IPR031416,0.9974946376443489,0.050351849914298724,3.0,1.0,0.19708381075902243,0.01,True
3823,IPR031435,0.8606499744935043,0.5182306685589673,5.0,1.0,0.7304140383099247,0.52,False
3824,IPR031435|IPR055422,0.8606499744935043,0.5182306685589673,5.0,1.0,0.7304140383099247,0.51,False
3825,IPR031435|IPR055422|IPR055421,0.6452335408357548,1.0,3.0,1.0,1.0,1.0,False
3826,IPR031436,0.48176933144103273,1.0,5.0,1.0,1.0,1.0,False
3827,IPR031437,0.557545460051527,1.0,4.0,1.0,1.0,1.0,False
3828,IPR031437|IPR055423,0.557545460051527,1.0,4.0,1.0,1.0,1.0,False
3829,IPR031437|IPR055423|IPR055424,0.557545460051527,1.0,4.0,1.0,1.0,1.0,False
3830,IPR031468,0.9954444034543672,0.023051889483380827,13.0,1.0,0.12698199675973212,0.03,True
3831,IPR031481,0.9496481500857012,0.35476645916424515,3.0,1.0,0.5614328620219463,0.64,False
3832,IPR031481|IPR055270,0.9496481500857012,0.35476645916424515,3.0,1.0,0.5614328620219463,0.6,False
3833,IPR031557,0.9895490334258487,0.05088248568851092,11.0,1.0,0.19708381075902243,0.05,True
3834,IPR031557|IPR001005,0.9849120420562869,0.0827469030190057,8.0,1.0,0.28406795819264913,0.07,False
3835,IPR031557|IPR001005|IPR001005,0.9984845308177138,0.020230503769160375,5.0,1.0,0.11408695175018027,0.0,True
3836,IPR031570,0.9999937467186361,0.0002454458336723676,6.0,1.0,0.0068924925140495825,0.0,True
3837,IPR031570|IPR010508,0.9974946376443489,0.050351849914298724,3.0,1.0,0.19708381075902243,0.0,True
3838,IPR031570|IPR010508|IPR023362,0.9974946376443489,0.050351849914298724,3.0,1.0,0.19708381075902243,0.0,True
3839,IPR031575,0.981545808458133,0.25329492274759635,2.0,1.0,0.464928904382533,0.03,True
3840,IPR031597,0.9909985169829642,0.09170221681156158,4.0,1.0,0.28406795819264913,0.09,False
3841,IPR031597|IPR014930,0.9496481500857012,0.35476645916424515,3.0,1.0,0.5614328620219463,0.27,False
3842,IPR031597|IPR014930|IPR002219,0.9496481500857012,0.35476645916424515,3.0,1.0,0.5614328620219463,0.24,False
3843,IPR031628,1.0,0.018454191541866973,2.0,1.0,0.11408695175018027,0.0,True
3844,IPR031628|IPR032365,1.0,0.018454191541866973,2.0,1.0,0.11408695175018027,0.0,True
3845,IPR031649,0.5003691006828492,0.8267689844000238,12.0,1.0,1.0,1.0,False
3846,IPR031649|IPR014873,0.5003691006828492,0.8267689844000238,12.0,1.0,1.0,1.0,False
3847,IPR031649|IPR014873|IPR031688,0.8091777075696599,0.5837123437846928,6.0,1.0,0.8021387447700818,0.47,False
3848,IPR031656,0.981545808458133,0.25329492274759635,2.0,1.0,0.464928904382533,0.03,True
3849,IPR031656|IPR002048,0.981545808458133,0.25329492274759635,2.0,1.0,0.464928904382533,0.01,True
3850,IPR031660,1.0,0.0025053623556511003,3.0,1.0,0.03667197533045109,0.0,True
3851,IPR031660|IPR002205,1.0,0.018454191541866973,2.0,1.0,0.11408695175018027,0.0,True
3852,IPR031675,0.9496481500857012,0.35476645916424515,3.0,1.0,0.5614328620219463,0.31,False
3853,IPR031688,0.7557987100438324,0.6402975194227803,7.0,1.0,0.8667585231484166,0.56,False
3854,IPR031692,0.9909985169829642,0.09170221681156158,4.0,1.0,0.28406795819264913,0.24,False
3855,IPR031692|IPR030381,0.9909985169829642,0.09170221681156158,4.0,1.0,0.28406795819264913,0.09,False
3856,IPR031703,0.9909985169829642,0.09170221681156158,4.0,1.0,0.28406795819264913,0.03,True
3857,IPR031703|IPR013209,0.9909985169829642,0.09170221681156158,4.0,1.0,0.28406795819264913,0.04,True
3858,IPR031717,0.9082977831884385,0.442454539948473,4.0,1.0,0.6543109925339897,0.29,False
3859,IPR031729,0.7467050772524036,1.0,2.0,1.0,1.0,1.0,False
3860,IPR031729|IPR055386,0.7467050772524036,1.0,2.0,1.0,1.0,1.0,False
3861,IPR031729|IPR055386|IPR055387,0.7467050772524036,1.0,2.0,1.0,1.0,1.0,False
3862,IPR031745,0.9082977831884385,0.442454539948473,4.0,1.0,0.6543109925339897,0.15,False
3863,IPR031774,0.981545808458133,0.25329492274759635,2.0,1.0,0.464928904382533,0.06,False
3864,IPR031774|IPR025086,0.981545808458133,0.25329492274759635,2.0,1.0,0.464928904382533,0.06,False
3865,IPR031774|IPR025086|IPR000690,0.981545808458133,0.25329492274759635,2.0,1.0,0.464928904382533,0.03,True
3866,IPR031775,0.9082977831884385,0.442454539948473,4.0,1.0,0.6543109925339897,0.32,False
3867,IPR031780,0.7557987100438324,0.6402975194227803,7.0,1.0,0.8667585231484166,0.45,False
3868,IPR031790,1.0,0.018454191541866973,2.0,1.0,0.11408695175018027,0.0,True
3869,IPR031802,0.9496481500857012,0.35476645916424515,3.0,1.0,0.5614328620219463,0.25,False
3870,IPR031824,0.7467050772524036,1.0,2.0,1.0,1.0,1.0,False
3871,IPR031840,0.981545808458133,0.25329492274759635,2.0,1.0,0.464928904382533,0.02,True
3872,IPR031847,0.9909985169829642,0.09170221681156158,4.0,1.0,0.28406795819264913,0.08,False
3873,IPR031847|IPR001781,0.9496481500857012,0.35476645916424515,3.0,1.0,0.5614328620219463,0.25,False
3874,IPR031865,0.981545808458133,0.25329492274759635,2.0,1.0,0.464928904382533,0.15,False
3875,IPR031867,0.9999937467186361,0.0002454458336723676,6.0,1.0,0.0068924925140495825,0.0,True
3876,IPR031867|IPR011598,1.0,0.0003399888018561897,4.0,1.0,0.008917371264928588,0.0,True
3877,IPR031867|IPR011598|IPR021802,1.0,0.0003399888018561897,4.0,1.0,0.008917371264928588,0.0,True
3878,IPR031896,0.9974946376443489,0.050351849914298724,3.0,1.0,0.19708381075902243,0.01,True
3879,IPR031902,0.7467050772524036,1.0,2.0,1.0,1.0,1.0,False
3880,IPR031902|IPR001005,0.7467050772524036,1.0,2.0,1.0,1.0,1.0,False
3881,IPR031904,0.35970248057721965,1.0,7.0,1.0,1.0,1.0,False
3882,IPR031907,0.7467050772524036,1.0,2.0,1.0,1.0,1.0,False
3883,IPR031910,0.7467050772524036,1.0,2.0,1.0,1.0,1.0,False
3884,IPR031910|IPR031907,0.7467050772524036,1.0,2.0,1.0,1.0,1.0,False
3885,IPR031947,0.6452335408357548,1.0,3.0,1.0,1.0,1.0,False
3886,IPR031950,0.6452335408357548,1.0,3.0,1.0,1.0,1.0,False
3887,IPR031952,0.9082977831884385,0.442454539948473,4.0,1.0,0.6543109925339897,0.34,False
3888,IPR031953,0.9082977831884385,0.442454539948473,4.0,1.0,0.6543109925339897,0.31,False
3889,IPR031964,1.0,0.018454191541866973,2.0,1.0,0.11408695175018027,0.02,True
3890,IPR031964|IPR011545,1.0,0.018454191541866973,2.0,1.0,0.11408695175018027,0.0,True
3891,IPR031964|IPR011545|IPR041204,1.0,0.018454191541866973,2.0,1.0,0.11408695175018027,0.0,True
3892,IPR031966,0.6452335408357548,1.0,3.0,1.0,1.0,1.0,False
3893,IPR031968,0.981545808458133,0.25329492274759635,2.0,1.0,0.464928904382533,0.16,False
3894,IPR031970,0.9496481500857012,0.35476645916424515,3.0,1.0,0.5614328620219463,0.21,False
3895,IPR031970|IPR012966,0.981545808458133,0.25329492274759635,2.0,1.0,0.464928904382533,0.0,True
3896,IPR031970|IPR031970,0.9496481500857012,0.35476645916424515,3.0,1.0,0.5614328620219463,0.17,False
3897,IPR031970|IPR031970|IPR012966,0.981545808458133,0.25329492274759635,2.0,1.0,0.464928904382533,0.0,True
3898,IPR031971,0.6452335408357548,1.0,3.0,1.0,1.0,1.0,False
3899,IPR031971|IPR001849,0.6452335408357548,1.0,3.0,1.0,1.0,1.0,False
3900,IPR031971|IPR001849|IPR001849,0.6452335408357548,1.0,3.0,1.0,1.0,1.0,False
3901,IPR031981,0.7467050772524036,1.0,2.0,1.0,1.0,1.0,False
3902,IPR031996,0.9496481500857012,0.35476645916424515,3.0,1.0,0.5614328620219463,0.1,False
3903,IPR031996|IPR003593,0.981545808458133,0.25329492274759635,2.0,1.0,0.464928904382533,0.02,True
3904,IPR031996|IPR003593|IPR041569,0.981545808458133,0.25329492274759635,2.0,1.0,0.464928904382533,0.01,True
3905,IPR032013,0.9974946376443489,0.050351849914298724,3.0,1.0,0.19708381075902243,0.02,True
3906,IPR032038,0.7467050772524036,1.0,2.0,1.0,1.0,1.0,False
3907,IPR032041,0.981545808458133,0.25329492274759635,2.0,1.0,0.464928904382533,0.01,True
3908,IPR032060,0.9909985169829642,0.09170221681156158,4.0,1.0,0.28406795819264913,0.05,True
3909,IPR032069,0.981545808458133,0.25329492274759635,2.0,1.0,0.464928904382533,0.18,False
3910,IPR032098,0.9996600111981438,0.009001483017035832,4.0,1.0,0.08677362453176146,0.03,True
3911,IPR032101,0.97572740910265,0.1119840590798335,9.0,1.0,0.3381774595356515,0.08,False
3912,IPR032101|IPR016137,0.97572740910265,0.1119840590798335,9.0,1.0,0.3381774595356515,0.08,False
3913,IPR032101|IPR016137|IPR014936,0.7467050772524036,1.0,2.0,1.0,1.0,1.0,False
3914,IPR032103,0.6452335408357548,1.0,3.0,1.0,1.0,1.0,False
3915,IPR032117,0.981545808458133,0.25329492274759635,2.0,1.0,0.464928904382533,0.04,True
3916,IPR032140,1.0,0.018454191541866973,2.0,1.0,0.11408695175018027,0.01,True
3917,IPR032140|IPR001452,1.0,0.018454191541866973,2.0,1.0,0.11408695175018027,0.01,True
3918,IPR032140|IPR001452|IPR001452,1.0,0.018454191541866973,2.0,1.0,0.11408695175018027,0.01,True
3919,IPR032147,1.0,0.018454191541866973,2.0,1.0,0.11408695175018027,0.0,True
3920,IPR032172,0.9974946376443489,0.050351849914298724,3.0,1.0,0.19708381075902243,0.01,True
3921,IPR032172|IPR032177,0.981545808458133,0.25329492274759635,2.0,1.0,0.464928904382533,0.04,True
3922,IPR032177,0.981545808458133,0.25329492274759635,2.0,1.0,0.464928904382533,0.04,True
3923,IPR032190,0.981545808458133,0.25329492274759635,2.0,1.0,0.464928904382533,0.06,False
3924,IPR032190|IPR053956,0.981545808458133,0.25329492274759635,2.0,1.0,0.464928904382533,0.04,True
3925,IPR032197,0.9496481500857012,0.35476645916424515,3.0,1.0,0.5614328620219463,0.08,False
3926,IPR032197|IPR000594,0.9496481500857012,0.35476645916424515,3.0,1.0,0.5614328620219463,0.06,False
3927,IPR032198,0.981545808458133,0.25329492274759635,2.0,1.0,0.464928904382533,0.26,False
3928,IPR032226,0.9909985169829642,0.09170221681156158,4.0,1.0,0.28406795819264913,0.04,True
3929,IPR032226|IPR000504,0.7467050772524036,1.0,2.0,1.0,1.0,1.0,False
3930,IPR032226|IPR034925,1.0,0.018454191541866973,2.0,1.0,0.11408695175018027,0.0,True
3931,IPR032232,0.981545808458133,0.25329492274759635,2.0,1.0,0.464928904382533,0.02,True
3932,IPR032232|IPR001660,0.981545808458133,0.25329492274759635,2.0,1.0,0.464928904382533,0.03,True
3933,IPR032232|IPR001660|IPR001660,0.981545808458133,0.25329492274759635,2.0,1.0,0.464928904382533,0.04,True
3934,IPR032263,0.9909985169829642,0.09170221681156158,4.0,1.0,0.28406795819264913,0.0,True
3935,IPR032263|IPR003781,0.9496481500857012,0.35476645916424515,3.0,1.0,0.5614328620219463,0.14,False
3936,IPR032263|IPR003781|IPR005811,0.7467050772524036,1.0,2.0,1.0,1.0,1.0,False
3937,IPR032277,0.981545808458133,0.25329492274759635,2.0,1.0,0.464928904382533,0.11,False
3938,IPR032284,0.9909985169829642,0.09170221681156158,4.0,1.0,0.28406795819264913,0.1,False
3939,IPR032284|IPR018982,0.9496481500857012,0.35476645916424515,3.0,1.0,0.5614328620219463,0.26,False
3940,IPR032284|IPR018982|IPR002121,0.9496481500857012,0.35476645916424515,3.0,1.0,0.5614328620219463,0.23,False
3941,IPR032296,0.9909985169829642,0.09170221681156158,4.0,1.0,0.28406795819264913,0.14,False
3942,IPR032319,0.981545808458133,0.25329492274759635,2.0,1.0,0.464928904382533,0.06,False
3943,IPR032335,0.998436289788411,0.010450966574151375,11.0,1.0,0.0971225616702161,0.0,True
3944,IPR032343,0.981545808458133,0.25329492274759635,2.0,1.0,0.464928904382533,0.53,False
3945,IPR032343|IPR025884,0.981545808458133,0.25329492274759635,2.0,1.0,0.464928904382533,0.5,False
3946,IPR032346,0.981545808458133,0.25329492274759635,2.0,1.0,0.464928904382533,0.05,True
3947,IPR032346|IPR000679,0.981545808458133,0.25329492274759635,2.0,1.0,0.464928904382533,0.02,True
3948,IPR032348,0.7467050772524036,1.0,2.0,1.0,1.0,1.0,False
3949,IPR032348|IPR000008,0.7467050772524036,1.0,2.0,1.0,1.0,1.0,False
3950,IPR032348|IPR000008|IPR001202,0.7467050772524036,1.0,2.0,1.0,1.0,1.0,False
3951,IPR032352,0.557545460051527,1.0,4.0,1.0,1.0,1.0,False
3952,IPR032352|IPR022018,0.557545460051527,1.0,4.0,1.0,1.0,1.0,False
3953,IPR032354,0.41628765621530717,1.0,6.0,1.0,1.0,1.0,False
3954,IPR032354|IPR001766,0.41628765621530717,1.0,6.0,1.0,1.0,1.0,False
3955,IPR032355,0.9496481500857012,0.35476645916424515,3.0,1.0,0.5614328620219463,0.19,False
3956,IPR032355|IPR003350,0.981545808458133,0.25329492274759635,2.0,1.0,0.464928904382533,0.02,True
3957,IPR032365,1.0,0.018454191541866973,2.0,1.0,0.11408695175018027,0.0,True
3958,IPR032367,0.9496481500857012,0.35476645916424515,3.0,1.0,0.5614328620219463,0.16,False
3959,IPR032374,0.7467050772524036,1.0,2.0,1.0,1.0,1.0,False
3960,IPR032376,0.9999219995485304,0.0006851072101331726,13.0,1.0,0.015324454349602177,0.0,True
3961,IPR032376|IPR027007,0.9999219995485304,0.0006851072101331726,13.0,1.0,0.015324454349602177,0.0,True
3962,IPR032376|IPR027007|IPR056372,0.9635945083411929,0.19082229243034007,6.0,1.0,0.464928904382533,0.14,False
3963,IPR032377,0.9082977831884385,0.442454539948473,4.0,1.0,0.6543109925339897,0.3,False
3964,IPR032377|IPR004087,0.981545808458133,0.25329492274759635,2.0,1.0,0.464928904382533,0.04,True
3965,IPR032387,0.8606499744935043,0.5182306685589673,5.0,1.0,0.7304140383099247,0.56,False
3966,IPR032392,0.9496481500857012,0.35476645916424515,3.0,1.0,0.5614328620219463,0.21,False
3967,IPR032392|IPR032355,0.9496481500857012,0.35476645916424515,3.0,1.0,0.5614328620219463,0.15,False
3968,IPR032392|IPR032355|IPR003350,0.981545808458133,0.25329492274759635,2.0,1.0,0.464928904382533,0.0,True
3969,IPR032393,0.981545808458133,0.25329492274759635,2.0,1.0,0.464928904382533,0.05,True
3970,IPR032394,0.9954444034543672,0.023051889483380827,13.0,1.0,0.12698199675973212,0.09,False
3971,IPR032394|IPR049452,0.8606499744935043,0.5182306685589673,5.0,1.0,0.7304140383099247,0.25,False
3972,IPR032402,0.6452335408357548,1.0,3.0,1.0,1.0,1.0,False
3973,IPR032402|IPR003128,0.6452335408357548,1.0,3.0,1.0,1.0,1.0,False
3974,IPR032405,0.9998945644530969,0.0006324666098591892,20.0,1.0,0.01465450660601987,0.0,True
3975,IPR032405|IPR000253,0.9985915121843159,0.0068435587260358595,18.0,1.0,0.07982092085198034,0.08,False
3976,IPR032405|IPR000253|IPR022140,0.9316452367978186,0.21663818609866356,12.0,1.0,0.464928904382533,0.26,False
3977,IPR032412,1.0,0.018454191541866973,2.0,1.0,0.11408695175018027,0.0,True
3978,IPR032415,0.9974946376443489,0.050351849914298724,3.0,1.0,0.19708381075902243,0.05,True
3979,IPR032422,0.9974946376443489,0.050351849914298724,3.0,1.0,0.19708381075902243,0.01,True
3980,IPR032422|IPR002558,0.981545808458133,0.25329492274759635,2.0,1.0,0.464928904382533,0.05,True
3981,IPR032425,0.9991124023984529,0.004729920038676855,17.0,1.0,0.05750469844669015,0.01,True
3982,IPR032425|IPR001452,0.9998397178261664,0.0012099322464327762,14.0,1.0,0.023591395914408134,0.0,True
3983,IPR032425|IPR001452|IPR001478,0.9797694962308396,0.13935002550649572,5.0,1.0,0.39238233340166945,0.01,True
3984,IPR032432,0.7467050772524036,1.0,2.0,1.0,1.0,1.0,False
3985,IPR032440,0.981545808458133,0.25329492274759635,2.0,1.0,0.464928904382533,0.05,True
3986,IPR032443,0.9635945083411929,0.19082229243034007,6.0,1.0,0.464928904382533,0.35,False
3987,IPR032444,0.9496481500857012,0.35476645916424515,3.0,1.0,0.5614328620219463,0.95,False
3988,IPR032444|IPR039008,0.7467050772524036,1.0,2.0,1.0,1.0,1.0,False
3989,IPR032446,1.0,0.018454191541866973,2.0,1.0,0.11408695175018027,0.0,True
3990,IPR032448,0.942625201384229,0.2442012899561677,7.0,1.0,0.464928904382533,0.06,False
3991,IPR032448|IPR032451,0.8606499744935043,0.5182306685589673,5.0,1.0,0.7304140383099247,0.19,False
3992,IPR032450,0.8606499744935043,0.5182306685589673,5.0,1.0,0.7304140383099247,0.31,False
3993,IPR032450|IPR000953,0.8606499744935043,0.5182306685589673,5.0,1.0,0.7304140383099247,0.33,False
3994,IPR032450|IPR000953|IPR007526,0.9496481500857012,0.35476645916424515,3.0,1.0,0.5614328620219463,0.16,False
3995,IPR032451,0.8606499744935043,0.5182306685589673,5.0,1.0,0.7304140383099247,0.18,False
3996,IPR032453,0.9984845308177138,0.020230503769160375,5.0,1.0,0.11408695175018027,0.09,False
3997,IPR032453|IPR001356,0.7467050772524036,1.0,2.0,1.0,1.0,1.0,False
3998,IPR032456,0.981545808458133,0.25329492274759635,2.0,1.0,0.464928904382533,0.02,True
3999,IPR032460,0.981545808458133,0.25329492274759635,2.0,1.0,0.464928904382533,0.0,True
4000,IPR032471,0.9999538812932512,0.001515469182286134,5.0,1.0,0.02627660827138408,0.04,True
4001,IPR032471|IPR057244,0.9999538812932512,0.001515469182286134,5.0,1.0,0.02627660827138408,0.02,True
4002,IPR032471|IPR057244|IPR017981,0.9974946376443489,0.050351849914298724,3.0,1.0,0.19708381075902243,0.08,False
4003,IPR032472,0.9496481500857012,0.35476645916424515,3.0,1.0,0.5614328620219463,0.33,False
4004,IPR032472|IPR032473,0.9496481500857012,0.35476645916424515,3.0,1.0,0.5614328620219463,0.32,False
4005,IPR032472|IPR032473|IPR003165,0.7467050772524036,1.0,2.0,1.0,1.0,1.0,False
4006,IPR032473,0.9496481500857012,0.35476645916424515,3.0,1.0,0.5614328620219463,0.36,False
4007,IPR032473|IPR003165,0.7467050772524036,1.0,2.0,1.0,1.0,1.0,False
4008,IPR032476,0.9999659262717878,0.0003582035708527575,12.0,1.0,0.009105931475622131,0.0,True
4009,IPR032476|IPR039551,0.9496481500857012,0.35476645916424515,3.0,1.0,0.5614328620219463,0.07,False
4010,IPR032478,0.8606499744935043,0.5182306685589673,5.0,1.0,0.7304140383099247,0.31,False
4011,IPR032486,0.9635945083411929,0.19082229243034007,6.0,1.0,0.464928904382533,0.09,False
4012,IPR032486|IPR034744,0.9635945083411929,0.19082229243034007,6.0,1.0,0.464928904382533,0.08,False
4013,IPR032498,0.981545808458133,0.25329492274759635,2.0,1.0,0.464928904382533,0.17,False
4014,IPR032498|IPR000980,0.981545808458133,0.25329492274759635,2.0,1.0,0.464928904382533,0.14,False
4015,IPR032501,0.7467050772524036,1.0,2.0,1.0,1.0,1.0,False
4016,IPR032503,0.9974946376443489,0.050351849914298724,3.0,1.0,0.19708381075902243,0.05,True
4017,IPR032503|IPR006222,0.9974946376443489,0.050351849914298724,3.0,1.0,0.19708381075902243,0.02,True
4018,IPR032503|IPR006222|IPR013977,1.0,0.018454191541866973,2.0,1.0,0.11408695175018027,0.0,True
4019,IPR032565,0.9984845308177138,0.020230503769160375,5.0,1.0,0.11408695175018027,0.0,True
4020,IPR032565|IPR014920,0.9984845308177138,0.020230503769160375,5.0,1.0,0.11408695175018027,0.0,True
4021,IPR032565|IPR014920|IPR010011,0.9909985169829642,0.09170221681156158,4.0,1.0,0.28406795819264913,0.01,True
4022,IPR032571,0.9496481500857012,0.35476645916424515,3.0,1.0,0.5614328620219463,0.35,False
4023,IPR032571|IPR004087,0.981545808458133,0.25329492274759635,2.0,1.0,0.464928904382533,0.11,False
4024,IPR032572,0.557545460051527,1.0,4.0,1.0,1.0,1.0,False
4025,IPR032572|IPR007052,0.557545460051527,1.0,4.0,1.0,1.0,1.0,False
4026,IPR032628,0.9496481500857012,0.35476645916424515,3.0,1.0,0.5614328620219463,0.52,False
4027,IPR032628|IPR001054,0.9496481500857012,0.35476645916424515,3.0,1.0,0.5614328620219463,0.46,False
4028,IPR032628|IPR001054|IPR009398,0.9496481500857012,0.35476645916424515,3.0,1.0,0.5614328620219463,0.35,False
4029,IPR032629,0.998195126511336,0.01508795794371311,8.0,1.0,0.11408695175018027,0.04,True
4030,IPR032629|IPR032691,0.9797694962308396,0.13935002550649572,5.0,1.0,0.39238233340166945,0.15,False
4031,IPR032629|IPR032691|IPR000904,0.9496481500857012,0.35476645916424515,3.0,1.0,0.5614328620219463,0.25,False
4032,IPR032629|IPR032691|IPR015403,0.981545808458133,0.25329492274759635,2.0,1.0,0.464928904382533,0.0,True
4033,IPR032630,0.9446519749355915,0.16287811351998108,16.0,1.0,0.4498082376043518,0.44,False
4034,IPR032631,0.9955046811048679,0.017322268543420373,21.0,1.0,0.11408695175018027,0.28,False
4035,IPR032631|IPR059000,0.985186569374072,0.05534802506440852,16.0,1.0,0.21310226937987992,0.15,False
4036,IPR032631|IPR059000|IPR044492,0.8555285363580112,0.40284760770688294,10.0,1.0,0.6334490532627706,0.41,False
4037,IPR032632,0.981545808458133,0.25329492274759635,2.0,1.0,0.464928904382533,0.06,False
4038,IPR032679,1.0,0.018454191541866973,2.0,1.0,0.11408695175018027,0.0,True
4039,IPR032691,0.9172530969809943,0.2980194189352218,8.0,1.0,0.5376628273876715,0.32,False
4040,IPR032691|IPR000904,0.8091777075696599,0.5837123437846928,6.0,1.0,0.8021387447700818,0.5,False
4041,IPR032691|IPR000904|IPR015403,0.6452335408357548,1.0,3.0,1.0,1.0,1.0,False
4042,IPR032691|IPR015403,0.981545808458133,0.25329492274759635,2.0,1.0,0.464928904382533,0.01,True
4043,IPR032706,0.981545808458133,0.25329492274759635,2.0,1.0,0.464928904382533,0.06,False
4044,IPR032706|IPR041692,0.981545808458133,0.25329492274759635,2.0,1.0,0.464928904382533,0.06,False
4045,IPR032738,0.8880159409201664,0.3511723788939042,9.0,1.0,0.5614328620219463,0.21,False
4046,IPR032757,0.557545460051527,1.0,4.0,1.0,1.0,1.0,False
4047,IPR032757|IPR006133,0.7467050772524036,1.0,2.0,1.0,1.0,1.0,False
4048,IPR032770,0.981545808458133,0.25329492274759635,2.0,1.0,0.464928904382533,0.1,False
4049,IPR032778,0.808527307692987,0.4123972208561986,17.0,1.0,0.647479927123664,0.45,False
4050,IPR032778|IPR049328,0.837121886480019,0.3734105393475189,16.0,1.0,0.5900343292992752,0.37,False
4051,IPR032778|IPR049328|IPR000719,0.864004408593912,0.33393570950485546,15.0,1.0,0.5614328620219463,0.19,False
4052,IPR032803,0.981545808458133,0.25329492274759635,2.0,1.0,0.464928904382533,0.15,False
4053,IPR032803|IPR001736,0.981545808458133,0.25329492274759635,2.0,1.0,0.464928904382533,0.12,False
4054,IPR032815,1.0,0.018454191541866973,2.0,1.0,0.11408695175018027,0.07,False
4055,IPR032880,0.9496481500857012,0.35476645916424515,3.0,1.0,0.5614328620219463,0.35,False
4056,IPR032880|IPR027815,0.981545808458133,0.25329492274759635,2.0,1.0,0.464928904382533,0.15,False
4057,IPR032880|IPR027815|IPR003864,0.981545808458133,0.25329492274759635,2.0,1.0,0.464928904382533,0.1,False
4058,IPR033121,0.981545808458133,0.25329492274759635,2.0,1.0,0.464928904382533,0.18,False
4059,IPR033122,0.41628765621530717,1.0,6.0,1.0,1.0,1.0,False
4060,IPR033133,0.8606499744935043,0.5182306685589673,5.0,1.0,0.7304140383099247,0.27,False
4061,IPR033248,0.8091777075696599,0.5837123437846928,6.0,1.0,0.8021387447700818,0.69,False
4062,IPR033388,1.0,0.018454191541866973,2.0,1.0,0.11408695175018027,0.0,True
4063,IPR033452,1.0,0.018454191541866973,2.0,1.0,0.11408695175018027,0.0,True
4064,IPR033453,1.0,0.018454191541866973,2.0,1.0,0.11408695175018027,0.0,True
4065,IPR033453|IPR033452,1.0,0.018454191541866973,2.0,1.0,0.11408695175018027,0.0,True
4066,IPR033461,0.9082977831884385,0.442454539948473,4.0,1.0,0.6543109925339897,0.52,False
4067,IPR033473,0.981545808458133,0.25329492274759635,2.0,1.0,0.464928904382533,0.11,False
4068,IPR033742,0.9082977831884385,0.442454539948473,4.0,1.0,0.6543109925339897,0.17,False
4069,IPR033762,0.9996600111981438,0.009001483017035832,4.0,1.0,0.08677362453176146,0.08,False
4070,IPR033762|IPR001208,1.0,0.018454191541866973,2.0,1.0,0.11408695175018027,0.04,True
4071,IPR033762|IPR001208|IPR041562,1.0,0.018454191541866973,2.0,1.0,0.11408695175018027,0.05,True
4072,IPR033763,0.9797694962308396,0.13935002550649572,5.0,1.0,0.39238233340166945,0.13,False
4073,IPR033763|IPR021987,0.9082977831884385,0.442454539948473,4.0,1.0,0.6543109925339897,0.32,False
4074,IPR033763|IPR021987|IPR001660,0.9496481500857012,0.35476645916424515,3.0,1.0,0.5614328620219463,0.16,False
4075,IPR033771,0.9999937467186361,0.0002454458336723676,6.0,1.0,0.0068924925140495825,0.0,True
4076,IPR033771|IPR041505,0.9999937467186361,0.0002454458336723676,6.0,1.0,0.0068924925140495825,0.0,True
4077,IPR033772,0.8880159409201664,0.3511723788939042,9.0,1.0,0.5614328620219463,0.39,False
4078,IPR033772|IPR000488,0.8880159409201664,0.3511723788939042,9.0,1.0,0.5614328620219463,0.33,False
4079,IPR034085,0.5475345528859306,0.7995074773097844,11.0,1.0,1.0,1.0,False
4080,IPR034085|IPR034085,0.9082977831884385,0.442454539948473,4.0,1.0,0.6543109925339897,0.29,False
4081,IPR034085|IPR034085|IPR034085,0.981545808458133,0.25329492274759635,2.0,1.0,0.464928904382533,0.01,True
4082,IPR034089,0.48176933144103273,1.0,5.0,1.0,1.0,1.0,False
4083,IPR034394,0.7467050772524036,1.0,2.0,1.0,1.0,1.0,False
4084,IPR034652,0.9797694962308396,0.13935002550649572,5.0,1.0,0.39238233340166945,0.03,True
4085,IPR034736,0.9996600111981438,0.009001483017035832,4.0,1.0,0.08677362453176146,0.0,True
4086,IPR034736|IPR034736,0.9996600111981438,0.009001483017035832,4.0,1.0,0.08677362453176146,0.0,True
4087,IPR034743,0.998436289788411,0.010450966574151375,11.0,1.0,0.0971225616702161,0.07,False
4088,IPR034743|IPR032486,0.9974946376443489,0.050351849914298724,3.0,1.0,0.19708381075902243,0.0,True
4089,IPR034743|IPR032486|IPR034744,0.9974946376443489,0.050351849914298724,3.0,1.0,0.19708381075902243,0.0,True
4090,IPR034744,0.9635945083411929,0.19082229243034007,6.0,1.0,0.464928904382533,0.1,False
4091,IPR034824,0.6452335408357548,1.0,3.0,1.0,1.0,1.0,False
4092,IPR034824|IPR001007,0.6452335408357548,1.0,3.0,1.0,1.0,1.0,False
4093,IPR034907,0.8091777075696599,0.5837123437846928,6.0,1.0,0.8021387447700818,0.69,False
4094,IPR034925,1.0,0.018454191541866973,2.0,1.0,0.11408695175018027,0.0,True
4095,IPR034934,0.9997545541663276,0.004055515879513668,6.0,1.0,0.05084252807529078,0.0,True
4096,IPR034987,0.9496481500857012,0.35476645916424515,3.0,1.0,0.5614328620219463,0.11,False
4097,IPR035170,0.7467050772524036,1.0,2.0,1.0,1.0,1.0,False
4098,IPR035175,0.9082977831884385,0.442454539948473,4.0,1.0,0.6543109925339897,0.2,False
4099,IPR035175|IPR014009,0.7467050772524036,1.0,2.0,1.0,1.0,1.0,False
4100,IPR035482,0.8606499744935043,0.5182306685589673,5.0,1.0,0.7304140383099247,0.35,False
4101,IPR035504,0.981545808458133,0.25329492274759635,2.0,1.0,0.464928904382533,0.18,False
4102,IPR035504|IPR048795,0.981545808458133,0.25329492274759635,2.0,1.0,0.464928904382533,0.14,False
4103,IPR035547,0.9909985169829642,0.09170221681156158,4.0,1.0,0.28406795819264913,0.03,True
4104,IPR035547|IPR035547,0.9909985169829642,0.09170221681156158,4.0,1.0,0.28406795819264913,0.01,True
4105,IPR035547|IPR035547|IPR035547,0.9496481500857012,0.35476645916424515,3.0,1.0,0.5614328620219463,0.09,False
4106,IPR035587,0.9082977831884385,0.442454539948473,4.0,1.0,0.6543109925339897,0.3,False
4107,IPR035617,0.557545460051527,1.0,4.0,1.0,1.0,1.0,False
4108,IPR035617|IPR000467,0.557545460051527,1.0,4.0,1.0,1.0,1.0,False
4109,IPR035699,0.557545460051527,1.0,4.0,1.0,1.0,1.0,False
4110,IPR035699|IPR041466,0.557545460051527,1.0,4.0,1.0,1.0,1.0,False
4111,IPR035699|IPR041466|IPR041589,0.557545460051527,1.0,4.0,1.0,1.0,1.0,False
4112,IPR035706,0.6174904180042894,0.6221078946010585,23.0,1.0,0.8526343478524323,0.82,False
4113,IPR035706|IPR004273,0.6502504750277116,0.5908559407829694,22.0,1.0,0.8102315939558394,0.75,False
4114,IPR035706|IPR004273|IPR041658,0.6829894743919538,0.5579777931724222,21.0,1.0,0.7832304420869073,0.74,False
4115,IPR037438,0.6452335408357548,1.0,3.0,1.0,1.0,1.0,False
4116,IPR037438|IPR015009,0.6452335408357548,1.0,3.0,1.0,1.0,1.0,False
4117,IPR037438|IPR015009|IPR054060,0.6452335408357548,1.0,3.0,1.0,1.0,1.0,False
4118,IPR037523,0.9909985169829642,0.09170221681156158,4.0,1.0,0.28406795819264913,0.11,False
4119,IPR037523|IPR037523,1.0,0.018454191541866973,2.0,1.0,0.11408695175018027,0.01,True
4120,IPR037719,0.6452335408357548,1.0,3.0,1.0,1.0,1.0,False
4121,IPR037822,0.981545808458133,0.25329492274759635,2.0,1.0,0.464928904382533,0.04,True
4122,IPR037827,0.557545460051527,1.0,4.0,1.0,1.0,1.0,False
4123,IPR037862,0.9797694962308396,0.13935002550649572,5.0,1.0,0.39238233340166945,0.25,False
4124,IPR037862|IPR028400,1.0,0.018454191541866973,2.0,1.0,0.11408695175018027,0.01,True
4125,IPR037862|IPR028400|IPR000909,1.0,0.018454191541866973,2.0,1.0,0.11408695175018027,0.0,True
4126,IPR037970,0.7467050772524036,1.0,2.0,1.0,1.0,1.0,False
4127,IPR037970|IPR000719,0.7467050772524036,1.0,2.0,1.0,1.0,1.0,False
4128,IPR039006,0.557545460051527,1.0,4.0,1.0,1.0,1.0,False
4129,IPR039007,0.557545460051527,1.0,4.0,1.0,1.0,1.0,False
4130,IPR039007|IPR039006,0.557545460051527,1.0,4.0,1.0,1.0,1.0,False
4131,IPR039008,0.8606499744935043,0.5182306685589673,5.0,1.0,0.7304140383099247,0.98,False
4132,IPR039187,0.97572740910265,0.1119840590798335,9.0,1.0,0.3381774595356515,0.11,False
4133,IPR039187|IPR026937,0.9172530969809943,0.2980194189352218,8.0,1.0,0.5376628273876715,0.06,False
4134,IPR039187|IPR026937|IPR057332,0.942625201384229,0.2442012899561677,7.0,1.0,0.464928904382533,0.02,True
4135,IPR039396,0.8606499744935043,0.5182306685589673,5.0,1.0,0.7304140383099247,0.49,False
4136,IPR039429,0.6452335408357548,1.0,3.0,1.0,1.0,1.0,False
4137,IPR039462,0.9909985169829642,0.09170221681156158,4.0,1.0,0.28406795819264913,0.03,True
4138,IPR039473,0.9974946376443489,0.050351849914298724,3.0,1.0,0.19708381075902243,0.02,True
4139,IPR039473|IPR025155,0.981545808458133,0.25329492274759635,2.0,1.0,0.464928904382533,0.01,True
4140,IPR039473|IPR025155|IPR025155,0.981545808458133,0.25329492274759635,2.0,1.0,0.464928904382533,0.01,True
4141,IPR039482,0.6452335408357548,1.0,3.0,1.0,1.0,1.0,False
4142,IPR039482|IPR029353,0.6452335408357548,1.0,3.0,1.0,1.0,1.0,False
4143,IPR039517,0.7467050772524036,1.0,2.0,1.0,1.0,1.0,False
4144,IPR039542,0.8091777075696599,0.5837123437846928,6.0,1.0,0.8021387447700818,0.54,False
4145,IPR039542|IPR012936,0.6452335408357548,1.0,3.0,1.0,1.0,1.0,False
4146,IPR039551,0.9082977831884385,0.442454539948473,4.0,1.0,0.6543109925339897,0.35,False
4147,IPR039587,0.9974946376443489,0.050351849914298724,3.0,1.0,0.19708381075902243,0.0,True
4148,IPR040445,0.9994668342079506,0.003147787270446973,16.0,1.0,0.04416368681549245,0.21,False
4149,IPR040445|IPR041647,0.997996109626352,0.010438814367622576,15.0,1.0,0.0971225616702161,0.27,False
4150,IPR040455,0.981545808458133,0.25329492274759635,2.0,1.0,0.464928904382533,0.13,False
4151,IPR040457,0.9082977831884385,0.442454539948473,4.0,1.0,0.6543109925339897,0.31,False
4152,IPR040460,0.6452335408357548,1.0,3.0,1.0,1.0,1.0,False
4153,IPR040460|IPR041263,0.6452335408357548,1.0,3.0,1.0,1.0,1.0,False
4154,IPR040472,0.9996600111981438,0.009001483017035832,4.0,1.0,0.08677362453176146,0.01,True
4155,IPR040472|IPR004087,0.9974946376443489,0.050351849914298724,3.0,1.0,0.19708381075902243,0.01,True
4156,IPR040472|IPR004087|IPR004087,0.981545808458133,0.25329492274759635,2.0,1.0,0.464928904382533,0.09,False
4157,IPR040504,1.0,0.0025053623556511003,3.0,1.0,0.03667197533045109,0.0,True
4158,IPR040510,0.48176933144103273,1.0,5.0,1.0,1.0,1.0,False
4159,IPR040514,0.7467050772524036,1.0,2.0,1.0,1.0,1.0,False
4160,IPR040524,0.48176933144103273,1.0,5.0,1.0,1.0,1.0,False
4161,IPR040524|IPR001202,0.48176933144103273,1.0,5.0,1.0,1.0,1.0,False
4162,IPR040524|IPR001202|IPR000569,0.48176933144103273,1.0,5.0,1.0,1.0,1.0,False
4163,IPR040546,0.7467050772524036,1.0,2.0,1.0,1.0,1.0,False
4164,IPR040557,0.981545808458133,0.25329492274759635,2.0,1.0,0.464928904382533,0.08,False
4165,IPR040560,0.9974946376443489,0.050351849914298724,3.0,1.0,0.19708381075902243,0.06,False
4166,IPR040622,0.9935886954088315,0.03618011510147109,10.0,1.0,0.1776271722389577,0.13,False
4167,IPR040622|IPR000742,0.7467050772524036,1.0,2.0,1.0,1.0,1.0,False
4168,IPR040622|IPR000742|IPR012896,0.7467050772524036,1.0,2.0,1.0,1.0,1.0,False
4169,IPR040622|IPR057073,0.9992376589979926,0.008446415716188569,7.0,1.0,0.08677362453176146,0.03,True
4170,IPR040622|IPR057073|IPR013111,0.9984845308177138,0.020230503769160375,5.0,1.0,0.11408695175018027,0.02,True
4171,IPR040623,0.9496481500857012,0.35476645916424515,3.0,1.0,0.5614328620219463,0.11,False
4172,IPR040626,0.41628765621530717,1.0,6.0,1.0,1.0,1.0,False
4173,IPR040626|IPR000834,0.48176933144103273,1.0,5.0,1.0,1.0,1.0,False
4174,IPR040640,0.9496481500857012,0.35476645916424515,3.0,1.0,0.5614328620219463,0.2,False
4175,IPR040647,0.9909985169829642,0.09170221681156158,4.0,1.0,0.28406795819264913,0.15,False
4176,IPR040655,0.557545460051527,1.0,4.0,1.0,1.0,1.0,False
4177,IPR040655|IPR003116,0.6452335408357548,1.0,3.0,1.0,1.0,1.0,False
4178,IPR040655|IPR003116|IPR001478,0.6452335408357548,1.0,3.0,1.0,1.0,1.0,False
4179,IPR040665,0.9996417964291472,0.0027692168523252613,12.0,1.0,0.039856667063968315,0.0,True
4180,IPR040665|IPR000719,0.9998308721706876,0.0015637102115890087,11.0,1.0,0.02693230221093469,0.0,True
4181,IPR040667,0.7467050772524036,1.0,2.0,1.0,1.0,1.0,False
4182,IPR040667|IPR041317,0.7467050772524036,1.0,2.0,1.0,1.0,1.0,False
4183,IPR040667|IPR041317|IPR055162,0.7467050772524036,1.0,2.0,1.0,1.0,1.0,False
4184,IPR040685,0.8091777075696599,0.5837123437846928,6.0,1.0,0.8021387447700818,0.43,False
4185,IPR040685|IPR040510,0.48176933144103273,1.0,5.0,1.0,1.0,1.0,False
4186,IPR040700,0.981545808458133,0.25329492274759635,2.0,1.0,0.464928904382533,0.06,False
4187,IPR040745,0.98406206933883,0.06835476320218137,12.0,1.0,0.2517384614865795,0.02,True
4188,IPR040745|IPR000488,0.98406206933883,0.06835476320218137,12.0,1.0,0.2517384614865795,0.02,True
4189,IPR040759,0.557545460051527,1.0,4.0,1.0,1.0,1.0,False
4190,IPR040759|IPR015898,0.557545460051527,1.0,4.0,1.0,1.0,1.0,False
4191,IPR040759|IPR015898|IPR016137,0.557545460051527,1.0,4.0,1.0,1.0,1.0,False
4192,IPR040780,0.6452335408357548,1.0,3.0,1.0,1.0,1.0,False
4193,IPR040793,0.981545808458133,0.25329492274759635,2.0,1.0,0.464928904382533,0.06,False
4194,IPR040793|IPR056302,0.981545808458133,0.25329492274759635,2.0,1.0,0.464928904382533,0.07,False
4195,IPR040839,0.97572740910265,0.1119840590798335,9.0,1.0,0.3381774595356515,0.33,False
4196,IPR040839|IPR011625,0.9849120420562869,0.0827469030190057,8.0,1.0,0.28406795819264913,0.27,False
4197,IPR040839|IPR011625|IPR000020,0.981545808458133,0.25329492274759635,2.0,1.0,0.464928904382533,0.26,False
4198,IPR040839|IPR011625|IPR001599,0.8606499744935043,0.5182306685589673,5.0,1.0,0.7304140383099247,0.36,False
4199,IPR040842,0.7467050772524036,1.0,2.0,1.0,1.0,1.0,False
4200,IPR040843,0.9496481500857012,0.35476645916424515,3.0,1.0,0.5614328620219463,0.21,False
4201,IPR040844,0.9959444841204863,0.03640549165880708,6.0,1.0,0.1776271722389577,0.06,False
4202,IPR040844|IPR002073,0.9959444841204863,0.03640549165880708,6.0,1.0,0.1776271722389577,0.0,True
4203,IPR040847,1.0,0.018454191541866973,2.0,1.0,0.11408695175018027,0.0,True
4204,IPR040847|IPR001841,1.0,0.018454191541866973,2.0,1.0,0.11408695175018027,0.01,True
4205,IPR040847|IPR001841|IPR001841,1.0,0.018454191541866973,2.0,1.0,0.11408695175018027,0.0,True
4206,IPR040847|IPR040847,1.0,0.018454191541866973,2.0,1.0,0.11408695175018027,0.0,True
4207,IPR040847|IPR040847|IPR001841,1.0,0.018454191541866973,2.0,1.0,0.11408695175018027,0.01,True
4208,IPR040849,0.9909985169829642,0.09170221681156158,4.0,1.0,0.28406795819264913,0.26,False
4209,IPR040849|IPR003599,0.9496481500857012,0.35476645916424515,3.0,1.0,0.5614328620219463,0.36,False
4210,IPR040849|IPR003599|IPR003599,0.7467050772524036,1.0,2.0,1.0,1.0,1.0,False
4211,IPR040909,0.7467050772524036,1.0,2.0,1.0,1.0,1.0,False
4212,IPR040911,0.9974946376443489,0.050351849914298724,3.0,1.0,0.19708381075902243,0.02,True
4213,IPR040926,0.9974946376443489,0.050351849914298724,3.0,1.0,0.19708381075902243,0.01,True
4214,IPR040926|IPR011615,0.9974946376443489,0.050351849914298724,3.0,1.0,0.19708381075902243,0.0,True
4215,IPR040926|IPR011615|IPR010991,0.981545808458133,0.25329492274759635,2.0,1.0,0.464928904382533,0.02,True
4216,IPR040930,0.9635945083411929,0.19082229243034007,6.0,1.0,0.464928904382533,0.08,False
4217,IPR040951,0.7467050772524036,1.0,2.0,1.0,1.0,1.0,False
4218,IPR040951|IPR003961,0.7467050772524036,1.0,2.0,1.0,1.0,1.0,False
4219,IPR040954,0.981545808458133,0.25329492274759635,2.0,1.0,0.464928904382533,0.04,True
4220,IPR040954|IPR000571,0.981545808458133,0.25329492274759635,2.0,1.0,0.464928904382533,0.04,True
4221,IPR040969,0.9635945083411929,0.19082229243034007,6.0,1.0,0.464928904382533,0.03,True
4222,IPR040969|IPR000719,0.9635945083411929,0.19082229243034007,6.0,1.0,0.464928904382533,0.01,True
4223,IPR040990,0.557545460051527,1.0,4.0,1.0,1.0,1.0,False
4224,IPR040990|IPR000261,0.557545460051527,1.0,4.0,1.0,1.0,1.0,False
4225,IPR040992,0.981545808458133,0.25329492274759635,2.0,1.0,0.464928904382533,0.02,True
4226,IPR040994,0.981545808458133,0.25329492274759635,2.0,1.0,0.464928904382533,0.1,False
4227,IPR040994|IPR012919,0.981545808458133,0.25329492274759635,2.0,1.0,0.464928904382533,0.11,False
4228,IPR041019,0.9984845308177138,0.020230503769160375,5.0,1.0,0.11408695175018027,0.1,False
4229,IPR041019|IPR016201,0.9984845308177138,0.020230503769160375,5.0,1.0,0.11408695175018027,0.1,False
4230,IPR041019|IPR016201|IPR016201,0.981545808458133,0.25329492274759635,2.0,1.0,0.464928904382533,0.07,False
4231,IPR041019|IPR016201|IPR041362,0.9974946376443489,0.050351849914298724,3.0,1.0,0.19708381075902243,0.09,False
4232,IPR041031,0.7467050772524036,1.0,2.0,1.0,1.0,1.0,False
4233,IPR041033,0.981545808458133,0.25329492274759635,2.0,1.0,0.464928904382533,0.11,False
4234,IPR041033|IPR056191,0.981545808458133,0.25329492274759635,2.0,1.0,0.464928904382533,0.09,False
4235,IPR041048,0.9496481500857012,0.35476645916424515,3.0,1.0,0.5614328620219463,0.21,False
4236,IPR041066,0.9496481500857012,0.35476645916424515,3.0,1.0,0.5614328620219463,0.14,False
4237,IPR041070,0.98406206933883,0.06835476320218137,12.0,1.0,0.2517384614865795,0.03,True
4238,IPR041070|IPR002857,0.9635945083411929,0.19082229243034007,6.0,1.0,0.464928904382533,0.05,True
4239,IPR041070|IPR002857|IPR001965,0.9635945083411929,0.19082229243034007,6.0,1.0,0.464928904382533,0.03,True
4240,IPR041075,0.9999538812932512,0.001515469182286134,5.0,1.0,0.02627660827138408,0.09,False
4241,IPR041075|IPR041267,0.9999538812932512,0.001515469182286134,5.0,1.0,0.02627660827138408,0.08,False
4242,IPR041082,1.0,0.018454191541866973,2.0,1.0,0.11408695175018027,0.0,True
4243,IPR041082|IPR022192,1.0,0.018454191541866973,2.0,1.0,0.11408695175018027,0.0,True
4244,IPR041084,0.7467050772524036,1.0,2.0,1.0,1.0,1.0,False
4245,IPR041085,0.6452335408357548,1.0,3.0,1.0,1.0,1.0,False
4246,IPR041086,0.9959444841204863,0.03640549165880708,6.0,1.0,0.1776271722389577,0.04,True
4247,IPR041087,0.9496481500857012,0.35476645916424515,3.0,1.0,0.5614328620219463,0.2,False
4248,IPR041087|IPR041309,0.981545808458133,0.25329492274759635,2.0,1.0,0.464928904382533,0.05,True
4249,IPR041093,0.7467050772524036,1.0,2.0,1.0,1.0,1.0,False
4250,IPR041134,1.0,0.018454191541866973,2.0,1.0,0.11408695175018027,0.0,True
4251,IPR041134|IPR041139,1.0,0.018454191541866973,2.0,1.0,0.11408695175018027,0.0,True
4252,IPR041139,1.0,0.018454191541866973,2.0,1.0,0.11408695175018027,0.0,True
4253,IPR041139|IPR041134,1.0,0.018454191541866973,2.0,1.0,0.11408695175018027,0.0,True
4254,IPR041139|IPR041134|IPR041139,1.0,0.018454191541866973,2.0,1.0,0.11408695175018027,0.0,True
4255,IPR041146,0.9635945083411929,0.19082229243034007,6.0,1.0,0.464928904382533,0.05,True
4256,IPR041147,0.7467050772524036,1.0,2.0,1.0,1.0,1.0,False
4257,IPR041163,0.7467050772524036,1.0,2.0,1.0,1.0,1.0,False
4258,IPR041163|IPR002126,0.7467050772524036,1.0,2.0,1.0,1.0,1.0,False
4259,IPR041163|IPR002126|IPR040667,0.7467050772524036,1.0,2.0,1.0,1.0,1.0,False
4260,IPR041170,0.981545808458133,0.25329492274759635,2.0,1.0,0.464928904382533,0.05,True
4261,IPR041182,0.7467050772524036,1.0,2.0,1.0,1.0,1.0,False
4262,IPR041182|IPR003961,0.7467050772524036,1.0,2.0,1.0,1.0,1.0,False
4263,IPR041182|IPR003961|IPR007110,0.7467050772524036,1.0,2.0,1.0,1.0,1.0,False
4264,IPR041185,0.9974946376443489,0.050351849914298724,3.0,1.0,0.19708381075902243,0.0,True
4265,IPR041185|IPR022007,0.9974946376443489,0.050351849914298724,3.0,1.0,0.19708381075902243,0.0,True
4266,IPR041195,0.7467050772524036,1.0,2.0,1.0,1.0,1.0,False
4267,IPR041195|IPR019024,0.7467050772524036,1.0,2.0,1.0,1.0,1.0,False
4268,IPR041204,1.0,0.018454191541866973,2.0,1.0,0.11408695175018027,0.01,True
4269,IPR041204|IPR001650,1.0,0.018454191541866973,2.0,1.0,0.11408695175018027,0.0,True
4270,IPR041212,0.981545808458133,0.25329492274759635,2.0,1.0,0.464928904382533,0.05,True
4271,IPR041228,0.9188764682860389,0.17030985481668676,34.0,1.0,0.464928904382533,0.47,False
4272,IPR041263,0.9959444841204863,0.03640549165880708,6.0,1.0,0.1776271722389577,0.05,True
4273,IPR041267,0.9999613122336617,0.0007623410020074928,7.0,1.0,0.016143508022019325,0.13,False
4274,IPR041298,0.9974946376443489,0.050351849914298724,3.0,1.0,0.19708381075902243,0.0,True
4275,IPR041306,0.9935886954088315,0.03618011510147109,10.0,1.0,0.1776271722389577,0.02,True
4276,IPR041309,0.981545808458133,0.25329492274759635,2.0,1.0,0.464928904382533,0.06,False
4277,IPR041317,0.7467050772524036,1.0,2.0,1.0,1.0,1.0,False
4278,IPR041317|IPR055162,0.7467050772524036,1.0,2.0,1.0,1.0,1.0,False
4279,IPR041322,0.9974946376443489,0.050351849914298724,3.0,1.0,0.19708381075902243,0.03,True
4280,IPR041322|IPR040560,0.9974946376443489,0.050351849914298724,3.0,1.0,0.19708381075902243,0.01,True
4281,IPR041337,1.0,0.0025053623556511003,3.0,1.0,0.03667197533045109,0.0,True
4282,IPR041348,0.7467050772524036,1.0,2.0,1.0,1.0,1.0,False
4283,IPR041348|IPR000719,0.7467050772524036,1.0,2.0,1.0,1.0,1.0,False
4284,IPR041362,0.9909985169829642,0.09170221681156158,4.0,1.0,0.28406795819264913,0.21,False
4285,IPR041362|IPR016201,0.9909985169829642,0.09170221681156158,4.0,1.0,0.28406795819264913,0.22,False
4286,IPR041362|IPR016201|IPR002909,0.9909985169829642,0.09170221681156158,4.0,1.0,0.28406795819264913,0.21,False
4287,IPR041363,0.9496481500857012,0.35476645916424515,3.0,1.0,0.5614328620219463,0.22,False
4288,IPR041385,0.7467050772524036,1.0,2.0,1.0,1.0,1.0,False
4289,IPR041406,0.981545808458133,0.25329492274759635,2.0,1.0,0.464928904382533,0.03,True
4290,IPR041412,0.981545808458133,0.25329492274759635,2.0,1.0,0.464928904382533,0.1,False
4291,IPR041412|IPR040992,0.981545808458133,0.25329492274759635,2.0,1.0,0.464928904382533,0.03,True
4292,IPR041418,0.9909985169829642,0.09170221681156158,4.0,1.0,0.28406795819264913,0.12,False
4293,IPR041425,0.981545808458133,0.25329492274759635,2.0,1.0,0.464928904382533,0.16,False
4294,IPR041425|IPR002890,0.981545808458133,0.25329492274759635,2.0,1.0,0.464928904382533,0.15,False
4295,IPR041425|IPR002890|IPR041555,0.981545808458133,0.25329492274759635,2.0,1.0,0.464928904382533,0.16,False
4296,IPR041428,0.981545808458133,0.25329492274759635,2.0,1.0,0.464928904382533,0.1,False
4297,IPR041428|IPR001849,0.981545808458133,0.25329492274759635,2.0,1.0,0.464928904382533,0.07,False
4298,IPR041432,1.0,0.018454191541866973,2.0,1.0,0.11408695175018027,0.0,True
4299,IPR041448,0.7467050772524036,1.0,2.0,1.0,1.0,1.0,False
4300,IPR041448|IPR000488,0.7467050772524036,1.0,2.0,1.0,1.0,1.0,False
4301,IPR041466,0.3755455693669501,0.8882670829867269,15.0,1.0,1.0,1.0,False
4302,IPR041466|IPR003593,0.597152392293117,0.7679582018374467,10.0,1.0,1.0,1.0,False
4303,IPR041466|IPR003593|IPR041589,0.597152392293117,0.7679582018374467,10.0,1.0,1.0,1.0,False
4304,IPR041466|IPR041589,0.48176933144103273,1.0,5.0,1.0,1.0,1.0,False
4305,IPR041466|IPR041589|IPR024317,0.48176933144103273,1.0,5.0,1.0,1.0,1.0,False
4306,IPR041470,0.981545808458133,0.25329492274759635,2.0,1.0,0.464928904382533,0.17,False
4307,IPR041470|IPR040457,0.981545808458133,0.25329492274759635,2.0,1.0,0.464928904382533,0.03,True
4308,IPR041491,0.9974946376443489,0.050351849914298724,3.0,1.0,0.19708381075902243,0.12,False
4309,IPR041491|IPR057366,0.981545808458133,0.25329492274759635,2.0,1.0,0.464928904382533,0.25,False
4310,IPR041505,0.9999613122336617,0.0007623410020074928,7.0,1.0,0.016143508022019325,0.0,True
4311,IPR041523,0.7467050772524036,1.0,2.0,1.0,1.0,1.0,False
4312,IPR041534,0.9496481500857012,0.35476645916424515,3.0,1.0,0.5614328620219463,0.36,False
4313,IPR041534|IPR002048,0.981545808458133,0.25329492274759635,2.0,1.0,0.464928904382533,0.04,True
4314,IPR041541,0.9496481500857012,0.35476645916424515,3.0,1.0,0.5614328620219463,0.18,False
4315,IPR041545,0.7467050772524036,1.0,2.0,1.0,1.0,1.0,False
4316,IPR041545|IPR003123,0.7467050772524036,1.0,2.0,1.0,1.0,1.0,False
4317,IPR041553,0.9082977831884385,0.442454539948473,4.0,1.0,0.6543109925339897,0.18,False
4318,IPR041555,0.97572740910265,0.1119840590798335,9.0,1.0,0.3381774595356515,0.4,False
4319,IPR041555|IPR040839,0.97572740910265,0.1119840590798335,9.0,1.0,0.3381774595356515,0.31,False
4320,IPR041555|IPR040839|IPR011625,0.9849120420562869,0.0827469030190057,8.0,1.0,0.28406795819264913,0.28,False
4321,IPR041560,0.9996600111981438,0.009001483017035832,4.0,1.0,0.08677362453176146,0.01,True
4322,IPR041560|IPR008395,0.9974946376443489,0.050351849914298724,3.0,1.0,0.19708381075902243,0.01,True
4323,IPR041560|IPR008395|IPR040472,1.0,0.018454191541866973,2.0,1.0,0.11408695175018027,0.0,True
4324,IPR041562,0.9909985169829642,0.09170221681156158,4.0,1.0,0.28406795819264913,0.23,False
4325,IPR041565,0.981545808458133,0.25329492274759635,2.0,1.0,0.464928904382533,0.07,False
4326,IPR041565|IPR041170,0.981545808458133,0.25329492274759635,2.0,1.0,0.464928904382533,0.05,True
4327,IPR041569,0.9982428282107656,0.006155503447950891,31.0,1.0,0.07379463182265024,0.28,False
4328,IPR041569|IPR000642,0.9974946376443489,0.050351849914298724,3.0,1.0,0.19708381075902243,0.01,True
4329,IPR041569|IPR001487,0.981545808458133,0.25329492274759635,2.0,1.0,0.464928904382533,0.09,False
4330,IPR041569|IPR003593,0.7467050772524036,1.0,2.0,1.0,1.0,1.0,False
4331,IPR041569|IPR015415,0.8606499744935043,0.5182306685589673,5.0,1.0,0.7304140383099247,0.51,False
4332,IPR041573,0.9954444034543672,0.023051889483380827,13.0,1.0,0.12698199675973212,0.03,True
4333,IPR041573|IPR002048,0.7467050772524036,1.0,2.0,1.0,1.0,1.0,False
4334,IPR041573|IPR002048|IPR003108,0.7467050772524036,1.0,2.0,1.0,1.0,1.0,False
4335,IPR041589,0.3066260732838079,0.9165943097049648,17.0,1.0,1.0,1.0,False
4336,IPR041589|IPR024317,0.33968215632616006,0.9034636989409194,16.0,1.0,1.0,1.0,False
4337,IPR041589|IPR024317|IPR024743,0.33968215632616006,0.9034636989409194,16.0,1.0,1.0,1.0,False
4338,IPR041598,0.9496481500857012,0.35476645916424515,3.0,1.0,0.5614328620219463,0.13,False
4339,IPR041598|IPR004046,0.9496481500857012,0.35476645916424515,3.0,1.0,0.5614328620219463,0.13,False
4340,IPR041611,0.9992376589979926,0.008446415716188569,7.0,1.0,0.08677362453176146,0.06,False
4341,IPR041611|IPR041641,0.981545808458133,0.25329492274759635,2.0,1.0,0.464928904382533,0.0,True
4342,IPR041637,0.9909985169829642,0.09170221681156158,4.0,1.0,0.28406795819264913,0.05,True
4343,IPR041641,0.942625201384229,0.2442012899561677,7.0,1.0,0.464928904382533,0.25,False
4344,IPR041641|IPR041641,0.981545808458133,0.25329492274759635,2.0,1.0,0.464928904382533,0.01,True
4345,IPR041645,0.48176933144103273,1.0,5.0,1.0,1.0,1.0,False
4346,IPR041645|IPR045371,0.48176933144103273,1.0,5.0,1.0,1.0,1.0,False
4347,IPR041645|IPR045371|IPR010294,0.48176933144103273,1.0,5.0,1.0,1.0,1.0,False
4348,IPR041647,0.997996109626352,0.010438814367622576,15.0,1.0,0.0971225616702161,0.28,False
4349,IPR041658,0.9492959383213441,0.11822512984421849,31.0,1.0,0.35660784933162687,0.42,False
4350,IPR041658|IPR041228,0.9492959383213441,0.11822512984421849,31.0,1.0,0.35660784933162687,0.36,False
4351,IPR041672,0.7467050772524036,1.0,2.0,1.0,1.0,1.0,False
4352,IPR041677,0.9082977831884385,0.442454539948473,4.0,1.0,0.6543109925339897,0.61,False
4353,IPR041677|IPR041679,0.9082977831884385,0.442454539948473,4.0,1.0,0.6543109925339897,0.5,False
4354,IPR041679,0.8606499744935043,0.5182306685589673,5.0,1.0,0.7304140383099247,0.72,False
4355,IPR041691,0.9996600111981438,0.009001483017035832,4.0,1.0,0.08677362453176146,0.0,True
4356,IPR041691|IPR040455,0.981545808458133,0.25329492274759635,2.0,1.0,0.464928904382533,0.14,False
4357,IPR041692,0.8606499744935043,0.5182306685589673,5.0,1.0,0.7304140383099247,0.36,False
4358,IPR041692|IPR003029,0.6452335408357548,1.0,3.0,1.0,1.0,1.0,False
4359,IPR041797,0.6452335408357548,1.0,3.0,1.0,1.0,1.0,False
4360,IPR041861,0.981545808458133,0.25329492274759635,2.0,1.0,0.464928904382533,0.04,True
4361,IPR041872,0.7467050772524036,1.0,2.0,1.0,1.0,1.0,False
4362,IPR041872|IPR000738,0.7467050772524036,1.0,2.0,1.0,1.0,1.0,False
4363,IPR041933,0.7467050772524036,1.0,2.0,1.0,1.0,1.0,False
4364,IPR041973,0.981545808458133,0.25329492274759635,2.0,1.0,0.464928904382533,0.04,True
4365,IPR041973|IPR005824,0.981545808458133,0.25329492274759635,2.0,1.0,0.464928904382533,0.03,True
4366,IPR041973|IPR005824|IPR005824,0.981545808458133,0.25329492274759635,2.0,1.0,0.464928904382533,0.03,True
4367,IPR041980,0.981545808458133,0.25329492274759635,2.0,1.0,0.464928904382533,0.03,True
4368,IPR041980|IPR005824,0.981545808458133,0.25329492274759635,2.0,1.0,0.464928904382533,0.03,True
4369,IPR042139,0.981545808458133,0.25329492274759635,2.0,1.0,0.464928904382533,0.01,True
4370,IPR042139|IPR001452,0.981545808458133,0.25329492274759635,2.0,1.0,0.464928904382533,0.01,True
4371,IPR042371,1.0,0.018454191541866973,2.0,1.0,0.11408695175018027,0.0,True
4372,IPR042371|IPR042371,1.0,0.018454191541866973,2.0,1.0,0.11408695175018027,0.0,True
4373,IPR042855,0.9992376589979926,0.008446415716188569,7.0,1.0,0.08677362453176146,0.06,False
4374,IPR042934,0.981545808458133,0.25329492274759635,2.0,1.0,0.464928904382533,0.0,True
4375,IPR043601,0.942625201384229,0.2442012899561677,7.0,1.0,0.464928904382533,0.23,False
4376,IPR043601|IPR044004,0.9909985169829642,0.09170221681156158,4.0,1.0,0.28406795819264913,0.06,False
4377,IPR043640,0.9635945083411929,0.19082229243034007,6.0,1.0,0.464928904382533,0.14,False
4378,IPR043969,0.7467050772524036,1.0,2.0,1.0,1.0,1.0,False
4379,IPR043969|IPR000719,0.7467050772524036,1.0,2.0,1.0,1.0,1.0,False
4380,IPR043969|IPR000719|IPR046873,0.7467050772524036,1.0,2.0,1.0,1.0,1.0,False
4381,IPR043971,0.981545808458133,0.25329492274759635,2.0,1.0,0.464928904382533,0.19,False
4382,IPR043972,0.981545808458133,0.25329492274759635,2.0,1.0,0.464928904382533,0.17,False
4383,IPR043972|IPR043971,0.981545808458133,0.25329492274759635,2.0,1.0,0.464928904382533,0.17,False
4384,IPR043973,0.9496481500857012,0.35476645916424515,3.0,1.0,0.5614328620219463,0.53,False
4385,IPR043973|IPR006207,0.7467050772524036,1.0,2.0,1.0,1.0,1.0,False
4386,IPR043976,0.41628765621530717,1.0,6.0,1.0,1.0,1.0,False
4387,IPR043987,0.7467050772524036,1.0,2.0,1.0,1.0,1.0,False
4388,IPR044004,0.9638198848985289,0.14447146364198882,10.0,1.0,0.4000450442862573,0.41,False
4389,IPR044004|IPR044004,0.6452335408357548,1.0,3.0,1.0,1.0,1.0,False
4390,IPR044004|IPR044004|IPR044004,0.6452335408357548,1.0,3.0,1.0,1.0,1.0,False
4391,IPR044004|IPR044004|IPR056991,0.6452335408357548,1.0,3.0,1.0,1.0,1.0,False
4392,IPR044004|IPR056991,0.6452335408357548,1.0,3.0,1.0,1.0,1.0,False
4393,IPR044046,0.9496481500857012,0.35476645916424515,3.0,1.0,0.5614328620219463,0.2,False
4394,IPR044492,0.9401339184216845,0.13456566335867132,32.0,1.0,0.39238233340166945,0.72,False
4395,IPR044492|IPR006068,0.9316452367978186,0.21663818609866356,12.0,1.0,0.464928904382533,0.28,False
4396,IPR044492|IPR006068|IPR022141,0.48176933144103273,1.0,5.0,1.0,1.0,1.0,False
4397,IPR044492|IPR032630,0.820432669625457,0.4524654471140695,11.0,1.0,0.6660652322616516,0.5,False
4398,IPR044541,0.7557987100438324,0.6402975194227803,7.0,1.0,0.8667585231484166,0.27,False
4399,IPR044541|IPR006577,0.7467050772524036,1.0,2.0,1.0,1.0,1.0,False
4400,IPR044564,0.9959444841204863,0.03640549165880708,6.0,1.0,0.1776271722389577,0.07,False
4401,IPR044564|IPR005821,0.9959444841204863,0.03640549165880708,6.0,1.0,0.1776271722389577,0.08,False
4402,IPR044564|IPR005821|IPR058542,0.9959444841204863,0.03640549165880708,6.0,1.0,0.1776271722389577,0.08,False
4403,IPR044774,0.981545808458133,0.25329492274759635,2.0,1.0,0.464928904382533,0.05,True
4404,IPR044774|IPR001650,0.981545808458133,0.25329492274759635,2.0,1.0,0.464928904382533,0.03,True
4405,IPR044865,0.8091777075696599,0.5837123437846928,6.0,1.0,0.8021387447700818,0.62,False
4406,IPR044865|IPR056606,0.9082977831884385,0.442454539948473,4.0,1.0,0.6543109925339897,0.29,False
4407,IPR045353,0.9974946376443489,0.050351849914298724,3.0,1.0,0.19708381075902243,0.01,True
4408,IPR045357,0.9082977831884385,0.442454539948473,4.0,1.0,0.6543109925339897,0.82,False
4409,IPR045357|IPR014782,0.981545808458133,0.25329492274759635,2.0,1.0,0.464928904382533,0.38,False
4410,IPR045371,0.9991124023984529,0.004729920038676855,17.0,1.0,0.05750469844669015,0.24,False
4411,IPR045371|IPR010294,0.9895611856323774,0.042680964302383335,15.0,1.0,0.19708381075902243,0.38,False
4412,IPR045371|IPR010294|IPR010909,0.310805609078997,1.0,8.0,1.0,1.0,1.0,False
4413,IPR045464,0.7467050772524036,1.0,2.0,1.0,1.0,1.0,False
4414,IPR045545,0.7467050772524036,1.0,2.0,1.0,1.0,1.0,False
4415,IPR045574,0.8091777075696599,0.5837123437846928,6.0,1.0,0.8021387447700818,0.42,False
4416,IPR045574|IPR040685,0.8091777075696599,0.5837123437846928,6.0,1.0,0.8021387447700818,0.39,False
4417,IPR045574|IPR040685|IPR040510,0.48176933144103273,1.0,5.0,1.0,1.0,1.0,False
4418,IPR045577,0.9909985169829642,0.09170221681156158,4.0,1.0,0.28406795819264913,0.05,True
4419,IPR045578,0.981545808458133,0.25329492274759635,2.0,1.0,0.464928904382533,0.03,True
4420,IPR045583,0.7467050772524036,1.0,2.0,1.0,1.0,1.0,False
4421,IPR045588,0.48176933144103273,1.0,5.0,1.0,1.0,1.0,False
4422,IPR045626,0.6452335408357548,1.0,3.0,1.0,1.0,1.0,False
4423,IPR045658,0.981545808458133,0.25329492274759635,2.0,1.0,0.464928904382533,0.17,False
4424,IPR045669,0.981545808458133,0.25329492274759635,2.0,1.0,0.464928904382533,0.14,False
4425,IPR045716,0.7467050772524036,1.0,2.0,1.0,1.0,1.0,False
4426,IPR045742,0.8091777075696599,0.5837123437846928,6.0,1.0,0.8021387447700818,0.24,False
4427,IPR045742|IPR033122,0.48176933144103273,1.0,5.0,1.0,1.0,1.0,False
4428,IPR045763,0.9496481500857012,0.35476645916424515,3.0,1.0,0.5614328620219463,0.3,False
4429,IPR045769,0.9909985169829642,0.09170221681156158,4.0,1.0,0.28406795819264913,0.01,True
4430,IPR045785,0.981545808458133,0.25329492274759635,2.0,1.0,0.464928904382533,0.05,True
4431,IPR045810,0.9797694962308396,0.13935002550649572,5.0,1.0,0.39238233340166945,0.02,True
4432,IPR045813,0.981545808458133,0.25329492274759635,2.0,1.0,0.464928904382533,0.01,True
4433,IPR045840,0.7019805810647781,0.689194390921003,8.0,1.0,0.9276028699892739,0.49,False
4434,IPR045841,0.981545808458133,0.25329492274759635,2.0,1.0,0.464928904382533,0.01,True
4435,IPR045841|IPR003126,0.981545808458133,0.25329492274759635,2.0,1.0,0.464928904382533,0.01,True
4436,IPR046360,0.9959444841204863,0.03640549165880708,6.0,1.0,0.1776271722389577,0.27,False
4437,IPR046360|IPR032060,0.9909985169829642,0.09170221681156158,4.0,1.0,0.28406795819264913,0.03,True
4438,IPR046371,0.9172530969809943,0.2980194189352218,8.0,1.0,0.5376628273876715,0.7,False
4439,IPR046372,0.7467050772524036,1.0,2.0,1.0,1.0,1.0,False
4440,IPR046455,0.8606499744935043,0.5182306685589673,5.0,1.0,0.7304140383099247,0.42,False
4441,IPR046792,0.7467050772524036,1.0,2.0,1.0,1.0,1.0,False
4442,IPR046804,1.0,0.0025053623556511003,3.0,1.0,0.03667197533045109,0.0,True
4443,IPR046810,0.557545460051527,1.0,4.0,1.0,1.0,1.0,False
4444,IPR046810|IPR011259,0.557545460051527,1.0,4.0,1.0,1.0,1.0,False
4445,IPR046850,0.9082977831884385,0.442454539948473,4.0,1.0,0.6543109925339897,0.26,False
4446,IPR046851,0.998195126511336,0.01508795794371311,8.0,1.0,0.11408695175018027,0.05,True
4447,IPR046852,0.9997545541663276,0.004055515879513668,6.0,1.0,0.05084252807529078,0.0,True
4448,IPR046852|IPR031570,0.9996600111981438,0.009001483017035832,4.0,1.0,0.08677362453176146,0.01,True
4449,IPR046852|IPR031570|IPR010508,0.981545808458133,0.25329492274759635,2.0,1.0,0.464928904382533,0.02,True
4450,IPR046859,0.9974946376443489,0.050351849914298724,3.0,1.0,0.19708381075902243,0.01,True
4451,IPR046861,0.981545808458133,0.25329492274759635,2.0,1.0,0.464928904382533,0.12,False
4452,IPR046872,0.8880159409201664,0.3511723788939042,9.0,1.0,0.5614328620219463,0.34,False
4453,IPR046872|IPR025136,0.7467050772524036,1.0,2.0,1.0,1.0,1.0,False
4454,IPR046873,0.8606499744935043,0.5182306685589673,5.0,1.0,0.7304140383099247,0.24,False
4455,IPR046906,0.981545808458133,0.25329492274759635,2.0,1.0,0.464928904382533,0.6,False
4456,IPR046927,0.981545808458133,0.25329492274759635,2.0,1.0,0.464928904382533,0.1,False
4457,IPR046937,0.48176933144103273,1.0,5.0,1.0,1.0,1.0,False
4458,IPR046937|IPR001452,0.48176933144103273,1.0,5.0,1.0,1.0,1.0,False
4459,IPR046937|IPR001452|IPR008145,0.6452335408357548,1.0,3.0,1.0,1.0,1.0,False
4460,IPR046944,0.9496481500857012,0.35476645916424515,3.0,1.0,0.5614328620219463,0.14,False
4461,IPR046944|IPR001628,0.981545808458133,0.25329492274759635,2.0,1.0,0.464928904382533,0.02,True
4462,IPR047260,0.7467050772524036,1.0,2.0,1.0,1.0,1.0,False
4463,IPR047273,0.7467050772524036,1.0,2.0,1.0,1.0,1.0,False
4464,IPR047441,0.9496481500857012,0.35476645916424515,3.0,1.0,0.5614328620219463,0.19,False
4465,IPR047441|IPR001965,0.9496481500857012,0.35476645916424515,3.0,1.0,0.5614328620219463,0.18,False
4466,IPR047441|IPR001965|IPR000313,0.7467050772524036,1.0,2.0,1.0,1.0,1.0,False
4467,IPR047476,0.9974946376443489,0.050351849914298724,3.0,1.0,0.19708381075902243,0.01,True
4468,IPR047476|IPR002999,0.981545808458133,0.25329492274759635,2.0,1.0,0.464928904382533,0.06,False
4469,IPR047492,0.7467050772524036,1.0,2.0,1.0,1.0,1.0,False
4470,IPR047499,0.981545808458133,0.25329492274759635,2.0,1.0,0.464928904382533,0.02,True
4471,IPR047544,0.9999538812932512,0.001515469182286134,5.0,1.0,0.02627660827138408,0.0,True
4472,IPR047544|IPR002867,0.9999538812932512,0.001515469182286134,5.0,1.0,0.02627660827138408,0.0,True
4473,IPR047544|IPR002867|IPR002867,0.9974946376443489,0.050351849914298724,3.0,1.0,0.19708381075902243,0.0,True
4474,IPR047557,0.981545808458133,0.25329492274759635,2.0,1.0,0.464928904382533,0.02,True
4475,IPR047558,0.981545808458133,0.25329492274759635,2.0,1.0,0.464928904382533,0.03,True
4476,IPR047558|IPR047557,0.981545808458133,0.25329492274759635,2.0,1.0,0.464928904382533,0.02,True
4477,IPR047571,0.7467050772524036,1.0,2.0,1.0,1.0,1.0,False
4478,IPR047575,0.7467050772524036,1.0,2.0,1.0,1.0,1.0,False
4479,IPR047762,1.0,0.0025053623556511003,3.0,1.0,0.03667197533045109,0.0,True
4480,IPR047819,0.981545808458133,0.25329492274759635,2.0,1.0,0.464928904382533,0.22,False
4481,IPR047819|IPR004014,0.981545808458133,0.25329492274759635,2.0,1.0,0.464928904382533,0.13,False
4482,IPR047819|IPR004014|IPR059000,0.981545808458133,0.25329492274759635,2.0,1.0,0.464928904382533,0.09,False
4483,IPR047854,0.6452335408357548,1.0,3.0,1.0,1.0,1.0,False
4484,IPR047854|IPR013748,0.7467050772524036,1.0,2.0,1.0,1.0,1.0,False
4485,IPR047857,0.6452335408357548,1.0,3.0,1.0,1.0,1.0,False
4486,IPR047890,1.0,0.0025053623556511003,3.0,1.0,0.03667197533045109,0.0,True
4487,IPR048285,0.998195126511336,0.01508795794371311,8.0,1.0,0.11408695175018027,0.23,False
4488,IPR048285|IPR048286,0.981545808458133,0.25329492274759635,2.0,1.0,0.464928904382533,0.32,False
4489,IPR048286,0.9974946376443489,0.050351849914298724,3.0,1.0,0.19708381075902243,0.14,False
4490,IPR048287,0.997996109626352,0.010438814367622576,15.0,1.0,0.0971225616702161,0.33,False
4491,IPR048288,0.6452335408357548,1.0,3.0,1.0,1.0,1.0,False
4492,IPR048335,0.7467050772524036,1.0,2.0,1.0,1.0,1.0,False
4493,IPR048337,0.7467050772524036,1.0,2.0,1.0,1.0,1.0,False
4494,IPR048339,0.7467050772524036,1.0,2.0,1.0,1.0,1.0,False
4495,IPR048358,0.9996600111981438,0.009001483017035832,4.0,1.0,0.08677362453176146,0.01,True
4496,IPR048358|IPR001005,0.9996600111981438,0.009001483017035832,4.0,1.0,0.08677362453176146,0.0,True
4497,IPR048358|IPR001005|IPR026489,0.9974946376443489,0.050351849914298724,3.0,1.0,0.19708381075902243,0.01,True
4498,IPR048362,0.7467050772524036,1.0,2.0,1.0,1.0,1.0,False
4499,IPR048362|IPR046372,0.7467050772524036,1.0,2.0,1.0,1.0,1.0,False
4500,IPR048370,0.942625201384229,0.2442012899561677,7.0,1.0,0.464928904382533,0.23,False
4501,IPR048382,0.9849120420562869,0.0827469030190057,8.0,1.0,0.28406795819264913,0.0,True
4502,IPR048382|IPR022175,0.9849120420562869,0.0827469030190057,8.0,1.0,0.28406795819264913,0.0,True
4503,IPR048385,0.8091777075696599,0.5837123437846928,6.0,1.0,0.8021387447700818,0.23,False
4504,IPR048385|IPR048386,0.8091777075696599,0.5837123437846928,6.0,1.0,0.8021387447700818,0.18,False
4505,IPR048386,0.8091777075696599,0.5837123437846928,6.0,1.0,0.8021387447700818,0.19,False
4506,IPR048392,0.6452335408357548,1.0,3.0,1.0,1.0,1.0,False
4507,IPR048392|IPR025696,0.6452335408357548,1.0,3.0,1.0,1.0,1.0,False
4508,IPR048395,0.998195126511336,0.01508795794371311,8.0,1.0,0.11408695175018027,0.08,False
4509,IPR048395|IPR000519,0.7467050772524036,1.0,2.0,1.0,1.0,1.0,False
4510,IPR048395|IPR000519|IPR000322,0.7467050772524036,1.0,2.0,1.0,1.0,1.0,False
4511,IPR048452,0.9909985169829642,0.09170221681156158,4.0,1.0,0.28406795819264913,0.05,True
4512,IPR048455,0.9909985169829642,0.09170221681156158,4.0,1.0,0.28406795819264913,0.02,True
4513,IPR048465,0.9984845308177138,0.020230503769160375,5.0,1.0,0.11408695175018027,0.12,False
4514,IPR048465|IPR055406,0.9909985169829642,0.09170221681156158,4.0,1.0,0.28406795819264913,0.12,False
4515,IPR048498,1.0,0.018454191541866973,2.0,1.0,0.11408695175018027,0.0,True
4516,IPR048525,0.6452335408357548,1.0,3.0,1.0,1.0,1.0,False
4517,IPR048525|IPR000719,0.6452335408357548,1.0,3.0,1.0,1.0,1.0,False
4518,IPR048534,0.6452335408357548,1.0,3.0,1.0,1.0,1.0,False
4519,IPR048560,0.7467050772524036,1.0,2.0,1.0,1.0,1.0,False
4520,IPR048562,0.7467050772524036,1.0,2.0,1.0,1.0,1.0,False
4521,IPR048562|IPR048560,0.7467050772524036,1.0,2.0,1.0,1.0,1.0,False
4522,IPR048570,0.9909985169829642,0.09170221681156158,4.0,1.0,0.28406795819264913,0.04,True
4523,IPR048575,0.7467050772524036,1.0,2.0,1.0,1.0,1.0,False
4524,IPR048575|IPR041523,0.7467050772524036,1.0,2.0,1.0,1.0,1.0,False
4525,IPR048589,0.999999357356177,7.686992235937657e-06,16.0,1.0,0.00045134873730783953,0.0,True
4526,IPR048589|IPR001965,0.981545808458133,0.25329492274759635,2.0,1.0,0.464928904382533,0.04,True
4527,IPR048589|IPR005818,0.9999987524924461,1.6289159696526232e-05,14.0,1.0,0.000850162506585364,0.0,True
4528,IPR048589|IPR005818|IPR001965,0.9984845308177138,0.020230503769160375,5.0,1.0,0.11408695175018027,0.02,True
4529,IPR048611,0.9496481500857012,0.35476645916424515,3.0,1.0,0.5614328620219463,0.24,False
4530,IPR048611|IPR003593,0.981545808458133,0.25329492274759635,2.0,1.0,0.464928904382533,0.04,True
4531,IPR048611|IPR003593|IPR041569,0.981545808458133,0.25329492274759635,2.0,1.0,0.464928904382533,0.02,True
4532,IPR048615,0.557545460051527,1.0,4.0,1.0,1.0,1.0,False
4533,IPR048615|IPR004198,0.557545460051527,1.0,4.0,1.0,1.0,1.0,False
4534,IPR048615|IPR004198|IPR013637,0.7467050772524036,1.0,2.0,1.0,1.0,1.0,False
4535,IPR048630,0.981545808458133,0.25329492274759635,2.0,1.0,0.464928904382533,0.02,True
4536,IPR048643,0.981545808458133,0.25329492274759635,2.0,1.0,0.464928904382533,0.07,False
4537,IPR048664,0.7467050772524036,1.0,2.0,1.0,1.0,1.0,False
4538,IPR048670,1.0,0.018454191541866973,2.0,1.0,0.11408695175018027,0.01,True
4539,IPR048670|IPR020189,1.0,0.018454191541866973,2.0,1.0,0.11408695175018027,0.01,True
4540,IPR048680,0.9635945083411929,0.19082229243034007,6.0,1.0,0.464928904382533,0.07,False
4541,IPR048680|IPR013167,0.9797694962308396,0.13935002550649572,5.0,1.0,0.39238233340166945,0.07,False
4542,IPR048680|IPR013167|IPR048684,0.9082977831884385,0.442454539948473,4.0,1.0,0.6543109925339897,0.04,True
4543,IPR048684,0.7557987100438324,0.6402975194227803,7.0,1.0,0.8667585231484166,0.19,False
4544,IPR048726,0.9496481500857012,0.35476645916424515,3.0,1.0,0.5614328620219463,0.14,False
4545,IPR048735,0.8880159409201664,0.3511723788939042,9.0,1.0,0.5614328620219463,0.24,False
4546,IPR048761,0.981545808458133,0.25329492274759635,2.0,1.0,0.464928904382533,0.06,False
4547,IPR048763,0.9496481500857012,0.35476645916424515,3.0,1.0,0.5614328620219463,0.15,False
4548,IPR048763|IPR048767,0.9496481500857012,0.35476645916424515,3.0,1.0,0.5614328620219463,0.09,False
4549,IPR048763|IPR048767|IPR040842,0.7467050772524036,1.0,2.0,1.0,1.0,1.0,False
4550,IPR048765,0.981545808458133,0.25329492274759635,2.0,1.0,0.464928904382533,0.18,False
4551,IPR048765|IPR035504,0.981545808458133,0.25329492274759635,2.0,1.0,0.464928904382533,0.14,False
4552,IPR048765|IPR035504|IPR048795,0.981545808458133,0.25329492274759635,2.0,1.0,0.464928904382533,0.1,False
4553,IPR048767,0.9082977831884385,0.442454539948473,4.0,1.0,0.6543109925339897,0.3,False
4554,IPR048767|IPR040842,0.7467050772524036,1.0,2.0,1.0,1.0,1.0,False
4555,IPR048776,0.6452335408357548,1.0,3.0,1.0,1.0,1.0,False
4556,IPR048786,0.7467050772524036,1.0,2.0,1.0,1.0,1.0,False
4557,IPR048795,0.981545808458133,0.25329492274759635,2.0,1.0,0.464928904382533,0.18,False
4558,IPR048831,0.7467050772524036,1.0,2.0,1.0,1.0,1.0,False
4559,IPR048839,0.981545808458133,0.25329492274759635,2.0,1.0,0.464928904382533,0.12,False
4560,IPR048840,0.981545808458133,0.25329492274759635,2.0,1.0,0.464928904382533,0.15,False
4561,IPR048840|IPR007012,0.981545808458133,0.25329492274759635,2.0,1.0,0.464928904382533,0.12,False
4562,IPR048840|IPR007012|IPR007010,0.981545808458133,0.25329492274759635,2.0,1.0,0.464928904382533,0.1,False
4563,IPR048855,0.981545808458133,0.25329492274759635,2.0,1.0,0.464928904382533,0.14,False
4564,IPR048855|IPR041534,0.981545808458133,0.25329492274759635,2.0,1.0,0.464928904382533,0.08,False
4565,IPR048855|IPR041534|IPR002048,0.981545808458133,0.25329492274759635,2.0,1.0,0.464928904382533,0.04,True
4566,IPR048883,0.7467050772524036,1.0,2.0,1.0,1.0,1.0,False
4567,IPR048897,0.981545808458133,0.25329492274759635,2.0,1.0,0.464928904382533,0.0,True
4568,IPR048900,0.7467050772524036,1.0,2.0,1.0,1.0,1.0,False
4569,IPR048939,0.9984845308177138,0.020230503769160375,5.0,1.0,0.11408695175018027,0.0,True
4570,IPR048939|IPR048940,0.9974946376443489,0.050351849914298724,3.0,1.0,0.19708381075902243,0.0,True
4571,IPR048940,0.9974946376443489,0.050351849914298724,3.0,1.0,0.19708381075902243,0.01,True
4572,IPR048988,0.7833618139013364,0.4996308993171507,12.0,1.0,0.7304140383099247,0.57,False
4573,IPR048988|IPR000980,0.5475345528859306,0.7995074773097844,11.0,1.0,1.0,1.0,False
4574,IPR048988|IPR000980|IPR022752,0.7467050772524036,1.0,2.0,1.0,1.0,1.0,False
4575,IPR048999,0.7467050772524036,1.0,2.0,1.0,1.0,1.0,False
4576,IPR049016,1.0,0.018454191541866973,2.0,1.0,0.11408695175018027,0.0,True
4577,IPR049016|IPR032412,1.0,0.018454191541866973,2.0,1.0,0.11408695175018027,0.0,True
4578,IPR049048,0.8606499744935043,0.5182306685589673,5.0,1.0,0.7304140383099247,0.39,False
4579,IPR049048|IPR001005,0.8606499744935043,0.5182306685589673,5.0,1.0,0.7304140383099247,0.38,False
4580,IPR049074,0.9999940234815534,0.00013682151001357293,8.0,1.0,0.0043910356660877715,0.0,True
4581,IPR049074|IPR000089,0.9999940234815534,0.00013682151001357293,8.0,1.0,0.0043910356660877715,0.0,True
4582,IPR049074|IPR000089|IPR013537,0.9999940234815534,0.00013682151001357293,8.0,1.0,0.0043910356660877715,0.0,True
4583,IPR049100,0.981545808458133,0.25329492274759635,2.0,1.0,0.464928904382533,0.11,False
4584,IPR049100|IPR046927,0.981545808458133,0.25329492274759635,2.0,1.0,0.464928904382533,0.09,False
4585,IPR049109,0.981545808458133,0.25329492274759635,2.0,1.0,0.464928904382533,0.1,False
4586,IPR049127,0.9082977831884385,0.442454539948473,4.0,1.0,0.6543109925339897,0.15,False
4587,IPR049127|IPR001104,0.9082977831884385,0.442454539948473,4.0,1.0,0.6543109925339897,0.07,False
4588,IPR049139,0.97572740910265,0.1119840590798335,9.0,1.0,0.3381774595356515,0.0,True
4589,IPR049176,0.9984845308177138,0.020230503769160375,5.0,1.0,0.11408695175018027,0.0,True
4590,IPR049316,0.7467050772524036,1.0,2.0,1.0,1.0,1.0,False
4591,IPR049328,0.9300542675378726,0.19147269230701303,17.0,1.0,0.464928904382533,0.14,False
4592,IPR049328|IPR000719,0.9446519749355915,0.16287811351998108,16.0,1.0,0.4498082376043518,0.1,False
4593,IPR049341,0.557545460051527,1.0,4.0,1.0,1.0,1.0,False
4594,IPR049361,0.7467050772524036,1.0,2.0,1.0,1.0,1.0,False
4595,IPR049361|IPR013087,0.7467050772524036,1.0,2.0,1.0,1.0,1.0,False
4596,IPR049361|IPR013087|IPR013087,0.7467050772524036,1.0,2.0,1.0,1.0,1.0,False
4597,IPR049396,0.981545808458133,0.25329492274759635,2.0,1.0,0.464928904382533,0.03,True
4598,IPR049396|IPR001357,0.981545808458133,0.25329492274759635,2.0,1.0,0.464928904382533,0.02,True
4599,IPR049396|IPR001357|IPR001357,0.981545808458133,0.25329492274759635,2.0,1.0,0.464928904382533,0.01,True
4600,IPR049400,0.7467050772524036,1.0,2.0,1.0,1.0,1.0,False
4601,IPR049400|IPR003593,0.7467050772524036,1.0,2.0,1.0,1.0,1.0,False
4602,IPR049400|IPR003593|IPR054354,0.7467050772524036,1.0,2.0,1.0,1.0,1.0,False
4603,IPR049441,1.0,0.018454191541866973,2.0,1.0,0.11408695175018027,0.0,True
4604,IPR049452,0.8555285363580112,0.40284760770688294,10.0,1.0,0.6334490532627706,0.55,False
4605,IPR049581,0.981545808458133,0.25329492274759635,2.0,1.0,0.464928904382533,0.01,True
4606,IPR049581|IPR000198,0.981545808458133,0.25329492274759635,2.0,1.0,0.464928904382533,0.01,True
4607,IPR049581|IPR000198|IPR001452,0.981545808458133,0.25329492274759635,2.0,1.0,0.464928904382533,0.0,True
4608,IPR049587,0.981545808458133,0.25329492274759635,2.0,1.0,0.464928904382533,0.11,False
4609,IPR049587|IPR000719,0.981545808458133,0.25329492274759635,2.0,1.0,0.464928904382533,0.08,False
4610,IPR049587|IPR000719|IPR001452,0.981545808458133,0.25329492274759635,2.0,1.0,0.464928904382533,0.05,True
4611,IPR049588,0.981545808458133,0.25329492274759635,2.0,1.0,0.464928904382533,0.02,True
4612,IPR049589,0.981545808458133,0.25329492274759635,2.0,1.0,0.464928904382533,0.13,False
4613,IPR049629,0.7467050772524036,1.0,2.0,1.0,1.0,1.0,False
4614,IPR049733,0.9496481500857012,0.35476645916424515,3.0,1.0,0.5614328620219463,0.08,False
4615,IPR049763,0.981545808458133,0.25329492274759635,2.0,1.0,0.464928904382533,0.04,True
4616,IPR049773,1.0,0.018454191541866973,2.0,1.0,0.11408695175018027,0.0,True
4617,IPR049899,0.7467050772524036,1.0,2.0,1.0,1.0,1.0,False
4618,IPR053814,0.7467050772524036,1.0,2.0,1.0,1.0,1.0,False
4619,IPR053823,0.557545460051527,1.0,4.0,1.0,1.0,1.0,False
4620,IPR053823|IPR010987,0.7467050772524036,1.0,2.0,1.0,1.0,1.0,False
4621,IPR053873,0.981545808458133,0.25329492274759635,2.0,1.0,0.464928904382533,0.02,True
4622,IPR053874,0.981545808458133,0.25329492274759635,2.0,1.0,0.464928904382533,0.01,True
4623,IPR053874|IPR053873,0.981545808458133,0.25329492274759635,2.0,1.0,0.464928904382533,0.01,True
4624,IPR053879,0.6452335408357548,1.0,3.0,1.0,1.0,1.0,False
4625,IPR053879|IPR053879,0.6452335408357548,1.0,3.0,1.0,1.0,1.0,False
4626,IPR053891,0.942625201384229,0.2442012899561677,7.0,1.0,0.464928904382533,0.49,False
4627,IPR053896,0.7467050772524036,1.0,2.0,1.0,1.0,1.0,False
4628,IPR053945,0.7467050772524036,1.0,2.0,1.0,1.0,1.0,False
4629,IPR053945|IPR000909,0.7467050772524036,1.0,2.0,1.0,1.0,1.0,False
4630,IPR053945|IPR000909|IPR001711,0.7467050772524036,1.0,2.0,1.0,1.0,1.0,False
4631,IPR053950,0.7467050772524036,1.0,2.0,1.0,1.0,1.0,False
4632,IPR053950|IPR006599,0.7467050772524036,1.0,2.0,1.0,1.0,1.0,False
4633,IPR053950|IPR006599|IPR006599,0.7467050772524036,1.0,2.0,1.0,1.0,1.0,False
4634,IPR053956,0.981545808458133,0.25329492274759635,2.0,1.0,0.464928904382533,0.05,True
4635,IPR053964,0.6452335408357548,1.0,3.0,1.0,1.0,1.0,False
4636,IPR053964|IPR053965,0.6452335408357548,1.0,3.0,1.0,1.0,1.0,False
4637,IPR053965,0.6452335408357548,1.0,3.0,1.0,1.0,1.0,False
4638,IPR053966,0.6452335408357548,1.0,3.0,1.0,1.0,1.0,False
4639,IPR053966|IPR053964,0.6452335408357548,1.0,3.0,1.0,1.0,1.0,False
4640,IPR053966|IPR053964|IPR053965,0.6452335408357548,1.0,3.0,1.0,1.0,1.0,False
4641,IPR054060,0.48176933144103273,1.0,5.0,1.0,1.0,1.0,False
4642,IPR054060|IPR002558,0.7467050772524036,1.0,2.0,1.0,1.0,1.0,False
4643,IPR054060|IPR054082,0.6452335408357548,1.0,3.0,1.0,1.0,1.0,False
4644,IPR054060|IPR054082|IPR002558,0.6452335408357548,1.0,3.0,1.0,1.0,1.0,False
4645,IPR054071,0.9959444841204863,0.03640549165880708,6.0,1.0,0.1776271722389577,0.0,True
4646,IPR054082,0.6452335408357548,1.0,3.0,1.0,1.0,1.0,False
4647,IPR054082|IPR002558,0.6452335408357548,1.0,3.0,1.0,1.0,1.0,False
4648,IPR054082|IPR037438,0.6452335408357548,1.0,3.0,1.0,1.0,1.0,False
4649,IPR054082|IPR037438|IPR015009,0.6452335408357548,1.0,3.0,1.0,1.0,1.0,False
4650,IPR054087,0.7467050772524036,1.0,2.0,1.0,1.0,1.0,False
4651,IPR054087|IPR054088,0.7467050772524036,1.0,2.0,1.0,1.0,1.0,False
4652,IPR054088,0.7467050772524036,1.0,2.0,1.0,1.0,1.0,False
4653,IPR054109,1.0,0.0003399888018561897,4.0,1.0,0.008917371264928588,0.01,True
4654,IPR054132,1.0,0.018454191541866973,2.0,1.0,0.11408695175018027,0.0,True
4655,IPR054294,0.9999998851782144,5.9765184465657e-06,8.0,1.0,0.00039403298545898253,0.0,True
4656,IPR054294|IPR054504,1.0,0.0003399888018561897,4.0,1.0,0.008917371264928588,0.0,True
4657,IPR054294|IPR054504|IPR054503,1.0,0.0003399888018561897,4.0,1.0,0.008917371264928588,0.0,True
4658,IPR054354,0.7467050772524036,1.0,2.0,1.0,1.0,1.0,False
4659,IPR054354|IPR024317,0.7467050772524036,1.0,2.0,1.0,1.0,1.0,False
4660,IPR054354|IPR024317|IPR024743,0.7467050772524036,1.0,2.0,1.0,1.0,1.0,False
4661,IPR054357,0.981545808458133,0.25329492274759635,2.0,1.0,0.464928904382533,0.03,True
4662,IPR054357|IPR002539,0.981545808458133,0.25329492274759635,2.0,1.0,0.464928904382533,0.03,True
4663,IPR054357|IPR002539|IPR003033,0.981545808458133,0.25329492274759635,2.0,1.0,0.464928904382533,0.02,True
4664,IPR054425,0.48176933144103273,1.0,5.0,1.0,1.0,1.0,False
4665,IPR054425|IPR015163,0.48176933144103273,1.0,5.0,1.0,1.0,1.0,False
4666,IPR054474,0.7467050772524036,1.0,2.0,1.0,1.0,1.0,False
4667,IPR054503,0.9997545541663276,0.004055515879513668,6.0,1.0,0.05084252807529078,0.01,True
4668,IPR054503|IPR003347,0.9496481500857012,0.35476645916424515,3.0,1.0,0.5614328620219463,0.11,False
4669,IPR054504,0.9997545541663276,0.004055515879513668,6.0,1.0,0.05084252807529078,0.01,True
4670,IPR054504|IPR054503,0.9997545541663276,0.004055515879513668,6.0,1.0,0.05084252807529078,0.01,True
4671,IPR054504|IPR054503|IPR003347,0.9496481500857012,0.35476645916424515,3.0,1.0,0.5614328620219463,0.07,False
4672,IPR054517,0.6452335408357548,1.0,3.0,1.0,1.0,1.0,False
4673,IPR054517|IPR056199,0.6452335408357548,1.0,3.0,1.0,1.0,1.0,False
4674,IPR054532,0.9082977831884385,0.442454539948473,4.0,1.0,0.6543109925339897,0.39,False
4675,IPR054532|IPR006595,0.9082977831884385,0.442454539948473,4.0,1.0,0.6543109925339897,0.37,False
4676,IPR054537,0.6452335408357548,1.0,3.0,1.0,1.0,1.0,False
4677,IPR054537|IPR031947,0.6452335408357548,1.0,3.0,1.0,1.0,1.0,False
4678,IPR054573,0.981545808458133,0.25329492274759635,2.0,1.0,0.464928904382533,0.21,False
4679,IPR054594,0.9999538812932512,0.001515469182286134,5.0,1.0,0.02627660827138408,0.01,True
4680,IPR054594|IPR008269,0.981545808458133,0.25329492274759635,2.0,1.0,0.464928904382533,0.09,False
4681,IPR054696,0.9496481500857012,0.35476645916424515,3.0,1.0,0.5614328620219463,0.37,False
4682,IPR054708,0.9984845308177138,0.020230503769160375,5.0,1.0,0.11408695175018027,0.06,False
4683,IPR054708|IPR002058,1.0,0.018454191541866973,2.0,1.0,0.11408695175018027,0.02,True
4684,IPR054727,0.9909985169829642,0.09170221681156158,4.0,1.0,0.28406795819264913,0.02,True
4685,IPR054727|IPR001660,0.9974946376443489,0.050351849914298724,3.0,1.0,0.19708381075902243,0.0,True
4686,IPR054727|IPR004087,0.9909985169829642,0.09170221681156158,4.0,1.0,0.28406795819264913,0.01,True
4687,IPR054727|IPR004087|IPR054727,0.9909985169829642,0.09170221681156158,4.0,1.0,0.28406795819264913,0.01,True
4688,IPR054751,0.981545808458133,0.25329492274759635,2.0,1.0,0.464928904382533,0.02,True
4689,IPR055060,0.6452335408357548,1.0,3.0,1.0,1.0,1.0,False
4690,IPR055060|IPR002655,0.6452335408357548,1.0,3.0,1.0,1.0,1.0,False
4691,IPR055066,1.0,0.018454191541866973,2.0,1.0,0.11408695175018027,0.0,True
4692,IPR055071,1.0,0.018454191541866973,2.0,1.0,0.11408695175018027,0.01,True
4693,IPR055073,0.981545808458133,0.25329492274759635,2.0,1.0,0.464928904382533,0.11,False
4694,IPR055073|IPR041033,0.981545808458133,0.25329492274759635,2.0,1.0,0.464928904382533,0.09,False
4695,IPR055073|IPR041033|IPR056191,0.981545808458133,0.25329492274759635,2.0,1.0,0.464928904382533,0.07,False
4696,IPR055074,0.9974946376443489,0.050351849914298724,3.0,1.0,0.19708381075902243,0.03,True
4697,IPR055074|IPR056189,0.9974946376443489,0.050351849914298724,3.0,1.0,0.19708381075902243,0.02,True
4698,IPR055074|IPR056189|IPR056190,0.981545808458133,0.25329492274759635,2.0,1.0,0.464928904382533,0.1,False
4699,IPR055074|IPR056319,0.981545808458133,0.25329492274759635,2.0,1.0,0.464928904382533,0.11,False
4700,IPR055074|IPR056319|IPR056187,0.981545808458133,0.25329492274759635,2.0,1.0,0.464928904382533,0.09,False
4701,IPR055075,0.9974946376443489,0.050351849914298724,3.0,1.0,0.19708381075902243,0.04,True
4702,IPR055075|IPR055074,0.9974946376443489,0.050351849914298724,3.0,1.0,0.19708381075902243,0.02,True
4703,IPR055075|IPR055074|IPR056189,0.9974946376443489,0.050351849914298724,3.0,1.0,0.19708381075902243,0.01,True
4704,IPR055088,0.41628765621530717,1.0,6.0,1.0,1.0,1.0,False
4705,IPR055093,0.9909985169829642,0.09170221681156158,4.0,1.0,0.28406795819264913,0.08,False
4706,IPR055093|IPR001452,0.9909985169829642,0.09170221681156158,4.0,1.0,0.28406795819264913,0.05,True
4707,IPR055093|IPR001452|IPR041418,0.9909985169829642,0.09170221681156158,4.0,1.0,0.28406795819264913,0.0,True
4708,IPR055094,0.9082977831884385,0.442454539948473,4.0,1.0,0.6543109925339897,0.39,False
4709,IPR055094|IPR057586,0.9082977831884385,0.442454539948473,4.0,1.0,0.6543109925339897,0.37,False
4710,IPR055094|IPR057586|IPR055095,0.9496481500857012,0.35476645916424515,3.0,1.0,0.5614328620219463,0.21,False
4711,IPR055095,0.8606499744935043,0.5182306685589673,5.0,1.0,0.7304140383099247,0.31,False
4712,IPR055096,0.9974946376443489,0.050351849914298724,3.0,1.0,0.19708381075902243,0.01,True
4713,IPR055096|IPR055097,0.9974946376443489,0.050351849914298724,3.0,1.0,0.19708381075902243,0.01,True
4714,IPR055096|IPR055097|IPR055098,0.9974946376443489,0.050351849914298724,3.0,1.0,0.19708381075902243,0.0,True
4715,IPR055097,0.9974946376443489,0.050351849914298724,3.0,1.0,0.19708381075902243,0.02,True
4716,IPR055097|IPR055098,0.9974946376443489,0.050351849914298724,3.0,1.0,0.19708381075902243,0.01,True
4717,IPR055097|IPR055098|IPR056897,0.981545808458133,0.25329492274759635,2.0,1.0,0.464928904382533,0.08,False
4718,IPR055098,0.9974946376443489,0.050351849914298724,3.0,1.0,0.19708381075902243,0.01,True
4719,IPR055098|IPR056897,0.981545808458133,0.25329492274759635,2.0,1.0,0.464928904382533,0.08,False
4720,IPR055098|IPR056897|IPR056898,0.981545808458133,0.25329492274759635,2.0,1.0,0.464928904382533,0.07,False
4721,IPR055099,0.9496481500857012,0.35476645916424515,3.0,1.0,0.5614328620219463,0.22,False
4722,IPR055099|IPR056899,0.7467050772524036,1.0,2.0,1.0,1.0,1.0,False
4723,IPR055099|IPR056899|IPR003343,0.7467050772524036,1.0,2.0,1.0,1.0,1.0,False
4724,IPR055108,0.9638198848985289,0.14447146364198882,10.0,1.0,0.4000450442862573,0.15,False
4725,IPR055124,1.0,0.0025053623556511003,3.0,1.0,0.03667197533045109,0.0,True
4726,IPR055124|IPR011545,1.0,0.018454191541866973,2.0,1.0,0.11408695175018027,0.01,True
4727,IPR055124|IPR011545|IPR001650,1.0,0.018454191541866973,2.0,1.0,0.11408695175018027,0.01,True
4728,IPR055129,0.9935886954088315,0.03618011510147109,10.0,1.0,0.1776271722389577,0.01,True
4729,IPR055129|IPR040930,0.9496481500857012,0.35476645916424515,3.0,1.0,0.5614328620219463,0.05,True
4730,IPR055135,0.9935886954088315,0.03618011510147109,10.0,1.0,0.1776271722389577,0.11,False
4731,IPR055140,0.981545808458133,0.25329492274759635,2.0,1.0,0.464928904382533,0.02,True
4732,IPR055141,0.9496481500857012,0.35476645916424515,3.0,1.0,0.5614328620219463,0.22,False
4733,IPR055141|IPR007526,0.981545808458133,0.25329492274759635,2.0,1.0,0.464928904382533,0.0,True
4734,IPR055143,1.0,0.018454191541866973,2.0,1.0,0.11408695175018027,0.0,True
4735,IPR055162,0.7467050772524036,1.0,2.0,1.0,1.0,1.0,False
4736,IPR055163,0.981545808458133,0.25329492274759635,2.0,1.0,0.464928904382533,0.12,False
4737,IPR055163|IPR000719,0.981545808458133,0.25329492274759635,2.0,1.0,0.464928904382533,0.05,True
4738,IPR055170,0.9797694962308396,0.13935002550649572,5.0,1.0,0.39238233340166945,0.2,False
4739,IPR055190,0.981545808458133,0.25329492274759635,2.0,1.0,0.464928904382533,0.15,False
4740,IPR055194,0.9998631784899864,0.0018048734886640262,8.0,1.0,0.029890324730535326,0.0,True
4741,IPR055194|IPR044046,0.981545808458133,0.25329492274759635,2.0,1.0,0.464928904382533,0.07,False
4742,IPR055225,0.9797694962308396,0.13935002550649572,5.0,1.0,0.39238233340166945,0.02,True
4743,IPR055225|IPR024586,0.9797694962308396,0.13935002550649572,5.0,1.0,0.39238233340166945,0.0,True
4744,IPR055231,0.981545808458133,0.25329492274759635,2.0,1.0,0.464928904382533,0.16,False
4745,IPR055231|IPR054573,0.981545808458133,0.25329492274759635,2.0,1.0,0.464928904382533,0.11,False
4746,IPR055261,0.9496481500857012,0.35476645916424515,3.0,1.0,0.5614328620219463,0.26,False
4747,IPR055270,0.9496481500857012,0.35476645916424515,3.0,1.0,0.5614328620219463,0.6,False
4748,IPR055272,0.7467050772524036,1.0,2.0,1.0,1.0,1.0,False
4749,IPR055277,0.7467050772524036,1.0,2.0,1.0,1.0,1.0,False
4750,IPR055285,0.7467050772524036,1.0,2.0,1.0,1.0,1.0,False
4751,IPR055349,0.557545460051527,1.0,4.0,1.0,1.0,1.0,False
4752,IPR055356,0.7467050772524036,1.0,2.0,1.0,1.0,1.0,False
4753,IPR055363,0.7467050772524036,1.0,2.0,1.0,1.0,1.0,False
4754,IPR055363|IPR055364,0.7467050772524036,1.0,2.0,1.0,1.0,1.0,False
4755,IPR055364,0.7467050772524036,1.0,2.0,1.0,1.0,1.0,False
4756,IPR055373,1.0,0.018454191541866973,2.0,1.0,0.11408695175018027,0.0,True
4757,IPR055373|IPR055375,1.0,0.018454191541866973,2.0,1.0,0.11408695175018027,0.0,True
4758,IPR055373|IPR055375|IPR055374,1.0,0.018454191541866973,2.0,1.0,0.11408695175018027,0.0,True
4759,IPR055374,0.9974946376443489,0.050351849914298724,3.0,1.0,0.19708381075902243,0.0,True
4760,IPR055374|IPR056790,0.981545808458133,0.25329492274759635,2.0,1.0,0.464928904382533,0.01,True
4761,IPR055375,0.9974946376443489,0.050351849914298724,3.0,1.0,0.19708381075902243,0.0,True
4762,IPR055375|IPR055374,0.9974946376443489,0.050351849914298724,3.0,1.0,0.19708381075902243,0.0,True
4763,IPR055375|IPR055374|IPR056790,0.981545808458133,0.25329492274759635,2.0,1.0,0.464928904382533,0.0,True
4764,IPR055381,0.981545808458133,0.25329492274759635,2.0,1.0,0.464928904382533,0.04,True
4765,IPR055386,0.6452335408357548,1.0,3.0,1.0,1.0,1.0,False
4766,IPR055386|IPR055387,0.6452335408357548,1.0,3.0,1.0,1.0,1.0,False
4767,IPR055387,0.6452335408357548,1.0,3.0,1.0,1.0,1.0,False
4768,IPR055401,0.9496481500857012,0.35476645916424515,3.0,1.0,0.5614328620219463,0.31,False
4769,IPR055402,0.7467050772524036,1.0,2.0,1.0,1.0,1.0,False
4770,IPR055404,0.981545808458133,0.25329492274759635,2.0,1.0,0.464928904382533,0.03,True
4771,IPR055405,0.9974946376443489,0.050351849914298724,3.0,1.0,0.19708381075902243,0.01,True
4772,IPR055405|IPR019527,0.9974946376443489,0.050351849914298724,3.0,1.0,0.19708381075902243,0.0,True
4773,IPR055406,0.9797694962308396,0.13935002550649572,5.0,1.0,0.39238233340166945,0.29,False
4774,IPR055408,0.9909985169829642,0.09170221681156158,4.0,1.0,0.28406795819264913,0.17,False
4775,IPR055408|IPR048465,1.0,0.018454191541866973,2.0,1.0,0.11408695175018027,0.0,True
4776,IPR055408|IPR048465|IPR055406,1.0,0.018454191541866973,2.0,1.0,0.11408695175018027,0.0,True
4777,IPR055414,0.9638198848985289,0.14447146364198882,10.0,1.0,0.4000450442862573,0.6,False
4778,IPR055414|IPR001478,0.7467050772524036,1.0,2.0,1.0,1.0,1.0,False
4779,IPR055419,0.6452335408357548,1.0,3.0,1.0,1.0,1.0,False
4780,IPR055421,0.6452335408357548,1.0,3.0,1.0,1.0,1.0,False
4781,IPR055421|IPR031437,0.6452335408357548,1.0,3.0,1.0,1.0,1.0,False
4782,IPR055421|IPR031437|IPR055423,0.6452335408357548,1.0,3.0,1.0,1.0,1.0,False
4783,IPR055422,0.8606499744935043,0.5182306685589673,5.0,1.0,0.7304140383099247,0.52,False
4784,IPR055422|IPR055421,0.6452335408357548,1.0,3.0,1.0,1.0,1.0,False
4785,IPR055422|IPR055421|IPR031437,0.6452335408357548,1.0,3.0,1.0,1.0,1.0,False
4786,IPR055423,0.48176933144103273,1.0,5.0,1.0,1.0,1.0,False
4787,IPR055423|IPR055424,0.48176933144103273,1.0,5.0,1.0,1.0,1.0,False
4788,IPR055423|IPR055424|IPR031436,0.48176933144103273,1.0,5.0,1.0,1.0,1.0,False
4789,IPR055424,0.48176933144103273,1.0,5.0,1.0,1.0,1.0,False
4790,IPR055424|IPR031436,0.48176933144103273,1.0,5.0,1.0,1.0,1.0,False
4791,IPR055430,0.7467050772524036,1.0,2.0,1.0,1.0,1.0,False
4792,IPR055439,0.998436289788411,0.010450966574151375,11.0,1.0,0.0971225616702161,0.08,False
4793,IPR055439|IPR055442,0.9797694962308396,0.13935002550649572,5.0,1.0,0.39238233340166945,0.23,False
4794,IPR055442,0.9797694962308396,0.13935002550649572,5.0,1.0,0.39238233340166945,0.37,False
4795,IPR055459,0.7467050772524036,1.0,2.0,1.0,1.0,1.0,False
4796,IPR055460,0.981545808458133,0.25329492274759635,2.0,1.0,0.464928904382533,0.07,False
4797,IPR055460|IPR048643,0.981545808458133,0.25329492274759635,2.0,1.0,0.464928904382533,0.07,False
4798,IPR056150,0.48176933144103273,1.0,5.0,1.0,1.0,1.0,False
4799,IPR056156,0.9496481500857012,0.35476645916424515,3.0,1.0,0.5614328620219463,0.12,False
4800,IPR056157,0.9974946376443489,0.050351849914298724,3.0,1.0,0.19708381075902243,0.05,True
4801,IPR056159,1.0,0.018454191541866973,2.0,1.0,0.11408695175018027,0.01,True
4802,IPR056161,0.9496481500857012,0.35476645916424515,3.0,1.0,0.5614328620219463,0.18,False
4803,IPR056168,0.981545808458133,0.25329492274759635,2.0,1.0,0.464928904382533,0.13,False
4804,IPR056168|IPR056156,0.981545808458133,0.25329492274759635,2.0,1.0,0.464928904382533,0.01,True
4805,IPR056176,0.8091777075696599,0.5837123437846928,6.0,1.0,0.8021387447700818,0.32,False
4806,IPR056176|IPR010714,0.9082977831884385,0.442454539948473,4.0,1.0,0.6543109925339897,0.11,False
4807,IPR056181,0.7467050772524036,1.0,2.0,1.0,1.0,1.0,False
4808,IPR056182,0.7467050772524036,1.0,2.0,1.0,1.0,1.0,False
4809,IPR056182|IPR001452,0.7467050772524036,1.0,2.0,1.0,1.0,1.0,False
4810,IPR056182|IPR001452|IPR056183,0.7467050772524036,1.0,2.0,1.0,1.0,1.0,False
4811,IPR056183,0.7467050772524036,1.0,2.0,1.0,1.0,1.0,False
4812,IPR056183|IPR056181,0.7467050772524036,1.0,2.0,1.0,1.0,1.0,False
4813,IPR056187,0.981545808458133,0.25329492274759635,2.0,1.0,0.464928904382533,0.09,False
4814,IPR056187|IPR055073,0.981545808458133,0.25329492274759635,2.0,1.0,0.464928904382533,0.1,False
4815,IPR056187|IPR055073|IPR041033,0.981545808458133,0.25329492274759635,2.0,1.0,0.464928904382533,0.09,False
4816,IPR056189,0.9974946376443489,0.050351849914298724,3.0,1.0,0.19708381075902243,0.02,True
4817,IPR056189|IPR056190,0.981545808458133,0.25329492274759635,2.0,1.0,0.464928904382533,0.12,False
4818,IPR056189|IPR056190|IPR055074,0.981545808458133,0.25329492274759635,2.0,1.0,0.464928904382533,0.1,False
4819,IPR056190,0.981545808458133,0.25329492274759635,2.0,1.0,0.464928904382533,0.13,False
4820,IPR056190|IPR055074,0.981545808458133,0.25329492274759635,2.0,1.0,0.464928904382533,0.13,False
4821,IPR056190|IPR055074|IPR056319,0.981545808458133,0.25329492274759635,2.0,1.0,0.464928904382533,0.1,False
4822,IPR056191,0.981545808458133,0.25329492274759635,2.0,1.0,0.464928904382533,0.09,False
4823,IPR056199,0.7557987100438324,0.6402975194227803,7.0,1.0,0.8667585231484166,0.26,False
4824,IPR056227,0.942625201384229,0.2442012899561677,7.0,1.0,0.464928904382533,0.25,False
4825,IPR056227|IPR011527,0.8091777075696599,0.5837123437846928,6.0,1.0,0.8021387447700818,0.56,False
4826,IPR056227|IPR011527|IPR003439,0.9082977831884385,0.442454539948473,4.0,1.0,0.6543109925339897,0.36,False
4827,IPR056235,0.7467050772524036,1.0,2.0,1.0,1.0,1.0,False
4828,IPR056264,0.9959444841204863,0.03640549165880708,6.0,1.0,0.1776271722389577,0.13,False
4829,IPR056273,0.8091777075696599,0.5837123437846928,6.0,1.0,0.8021387447700818,0.43,False
4830,IPR056273|IPR010630,0.9082977831884385,0.442454539948473,4.0,1.0,0.6543109925339897,0.21,False
4831,IPR056282,0.9996369611217383,0.0036071667516669446,9.0,1.0,0.04904797527858711,0.01,True
4832,IPR056282|IPR055408,0.9909985169829642,0.09170221681156158,4.0,1.0,0.28406795819264913,0.08,False
4833,IPR056282|IPR055408|IPR048465,1.0,0.018454191541866973,2.0,1.0,0.11408695175018027,0.0,True
4834,IPR056288,0.7467050772524036,1.0,2.0,1.0,1.0,1.0,False
4835,IPR056290,0.7467050772524036,1.0,2.0,1.0,1.0,1.0,False
4836,IPR056290|IPR056288,0.7467050772524036,1.0,2.0,1.0,1.0,1.0,False
4837,IPR056302,0.981545808458133,0.25329492274759635,2.0,1.0,0.464928904382533,0.07,False
4838,IPR056319,0.981545808458133,0.25329492274759635,2.0,1.0,0.464928904382533,0.1,False
4839,IPR056319|IPR056187,0.981545808458133,0.25329492274759635,2.0,1.0,0.464928904382533,0.08,False
4840,IPR056319|IPR056187|IPR055073,0.981545808458133,0.25329492274759635,2.0,1.0,0.464928904382533,0.08,False
4841,IPR056342,0.48176933144103273,1.0,5.0,1.0,1.0,1.0,False
4842,IPR056342|IPR006576,0.557545460051527,1.0,4.0,1.0,1.0,1.0,False
4843,IPR056342|IPR006576|IPR006576,0.6452335408357548,1.0,3.0,1.0,1.0,1.0,False
4844,IPR056371,0.981545808458133,0.25329492274759635,2.0,1.0,0.464928904382533,0.02,True
4845,IPR056372,0.942625201384229,0.2442012899561677,7.0,1.0,0.464928904382533,0.21,False
4846,IPR056372|IPR026800,0.7467050772524036,1.0,2.0,1.0,1.0,1.0,False
4847,IPR056372|IPR027357,0.9797694962308396,0.13935002550649572,5.0,1.0,0.39238233340166945,0.04,True
4848,IPR056396,0.8606499744935043,0.5182306685589673,5.0,1.0,0.7304140383099247,0.32,False
4849,IPR056414,0.9974946376443489,0.050351849914298724,3.0,1.0,0.19708381075902243,0.0,True
4850,IPR056419,0.7467050772524036,1.0,2.0,1.0,1.0,1.0,False
4851,IPR056430,0.9909985169829642,0.09170221681156158,4.0,1.0,0.28406795819264913,0.03,True
4852,IPR056430|IPR057815,0.9909985169829642,0.09170221681156158,4.0,1.0,0.28406795819264913,0.01,True
4853,IPR056431,0.9959444841204863,0.03640549165880708,6.0,1.0,0.1776271722389577,0.01,True
4854,IPR056431|IPR056430,0.9909985169829642,0.09170221681156158,4.0,1.0,0.28406795819264913,0.03,True
4855,IPR056431|IPR056430|IPR057815,0.9909985169829642,0.09170221681156158,4.0,1.0,0.28406795819264913,0.0,True
4856,IPR056431|IPR056431,1.0,0.018454191541866973,2.0,1.0,0.11408695175018027,0.0,True
4857,IPR056431|IPR056431|IPR056430,1.0,0.018454191541866973,2.0,1.0,0.11408695175018027,0.0,True
4858,IPR056431|IPR056431|IPR056431,1.0,0.018454191541866973,2.0,1.0,0.11408695175018027,0.0,True
4859,IPR056435,0.9984845308177138,0.020230503769160375,5.0,1.0,0.11408695175018027,0.0,True
4860,IPR056435|IPR032757,0.7467050772524036,1.0,2.0,1.0,1.0,1.0,False
4861,IPR056435|IPR032757|IPR006133,0.7467050772524036,1.0,2.0,1.0,1.0,1.0,False
4862,IPR056447,0.9984845308177138,0.020230503769160375,5.0,1.0,0.11408695175018027,0.0,True
4863,IPR056447|IPR056435,0.9984845308177138,0.020230503769160375,5.0,1.0,0.11408695175018027,0.0,True
4864,IPR056447|IPR056435|IPR032757,0.7467050772524036,1.0,2.0,1.0,1.0,1.0,False
4865,IPR056456,0.981545808458133,0.25329492274759635,2.0,1.0,0.464928904382533,0.02,True
4866,IPR056456|IPR056157,0.981545808458133,0.25329492274759635,2.0,1.0,0.464928904382533,0.01,True
4867,IPR056466,0.557545460051527,1.0,4.0,1.0,1.0,1.0,False
4868,IPR056466|IPR000219,0.557545460051527,1.0,4.0,1.0,1.0,1.0,False
4869,IPR056466|IPR000219|IPR001849,0.557545460051527,1.0,4.0,1.0,1.0,1.0,False
4870,IPR056484,0.9999991524661318,3.86877663383175e-05,7.0,1.0,0.0016385220382793976,0.0,True
4871,IPR056484|IPR031162,0.9996600111981438,0.009001483017035832,4.0,1.0,0.08677362453176146,0.0,True
4872,IPR056484|IPR031162|IPR000433,0.9974946376443489,0.050351849914298724,3.0,1.0,0.19708381075902243,0.0,True
4873,IPR056502,0.7467050772524036,1.0,2.0,1.0,1.0,1.0,False
4874,IPR056523,0.981545808458133,0.25329492274759635,2.0,1.0,0.464928904382533,0.01,True
4875,IPR056524,0.7467050772524036,1.0,2.0,1.0,1.0,1.0,False
4876,IPR056576,0.9172530969809943,0.2980194189352218,8.0,1.0,0.5376628273876715,0.26,False
4877,IPR056591,0.6452335408357548,1.0,3.0,1.0,1.0,1.0,False
4878,IPR056591|IPR006638,0.7467050772524036,1.0,2.0,1.0,1.0,1.0,False
4879,IPR056591|IPR006638|IPR032432,0.7467050772524036,1.0,2.0,1.0,1.0,1.0,False
4880,IPR056604,0.7467050772524036,1.0,2.0,1.0,1.0,1.0,False
4881,IPR056606,0.9082977831884385,0.442454539948473,4.0,1.0,0.6543109925339897,0.28,False
4882,IPR056608,0.9082977831884385,0.442454539948473,4.0,1.0,0.6543109925339897,0.25,False
4883,IPR056608|IPR044865,0.9082977831884385,0.442454539948473,4.0,1.0,0.6543109925339897,0.26,False
4884,IPR056608|IPR044865|IPR056606,0.9082977831884385,0.442454539948473,4.0,1.0,0.6543109925339897,0.23,False
4885,IPR056609,0.9496481500857012,0.35476645916424515,3.0,1.0,0.5614328620219463,0.26,False
4886,IPR056609|IPR056610,0.9496481500857012,0.35476645916424515,3.0,1.0,0.5614328620219463,0.23,False
4887,IPR056609|IPR056610|IPR056608,0.9496481500857012,0.35476645916424515,3.0,1.0,0.5614328620219463,0.16,False
4888,IPR056610,0.9082977831884385,0.442454539948473,4.0,1.0,0.6543109925339897,0.29,False
4889,IPR056610|IPR056608,0.9082977831884385,0.442454539948473,4.0,1.0,0.6543109925339897,0.27,False
4890,IPR056610|IPR056608|IPR044865,0.9082977831884385,0.442454539948473,4.0,1.0,0.6543109925339897,0.25,False
4891,IPR056611,0.9496481500857012,0.35476645916424515,3.0,1.0,0.5614328620219463,0.19,False
4892,IPR056732,0.981545808458133,0.25329492274759635,2.0,1.0,0.464928904382533,0.07,False
4893,IPR056737,0.9849120420562869,0.0827469030190057,8.0,1.0,0.28406795819264913,0.29,False
4894,IPR056737|IPR016201,0.9984845308177138,0.020230503769160375,5.0,1.0,0.11408695175018027,0.0,True
4895,IPR056737|IPR016201|IPR016201,0.9909985169829642,0.09170221681156158,4.0,1.0,0.28406795819264913,0.17,False
4896,IPR056741,0.981545808458133,0.25329492274759635,2.0,1.0,0.464928904382533,0.01,True
4897,IPR056747,0.9915535842838115,0.05737479861577096,7.0,1.0,0.2140473533918329,0.06,False
4898,IPR056747|IPR009543,0.8606499744935043,0.5182306685589673,5.0,1.0,0.7304140383099247,0.33,False
4899,IPR056749,0.9797694962308396,0.13935002550649572,5.0,1.0,0.39238233340166945,0.02,True
4900,IPR056749|IPR032263,0.9909985169829642,0.09170221681156158,4.0,1.0,0.28406795819264913,0.0,True
4901,IPR056749|IPR032263|IPR003781,0.9496481500857012,0.35476645916424515,3.0,1.0,0.5614328620219463,0.07,False
4902,IPR056755,0.7557987100438324,0.6402975194227803,7.0,1.0,0.8667585231484166,0.29,False
4903,IPR056755|IPR011545,0.557545460051527,1.0,4.0,1.0,1.0,1.0,False
4904,IPR056755|IPR011545|IPR001650,0.557545460051527,1.0,4.0,1.0,1.0,1.0,False
4905,IPR056759,0.7557987100438324,0.6402975194227803,7.0,1.0,0.8667585231484166,0.49,False
4906,IPR056759|IPR013602,0.7557987100438324,0.6402975194227803,7.0,1.0,0.8667585231484166,0.44,False
4907,IPR056759|IPR013602|IPR003593,0.7557987100438324,0.6402975194227803,7.0,1.0,0.8667585231484166,0.45,False
4908,IPR056764,0.9082977831884385,0.442454539948473,4.0,1.0,0.6543109925339897,0.34,False
4909,IPR056769,0.981545808458133,0.25329492274759635,2.0,1.0,0.464928904382533,0.09,False
4910,IPR056783,0.9974946376443489,0.050351849914298724,3.0,1.0,0.19708381075902243,0.01,True
4911,IPR056790,0.9496481500857012,0.35476645916424515,3.0,1.0,0.5614328620219463,0.1,False
4912,IPR056810,0.7467050772524036,1.0,2.0,1.0,1.0,1.0,False
4913,IPR056814,0.6452335408357548,1.0,3.0,1.0,1.0,1.0,False
4914,IPR056814|IPR001478,0.6452335408357548,1.0,3.0,1.0,1.0,1.0,False
4915,IPR056814|IPR001478|IPR055349,0.6452335408357548,1.0,3.0,1.0,1.0,1.0,False
4916,IPR056820,0.9849120420562869,0.0827469030190057,8.0,1.0,0.28406795819264913,0.18,False
4917,IPR056820|IPR057627,0.9849120420562869,0.0827469030190057,8.0,1.0,0.28406795819264913,0.18,False
4918,IPR056820|IPR057627|IPR056822,0.9849120420562869,0.0827469030190057,8.0,1.0,0.28406795819264913,0.13,False
4919,IPR056822,0.97572740910265,0.1119840590798335,9.0,1.0,0.3381774595356515,0.13,False
4920,IPR056822|IPR056823,0.97572740910265,0.1119840590798335,9.0,1.0,0.3381774595356515,0.11,False
4921,IPR056822|IPR056823|IPR022385,0.9172530969809943,0.2980194189352218,8.0,1.0,0.5376628273876715,0.16,False
4922,IPR056823,0.97572740910265,0.1119840590798335,9.0,1.0,0.3381774595356515,0.09,False
4923,IPR056823|IPR022385,0.9172530969809943,0.2980194189352218,8.0,1.0,0.5376628273876715,0.21,False
4924,IPR056823|IPR022385|IPR028916,0.9172530969809943,0.2980194189352218,8.0,1.0,0.5376628273876715,0.22,False
4925,IPR056850,0.8606499744935043,0.5182306685589673,5.0,1.0,0.7304140383099247,0.46,False
4926,IPR056850|IPR001394,0.9496481500857012,0.35476645916424515,3.0,1.0,0.5614328620219463,0.13,False
4927,IPR056850|IPR001394|IPR021905,0.9496481500857012,0.35476645916424515,3.0,1.0,0.5614328620219463,0.12,False
4928,IPR056850|IPR056850,0.9082977831884385,0.442454539948473,4.0,1.0,0.6543109925339897,0.21,False
4929,IPR056850|IPR056850|IPR001394,0.9496481500857012,0.35476645916424515,3.0,1.0,0.5614328620219463,0.09,False
4930,IPR056865,0.9082977831884385,0.442454539948473,4.0,1.0,0.6543109925339897,0.3,False
4931,IPR056870,0.9082977831884385,0.442454539948473,4.0,1.0,0.6543109925339897,0.34,False
4932,IPR056870|IPR001841,0.9496481500857012,0.35476645916424515,3.0,1.0,0.5614328620219463,0.27,False
4933,IPR056875,0.981545808458133,0.25329492274759635,2.0,1.0,0.464928904382533,0.03,True
4934,IPR056887,0.8606499744935043,0.5182306685589673,5.0,1.0,0.7304140383099247,0.32,False
4935,IPR056887|IPR012315,0.8606499744935043,0.5182306685589673,5.0,1.0,0.7304140383099247,0.25,False
4936,IPR056897,0.981545808458133,0.25329492274759635,2.0,1.0,0.464928904382533,0.08,False
4937,IPR056897|IPR056898,0.981545808458133,0.25329492274759635,2.0,1.0,0.464928904382533,0.07,False
4938,IPR056897|IPR056898|IPR055099,0.981545808458133,0.25329492274759635,2.0,1.0,0.464928904382533,0.07,False
4939,IPR056898,0.9496481500857012,0.35476645916424515,3.0,1.0,0.5614328620219463,0.22,False
4940,IPR056898|IPR055099,0.9496481500857012,0.35476645916424515,3.0,1.0,0.5614328620219463,0.21,False
4941,IPR056898|IPR055099|IPR056899,0.7467050772524036,1.0,2.0,1.0,1.0,1.0,False
4942,IPR056899,0.7467050772524036,1.0,2.0,1.0,1.0,1.0,False
4943,IPR056899|IPR003343,0.7467050772524036,1.0,2.0,1.0,1.0,1.0,False
4944,IPR056899|IPR003343|IPR058779,0.7467050772524036,1.0,2.0,1.0,1.0,1.0,False
4945,IPR056913,1.0,0.0025053623556511003,3.0,1.0,0.03667197533045109,0.0,True
4946,IPR056917,0.981545808458133,0.25329492274759635,2.0,1.0,0.464928904382533,0.03,True
4947,IPR056921,0.9909985169829642,0.09170221681156158,4.0,1.0,0.28406795819264913,0.03,True
4948,IPR056981,1.0,0.018454191541866973,2.0,1.0,0.11408695175018027,0.0,True
4949,IPR056987,1.0,6.253281363970692e-06,6.0,1.0,0.00039403298545898253,0.0,True
4950,IPR056987|IPR002893,1.0,6.253281363970692e-06,6.0,1.0,0.00039403298545898253,0.0,True
4951,IPR056989,0.9909985169829642,0.09170221681156158,4.0,1.0,0.28406795819264913,0.05,True
4952,IPR056991,0.6452335408357548,1.0,3.0,1.0,1.0,1.0,False
4953,IPR057021,0.7467050772524036,1.0,2.0,1.0,1.0,1.0,False
4954,IPR057031,0.9082977831884385,0.442454539948473,4.0,1.0,0.6543109925339897,0.35,False
4955,IPR057051,0.7467050772524036,1.0,2.0,1.0,1.0,1.0,False
4956,IPR057057,0.9172530969809943,0.2980194189352218,8.0,1.0,0.5376628273876715,0.28,False
4957,IPR057057|IPR057932,0.8606499744935043,0.5182306685589673,5.0,1.0,0.7304140383099247,0.21,False
4958,IPR057057|IPR057932|IPR056887,0.7467050772524036,1.0,2.0,1.0,1.0,1.0,False
4959,IPR057073,0.9992376589979926,0.008446415716188569,7.0,1.0,0.08677362453176146,0.05,True
4960,IPR057073|IPR013111,0.9984845308177138,0.020230503769160375,5.0,1.0,0.11408695175018027,0.02,True
4961,IPR057073|IPR013111|IPR013111,0.9984845308177138,0.020230503769160375,5.0,1.0,0.11408695175018027,0.0,True
4962,IPR057090,0.9082977831884385,0.442454539948473,4.0,1.0,0.6543109925339897,0.33,False
4963,IPR057106,0.9797694962308396,0.13935002550649572,5.0,1.0,0.39238233340166945,0.29,False
4964,IPR057125,0.557545460051527,1.0,4.0,1.0,1.0,1.0,False
4965,IPR057125|IPR002075,0.6452335408357548,1.0,3.0,1.0,1.0,1.0,False
4966,IPR057126,0.9849120420562869,0.0827469030190057,8.0,1.0,0.28406795819264913,0.09,False
4967,IPR057126|IPR003593,0.9849120420562869,0.0827469030190057,8.0,1.0,0.28406795819264913,0.08,False
4968,IPR057126|IPR003593|IPR057568,0.9849120420562869,0.0827469030190057,8.0,1.0,0.28406795819264913,0.07,False
4969,IPR057207,0.9638198848985289,0.14447146364198882,10.0,1.0,0.4000450442862573,0.45,False
4970,IPR057244,0.9972307831476748,0.015937930661170028,12.0,1.0,0.11408695175018027,0.41,False
4971,IPR057244|IPR017981,0.9915535842838115,0.05737479861577096,7.0,1.0,0.2140473533918329,0.35,False
4972,IPR057244|IPR017981|IPR003334,0.9974946376443489,0.050351849914298724,3.0,1.0,0.19708381075902243,0.02,True
4973,IPR057279,0.942625201384229,0.2442012899561677,7.0,1.0,0.464928904382533,0.15,False
4974,IPR057279|IPR056576,0.942625201384229,0.2442012899561677,7.0,1.0,0.464928904382533,0.08,False
4975,IPR057288,0.9974946376443489,0.050351849914298724,3.0,1.0,0.19708381075902243,0.01,True
4976,IPR057288|IPR057714,1.0,0.018454191541866973,2.0,1.0,0.11408695175018027,0.0,True
4977,IPR057315,0.7467050772524036,1.0,2.0,1.0,1.0,1.0,False
4978,IPR057316,0.942625201384229,0.2442012899561677,7.0,1.0,0.464928904382533,0.06,False
4979,IPR057316|IPR019018,0.942625201384229,0.2442012899561677,7.0,1.0,0.464928904382533,0.02,True
4980,IPR057321,0.9849120420562869,0.0827469030190057,8.0,1.0,0.28406795819264913,0.08,False
4981,IPR057323,0.9797694962308396,0.13935002550649572,5.0,1.0,0.39238233340166945,0.12,False
4982,IPR057326,1.0,0.018454191541866973,2.0,1.0,0.11408695175018027,0.03,True
4983,IPR057332,0.9849120420562869,0.0827469030190057,8.0,1.0,0.28406795819264913,0.07,False
4984,IPR057339,0.7467050772524036,1.0,2.0,1.0,1.0,1.0,False
4985,IPR057339|IPR031313,0.7467050772524036,1.0,2.0,1.0,1.0,1.0,False
4986,IPR057366,0.9496481500857012,0.35476645916424515,3.0,1.0,0.5614328620219463,0.48,False
4987,IPR057366|IPR005821,0.9496481500857012,0.35476645916424515,3.0,1.0,0.5614328620219463,0.38,False
4988,IPR057366|IPR005821|IPR032415,0.981545808458133,0.25329492274759635,2.0,1.0,0.464928904382533,0.08,False
4989,IPR057368,0.9849120420562869,0.0827469030190057,8.0,1.0,0.28406795819264913,0.02,True
4990,IPR057368|IPR002048,0.9635945083411929,0.19082229243034007,6.0,1.0,0.464928904382533,0.02,True
4991,IPR057368|IPR002048|IPR006615,0.8606499744935043,0.5182306685589673,5.0,1.0,0.7304140383099247,0.14,False
4992,IPR057412,0.9496481500857012,0.35476645916424515,3.0,1.0,0.5614328620219463,0.15,False
4993,IPR057439,0.9496481500857012,0.35476645916424515,3.0,1.0,0.5614328620219463,0.31,False
4994,IPR057439|IPR002181,0.9496481500857012,0.35476645916424515,3.0,1.0,0.5614328620219463,0.18,False
4995,IPR057451,0.9496481500857012,0.35476645916424515,3.0,1.0,0.5614328620219463,0.26,False
4996,IPR057451|IPR001487,0.9496481500857012,0.35476645916424515,3.0,1.0,0.5614328620219463,0.26,False
4997,IPR057451|IPR001487|IPR001487,0.7467050772524036,1.0,2.0,1.0,1.0,1.0,False
4998,IPR057452,0.9915535842838115,0.05737479861577096,7.0,1.0,0.2140473533918329,0.08,False
4999,IPR057452|IPR057451,0.981545808458133,0.25329492274759635,2.0,1.0,0.464928904382533,0.03,True
5000,IPR057452|IPR057451|IPR001487,0.981545808458133,0.25329492274759635,2.0,1.0,0.464928904382533,0.01,True
5001,IPR057468,1.0,0.018454191541866973,2.0,1.0,0.11408695175018027,0.0,True
5002,IPR057468|IPR000626,1.0,0.018454191541866973,2.0,1.0,0.11408695175018027,0.0,True
5003,IPR057476,0.981545808458133,0.25329492274759635,2.0,1.0,0.464928904382533,0.14,False
5004,IPR057480,0.9974946376443489,0.050351849914298724,3.0,1.0,0.19708381075902243,0.02,True
5005,IPR057480|IPR057480,0.981545808458133,0.25329492274759635,2.0,1.0,0.464928904382533,0.03,True
5006,IPR057492,0.981545808458133,0.25329492274759635,2.0,1.0,0.464928904382533,0.16,False
5007,IPR057492|IPR002550,0.981545808458133,0.25329492274759635,2.0,1.0,0.464928904382533,0.16,False
5008,IPR057494,0.9082977831884385,0.442454539948473,4.0,1.0,0.6543109925339897,0.4,False
5009,IPR057494|IPR001715,0.9082977831884385,0.442454539948473,4.0,1.0,0.6543109925339897,0.35,False
5010,IPR057494|IPR001715|IPR001781,0.9082977831884385,0.442454539948473,4.0,1.0,0.6543109925339897,0.26,False
5011,IPR057509,0.6452335408357548,1.0,3.0,1.0,1.0,1.0,False
5012,IPR057520,0.7467050772524036,1.0,2.0,1.0,1.0,1.0,False
5013,IPR057534,0.981545808458133,0.25329492274759635,2.0,1.0,0.464928904382533,0.01,True
5014,IPR057537,1.0,0.0025053623556511003,3.0,1.0,0.03667197533045109,0.0,True
5015,IPR057546,0.7467050772524036,1.0,2.0,1.0,1.0,1.0,False
5016,IPR057563,0.9082977831884385,0.442454539948473,4.0,1.0,0.6543109925339897,0.31,False
5017,IPR057564,0.9959444841204863,0.03640549165880708,6.0,1.0,0.1776271722389577,0.03,True
5018,IPR057564|IPR009076,0.9797694962308396,0.13935002550649572,5.0,1.0,0.39238233340166945,0.02,True
5019,IPR057564|IPR009076|IPR000403,0.9797694962308396,0.13935002550649572,5.0,1.0,0.39238233340166945,0.02,True
5020,IPR057568,0.9849120420562869,0.0827469030190057,8.0,1.0,0.28406795819264913,0.12,False
5021,IPR057573,0.981545808458133,0.25329492274759635,2.0,1.0,0.464928904382533,0.06,False
5022,IPR057576,0.7467050772524036,1.0,2.0,1.0,1.0,1.0,False
5023,IPR057586,0.9082977831884385,0.442454539948473,4.0,1.0,0.6543109925339897,0.37,False
5024,IPR057586|IPR055095,0.9496481500857012,0.35476645916424515,3.0,1.0,0.5614328620219463,0.23,False
5025,IPR057598,0.996392833248333,0.024272590897350052,9.0,1.0,0.13187852488602284,0.07,False
5026,IPR057598|IPR000242,0.9635945083411929,0.19082229243034007,6.0,1.0,0.464928904382533,0.08,False
5027,IPR057598|IPR000242|IPR000242,0.9635945083411929,0.19082229243034007,6.0,1.0,0.464928904382533,0.03,True
5028,IPR057604,0.981545808458133,0.25329492274759635,2.0,1.0,0.464928904382533,0.03,True
5029,IPR057605,0.981545808458133,0.25329492274759635,2.0,1.0,0.464928904382533,0.03,True
5030,IPR057605|IPR057604,0.981545808458133,0.25329492274759635,2.0,1.0,0.464928904382533,0.03,True
5031,IPR057617,0.7467050772524036,1.0,2.0,1.0,1.0,1.0,False
5032,IPR057618,0.9974946376443489,0.050351849914298724,3.0,1.0,0.19708381075902243,0.01,True
5033,IPR057618|IPR013087,0.9974946376443489,0.050351849914298724,3.0,1.0,0.19708381075902243,0.01,True
5034,IPR057618|IPR013087|IPR013087,0.9974946376443489,0.050351849914298724,3.0,1.0,0.19708381075902243,0.01,True
5035,IPR057627,0.9849120420562869,0.0827469030190057,8.0,1.0,0.28406795819264913,0.17,False
5036,IPR057627|IPR056822,0.9849120420562869,0.0827469030190057,8.0,1.0,0.28406795819264913,0.13,False
5037,IPR057627|IPR056822|IPR056823,0.9849120420562869,0.0827469030190057,8.0,1.0,0.28406795819264913,0.1,False
5038,IPR057629,0.9849120420562869,0.0827469030190057,8.0,1.0,0.28406795819264913,0.13,False
5039,IPR057629|IPR000742,0.9849120420562869,0.0827469030190057,8.0,1.0,0.28406795819264913,0.11,False
5040,IPR057629|IPR000742|IPR000742,0.9849120420562869,0.0827469030190057,8.0,1.0,0.28406795819264913,0.11,False
5041,IPR057657,0.9496481500857012,0.35476645916424515,3.0,1.0,0.5614328620219463,0.1,False
5042,IPR057714,1.0,0.018454191541866973,2.0,1.0,0.11408695175018027,0.0,True
5043,IPR057732,1.0,0.018454191541866973,2.0,1.0,0.11408695175018027,0.01,True
5044,IPR057755,0.8606499744935043,0.5182306685589673,5.0,1.0,0.7304140383099247,0.45,False
5045,IPR057755|IPR003598,0.8606499744935043,0.5182306685589673,5.0,1.0,0.7304140383099247,0.35,False
5046,IPR057755|IPR003598|IPR000906,0.8606499744935043,0.5182306685589673,5.0,1.0,0.7304140383099247,0.26,False
5047,IPR057764,0.9909985169829642,0.09170221681156158,4.0,1.0,0.28406795819264913,0.19,False
5048,IPR057764|IPR002219,0.9974946376443489,0.050351849914298724,3.0,1.0,0.19708381075902243,0.03,True
5049,IPR057778,0.981545808458133,0.25329492274759635,2.0,1.0,0.464928904382533,0.04,True
5050,IPR057778|IPR004087,0.981545808458133,0.25329492274759635,2.0,1.0,0.464928904382533,0.04,True
5051,IPR057778|IPR004087|IPR004087,0.981545808458133,0.25329492274759635,2.0,1.0,0.464928904382533,0.03,True
5052,IPR057815,0.9909985169829642,0.09170221681156158,4.0,1.0,0.28406795819264913,0.02,True
5053,IPR057825,0.981545808458133,0.25329492274759635,2.0,1.0,0.464928904382533,0.12,False
5054,IPR057825|IPR001660,0.981545808458133,0.25329492274759635,2.0,1.0,0.464928904382533,0.06,False
5055,IPR057825|IPR001660|IPR004177,0.981545808458133,0.25329492274759635,2.0,1.0,0.464928904382533,0.0,True
5056,IPR057835,0.7467050772524036,1.0,2.0,1.0,1.0,1.0,False
5057,IPR057835|IPR001660,0.7467050772524036,1.0,2.0,1.0,1.0,1.0,False
5058,IPR057842,0.6452335408357548,1.0,3.0,1.0,1.0,1.0,False
5059,IPR057842|IPR004179,0.6452335408357548,1.0,3.0,1.0,1.0,1.0,False
5060,IPR057854,0.7467050772524036,1.0,2.0,1.0,1.0,1.0,False
5061,IPR057856,0.981545808458133,0.25329492274759635,2.0,1.0,0.464928904382533,0.15,False
5062,IPR057860,0.981545808458133,0.25329492274759635,2.0,1.0,0.464928904382533,0.04,True
5063,IPR057860|IPR012978,0.981545808458133,0.25329492274759635,2.0,1.0,0.464928904382533,0.02,True
5064,IPR057890,0.9974946376443489,0.050351849914298724,3.0,1.0,0.19708381075902243,0.02,True
5065,IPR057892,0.9573190356976167,0.1359955914060879,15.0,1.0,0.39238233340166945,0.15,False
5066,IPR057892|IPR001660,0.9638198848985289,0.14447146364198882,10.0,1.0,0.4000450442862573,0.07,False
5067,IPR057892|IPR001660|IPR001660,0.942625201384229,0.2442012899561677,7.0,1.0,0.464928904382533,0.06,False
5068,IPR057926,0.9797694962308396,0.13935002550649572,5.0,1.0,0.39238233340166945,0.16,False
5069,IPR057926|IPR021893,0.9496481500857012,0.35476645916424515,3.0,1.0,0.5614328620219463,0.24,False
5070,IPR057932,0.8606499744935043,0.5182306685589673,5.0,1.0,0.7304140383099247,0.28,False
5071,IPR057932|IPR056887,0.7467050772524036,1.0,2.0,1.0,1.0,1.0,False
5072,IPR057932|IPR056887|IPR012315,0.7467050772524036,1.0,2.0,1.0,1.0,1.0,False
5073,IPR057936,0.981545808458133,0.25329492274759635,2.0,1.0,0.464928904382533,0.05,True
5074,IPR057936|IPR005824,0.981545808458133,0.25329492274759635,2.0,1.0,0.464928904382533,0.05,True
5075,IPR057936|IPR005824|IPR005824,0.981545808458133,0.25329492274759635,2.0,1.0,0.464928904382533,0.04,True
5076,IPR057948,0.9999538812932512,0.001515469182286134,5.0,1.0,0.02627660827138408,0.0,True
5077,IPR057948|IPR004170,0.9996600111981438,0.009001483017035832,4.0,1.0,0.08677362453176146,0.0,True
5078,IPR057949,0.7467050772524036,1.0,2.0,1.0,1.0,1.0,False
5079,IPR057951,0.9496481500857012,0.35476645916424515,3.0,1.0,0.5614328620219463,0.15,False
5080,IPR057971,0.998195126511336,0.01508795794371311,8.0,1.0,0.11408695175018027,0.01,True
5081,IPR057977,0.7467050772524036,1.0,2.0,1.0,1.0,1.0,False
5082,IPR057987,0.7467050772524036,1.0,2.0,1.0,1.0,1.0,False
5083,IPR057987|IPR001841,0.7467050772524036,1.0,2.0,1.0,1.0,1.0,False
5084,IPR057992,1.0,0.018454191541866973,2.0,1.0,0.11408695175018027,0.0,True
5085,IPR058018,0.8606499744935043,0.5182306685589673,5.0,1.0,0.7304140383099247,0.35,False
5086,IPR058018|IPR058056,0.8606499744935043,0.5182306685589673,5.0,1.0,0.7304140383099247,0.35,False
5087,IPR058030,0.6452335408357548,1.0,3.0,1.0,1.0,1.0,False
5088,IPR058033,0.9992376589979926,0.008446415716188569,7.0,1.0,0.08677362453176146,0.0,True
5089,IPR058033|IPR022577,1.0,0.018454191541866973,2.0,1.0,0.11408695175018027,0.0,True
5090,IPR058042,0.9974946376443489,0.050351849914298724,3.0,1.0,0.19708381075902243,0.03,True
5091,IPR058047,0.981545808458133,0.25329492274759635,2.0,1.0,0.464928904382533,0.0,True
5092,IPR058047|IPR005479,0.981545808458133,0.25329492274759635,2.0,1.0,0.464928904382533,0.0,True
5093,IPR058047|IPR005479|IPR011607,0.981545808458133,0.25329492274759635,2.0,1.0,0.464928904382533,0.0,True
5094,IPR058056,0.8606499744935043,0.5182306685589673,5.0,1.0,0.7304140383099247,0.35,False
5095,IPR058542,0.9849120420562869,0.0827469030190057,8.0,1.0,0.28406795819264913,0.22,False
5096,IPR058543,0.9992376589979926,0.008446415716188569,7.0,1.0,0.08677362453176146,0.0,True
5097,IPR058560,0.9496481500857012,0.35476645916424515,3.0,1.0,0.5614328620219463,0.08,False
5098,IPR058563,0.9935886954088315,0.03618011510147109,10.0,1.0,0.1776271722389577,0.01,True
5099,IPR058563|IPR058564,0.942625201384229,0.2442012899561677,7.0,1.0,0.464928904382533,0.02,True
5100,IPR058563|IPR058564|IPR058565,0.942625201384229,0.2442012899561677,7.0,1.0,0.464928904382533,0.02,True
5101,IPR058564,0.9172530969809943,0.2980194189352218,8.0,1.0,0.5376628273876715,0.06,False
5102,IPR058564|IPR058565,0.9172530969809943,0.2980194189352218,8.0,1.0,0.5376628273876715,0.06,False
5103,IPR058564|IPR058565|IPR058567,0.557545460051527,1.0,4.0,1.0,1.0,1.0,False
5104,IPR058565,0.8880159409201664,0.3511723788939042,9.0,1.0,0.5614328620219463,0.12,False
5105,IPR058565|IPR058567,0.48176933144103273,1.0,5.0,1.0,1.0,1.0,False
5106,IPR058565|IPR058567|IPR058568,0.557545460051527,1.0,4.0,1.0,1.0,1.0,False
5107,IPR058567,0.9638198848985289,0.14447146364198882,10.0,1.0,0.4000450442862573,0.02,True
5108,IPR058567|IPR058568,0.97572740910265,0.1119840590798335,9.0,1.0,0.3381774595356515,0.02,True
5109,IPR058568,0.9638198848985289,0.14447146364198882,10.0,1.0,0.4000450442862573,0.04,True
5110,IPR058584,0.9909985169829642,0.09170221681156158,4.0,1.0,0.28406795819264913,0.11,False
5111,IPR058662,0.9959444841204863,0.03640549165880708,6.0,1.0,0.1776271722389577,0.04,True
5112,IPR058662|IPR002710,0.9797694962308396,0.13935002550649572,5.0,1.0,0.39238233340166945,0.09,False
5113,IPR058666,0.9849120420562869,0.0827469030190057,8.0,1.0,0.28406795819264913,0.1,False
5114,IPR058666|IPR001660,0.9496481500857012,0.35476645916424515,3.0,1.0,0.5614328620219463,0.12,False
5115,IPR058666|IPR021090,0.9496481500857012,0.35476645916424515,3.0,1.0,0.5614328620219463,0.06,False
5116,IPR058666|IPR021090|IPR001452,0.9496481500857012,0.35476645916424515,3.0,1.0,0.5614328620219463,0.06,False
5117,IPR058682,1.0,0.018454191541866973,2.0,1.0,0.11408695175018027,0.03,True
5118,IPR058719,0.981545808458133,0.25329492274759635,2.0,1.0,0.464928904382533,0.02,True
5119,IPR058750,0.7467050772524036,1.0,2.0,1.0,1.0,1.0,False
5120,IPR058753,0.981545808458133,0.25329492274759635,2.0,1.0,0.464928904382533,0.32,False
5121,IPR058754,0.981545808458133,0.25329492274759635,2.0,1.0,0.464928904382533,0.06,False
5122,IPR058754|IPR001846,0.981545808458133,0.25329492274759635,2.0,1.0,0.464928904382533,0.06,False
5123,IPR058754|IPR001846|IPR014853,0.981545808458133,0.25329492274759635,2.0,1.0,0.464928904382533,0.04,True
5124,IPR058758,0.9996600111981438,0.009001483017035832,4.0,1.0,0.08677362453176146,0.0,True
5125,IPR058758|IPR047544,1.0,0.0025053623556511003,3.0,1.0,0.03667197533045109,0.0,True
5126,IPR058758|IPR047544|IPR002867,1.0,0.0025053623556511003,3.0,1.0,0.03667197533045109,0.0,True
5127,IPR058766,0.9984845308177138,0.020230503769160375,5.0,1.0,0.11408695175018027,0.0,True
5128,IPR058766|IPR003593,0.981545808458133,0.25329492274759635,2.0,1.0,0.464928904382533,0.02,True
5129,IPR058779,0.7467050772524036,1.0,2.0,1.0,1.0,1.0,False
5130,IPR058779|IPR055094,0.7467050772524036,1.0,2.0,1.0,1.0,1.0,False
5131,IPR058779|IPR055094|IPR057586,0.7467050772524036,1.0,2.0,1.0,1.0,1.0,False
5132,IPR058898,0.9496481500857012,0.35476645916424515,3.0,1.0,0.5614328620219463,0.1,False
5133,IPR058899,0.9974946376443489,0.050351849914298724,3.0,1.0,0.19708381075902243,0.04,True
5134,IPR058899|IPR001507,0.981545808458133,0.25329492274759635,2.0,1.0,0.464928904382533,0.05,True
5135,IPR058900,0.981545808458133,0.25329492274759635,2.0,1.0,0.464928904382533,0.02,True
5136,IPR058914,0.6452335408357548,1.0,3.0,1.0,1.0,1.0,False
5137,IPR058914|IPR001660,0.6452335408357548,1.0,3.0,1.0,1.0,1.0,False
5138,IPR058914|IPR001660|IPR001660,0.6452335408357548,1.0,3.0,1.0,1.0,1.0,False
5139,IPR058923,0.949117514311489,0.179567330374543,11.0,1.0,0.464928904382533,0.5,False
5140,IPR058923|IPR000569,0.6452335408357548,1.0,3.0,1.0,1.0,1.0,False
5141,IPR059000,0.9977567114004314,0.006731362825279755,41.0,1.0,0.07868993601407352,0.41,False
5142,IPR059000|IPR044492,0.9358542789813171,0.15087753823616917,27.0,1.0,0.4171130230424217,0.58,False
5143,IPR059000|IPR044492|IPR006068,0.949117514311489,0.179567330374543,11.0,1.0,0.464928904382533,0.22,False
5144,IPR059000|IPR044492|IPR032630,0.9172530969809943,0.2980194189352218,8.0,1.0,0.5376628273876715,0.12,False
5145,IPR059004,0.6452335408357548,1.0,3.0,1.0,1.0,1.0,False
5146,IPR059004|IPR001452,0.6452335408357548,1.0,3.0,1.0,1.0,1.0,False
5147,IPR059004|IPR001452|IPR000857,0.6452335408357548,1.0,3.0,1.0,1.0,1.0,False
5148,IPR059005,0.981545808458133,0.25329492274759635,2.0,1.0,0.464928904382533,0.04,True
5149,IPR059005|IPR002048,0.981545808458133,0.25329492274759635,2.0,1.0,0.464928904382533,0.03,True
5150,IPR059008,0.9909985169829642,0.09170221681156158,4.0,1.0,0.28406795819264913,0.1,False
5151,IPR059011,0.9797694962308396,0.13935002550649572,5.0,1.0,0.39238233340166945,0.02,True
5152,IPR059011|IPR000242,0.6452335408357548,1.0,3.0,1.0,1.0,1.0,False
5153,IPR059030,0.7467050772524036,1.0,2.0,1.0,1.0,1.0,False
5154,IPR059032,1.0,0.018454191541866973,2.0,1.0,0.11408695175018027,0.0,True
5155,IPR059034,0.981545808458133,0.25329492274759635,2.0,1.0,0.464928904382533,0.02,True
5156,IPR059068,0.981545808458133,0.25329492274759635,2.0,1.0,0.464928904382533,0.15,False
5157,IPR059068|IPR005123,0.981545808458133,0.25329492274759635,2.0,1.0,0.464928904382533,0.04,True
5158,IPR059073,1.0,0.018454191541866973,2.0,1.0,0.11408695175018027,0.0,True
5159,IPR059073|IPR000241,1.0,0.018454191541866973,2.0,1.0,0.11408695175018027,0.0,True
5160,IPR059117,0.9496481500857012,0.35476645916424515,3.0,1.0,0.5614328620219463,0.24,False
5161,IPR059182,0.9797694962308396,0.13935002550649572,5.0,1.0,0.39238233340166945,0.18,False
5162,IPR059828,0.9997151519258134,0.001451435961709988,22.0,1.0,0.02627660827138408,0.0,True
5163,IPR059983,0.8091777075696599,0.5837123437846928,6.0,1.0,0.8021387447700818,0.25,False
5164,IPR059983|IPR059984,0.8091777075696599,0.5837123437846928,6.0,1.0,0.8021387447700818,0.25,False
5165,IPR059984,0.8091777075696599,0.5837123437846928,6.0,1.0,0.8021387447700818,0.28,False
5166,IPR060363,0.7467050772524036,1.0,2.0,1.0,1.0,1.0,False
